{
"type": "FeatureCollection",
"name": "Isochrones_nappe_alluviale_adour_IA",
"crs": { "type": "name", "properties": { "name": "urn:ogc:def:crs:OGC:1.3:CRS84" } },
"xy_coordinate_resolution": 1e-15,
"features": [
{ "type": "Feature", "properties": { "fid": 1, "id": 1, "nom": "ISO 45" }, "geometry": { "type": "MultiPolygon", "coordinates": [ [ [ [ -0.825513364951198, 43.792588770592538 ], [ -0.825104865239027, 43.792791412311892 ], [ -0.825126485684949, 43.792219497130176 ], [ -0.824486148403716, 43.792049240540408 ], [ -0.823948958720141, 43.791835488692776 ], [ -0.823823705494569, 43.791458583929099 ], [ -0.823285333895912, 43.791245763233874 ], [ -0.822781277788912, 43.790689170016812 ], [ -0.822112635490659, 43.789986227925979 ], [ -0.821165074406938, 43.789023309372524 ], [ -0.819740839790167, 43.788913642481944 ], [ -0.818828297474463, 43.788558752993495 ], [ -0.818650676142622, 43.78822205374972 ], [ -0.818110651008154, 43.78793368644552 ], [ -0.817311291840768, 43.788679367568925 ], [ -0.816692671489829, 43.787936255323267 ], [ -0.815833662175052, 43.788569403945594 ], [ -0.815089200757651, 43.7884012224429 ], [ -0.814091053309368, 43.787441517375619 ], [ -0.813504111210697, 43.788256566045256 ], [ -0.812970475602339, 43.788083143746256 ], [ -0.812141106233113, 43.787345230709427 ], [ -0.810608663822658, 43.788151734586002 ], [ -0.809066376836115, 43.78781504538523 ], [ -0.807233195492142, 43.789809668026507 ], [ -0.804615996699479, 43.78999978732449 ], [ -0.803073695097265, 43.789663012489378 ], [ -0.802806725750101, 43.788605559865076 ], [ -0.802953000876107, 43.786507843992595 ], [ -0.802034062274838, 43.785088722149176 ], [ -0.802178575503373, 43.783904203397014 ], [ -0.803734121297547, 43.783516386556613 ], [ -0.803593059669867, 43.782872728507229 ], [ -0.800722685949016, 43.782271212249576 ], [ -0.797119328854446, 43.781728599510437 ], [ -0.796299903256343, 43.78114322873305 ], [ -0.795087392101596, 43.781063112047171 ], [ -0.794564086016469, 43.780127310837415 ], [ -0.794015505165639, 43.779724824072595 ], [ -0.793928751008105, 43.77911827456446 ], [ -0.793954879092881, 43.778622719122893 ], [ -0.793979717724, 43.778126301442178 ], [ -0.793952543005778, 43.777632285820999 ], [ -0.793512668427439, 43.777264443053859 ], [ -0.793098726692855, 43.777390649973071 ], [ -0.791720530103967, 43.777163243777842 ], [ -0.790052611765291, 43.777402092451027 ], [ -0.788781961078799, 43.777211130827077 ], [ -0.787075319756124, 43.777717341514716 ], [ -0.786223552080704, 43.777512478272676 ], [ -0.785491838397965, 43.777572241233131 ], [ -0.784614329506698, 43.777826020145312 ], [ -0.784138737637217, 43.77780192953756 ], [ -0.7832828431134, 43.777521593174392 ], [ -0.78112798091815, 43.77750712769766 ], [ -0.780708184324692, 43.776529608059924 ], [ -0.780639493989443, 43.776227508581002 ], [ -0.780105559632471, 43.776089926035525 ], [ -0.778211471043958, 43.776982828275841 ], [ -0.778293976245024, 43.775609422558951 ], [ -0.779162343196136, 43.775166136127858 ], [ -0.77914355931384, 43.774823017960564 ], [ -0.779032041867045, 43.773761063944953 ], [ -0.778083932065264, 43.77177135116542 ], [ -0.776554887997444, 43.770711442620943 ], [ -0.775908691702569, 43.7694732277672 ], [ -0.774715212989351, 43.769736001432562 ], [ -0.774571790296587, 43.768065921025752 ], [ -0.773995476953621, 43.768082464128483 ], [ -0.773081629827258, 43.766737667447991 ], [ -0.773104633324029, 43.766204432093645 ], [ -0.772222705331626, 43.766420454896732 ], [ -0.770102929458793, 43.766062920941124 ], [ -0.766460432872506, 43.76860254640458 ], [ -0.765760110537562, 43.768279841555703 ], [ -0.764168725603782, 43.767983530574945 ], [ -0.763256612506989, 43.76858088068898 ], [ -0.761910983556603, 43.768010320911806 ], [ -0.76070586988032, 43.768082553246131 ], [ -0.759573451692252, 43.767505871982529 ], [ -0.758335715036799, 43.766019079627597 ], [ -0.757036428092664, 43.765294205951932 ], [ -0.756512189761397, 43.765309170168827 ], [ -0.755385202881454, 43.765836117547757 ], [ -0.754253240416018, 43.766248944032597 ], [ -0.752736974822871, 43.767357318658625 ], [ -0.752243667272658, 43.767942633417562 ], [ -0.751386080069161, 43.767625220251453 ], [ -0.75006986022359, 43.76754846579027 ], [ -0.748842101331113, 43.767202892417075 ], [ -0.747043375168523, 43.766949120649457 ], [ -0.746376118156142, 43.767234388927264 ], [ -0.744414726287471, 43.766910533758711 ], [ -0.743828736981096, 43.765784690668923 ], [ -0.743424221640648, 43.766062471790654 ], [ -0.742846680207605, 43.766078884568799 ], [ -0.742286847600426, 43.766399757701983 ], [ -0.741665409399381, 43.766568545048216 ], [ -0.739681990446906, 43.766777797895756 ], [ -0.739706601936185, 43.767233199353093 ], [ -0.738333884519501, 43.767121023107798 ], [ -0.738086735591303, 43.767394318426703 ], [ -0.736806998585454, 43.767050085676672 ], [ -0.73581096380858, 43.768029209826864 ], [ -0.735302656910993, 43.767396803615426 ], [ -0.734265642413254, 43.767616909180248 ], [ -0.732962544016758, 43.767805858470687 ], [ -0.730402287243692, 43.767078597773022 ], [ -0.727266625923203, 43.766406230828473 ], [ -0.725249162638013, 43.76600625286509 ], [ -0.723723333181801, 43.764984228137578 ], [ -0.722118913494675, 43.763468725266293 ], [ -0.721693896140268, 43.763366472154324 ], [ -0.720945941754328, 43.76312129797337 ], [ -0.720280453153929, 43.762493264275896 ], [ -0.719293447160822, 43.762673133550791 ], [ -0.717991469920397, 43.761910103059321 ], [ -0.717438725164825, 43.761393123852201 ], [ -0.715861992206462, 43.761361084570368 ], [ -0.715422747695989, 43.760992929606651 ], [ -0.715180391481411, 43.761380282241745 ], [ -0.71396940866293, 43.762290581166702 ], [ -0.713101560863963, 43.762772000485867 ], [ -0.711890419038138, 43.76368048063118 ], [ -0.711011605396234, 43.763934594575971 ], [ -0.710615849269868, 43.764401816160863 ], [ -0.710196951252546, 43.764413594271247 ], [ -0.70985121899797, 43.764841623704719 ], [ -0.70794336127104, 43.764514713143839 ], [ -0.707118539124361, 43.764804161166204 ], [ -0.706249817891336, 43.76524776558535 ], [ -0.704551370745164, 43.764914015782317 ], [ -0.703624529763083, 43.765245881407871 ], [ -0.696500044050268, 43.765597546013694 ], [ -0.695824415285303, 43.765729801085136 ], [ -0.69339235260359, 43.765417302643264 ], [ -0.69305638806812, 43.766987474421242 ], [ -0.692078878810424, 43.767395321015307 ], [ -0.691660512011797, 43.768397454956094 ], [ -0.691676664140301, 43.768701063473436 ], [ -0.691525322946461, 43.768819539473817 ], [ -0.690651071208791, 43.769185805292913 ], [ -0.689072132335764, 43.769115649769141 ], [ -0.688884146682908, 43.769502321588995 ], [ -0.688111213394496, 43.769790172834099 ], [ -0.686757858161478, 43.770017746669708 ], [ -0.68523906596217, 43.77009878611458 ], [ -0.684296582173907, 43.770162842643806 ], [ -0.683556754239181, 43.770069214376853 ], [ -0.68286493671879, 43.769897779082164 ], [ -0.681298084432352, 43.770055667068526 ], [ -0.679651793472346, 43.769721873075646 ], [ -0.677098929683445, 43.769145192886995 ], [ -0.676223870345603, 43.769474479482469 ], [ -0.675037964617485, 43.769887961602194 ], [ -0.673567179899413, 43.769891039045568 ], [ -0.671996266375545, 43.769972440637588 ], [ -0.671218452656705, 43.770146058186342 ], [ -0.670528711919909, 43.770013169372582 ], [ -0.669795557602066, 43.769081757209513 ], [ -0.668690924247323, 43.769036829389073 ], [ -0.667451586629804, 43.768462176341032 ], [ -0.664789178941727, 43.765757161250669 ], [ -0.664437083187029, 43.766070967188227 ], [ -0.663652047651409, 43.766130485226967 ], [ -0.663364495835814, 43.765643681376574 ], [ -0.663623249321112, 43.764571426482156 ], [ -0.660559748274089, 43.76522652239948 ], [ -0.660347030829916, 43.766184149923347 ], [ -0.658231937776453, 43.765899883740396 ], [ -0.657082064265008, 43.766008116984843 ], [ -0.655603351983794, 43.765858246011682 ], [ -0.654684140622914, 43.766340601946062 ], [ -0.654603960345041, 43.766798895873208 ], [ -0.654584649698155, 43.767447117911985 ], [ -0.654880113518054, 43.768085752592924 ], [ -0.654801962218007, 43.768582672686236 ], [ -0.653823456449071, 43.768953311753499 ], [ -0.654282281817117, 43.769700786919522 ], [ -0.654146907089116, 43.770124621726566 ], [ -0.653966609702506, 43.770662142254857 ], [ -0.652990739150207, 43.771107364823202 ], [ -0.652474220945755, 43.772263165540444 ], [ -0.64993675628744, 43.771952596778888 ], [ -0.648791941962011, 43.772136163168497 ], [ -0.648371734859546, 43.772147736667598 ], [ -0.647074275825821, 43.772450633221354 ], [ -0.646603982012924, 43.772501360452019 ], [ -0.645513184191598, 43.772721186798712 ], [ -0.644610770859104, 43.772556203110405 ], [ -0.643041717562825, 43.772674912942627 ], [ -0.641636099015911, 43.772904253653394 ], [ -0.640107940085023, 43.772831988605788 ], [ -0.639920343173706, 43.773256338130302 ], [ -0.63849079871462, 43.773028415845175 ], [ -0.638194566138306, 43.773417062638259 ], [ -0.636928504757906, 43.773300676550434 ], [ -0.63554901643221, 43.773032661276623 ], [ -0.63397599310186, 43.773075784689929 ], [ -0.63460354197808, 43.77503852378544 ], [ -0.633774210274237, 43.775251062282173 ], [ -0.631868455972052, 43.774961437081025 ], [ -0.631573360937535, 43.775349134097254 ], [ -0.631039162021625, 43.775174852934036 ], [ -0.629424615393584, 43.775446634863762 ], [ -0.627143995166147, 43.775014258814863 ], [ -0.625901625893047, 43.775353173061923 ], [ -0.625247501199333, 43.775903589334987 ], [ -0.624214555829572, 43.776235861360689 ], [ -0.623446415271627, 43.776599573377297 ], [ -0.622808773629838, 43.77646495865492 ], [ -0.622511694288535, 43.776815801731715 ], [ -0.621140124582014, 43.776700311039406 ], [ -0.620318698858909, 43.777066353844525 ], [ -0.619980100789193, 43.777645910857714 ], [ -0.619048501807113, 43.777898905494695 ], [ -0.618173019212674, 43.778228623973853 ], [ -0.617643886123255, 43.779156099206233 ], [ -0.616378363832316, 43.779075438113729 ], [ -0.616134586121135, 43.779425710448457 ], [ -0.61486319026737, 43.779231847144736 ], [ -0.613138447822549, 43.779393038191955 ], [ -0.611861152632195, 43.77908505674656 ], [ -0.611889579709185, 43.778627308453196 ], [ -0.611571977266222, 43.778559484630009 ], [ -0.608494348490819, 43.777958583646111 ], [ -0.608143865769224, 43.778310836058374 ], [ -0.606819742952819, 43.778080531138826 ], [ -0.605755921132604, 43.777842245443082 ], [ -0.604049891338668, 43.777356005639469 ], [ -0.601688972771483, 43.775365453722856 ], [ -0.601004291532908, 43.774318045125078 ], [ -0.600676730140737, 43.773070252141927 ], [ -0.600352415720953, 43.771861052243956 ], [ -0.599922422458694, 43.771682898469244 ], [ -0.60010571215691, 43.771145400344402 ], [ -0.599203409135086, 43.770979140781805 ], [ -0.598597602574153, 43.770424336671788 ], [ -0.599881602344024, 43.769857024728168 ], [ -0.599377974523095, 43.769261676169734 ], [ -0.597101765365356, 43.768905025069564 ], [ -0.596725761716209, 43.768762279754476 ], [ -0.596222267402796, 43.769156412885749 ], [ -0.595006456898363, 43.768999502516536 ], [ -0.59437285286333, 43.768940177917003 ], [ -0.593579187577066, 43.768809615583805 ], [ -0.59311743828513, 43.769050582341201 ], [ -0.592143625300083, 43.768506591942014 ], [ -0.591611459633822, 43.768368049195232 ], [ -0.591050753638343, 43.768688141558577 ], [ -0.590149755481558, 43.768521773486867 ], [ -0.58935486620363, 43.768391213751713 ], [ -0.58776633807744, 43.768130043395296 ], [ -0.587076770693499, 43.767995725831831 ], [ -0.586510184517492, 43.768201711149587 ], [ -0.586278637177435, 43.768816944286868 ], [ -0.585612491402804, 43.76913895166895 ], [ -0.585237754523871, 43.768996133082737 ], [ -0.582036619039479, 43.769044604329785 ], [ -0.580340083285851, 43.769775725353057 ], [ -0.579999734590876, 43.770279630597848 ], [ -0.578521160964003, 43.770129606507645 ], [ -0.577602700524273, 43.769621780111947 ], [ -0.575704327476836, 43.770509375809524 ], [ -0.57538948005497, 43.770517835374399 ], [ -0.574003917826841, 43.770098988317798 ], [ -0.573105989037748, 43.771036126583311 ], [ -0.571117347533478, 43.77120373630644 ], [ -0.569824227320194, 43.770552974821967 ], [ -0.569132792815309, 43.770381712478212 ], [ -0.567487336765677, 43.771071678748584 ], [ -0.566886729903052, 43.77165897340096 ], [ -0.564840771985189, 43.771676880953947 ], [ -0.562628321163774, 43.771545383619745 ], [ -0.558646365958494, 43.771766064095289 ], [ -0.556291929127351, 43.771942271259071 ], [ -0.555738593057274, 43.771385837854986 ], [ -0.555072335908217, 43.771709454844661 ], [ -0.554030108327259, 43.771889275867181 ], [ -0.553839159044946, 43.771208928017963 ], [ -0.552658842234492, 43.771773818002771 ], [ -0.5518883450559, 43.772098394529763 ], [ -0.550697655924178, 43.772435059045499 ], [ -0.549866100176421, 43.77466464759172 ], [ -0.549017800042912, 43.776589736963743 ], [ -0.547990225609762, 43.777036267662993 ], [ -0.547759420470259, 43.777650491074823 ], [ -0.546749207716254, 43.777411106635491 ], [ -0.547500383862352, 43.778761106105421 ], [ -0.546012030121243, 43.778420194404582 ], [ -0.544936279512597, 43.777916275219539 ], [ -0.543810908596858, 43.778516485617594 ], [ -0.542589271535106, 43.778244899987776 ], [ -0.541711342444579, 43.77853447515745 ], [ -0.540858587216364, 43.77829085489843 ], [ -0.540119603420186, 43.778234908505127 ], [ -0.539556073421034, 43.777450183620005 ], [ -0.538628689939902, 43.777817505427876 ], [ -0.537195627443714, 43.777512788484024 ], [ -0.536057097217759, 43.776820648949212 ], [ -0.535123899753161, 43.777072955361589 ], [ -0.534729798874136, 43.777578133353671 ], [ -0.52921436928846, 43.776543918040673 ], [ -0.528865349858381, 43.776934541739401 ], [ -0.52526547939403, 43.776344210537822 ], [ -0.524781677618957, 43.776128505024289 ], [ -0.523237624606501, 43.775712298210131 ], [ -0.522901754508515, 43.775302883522372 ], [ -0.521622594978055, 43.77598337365469 ], [ -0.5195040021213, 43.775620042434994 ], [ -0.517887065130685, 43.775853332445045 ], [ -0.515557101024425, 43.775457711404641 ], [ -0.514783212802103, 43.775744327915746 ], [ -0.513168142037796, 43.776015277481712 ], [ -0.511622288930616, 43.775561175459842 ], [ -0.509532344911923, 43.775768988409858 ], [ -0.506827906092232, 43.775230996182025 ], [ -0.504659129217885, 43.775973292868244 ], [ -0.502585826913539, 43.775495108756061 ], [ -0.502394583091204, 43.775841931250874 ], [ -0.50125522480202, 43.775148561451743 ], [ -0.500168308373931, 43.775481945530508 ], [ -0.49877144529361, 43.775898085502483 ], [ -0.496987489240269, 43.775944734747924 ], [ -0.495241387379008, 43.776752247652901 ], [ -0.494210830567852, 43.777121877592272 ], [ -0.493970654989246, 43.777584199345995 ], [ -0.493440564469252, 43.777483802714102 ], [ -0.492411298654483, 43.777929839430833 ], [ -0.491081941341854, 43.777583134369628 ], [ -0.489836389508991, 43.778948685626489 ], [ -0.488301923658722, 43.778721530962528 ], [ -0.487794479252666, 43.779077465041574 ], [ -0.485278370568838, 43.779181671278643 ], [ -0.484755806508762, 43.779233052348047 ], [ -0.484585823126084, 43.780036236067147 ], [ -0.483070219692235, 43.780189905728861 ], [ -0.481616066848359, 43.780531751729782 ], [ -0.481116733800775, 43.779974446803045 ], [ -0.479624967843465, 43.779556264550969 ], [ -0.478273133457891, 43.779858527708654 ], [ -0.47749589829698, 43.779002592932756 ], [ -0.47692125728839, 43.779055288006838 ], [ -0.476421983127649, 43.778497962058161 ], [ -0.475677422808855, 43.778327486471163 ], [ -0.474839952325406, 43.778386988968897 ], [ -0.474156206481041, 43.778366941178106 ], [ -0.473422252943317, 43.778385969560773 ], [ -0.471983851244389, 43.777965402391935 ], [ -0.471196145764754, 43.776919904164345 ], [ -0.470149216493529, 43.776985695608055 ], [ -0.468034677878662, 43.776697718585666 ], [ -0.466868907375331, 43.775434401514673 ], [ -0.465642042717806, 43.775046961256294 ], [ -0.464209485247544, 43.774742179134826 ], [ -0.462800248397117, 43.775996496184213 ], [ -0.462068132685166, 43.776052280136945 ], [ -0.46187985866811, 43.776514982776874 ], [ -0.461218787769009, 43.778016211119755 ], [ -0.460786877582, 43.778826108256347 ], [ -0.45994648169643, 43.77991279281099 ], [ -0.459845081715394, 43.781057766808416 ], [ -0.458789535944514, 43.782036656105639 ], [ -0.458213810078386, 43.783155180908153 ], [ -0.457541362120935, 43.784428210712576 ], [ -0.457198739530768, 43.78599676776642 ], [ -0.456391030355165, 43.786665216777536 ], [ -0.45516504368271, 43.789513120342903 ], [ -0.447525770751388, 43.787996916824653 ], [ -0.4457984482272, 43.788117716404223 ], [ -0.442924160152521, 43.787354014441298 ], [ -0.442753176482203, 43.78598847202538 ], [ -0.442145511721666, 43.7864600904771 ], [ -0.441011566742342, 43.786909210154249 ], [ -0.441263420504274, 43.785608390211607 ], [ -0.440822641698791, 43.785200520800196 ], [ -0.440522038146753, 43.784408575207692 ], [ -0.440338571453132, 43.783879877753257 ], [ -0.440546878827548, 43.78387454181744 ], [ -0.44205502218931, 43.780335088736017 ], [ -0.441311736794305, 43.780163446908311 ], [ -0.441328599978599, 43.779440726981846 ], [ -0.439964187725011, 43.779437904093534 ], [ -0.439877480507663, 43.778754716851921 ], [ -0.4385743995724, 43.778940097354585 ], [ -0.438037592381963, 43.778725369471971 ], [ -0.436873641859466, 43.777460798180719 ], [ -0.436234595195179, 43.777287355701191 ], [ -0.435019285611118, 43.776062759065368 ], [ -0.434433525978823, 43.775887044700035 ], [ -0.433446031920542, 43.776102974140031 ], [ -0.432705259513588, 43.776006768097169 ], [ -0.431670977978278, 43.775235347780772 ], [ -0.431463252876515, 43.77527753122709 ], [ -0.430875076492685, 43.775102759425188 ], [ -0.429496562569728, 43.774833022378303 ], [ -0.428862517625619, 43.774735866142279 ], [ -0.428299315946924, 43.773950597629948 ], [ -0.427927411641797, 43.773883627891252 ], [ -0.427265303923429, 43.77428189095366 ], [ -0.426044271163467, 43.774008095518219 ], [ -0.424356453612502, 43.773860410881305 ], [ -0.423076015166657, 43.773436084522388 ], [ -0.422279613292912, 43.773266568689131 ], [ -0.421189061373052, 43.772456910184907 ], [ -0.420153207748577, 43.772750403952912 ], [ -0.418915672723353, 43.772134250835904 ], [ -0.418435375780261, 43.771955771729786 ], [ -0.418271175286427, 43.771845712217093 ], [ -0.417077859371621, 43.771039526667721 ], [ -0.416044376427756, 43.771407576882446 ], [ -0.414137414793409, 43.771037735301491 ], [ -0.413394334896712, 43.770865903333572 ], [ -0.412837565006395, 43.770234209121114 ], [ -0.412009300976092, 43.770482781905223 ], [ -0.410873673511595, 43.769789301329105 ], [ -0.410425797981559, 43.770333138541609 ], [ -0.410879035502529, 43.771006146104739 ], [ -0.410058164262298, 43.771408325367631 ], [ -0.409126318578311, 43.771697278037216 ], [ -0.409741959695481, 43.772443531189289 ], [ -0.408947431321974, 43.772311649163385 ], [ -0.408702901206473, 43.772697418674049 ], [ -0.408356718394402, 43.773163116315416 ], [ -0.405706006703532, 43.772659048632534 ], [ -0.40559336134213, 43.772510787918669 ], [ -0.404145673525815, 43.772965655363706 ], [ -0.40371748342131, 43.772785794417096 ], [ -0.403894078370023, 43.772096835395175 ], [ -0.400720929061662, 43.771644533338879 ], [ -0.400376806520079, 43.77104428569961 ], [ -0.399636821439986, 43.770910059870104 ], [ -0.398310092746243, 43.770601748279631 ], [ -0.39554326685852, 43.769871904871053 ], [ -0.395221067777738, 43.769727117643434 ], [ -0.394041833056627, 43.771431630840901 ], [ -0.393008907296215, 43.77176256573059 ], [ -0.39291990365558, 43.772106602707844 ], [ -0.392008070742825, 43.772814950877461 ], [ -0.39078075631442, 43.773493452266635 ], [ -0.390004417408135, 43.773740547428574 ], [ -0.38931710064567, 43.773643602666368 ], [ -0.388624366712658, 43.773433457664716 ], [ -0.388173136029741, 43.772797189528873 ], [ -0.387381698057412, 43.772702850279906 ], [ -0.385829048539284, 43.7731978845326 ], [ -0.384273424655415, 43.772514678759357 ], [ -0.383511061007649, 43.773028515433872 ], [ -0.380950168244011, 43.773282535966516 ], [ -0.378927511532571, 43.774932463664186 ], [ -0.379378753926439, 43.773359698826482 ], [ -0.37513179689296, 43.774646116455521 ], [ -0.374435466064108, 43.774359517873179 ], [ -0.37355674395946, 43.77464773060057 ], [ -0.371285375921003, 43.774362703067617 ], [ -0.36913982114477, 43.774530511483384 ], [ -0.367645393522888, 43.774034428315581 ], [ -0.366852180294972, 43.773902206859375 ], [ -0.36533279933847, 43.773977867593651 ], [ -0.364895480317843, 43.772504671881173 ], [ -0.363696985944698, 43.77272431974145 ], [ -0.363109733955007, 43.772511386734266 ], [ -0.362026686666752, 43.771815198562116 ], [ -0.362196346972643, 43.769869962729388 ], [ -0.360362234895541, 43.769954291728489 ], [ -0.359409828560513, 43.769787302822223 ], [ -0.358563345672635, 43.769655448654262 ], [ -0.357950969649482, 43.76891064179695 ], [ -0.357539806269134, 43.770214267118426 ], [ -0.356790402738483, 43.771032500347324 ], [ -0.355237593195179, 43.772630716514655 ], [ -0.354363650424655, 43.772995105993758 ], [ -0.35370387907849, 43.772402557564178 ], [ -0.348243240180668, 43.771282327915998 ], [ -0.343254430981265, 43.77018794141285 ], [ -0.341768768399193, 43.769844199874079 ], [ -0.339460494179104, 43.769901214636462 ], [ -0.338766132036877, 43.769651222338666 ], [ -0.337103693368555, 43.770034930084968 ], [ -0.335618603496265, 43.769728867629453 ], [ -0.334050850841809, 43.769882635840794 ], [ -0.332889390566359, 43.768616957855997 ], [ -0.331749945065354, 43.767846316737931 ], [ -0.325549223275799, 43.766591183522088 ], [ -0.324586832419677, 43.766233458843473 ], [ -0.324392112509409, 43.765439544731471 ], [ -0.324392649904643, 43.764335930030128 ], [ -0.325087366094626, 43.763481500966158 ], [ -0.323562918546386, 43.763443377787212 ], [ -0.322930902314934, 43.763382437562832 ], [ -0.322534349704007, 43.762783254754176 ], [ -0.320010974214074, 43.76269223666916 ], [ -0.318632089292104, 43.762422022079619 ], [ -0.314889054519418, 43.762094530665991 ], [ -0.311446817427753, 43.761456456081362 ], [ -0.30831059941702, 43.760619229384439 ], [ -0.306049809280492, 43.759418791065883 ], [ -0.304057678085065, 43.758363764505489 ], [ -0.302906499829635, 43.757326898868669 ], [ -0.302403593838848, 43.752125234507496 ], [ -0.301105710895828, 43.751319482593829 ], [ -0.298800967612828, 43.750310659052104 ], [ -0.296546730847589, 43.750365463561884 ], [ -0.295753970894313, 43.750231826063981 ], [ -0.292651361565393, 43.748975132510964 ], [ -0.290283787683762, 43.747701435883144 ], [ -0.287573996103618, 43.745863959189748 ], [ -0.285476061518354, 43.745914751545605 ], [ -0.284263348605758, 43.745792094456014 ], [ -0.282119433334738, 43.744815917866106 ], [ -0.28211071669793, 43.744626354859626 ], [ -0.282358986829062, 43.743173217682305 ], [ -0.281368016230385, 43.743312291372597 ], [ -0.280606996092803, 43.742759559225917 ], [ -0.275575629345236, 43.738352526386919 ], [ -0.273352030582477, 43.735627895252023 ], [ -0.270783459101559, 43.734547523455468 ], [ -0.270392430529899, 43.73402539520665 ], [ -0.270717372769609, 43.733103794517582 ], [ -0.270048002885365, 43.732244798660481 ], [ -0.267742328303424, 43.731158935238348 ], [ -0.268300394895918, 43.729585080122376 ], [ -0.266592895084722, 43.727799479272264 ], [ -0.268132389263713, 43.727077137090127 ], [ -0.26902258636863, 43.72701795143562 ], [ -0.269449353211858, 43.726018360896333 ], [ -0.268596718443169, 43.724593563440287 ], [ -0.271325225100463, 43.718857293600756 ], [ -0.27001181850105, 43.718851140121693 ], [ -0.271439547991565, 43.717941669736106 ], [ -0.270579655728063, 43.717467716200332 ], [ -0.26974463519067, 43.717564263220602 ], [ -0.269111946664274, 43.717503041199322 ], [ -0.26849652866288, 43.716680526220614 ], [ -0.267308211756676, 43.715910458934559 ], [ -0.266443657296704, 43.715360139974472 ], [ -0.266175877284812, 43.715252355661562 ], [ -0.263474855560387, 43.714669691442914 ], [ -0.259358876322341, 43.713018260481562 ], [ -0.257009201927263, 43.710943955334081 ], [ -0.256964222581339, 43.709955726403514 ], [ -0.255002034267442, 43.7083280844654 ], [ -0.253517277994888, 43.707983179375972 ], [ -0.251766061548297, 43.707530405109992 ], [ -0.249646606659939, 43.707048626304974 ], [ -0.247933647738987, 43.70628999385027 ], [ -0.246165817023276, 43.705495770914986 ], [ -0.244715472616097, 43.70473082582037 ], [ -0.24157346458069, 43.702522216338643 ], [ -0.24056195442623, 43.702165870257808 ], [ -0.2392351706882, 43.701854789438123 ], [ -0.237777685709076, 43.702080119053541 ], [ -0.235026036335229, 43.701535749837895 ], [ -0.235477805704118, 43.699927763946576 ], [ -0.227713737018855, 43.696382335362529 ], [ -0.228642523226855, 43.694877304663699 ], [ -0.229154870568285, 43.693455884167683 ], [ -0.229942376758126, 43.691154672953658 ], [ -0.22740229083453, 43.690643784185781 ], [ -0.22329206299294, 43.689029613875284 ], [ -0.219228905812441, 43.687299068072981 ], [ -0.217806638777826, 43.68714198203326 ], [ -0.215512760144866, 43.686283263684992 ], [ -0.213242249181066, 43.685917684181085 ], [ -0.211970460520684, 43.685604990036282 ], [ -0.211067874723378, 43.684181006948883 ], [ -0.210328226139574, 43.684045527620391 ], [ -0.209244077022789, 43.683271526173939 ], [ -0.206834750646568, 43.683290398979523 ], [ -0.205249124518338, 43.683023674585989 ], [ -0.20418155624434, 43.682591880820425 ], [ -0.204113074379199, 43.682250843333058 ], [ -0.202732800159175, 43.681864148228286 ], [ -0.201752330112097, 43.681049871993146 ], [ -0.201783556314083, 43.680554508671655 ], [ -0.201346581118961, 43.680146568776244 ], [ -0.198430749983096, 43.679416303213635 ], [ -0.197196441254675, 43.678798592260485 ], [ -0.196528297305848, 43.677899618926396 ], [ -0.193719564758389, 43.67720539591177 ], [ -0.192107194292437, 43.676330269563735 ], [ -0.189439339505888, 43.675289106935963 ], [ -0.188711454069932, 43.674240400282393 ], [ -0.186968177566609, 43.671579514368766 ], [ -0.18621865359999, 43.671215680600532 ], [ -0.184950757415971, 43.67097993414496 ], [ -0.183417085417538, 43.670673021693702 ], [ -0.182536093329232, 43.67092196068667 ], [ -0.182674343552622, 43.670461890048585 ], [ -0.18131298603158, 43.670493575488351 ], [ -0.181248027235531, 43.670228889888683 ], [ -0.180165345005325, 43.669416815349209 ], [ -0.179337574130617, 43.669664490357214 ], [ -0.178098651550235, 43.668932470546316 ], [ -0.177372705734011, 43.669101322460818 ], [ -0.176718915492605, 43.668546346132665 ], [ -0.175770829104516, 43.66845325121939 ], [ -0.174944754586004, 43.668739523335525 ], [ -0.174399467466423, 43.668256658091146 ], [ -0.172782054746255, 43.668408391292452 ], [ -0.172282125682379, 43.667773380112813 ], [ -0.169914150993607, 43.667562063065184 ], [ -0.167016049657516, 43.6672109789234 ], [ -0.163756638860012, 43.666981480276625 ], [ -0.160586217613106, 43.666407195484986 ], [ -0.15724380635758, 43.665495948048282 ], [ -0.154351361098184, 43.664078727875584 ], [ -0.152766627055377, 43.662593585162746 ], [ -0.153688034377831, 43.660859217931069 ], [ -0.154882536822911, 43.659423416972082 ], [ -0.155874543071036, 43.65814514881621 ], [ -0.155645489206981, 43.65769358280879 ], [ -0.154159356319231, 43.657271864456888 ], [ -0.152353948641817, 43.656742362352901 ], [ -0.150526051410622, 43.656860839793389 ], [ -0.149153778904357, 43.656663058670965 ], [ -0.148138688783333, 43.656191766058107 ], [ -0.146936878330469, 43.656295801689609 ], [ -0.145238979340505, 43.656982256058683 ], [ -0.144017831846701, 43.65780973337769 ], [ -0.142655189212793, 43.659058610273796 ], [ -0.139909878487231, 43.658589105125486 ], [ -0.137210350901069, 43.659145474524337 ], [ -0.13694140366854, 43.658998744294301 ], [ -0.134999971514076, 43.658928903549992 ], [ -0.132895259333295, 43.658749444728372 ], [ -0.130467953273482, 43.658384854289146 ], [ -0.129359348516708, 43.658182608545964 ], [ -0.128014676581186, 43.658593647700336 ], [ -0.127684555113391, 43.65943840405567 ], [ -0.127272221402885, 43.660817410617895 ], [ -0.126287714435156, 43.662284982778807 ], [ -0.124877136449563, 43.663611159506871 ], [ -0.124436437642837, 43.664306442912505 ], [ -0.122437097782895, 43.664161250368146 ], [ -0.120396901253158, 43.664246267421753 ], [ -0.118500362236345, 43.663985357807825 ], [ -0.116447412604204, 43.663802602372897 ], [ -0.116270236604609, 43.663312011564031 ], [ -0.115309319149077, 43.662915623423906 ], [ -0.114761771721495, 43.66239565330217 ], [ -0.114763393626115, 43.662433386527951 ], [ -0.113279021956609, 43.662047940309868 ], [ -0.11308463445908, 43.662395868229716 ], [ -0.113070170869547, 43.663270300457739 ], [ -0.111519404860011, 43.663762235935572 ], [ -0.110991666221155, 43.664915367884987 ], [ -0.110305119892204, 43.666034319127036 ], [ -0.110003470637351, 43.666308228053936 ], [ -0.107601717031397, 43.66651448642066 ], [ -0.106264945250291, 43.668332453388395 ], [ -0.104286412585803, 43.669861822720954 ], [ -0.102957857979988, 43.669472715233546 ], [ -0.100401656480832, 43.669720961874717 ], [ -0.099108878825152, 43.66895060499801 ], [ -0.099142601245965, 43.668493009790247 ], [ -0.098719421012151, 43.668388325622281 ], [ -0.097236651658561, 43.668041289778756 ], [ -0.098006332597803, 43.667644477880579 ], [ -0.096581632531787, 43.667409436759989 ], [ -0.095446956164698, 43.666596815453246 ], [ -0.093996445376212, 43.665755307366865 ], [ -0.09145261563717, 43.665127169357689 ], [ -0.091633845247424, 43.664437852277352 ], [ -0.090013478486762, 43.664550642663208 ], [ -0.088837254581611, 43.665262264641783 ], [ -0.08636701525991, 43.666305914075686 ], [ -0.084510045670107, 43.667032729340029 ], [ -0.08198163280371, 43.66796426927435 ], [ -0.082064632463653, 43.667467811735669 ], [ -0.081586312610617, 43.66728875480063 ], [ -0.080848829138061, 43.667191025350199 ], [ -0.079899361487713, 43.667060255657816 ], [ -0.079210664849681, 43.666885886519673 ], [ -0.078518700205813, 43.666634248402005 ], [ -0.077939998709099, 43.666570724943362 ], [ -0.076386511014631, 43.665806823580922 ], [ -0.07575623994798, 43.665783107495493 ], [ -0.075169495088358, 43.665529102935572 ], [ -0.074532450209467, 43.665315784226912 ], [ -0.073291740612984, 43.664506201984011 ], [ -0.072553031839891, 43.664407545365997 ], [ -0.071765256775196, 43.664349543837091 ], [ -0.071036224707872, 43.664479975677047 ], [ -0.071024997564781, 43.664214041315418 ], [ -0.070250004794407, 43.664458798624658 ], [ -0.069456217839197, 43.664287605996066 ], [ -0.068715573035154, 43.664113427797311 ], [ -0.068082103814008, 43.664013300728804 ], [ -0.067114369232544, 43.664681378307527 ], [ -0.066676529328715, 43.665490554938401 ], [ -0.06638937397703, 43.666142608501794 ], [ -0.066628609685394, 43.666822539676204 ], [ -0.066591409267347, 43.667203757563399 ], [ -0.064323106415961, 43.669347614351373 ], [ -0.062860925735044, 43.669455585341389 ], [ -0.061641491220212, 43.67035760910148 ], [ -0.060763146599458, 43.670681025414538 ], [ -0.059655274085003, 43.671733430952443 ], [ -0.05763418644466, 43.67231053450724 ], [ -0.057445799564119, 43.672810200991329 ], [ -0.056914253137533, 43.672631313300599 ], [ -0.056315161622848, 43.672112193690296 ], [ -0.056104370053798, 43.67207818594671 ], [ -0.055431628014605, 43.672283703884553 ], [ -0.053901821313904, 43.672051324209797 ], [ -0.05199611137386, 43.671598806676364 ], [ -0.049346902819114, 43.670933338600982 ], [ -0.048684451236885, 43.670111624060219 ], [ -0.048243879526775, 43.669588968668606 ], [ -0.047732932121857, 43.668686573864228 ], [ -0.047342442558332, 43.668087273974052 ], [ -0.045836578619044, 43.668424390578451 ], [ -0.045908745137411, 43.667661124554414 ], [ -0.046048088884864, 43.667201230181512 ], [ -0.045614621479081, 43.666906822789905 ], [ -0.042920156032343, 43.667613578379061 ], [ -0.040974811398548, 43.66875973517849 ], [ -0.0403771431841, 43.668240501702094 ], [ -0.039499948282426, 43.668563717816049 ], [ -0.038569191132702, 43.668850333333864 ], [ -0.037929733410903, 43.668635954634468 ], [ -0.036348078232323, 43.668403569779336 ], [ -0.034977237711948, 43.668206109484579 ], [ -0.032804691760181, 43.667644903441413 ], [ -0.032065682701761, 43.667508208673269 ], [ -0.030690141882932, 43.667196592047141 ], [ -0.029369360938833, 43.666920630605034 ], [ -0.027939030815391, 43.666571509698656 ], [ -0.027249261429774, 43.666396837179178 ], [ -0.026065215747376, 43.665623258213579 ], [ -0.025319997644614, 43.665335579147865 ], [ -0.024730357138151, 43.665005832140295 ], [ -0.025126623198183, 43.66320856594038 ], [ -0.024273091574191, 43.662846808573661 ], [ -0.023422730965135, 43.66256141216153 ], [ -0.020445703762864, 43.662816047842 ], [ -0.017746607901449, 43.662152713175871 ], [ -0.014151568174651, 43.662649030913805 ], [ -0.013427091056709, 43.662892278764964 ], [ -0.011160440398431, 43.66256200198459 ], [ -0.009645120310149, 43.662670408374396 ], [ -0.008115794990798, 43.66243828196793 ], [ -0.007531287231789, 43.662260306405827 ], [ -0.007860100962694, 43.661340446131426 ], [ -0.007116544351226, 43.661089479004715 ], [ -0.007703009279078, 43.66004983421827 ], [ -0.007367149418726, 43.659562525727424 ], [ -0.007378192128783, 43.65853534837369 ], [ -0.006298521190357, 43.657759305824023 ], [ -0.00550308409633, 43.657510352169616 ], [ -0.00783023773113, 43.654226270031842 ], [ -0.007860307076005, 43.653692367886322 ], [ -0.00741709776708, 43.65309318536422 ], [ -0.007660685860088, 43.652631991897948 ], [ -0.011866442002912, 43.652996688429212 ], [ -0.012310934588531, 43.653595825823757 ], [ -0.013208727129126, 43.653804736771512 ], [ -0.014341622611029, 43.654579551913102 ], [ -0.014888497997747, 43.655137787835983 ], [ -0.016262105283812, 43.655411867925267 ], [ -0.018111716013629, 43.657046024290544 ], [ -0.020106321874306, 43.65840991804324 ], [ -0.021376126801857, 43.658687096458657 ], [ -0.022355617364294, 43.658323130400298 ], [ -0.02244035908741, 43.657826695314228 ], [ -0.022869003456674, 43.656751737545513 ], [ -0.023939498182889, 43.656044057365143 ], [ -0.024187650816485, 43.655696028803945 ], [ -0.024373148495487, 43.655120957924403 ], [ -0.024540148409714, 43.654129039543655 ], [ -0.0171408904113, 43.652578114798196 ], [ -0.017016568747247, 43.652086235415226 ], [ -0.016518516677498, 43.651450514029307 ], [ -0.016811157812783, 43.650949564314736 ], [ -0.015811227987466, 43.649524432371059 ], [ -0.015211515710055, 43.64900512130108 ], [ -0.013676241118931, 43.648620341755624 ], [ -0.012355972325182, 43.648344176615559 ], [ -0.010630783733244, 43.647164954737981 ], [ -0.01263320236103, 43.642326751499198 ], [ -0.013200893117541, 43.640868449428048 ], [ -0.014283679395417, 43.639171444298668 ], [ -0.013452776450593, 43.638086141937578 ], [ -0.014374991896753, 43.637571521238755 ], [ -0.014729237171518, 43.637665433682542 ], [ -0.0145605116752, 43.636665557780894 ], [ -0.00720490547393, 43.626229626656986 ], [ -0.00362083475789, 43.62183902676189 ], [ -0.004095005704785, 43.617979212489026 ], [ -0.00506291056949, 43.613667199122446 ], [ -0.007608517026844, 43.609628517582536 ], [ -0.009936570195939, 43.607650997975021 ], [ -0.010184612142103, 43.603270058734232 ], [ -0.010051143734966, 43.598698692246543 ], [ -0.009112406598891, 43.597411626455312 ], [ -0.000462998062694, 43.594022882441465 ], [ 0.005292141264788, 43.590295027548123 ], [ 0.00381700442167, 43.582164175463063 ], [ 0.003219336953158, 43.577599583557827 ], [ 0.004207261221835, 43.572608863638585 ], [ 0.00480193694977, 43.570280232783738 ], [ 0.008967157224127, 43.567267891877904 ], [ 0.010841979353561, 43.565348968532447 ], [ 0.014104625823196, 43.555172221002714 ], [ 0.017426383327194, 43.55298220011597 ], [ 0.01972038295793, 43.549852898126574 ], [ 0.023302598267554, 43.544269491010553 ], [ 0.026854981598122, 43.541363939102133 ], [ 0.031049841636345, 43.537535092103084 ], [ 0.031735971459886, 43.531983126091639 ], [ 0.03668575771552, 43.525735356330351 ], [ 0.036388572407541, 43.521974228281636 ], [ 0.039887147383347, 43.513068198398372 ], [ 0.038206393127878, 43.510257711177772 ], [ 0.038344116274037, 43.50683137952619 ], [ 0.037498990529031, 43.499955774178083 ], [ 0.035645478504223, 43.49583426723926 ], [ 0.034690466336167, 43.49173190996715 ], [ 0.034186709364959, 43.488171460557538 ], [ 0.034553418177262, 43.486883666043781 ], [ 0.036304709499799, 43.483681530077448 ], [ 0.037642676392122, 43.480375264873132 ], [ 0.039989645076618, 43.477948227003388 ], [ 0.041868537987895, 43.474905196257978 ], [ 0.046698735655016, 43.467824072518908 ], [ 0.050071507413013, 43.466546095483366 ], [ 0.05531039849752, 43.463163184018988 ], [ 0.056479587507664, 43.46163698730512 ], [ 0.058722603137268, 43.456975891208813 ], [ 0.060760796939203, 43.450815285634725 ], [ 0.066176180362692, 43.44796970775851 ], [ 0.077547228179586, 43.44561655606109 ], [ 0.079960988286772, 43.441258993095083 ], [ 0.080761425020026, 43.438010353916418 ], [ 0.082630720624737, 43.43133080025239 ], [ 0.082120525898552, 43.426023807419476 ], [ 0.083602280956362, 43.42272291576213 ], [ 0.087656718834676, 43.417502336195653 ], [ 0.08802808379037, 43.412693022781809 ], [ 0.087466658317839, 43.409906871938531 ], [ 0.09018231722484, 43.405779415886407 ], [ 0.093688480591155, 43.400345902839931 ], [ 0.095097947802339, 43.399709059270869 ], [ 0.09595396222795, 43.39326917100859 ], [ 0.097275460707965, 43.382357400204747 ], [ 0.095617657179925, 43.379743646760438 ], [ 0.09127567757664, 43.376347535645749 ], [ 0.091802650897586, 43.374315071222298 ], [ 0.094713985578797, 43.373482108939349 ], [ 0.094674693528979, 43.368753415929454 ], [ 0.091323047588229, 43.368218790182347 ], [ 0.094566751187845, 43.365811426479127 ], [ 0.094764527201069, 43.360755070633218 ], [ 0.097543336366306, 43.350869126927812 ], [ 0.09754805167518, 43.346774331160681 ], [ 0.097228718891132, 43.343502570177463 ], [ 0.097707349055651, 43.33916234885087 ], [ 0.098630856451677, 43.333928822310789 ], [ 0.09999174914719, 43.330010615095873 ], [ 0.100680058160793, 43.323821119897623 ], [ 0.101224032179094, 43.315076500960551 ], [ 0.101743101015263, 43.308009780558628 ], [ 0.100689362044731, 43.299357928625795 ], [ 0.0990683953726, 43.29636217797303 ], [ 0.096474738727886, 43.292438213116469 ], [ 0.088030839416286, 43.289288262979305 ], [ 0.090397576376705, 43.283775064764406 ], [ 0.090264421042129, 43.281487175722383 ], [ 0.089843635812368, 43.279695786882506 ], [ 0.087380117767604, 43.275311397508716 ], [ 0.088823124550026, 43.272642078242235 ], [ 0.089021085339648, 43.267586132388516 ], [ 0.088340589186367, 43.257950697117266 ], [ 0.087284644534387, 43.249493144253826 ], [ 0.086572849728023, 43.242427165704562 ], [ 0.087315934174697, 43.240217922818161 ], [ 0.092385424134271, 43.233096741235045 ], [ 0.096650842506318, 43.226610325565794 ], [ 0.099666903036066, 43.219768791383267 ], [ 0.098496462791813, 43.216024811796103 ], [ 0.096362213657334, 43.211096673717449 ], [ 0.096136813619693, 43.207485658828574 ], [ 0.097286830146453, 43.204587392283926 ], [ 0.096756351031074, 43.200985317911048 ], [ 0.097106802801474, 43.197919379667134 ], [ 0.090304198630742, 43.197763790588141 ], [ 0.090018746998278, 43.207863907911829 ], [ 0.089354987936076, 43.213399734181621 ], [ 0.087850646316531, 43.217611900697165 ], [ 0.088815064343786, 43.221861376622087 ], [ 0.08726442249954, 43.226904083351698 ], [ 0.086529953347664, 43.228521102017453 ], [ 0.085612721655196, 43.229154487257468 ], [ 0.082731646974005, 43.234317605648222 ], [ 0.080960635709551, 43.237529986379947 ], [ 0.080268838758051, 43.240212189832022 ], [ 0.079917382293371, 43.244213060231829 ], [ 0.079736394828117, 43.247316809913897 ], [ 0.079590272921359, 43.24950170636906 ], [ 0.078003786126906, 43.256635476222947 ], [ 0.077867903627281, 43.258088879248255 ], [ 0.077314377792919, 43.259247646753991 ], [ 0.076351742056056, 43.260300726071797 ], [ 0.078519250388501, 43.261978739764018 ], [ 0.078442273078278, 43.26393588953426 ], [ 0.076043479551038, 43.268130225296147 ], [ 0.077093023946487, 43.275498402452079 ], [ 0.078082019249471, 43.278784136012398 ], [ 0.077071769054337, 43.287414358698371 ], [ 0.076120138407827, 43.288863240716424 ], [ 0.071924386819929, 43.292098383400159 ], [ 0.07126151136092, 43.304432521142168 ], [ 0.071537771176979, 43.314395302130237 ], [ 0.073228446683395, 43.316880584997513 ], [ 0.085303423079943, 43.322521486976235 ], [ 0.086183771314528, 43.322866231758077 ], [ 0.084772396757123, 43.324631952166079 ], [ 0.08348230476522, 43.32901262662633 ], [ 0.081980928058531, 43.333061649825638 ], [ 0.081057952963879, 43.338305860143997 ], [ 0.082951853579699, 43.340537266705105 ], [ 0.088033175892776, 43.344126228356913 ], [ 0.089120006801542, 43.345590906713149 ], [ 0.08987127619691, 43.351659499062492 ], [ 0.089314102236409, 43.353491705310297 ], [ 0.08633873941967, 43.35993380059535 ], [ 0.081802060340503, 43.371749816910992 ], [ 0.083721830910618, 43.371565248024737 ], [ 0.0839311659176, 43.373889076505428 ], [ 0.084313875559804, 43.375847040526494 ], [ 0.086159948883923, 43.380837409299424 ], [ 0.087030046670042, 43.386646165481217 ], [ 0.087959715213261, 43.391632676291742 ], [ 0.086048304725789, 43.394694394684642 ], [ 0.084831042733363, 43.399819493421184 ], [ 0.083529166751973, 43.401824085786856 ], [ 0.081834930358017, 43.405054832319912 ], [ 0.080229152399615, 43.407725518238095 ], [ 0.077196304941022, 43.410776236293906 ], [ 0.076425008422741, 43.411634827806488 ], [ 0.073234890767435, 43.413037800133395 ], [ 0.071547708235686, 43.415069253169406 ], [ 0.071927540045991, 43.423458177592849 ], [ 0.072709931209788, 43.431964398029471 ], [ 0.069794638981338, 43.432065855928869 ], [ 0.068120074970575, 43.429091600806537 ], [ 0.064730339934, 43.429837447147335 ], [ 0.063170303109418, 43.42964092337467 ], [ 0.057036390949943, 43.431796782649833 ], [ 0.056096040761996, 43.432920500741062 ], [ 0.05314443953241, 43.444848011692649 ], [ 0.052243561109505, 43.447850720916286 ], [ 0.049777710074124, 43.450394086282429 ], [ 0.045887713554107, 43.45358057132708 ], [ 0.042363670783042, 43.456955436905666 ], [ 0.038990483587147, 43.461265777051729 ], [ 0.037410913678621, 43.455637974139407 ], [ 0.035017294313319, 43.461945278264857 ], [ 0.032139732122463, 43.465237449136801 ], [ 0.030902448301486, 43.466168541575605 ], [ 0.031091093557308, 43.465622327058945 ], [ 0.031628167028055, 43.463933616279455 ], [ 0.032698927719519, 43.460637940731317 ], [ 0.03406657689739, 43.456156413099386 ], [ 0.034830960009451, 43.453935801631495 ], [ 0.031867226029955, 43.453279094119324 ], [ 0.031446619319461, 43.449260176766977 ], [ 0.032264465563891, 43.447428243688861 ], [ 0.033364756238154, 43.446425901977634 ], [ 0.034463739429236, 43.445424421841892 ], [ 0.035574501784159, 43.444405201956549 ], [ 0.036246284626145, 43.444452804412286 ], [ 0.039095631198212, 43.442784637817653 ], [ 0.041993636248365, 43.441591250423961 ], [ 0.043233762674698, 43.440540547985634 ], [ 0.045003139451203, 43.439027273839415 ], [ 0.04661149231469, 43.437527636182061 ], [ 0.047658213048292, 43.436095171562719 ], [ 0.050921336699757, 43.433777388355914 ], [ 0.051488759234023, 43.432789657124331 ], [ 0.053693909441691, 43.429740905771943 ], [ 0.055181084178103, 43.426131196187541 ], [ 0.05597931167236, 43.423308862458065 ], [ 0.057952332965477, 43.420654328039554 ], [ 0.056875008660324, 43.41645633561005 ], [ 0.057769040316251, 43.417357216889854 ], [ 0.059060181886356, 43.417638945673929 ], [ 0.057569495743815, 43.414190132486368 ], [ 0.056488470082449, 43.411823438969826 ], [ 0.057682558572888, 43.411937706901767 ], [ 0.053790038197996, 43.407467951190448 ], [ 0.052504349739774, 43.405880856055639 ], [ 0.051384353025189, 43.404531012682376 ], [ 0.050842149779146, 43.403441555012122 ], [ 0.049687544170723, 43.400891636003138 ], [ 0.0494154649969, 43.399245106476428 ], [ 0.049317129320011, 43.398064374652485 ], [ 0.049320940826047, 43.396826476096145 ], [ 0.050107055880665, 43.396343298762957 ], [ 0.050598328671063, 43.396111883823465 ], [ 0.05076055731911, 43.395259441119755 ], [ 0.051423615444954, 43.39495524985729 ], [ 0.052236651954077, 43.394816062289273 ], [ 0.052703871047715, 43.394321609392385 ], [ 0.053804867373513, 43.39267903313651 ], [ 0.054808785568323, 43.390377198704606 ], [ 0.055622409232158, 43.389478316978817 ], [ 0.055521586385056, 43.387335585988296 ], [ 0.055079492133982, 43.384910526456068 ], [ 0.0543157612508, 43.382330313893412 ], [ 0.053985315151981, 43.38156003582791 ], [ 0.053032211414167, 43.380115770739444 ], [ 0.052552631537367, 43.379779253516595 ], [ 0.052825618194353, 43.379331034628883 ], [ 0.052920148364697, 43.377392042956949 ], [ 0.053925809942002, 43.374607512630064 ], [ 0.053740521110722, 43.370287385144046 ], [ 0.053338176688024, 43.369622570010741 ], [ 0.052212803870685, 43.36839401462332 ], [ 0.05197945665042, 43.367261694909374 ], [ 0.051750448089833, 43.366175317497429 ], [ 0.051435194139002, 43.365490768220532 ], [ 0.051438475253596, 43.365130332302662 ], [ 0.051106367337462, 43.363385485550459 ], [ 0.050981820122759, 43.360390923131476 ], [ 0.051107966285264, 43.35840139058304 ], [ 0.051527606402205, 43.356002749419858 ], [ 0.051159201384262, 43.354922410770946 ], [ 0.051567378219424, 43.352532523700916 ], [ 0.052925461047112, 43.350818172724736 ], [ 0.054147662795601, 43.34839970514976 ], [ 0.054422405877766, 43.3441280839399 ], [ 0.053348557396154, 43.343689970318657 ], [ 0.053369269914503, 43.343479144875012 ], [ 0.05336292567355, 43.342617769280167 ], [ 0.053453645191743, 43.341050942312492 ], [ 0.053518907148407, 43.33984497390334 ], [ 0.053566616744001, 43.338646725335003 ], [ 0.053615003825969, 43.337431411470511 ], [ 0.053651491849581, 43.336236523295057 ], [ 0.053711450009191, 43.335008871515008 ], [ 0.053759652167981, 43.333798052475743 ], [ 0.053748699379335, 43.332619242411745 ], [ 0.054727413243374, 43.331079354496964 ], [ 0.0553179752851, 43.330256715766325 ], [ 0.055658106278475, 43.329569008448729 ], [ 0.054021210537081, 43.328093219116091 ], [ 0.052715668567903, 43.326925599548389 ], [ 0.051674300423272, 43.325866059088838 ], [ 0.050863998668148, 43.324879740738112 ], [ 0.048746820285268, 43.323505141187368 ], [ 0.048745148083345, 43.323485327943857 ], [ 0.048857990641024, 43.322631893419327 ], [ 0.048875965918338, 43.322613396956399 ], [ 0.04932397827708, 43.321814735325091 ], [ 0.049748463467723, 43.321111763774539 ], [ 0.049994716376899, 43.320246782201735 ], [ 0.04948979995636, 43.318520791259367 ], [ 0.048799065211947, 43.317163925286188 ], [ 0.048094962485183, 43.31595780002241 ], [ 0.047409958675288, 43.314859954725151 ], [ 0.047385669177942, 43.314820781721373 ], [ 0.046816868563256, 43.313557296909984 ], [ 0.046157726328754, 43.31239886473471 ], [ 0.045342620763016, 43.311231713244069 ], [ 0.045308017951968, 43.311173441623502 ], [ 0.044678416111915, 43.31001652972342 ], [ 0.044657657110436, 43.309919896896815 ], [ 0.044845250449214, 43.308120548109784 ], [ 0.044698146762859, 43.307150116756574 ], [ 0.044557376738359, 43.306175325996129 ], [ 0.044440203345588, 43.305226209878313 ], [ 0.0443025576612, 43.30426587033044 ], [ 0.044151963096679, 43.303290871748132 ], [ 0.044037548956147, 43.302334624298553 ], [ 0.044696882315919, 43.300988534330891 ], [ 0.045811969267966, 43.299848126294386 ], [ 0.046945432549248, 43.298739563847256 ], [ 0.048042380157386, 43.297588861943758 ], [ 0.049194988208822, 43.296460909987154 ], [ 0.049328146982795, 43.296362159157425 ], [ 0.050289664136161, 43.295364977760556 ], [ 0.051666588806289, 43.296204208653265 ], [ 0.051953600047311, 43.295239425938256 ], [ 0.05232789736507, 43.294183904484932 ], [ 0.052545301889605, 43.293205058247999 ], [ 0.05270954951623, 43.292170246991596 ], [ 0.052573705601544, 43.291192889031969 ], [ 0.052278410805846, 43.290017070358992 ], [ 0.050941893887705, 43.290483996449417 ], [ 0.050697484444098, 43.289236439312042 ], [ 0.050641584526219, 43.288570021599334 ], [ 0.05057617219755, 43.287895311355548 ], [ 0.050451141532743, 43.287667014718494 ], [ 0.050338692665094, 43.287431793819671 ], [ 0.050232069912209, 43.287204787331639 ], [ 0.050162392659297, 43.287038796526716 ], [ 0.050075265835678, 43.286909291872504 ], [ 0.04996936084384, 43.286664321304421 ], [ 0.049874772169858, 43.286413298631793 ], [ 0.049781079075195, 43.286139821040905 ], [ 0.049704598761482, 43.285866709511723 ], [ 0.050354748039462, 43.285113725983955 ], [ 0.050369900375556, 43.283744939354776 ], [ 0.050010764121337, 43.282135365897354 ], [ 0.049280619152522, 43.280080110746461 ], [ 0.04926196551833, 43.279097159502996 ], [ 0.049052068698787, 43.278961446740617 ], [ 0.049524350064619, 43.277606887345065 ], [ 0.049998922208121, 43.276163380698122 ], [ 0.047879840189755, 43.277381312758159 ], [ 0.047713446052737, 43.276185762304841 ], [ 0.047534675369666, 43.275424141537229 ], [ 0.047467404410325, 43.274180361938349 ], [ 0.048084570052342, 43.272524156579678 ], [ 0.048766270673803, 43.271254072957547 ], [ 0.049969391187106, 43.269894398217524 ], [ 0.050151699178498, 43.268961576777556 ], [ 0.051124420723584, 43.268134559845358 ], [ 0.051710850941378, 43.266350042809208 ], [ 0.05148355440945, 43.265107369971446 ], [ 0.050920820516732, 43.264659419105691 ], [ 0.050663559694374, 43.264293473314112 ], [ 0.050698340755263, 43.263975988459208 ], [ 0.050690319956777, 43.26389940803908 ], [ 0.050756520240545, 43.263688666291948 ], [ 0.050757777998035, 43.263502612669555 ], [ 0.052158435628336, 43.262706267109088 ], [ 0.052004206866984, 43.262223855194911 ], [ 0.050601706662283, 43.259854101615247 ], [ 0.049262910698658, 43.257524342166889 ], [ 0.049263912548122, 43.257499193315894 ], [ 0.048662567104537, 43.25512129779095 ], [ 0.048508687764075, 43.253736362250478 ], [ 0.048416153948108, 43.252848944256755 ], [ 0.048375297915742, 43.252423778764594 ], [ 0.048223484627898, 43.251018214352641 ], [ 0.048621765672172, 43.25003427677396 ], [ 0.048482201377993, 43.249463182023341 ], [ 0.048546067281381, 43.249033056193859 ], [ 0.048731158406436, 43.247751530302175 ], [ 0.048988974042653, 43.245909725208023 ], [ 0.049056109238225, 43.245088637661219 ], [ 0.049088216606461, 43.244869084560378 ], [ 0.049541539151747, 43.242810310246405 ], [ 0.049956229455118, 43.240547559981827 ], [ 0.050485713503949, 43.238303436499699 ], [ 0.051233807175866, 43.236403757017456 ], [ 0.051491886878288, 43.233408663713362 ], [ 0.05298772183022, 43.231931193926393 ], [ 0.052762179351056, 43.230028794177507 ], [ 0.052717465986151, 43.228247099977438 ], [ 0.052729494482272, 43.226213122503538 ], [ 0.052669966893219, 43.224804165936625 ], [ 0.052610628354048, 43.223328695915988 ], [ 0.052437576084326, 43.22190024935005 ], [ 0.053064561315374, 43.22065960825374 ], [ 0.05241745270018, 43.218882198410419 ], [ 0.051395282664822, 43.216029810253588 ], [ 0.044355316232841, 43.214099956635344 ], [ 0.042907632610994, 43.214407933973277 ], [ 0.042787439623318, 43.211015608093135 ], [ 0.042904784010455, 43.20983066758096 ], [ 0.039712766317422, 43.209695024269962 ], [ 0.036288204009164, 43.209536326773737 ], [ 0.035396922758587, 43.208042134306687 ], [ 0.035630328010676, 43.206877666817924 ], [ 0.036647801005493, 43.205187961225406 ], [ 0.037400957004348, 43.203746079227059 ], [ 0.037716769561325, 43.202209436914735 ], [ 0.038248008623811, 43.200508415637124 ], [ 0.03847941565914, 43.199360987760535 ], [ 0.037660252303172, 43.197817132082974 ], [ 0.036219642870712, 43.196177260006948 ], [ 0.035016877346579, 43.194981126788157 ], [ 0.033816860498005, 43.193717622512928 ], [ 0.034394350040769, 43.194328668377302 ], [ 0.033815417163092, 43.193722984893149 ], [ 0.024818713151403, 43.196817788135718 ], [ 0.02829401905419, 43.200282297415541 ], [ 0.02950198594057, 43.200766697358176 ], [ 0.031615777455409, 43.20179548850885 ], [ 0.031634546560147, 43.202491637867446 ], [ 0.030091903563135, 43.208018209132057 ], [ 0.032825796298203, 43.213264467953898 ], [ 0.033004538346058, 43.213404036864119 ], [ 0.034422139429998, 43.213909057008522 ], [ 0.034648878040273, 43.214016392497328 ], [ 0.035175968159741, 43.214755802690064 ], [ 0.036621254921892, 43.215092392274897 ], [ 0.037014508496937, 43.215676113098986 ], [ 0.037276280543554, 43.216106001507569 ], [ 0.039059499905311, 43.216721261650079 ], [ 0.039207402349144, 43.217079493534484 ], [ 0.03942522811441, 43.217441018694529 ], [ 0.041353740187325, 43.218481833746814 ], [ 0.041574957145078, 43.218758929800458 ], [ 0.043409578714316, 43.219813881435321 ], [ 0.043748286825426, 43.220042243751081 ], [ 0.04587453727287, 43.220782467910951 ], [ 0.04574424057322, 43.221152735483159 ], [ 0.04432158696736, 43.226004362397347 ], [ 0.043611287659856, 43.228125019125081 ], [ 0.044522842676588, 43.230264113026969 ], [ 0.04539183934439, 43.232300716518758 ], [ 0.04635428548992, 43.234338408589068 ], [ 0.047266041158413, 43.236477490816696 ], [ 0.046729941652204, 43.24002579123897 ], [ 0.04617835076517, 43.242234373763587 ], [ 0.045646752995562, 43.244495522579022 ], [ 0.045095077566371, 43.246704108123502 ], [ 0.04341686990739, 43.247498916250116 ], [ 0.043115516391154, 43.249256184728758 ], [ 0.040540354137005, 43.249845725696929 ], [ 0.03946963884296, 43.251128092577972 ], [ 0.037492928436428, 43.251848115455516 ], [ 0.037180355910462, 43.253266239533524 ], [ 0.036769390987724, 43.253087546530892 ], [ 0.036061337004385, 43.253970428379013 ], [ 0.035336682325444, 43.25468395101808 ], [ 0.03493580429719, 43.257168121964988 ], [ 0.037796585804336, 43.259314890559409 ], [ 0.039595365289986, 43.26074311089377 ], [ 0.039749593315018, 43.26091540773465 ], [ 0.03996758871395, 43.261276945585614 ], [ 0.04081957624735, 43.262024188612941 ], [ 0.041730245521645, 43.263027078276629 ], [ 0.041839697700485, 43.263181336278372 ], [ 0.04194086194155, 43.264743160839338 ], [ 0.042345755401137, 43.265599507246478 ], [ 0.044660797360931, 43.26575047625213 ], [ 0.044027087444962, 43.268805956941904 ], [ 0.043844161436399, 43.271106953505893 ], [ 0.04407673614957, 43.273384454097638 ], [ 0.044237024322944, 43.275778179410295 ], [ 0.044799419626384, 43.276790702319417 ], [ 0.04588283325076, 43.277541943188815 ], [ 0.045897919019483, 43.277780486772997 ], [ 0.044251056926042, 43.278322511589934 ], [ 0.044560731836744, 43.278701280500123 ], [ 0.045957202248609, 43.279747758660015 ], [ 0.045872804433362, 43.280136106171767 ], [ 0.045590793834353, 43.281961266855994 ], [ 0.045314692142656, 43.283668792677624 ], [ 0.045038779173957, 43.285340366353694 ], [ 0.045127327893018, 43.287190511962834 ], [ 0.045442568415361, 43.287400394346378 ], [ 0.047393960151141, 43.290273679715668 ], [ 0.048025030767098, 43.291914232293323 ], [ 0.047810597895558, 43.292045411681173 ], [ 0.046391968298994, 43.29330342154104 ], [ 0.044831020993416, 43.294610522474535 ], [ 0.043364307085442, 43.295867473192374 ], [ 0.041919428123545, 43.297192295125363 ], [ 0.04147421910023, 43.29786151567474 ], [ 0.041314948496076, 43.299535593086013 ], [ 0.041100916768852, 43.301378409640947 ], [ 0.040961541322647, 43.303139217986875 ], [ 0.040725858903391, 43.304999557364674 ], [ 0.04056053583455, 43.306793079297243 ], [ 0.040284337312214, 43.308465571990638 ], [ 0.040766057932867, 43.309747008947859 ], [ 0.040770282945152, 43.311425491981844 ], [ 0.040750306848648, 43.314816019851179 ], [ 0.040883872968541, 43.314954616574028 ], [ 0.04077475995881, 43.316512022480453 ], [ 0.040908977147894, 43.316634451485257 ], [ 0.043369972273695, 43.317805275041096 ], [ 0.043529779147935, 43.319012420419774 ], [ 0.044679369406739, 43.321054238372312 ], [ 0.045824403122519, 43.32318135252391 ], [ 0.044972751599788, 43.324774201166022 ], [ 0.044825146216328, 43.327297216037508 ], [ 0.044980799136129, 43.3274695413781 ], [ 0.044793863716624, 43.329805633148119 ], [ 0.048894408894081, 43.337029999668331 ], [ 0.048156798835834, 43.339218657285961 ], [ 0.048007599379524, 43.339469900950718 ], [ 0.046629945271026, 43.343712643661256 ], [ 0.044753072754278, 43.34419950836012 ], [ 0.046261574164397, 43.344824961961926 ], [ 0.045430371431881, 43.345281944297604 ], [ 0.04397254118296, 43.347455259826077 ], [ 0.043282097718003, 43.349626934553342 ], [ 0.043568530627577, 43.351735816621471 ], [ 0.043450617420424, 43.353513343467355 ], [ 0.043392335442596, 43.354970297252727 ], [ 0.043214620073025, 43.358273079437417 ], [ 0.04339983913386, 43.359463723871791 ], [ 0.043517727284061, 43.360551346132205 ], [ 0.043922405484377, 43.361492244265975 ], [ 0.044646306474084, 43.361999419726651 ], [ 0.044669380851002, 43.362593261747413 ], [ 0.045079434957428, 43.363924444376536 ], [ 0.045514130515082, 43.365256150887276 ], [ 0.046145209107792, 43.365744259937195 ], [ 0.045928013894738, 43.366554150197125 ], [ 0.045686602238143, 43.367938898250543 ], [ 0.044430759700991, 43.370285586820017 ], [ 0.04363153066215, 43.372828989052053 ], [ 0.043559000387837, 43.374641677552873 ], [ 0.044617819030038, 43.377224647279839 ], [ 0.045182581131656, 43.378203120966482 ], [ 0.046142684245855, 43.37918910231776 ], [ 0.046389140774407, 43.379991782415189 ], [ 0.044578626315161, 43.38341183565143 ], [ 0.043892410088533, 43.384297161082799 ], [ 0.04388058345287, 43.386348504508412 ], [ 0.044299176603302, 43.38808625902314 ], [ 0.045050253886096, 43.389679150932793 ], [ 0.042468582750859, 43.39433785633971 ], [ 0.041469724582505, 43.395452966929547 ], [ 0.040782704178265, 43.396353552065207 ], [ 0.041332569545664, 43.396568453536723 ], [ 0.041883258267945, 43.396732124242156 ], [ 0.043070124876804, 43.396741218085076 ], [ 0.043271772710173, 43.397216609635613 ], [ 0.04273254189356, 43.398244422597109 ], [ 0.041987722347616, 43.399941239937995 ], [ 0.039212498896872, 43.403628422263914 ], [ 0.03887026121326, 43.406350639653567 ], [ 0.03861142762052, 43.409329073737418 ], [ 0.03964079906816, 43.410350771029158 ], [ 0.040076505459929, 43.41163222031998 ], [ 0.04064006278583, 43.414985121271535 ], [ 0.0416766767855, 43.416414228266895 ], [ 0.044969432877124, 43.416077032459782 ], [ 0.044322099666515, 43.417706740008882 ], [ 0.044924087841332, 43.418381250517179 ], [ 0.044818626640902, 43.419845372127099 ], [ 0.040766601387638, 43.424041353386727 ], [ 0.040145083563388, 43.423884261131896 ], [ 0.0390621515437, 43.424191136043973 ], [ 0.037966710001018, 43.424532797116875 ], [ 0.03584968559148, 43.4251574263645 ], [ 0.035784560004975, 43.424138293741287 ], [ 0.034163679845149, 43.424816636171755 ], [ 0.032895689498937, 43.425399106542898 ], [ 0.031724440490489, 43.426212894172615 ], [ 0.030797393737989, 43.426965364112597 ], [ 0.028314818199842, 43.427657550796432 ], [ 0.026654785255982, 43.428690081029416 ], [ 0.025037790551076, 43.429877252398647 ], [ 0.023509232209501, 43.432293537298058 ], [ 0.023027791725764, 43.435293312808078 ], [ 0.023139844330962, 43.438839887109644 ], [ 0.023338971506946, 43.442277752554219 ], [ 0.023354648150372, 43.442744712959062 ], [ 0.023414275068237, 43.443864452209468 ], [ 0.023442100813954, 43.444305600421679 ], [ 0.023452513582089, 43.444933384740118 ], [ 0.023584546303118, 43.446276753416164 ], [ 0.023716864270469, 43.447033026051386 ], [ 0.023789958208616, 43.448094617001345 ], [ 0.023740359829076, 43.448772363729667 ], [ 0.023509473943167, 43.450454998607967 ], [ 0.023054641170786, 43.452182280418526 ], [ 0.022534110031867, 43.453824537833889 ], [ 0.022331881492429, 43.455651648119272 ], [ 0.022218855773771, 43.456462901466104 ], [ 0.022183705956924, 43.457606693472584 ], [ 0.022146156853942, 43.458809775334771 ], [ 0.022194152722572, 43.459667643435836 ], [ 0.022232763385872, 43.460421914575846 ], [ 0.022285177657275, 43.461414743062484 ], [ 0.022317209893737, 43.462942098111391 ], [ 0.022791195143189, 43.463002618501491 ], [ 0.022940744242154, 43.464218710812254 ], [ 0.023058982886608, 43.465018748319785 ], [ 0.023143978981232, 43.465511480013156 ], [ 0.023283997234283, 43.466108788566743 ], [ 0.023619530313773, 43.467549151484029 ], [ 0.023832461076297, 43.468358413518864 ], [ 0.024579316210809, 43.470892812003484 ], [ 0.024839905160323, 43.47165364458062 ], [ 0.025045325179125, 43.472344063483582 ], [ 0.026568600847598, 43.473538341498568 ], [ 0.02752484995025, 43.473795281862799 ], [ 0.028199368649539, 43.473936493712138 ], [ 0.028175685772678, 43.474125697819552 ], [ 0.027690595288082, 43.476234505508579 ], [ 0.027524782086071, 43.480159156008071 ], [ 0.026751905132761, 43.483705783107879 ], [ 0.026200897563935, 43.490897687668671 ], [ 0.023860332296174, 43.497627805037425 ], [ 0.02408792379491, 43.505621411411099 ], [ 0.027421243884545, 43.510680256810296 ], [ 0.027968763806901, 43.51379397418139 ], [ 0.027065410866767, 43.519489549902296 ], [ 0.02208767292389, 43.520524836695223 ], [ 0.017293466325422, 43.522543907251389 ], [ 0.015594850963101, 43.527162270040861 ], [ 0.014748049899787, 43.532494893495247 ], [ 0.013671491719945, 43.5391281664091 ], [ 0.012747698955493, 43.540570316703828 ], [ -0.002972411163852, 43.546273235211856 ], [ -0.005104005671049, 43.549001865174674 ], [ -0.006971043092787, 43.557481922232974 ], [ -0.00288325801382, 43.563539272195854 ], [ -0.001530712896554, 43.565899227805197 ], [ -0.003149444978784, 43.569555317937692 ], [ -0.00289537990624, 43.573798673881171 ], [ -0.002827513183378, 43.57863327371237 ], [ -0.003131205706574, 43.586921741031048 ], [ -0.003554678478585, 43.58789808906706 ], [ -0.006977656769778, 43.589681650675431 ], [ -0.014543534216008, 43.593381179052614 ], [ -0.014988351166169, 43.598264074247858 ], [ -0.014924220847628, 43.600491906539766 ], [ -0.016245255800779, 43.604055500631404 ], [ -0.016336097610289, 43.60842099787309 ], [ -0.016042129702641, 43.612937860202202 ], [ -0.015259915705488, 43.617230661784511 ], [ -0.014627413717491, 43.619151664346461 ], [ -0.013377517562168, 43.622461895070579 ], [ -0.014558157841885, 43.624801187410633 ], [ -0.022408482577541, 43.636843566193413 ], [ -0.021191920427041, 43.640479629080929 ], [ -0.021981888685098, 43.641648500522784 ], [ -0.021447507387887, 43.642649314562547 ], [ -0.02154503064392, 43.643750555200363 ], [ -0.021631527361954, 43.644584962721424 ], [ -0.021246393612108, 43.645392783504562 ], [ -0.021064015038094, 43.646043313094758 ], [ -0.021287241005017, 43.646381058377784 ], [ -0.021711675802408, 43.64652377755084 ], [ -0.023136745623171, 43.646758874653329 ], [ -0.024345225069583, 43.646846708772479 ], [ -0.025291429488753, 43.646940256537832 ], [ -0.026540529631086, 43.647978579572673 ], [ -0.026622416041211, 43.648699783349336 ], [ -0.026601978749994, 43.64946189047 ], [ -0.026559432157194, 43.64969032903938 ], [ -0.028162578038728, 43.650454725520532 ], [ -0.029600734556795, 43.651032068110638 ], [ -0.030287522457784, 43.651169016556729 ], [ -0.0310779141448, 43.651265924806864 ], [ -0.0316674120719, 43.651594735415053 ], [ -0.033603545197919, 43.652769916066177 ], [ -0.03490992924922, 43.653957972318061 ], [ -0.034569338692831, 43.654612898957474 ], [ -0.033800998185043, 43.655047888534114 ], [ -0.034087025362023, 43.655612646126819 ], [ -0.03390793437979, 43.656339569267864 ], [ -0.032853382965266, 43.657428284782959 ], [ -0.032212297527803, 43.658393732969159 ], [ -0.031404524639738, 43.659133516283866 ], [ -0.030809065697046, 43.659945983899284 ], [ -0.030136449752992, 43.661406700128076 ], [ -0.031554383717473, 43.661489879862508 ], [ -0.032376492489016, 43.662346858782392 ], [ -0.03374561491747, 43.662506616718801 ], [ -0.035116388982323, 43.662705888643387 ], [ -0.035308445971588, 43.66232039354388 ], [ -0.036626876040938, 43.662482125717268 ], [ -0.038051205731871, 43.662717954837277 ], [ -0.039566435580894, 43.662608252415424 ], [ -0.041283190359512, 43.662341225875416 ], [ -0.043060788742838, 43.662226607060056 ], [ -0.044869344697572, 43.661578016305974 ], [ -0.046736517229991, 43.661117847453852 ], [ -0.047887015444569, 43.661054729294428 ], [ -0.049708564214538, 43.660748388294742 ], [ -0.051755098591288, 43.660816538469909 ], [ -0.053298976970831, 43.661392147162566 ], [ -0.054319396484336, 43.661978404023714 ], [ -0.055160715261855, 43.662074016023162 ], [ -0.057196464529741, 43.663093725247407 ], [ -0.058272521685977, 43.663793822277228 ], [ -0.058241296402831, 43.664289109811556 ], [ -0.058770799197611, 43.664391595822131 ], [ -0.059315901788236, 43.663656516664034 ], [ -0.059851401179883, 43.662693234004479 ], [ -0.060271758692507, 43.661466317252284 ], [ -0.060541325538629, 43.660394716301042 ], [ -0.061011203368955, 43.660346535628591 ], [ -0.061309920994676, 43.659998195002288 ], [ -0.061850112864438, 43.659148106867136 ], [ -0.063664359574027, 43.659907319321903 ], [ -0.064831529897349, 43.659005534968571 ], [ -0.065896388015247, 43.658145577490281 ], [ -0.066027914039646, 43.657533854487369 ], [ -0.066379717377355, 43.657182522143231 ], [ -0.066912386947829, 43.657361333811338 ], [ -0.067340971870111, 43.656363519842756 ], [ -0.073471641600222, 43.657595805158181 ], [ -0.07442579831423, 43.657841628217675 ], [ -0.075025300860373, 43.658399301778026 ], [ -0.075765494141156, 43.65853477635752 ], [ -0.075904933695254, 43.658112608006533 ], [ -0.076348900917152, 43.658711512128825 ], [ -0.077830101415698, 43.659059757631255 ], [ -0.07942089595673, 43.659480175552076 ], [ -0.081742675428385, 43.661102747842818 ], [ -0.082586865230717, 43.661235852661271 ], [ -0.083110304993177, 43.661224147621546 ], [ -0.083354878902217, 43.660799616444272 ], [ -0.084068108058328, 43.66032773020315 ], [ -0.084521832555323, 43.659899416059126 ], [ -0.085403446363806, 43.659689038090356 ], [ -0.086377332475095, 43.659172632185999 ], [ -0.087091715514531, 43.658699800470458 ], [ -0.087437385986772, 43.658236124968965 ], [ -0.090755421722286, 43.659835281692104 ], [ -0.09197111637076, 43.660111955307805 ], [ -0.092878245202702, 43.660471983278633 ], [ -0.095028802932841, 43.660537879701174 ], [ -0.096786694270585, 43.661183606942302 ], [ -0.098130000251937, 43.661952845391994 ], [ -0.098614436755161, 43.662245899466789 ], [ -0.100403693453775, 43.66243492993943 ], [ -0.100265619066092, 43.661638580186668 ], [ -0.101821302105328, 43.662477631226665 ], [ -0.101900518468792, 43.661867932429992 ], [ -0.102709349435337, 43.659985493295821 ], [ -0.104166886930787, 43.656071336804764 ], [ -0.104416165177803, 43.655760857693849 ], [ -0.104658942153596, 43.655298546961433 ], [ -0.106899971774752, 43.656237158906116 ], [ -0.108737761335087, 43.656348512274789 ], [ -0.10894972492903, 43.656381490769142 ], [ -0.109692010470961, 43.6565931258272 ], [ -0.110435920402696, 43.656842488961338 ], [ -0.110763272593081, 43.65713994015745 ], [ -0.112798751163849, 43.656979666909997 ], [ -0.113061067104872, 43.656973727678583 ], [ -0.113410611608569, 43.656547646916763 ], [ -0.114022808105091, 43.656152486285983 ], [ -0.116020906797807, 43.651466024536255 ], [ -0.118514406492853, 43.652169353594253 ], [ -0.121808335195392, 43.652018108857 ], [ -0.122078837073019, 43.652202608738733 ], [ -0.123144293806153, 43.65137892714889 ], [ -0.123824760751556, 43.651363452477128 ], [ -0.124226543690721, 43.650973917616433 ], [ -0.123946236066091, 43.650562128339878 ], [ -0.124072200546405, 43.649836241864527 ], [ -0.129258263197246, 43.650974445693201 ], [ -0.130646470654848, 43.650371748276029 ], [ -0.131275357002056, 43.650395172768029 ], [ -0.131469275058674, 43.65001125126863 ], [ -0.131637864640593, 43.650272693093747 ], [ -0.134687107034036, 43.650507932564651 ], [ -0.138674524557637, 43.650644284948832 ], [ -0.139210673845443, 43.650899103379174 ], [ -0.139483265321202, 43.651159052998274 ], [ -0.140848371782567, 43.652421872398349 ], [ -0.140864838600791, 43.652800994740751 ], [ -0.140687155645329, 43.653528990729868 ], [ -0.142616813426597, 43.653331906146434 ], [ -0.143486587914494, 43.652856030083342 ], [ -0.147074234149387, 43.653420311143776 ], [ -0.148704153648874, 43.65353575765397 ], [ -0.15009879799723, 43.653083739400401 ], [ -0.150344562141001, 43.652698588826809 ], [ -0.151078646591541, 43.652719480607878 ], [ -0.152498304136301, 43.651621164267638 ], [ -0.153652236843161, 43.651671046521628 ], [ -0.154974462110142, 43.651944561457583 ], [ -0.1561915760577, 43.652221382056041 ], [ -0.157363376991917, 43.652651214605747 ], [ -0.158777936216514, 43.652656364362109 ], [ -0.159051840871241, 43.651698592652565 ], [ -0.160454320717527, 43.651400037189731 ], [ -0.160665512650965, 43.651471602017367 ], [ -0.163415235774753, 43.652016912466152 ], [ -0.16365462773672, 43.651516767259146 ], [ -0.164288086062997, 43.651615435722341 ], [ -0.164345050885438, 43.651728329318466 ], [ -0.165528568143292, 43.652423995406004 ], [ -0.166782451947371, 43.653537093982798 ], [ -0.170542547081125, 43.654439246259834 ], [ -0.171702637139808, 43.655781989602147 ], [ -0.173439697952509, 43.658328994760062 ], [ -0.173526816450333, 43.659126454611993 ], [ -0.173113892892387, 43.660467004552352 ], [ -0.173655733547402, 43.660873510489765 ], [ -0.174240743904747, 43.661050588546551 ], [ -0.175672252961513, 43.661435535624527 ], [ -0.176220346030074, 43.66195519714983 ], [ -0.176851081178139, 43.662016987705108 ], [ -0.178228996386488, 43.662365376288903 ], [ -0.180262812610366, 43.663345095580119 ], [ -0.181194004183706, 43.66305723485241 ], [ -0.182324322207004, 43.663716200339017 ], [ -0.183262647834254, 43.663617910088149 ], [ -0.184048427269674, 43.663599606979737 ], [ -0.186161904024862, 43.663968529547851 ], [ -0.185280485891076, 43.663000733925003 ], [ -0.188525210780088, 43.664104055243556 ], [ -0.189207522474934, 43.66412679992478 ], [ -0.189466480696724, 43.664044312849576 ], [ -0.188652094174255, 43.663416716998611 ], [ -0.187141520597112, 43.662424048835121 ], [ -0.187554286154449, 43.662262436406685 ], [ -0.19072082412617, 43.663977249874286 ], [ -0.191409785887939, 43.664150010758348 ], [ -0.192658593275553, 43.663930171229133 ], [ -0.193073543808804, 43.663845827427039 ], [ -0.193710577994754, 43.664020687143633 ], [ -0.19421749040346, 43.664808322666886 ], [ -0.197041259375335, 43.667025603988129 ], [ -0.198564761939052, 43.66710413334777 ], [ -0.199370840175, 43.667541199172582 ], [ -0.1998998290836, 43.667680785115628 ], [ -0.202281439056554, 43.668195099512303 ], [ -0.204028970578007, 43.668574065580387 ], [ -0.203472120128531, 43.669005323177821 ], [ -0.202002713046698, 43.670143273690847 ], [ -0.201584852778272, 43.67019084740398 ], [ -0.199315551885858, 43.669863639838155 ], [ -0.198537678688917, 43.670033851881584 ], [ -0.197786004182903, 43.671992194195035 ], [ -0.197546825536805, 43.672492422509556 ], [ -0.197360102878544, 43.673030092942327 ], [ -0.198675471219077, 43.674331181829409 ], [ -0.200439532235696, 43.673908526329122 ], [ -0.202362951669409, 43.673559444751078 ], [ -0.203087954234455, 43.673314003876449 ], [ -0.204313470644768, 43.674958880251019 ], [ -0.215104295780748, 43.677102594156793 ], [ -0.21577869879362, 43.676972475596529 ], [ -0.216880270397295, 43.67694648977978 ], [ -0.218405796283886, 43.677063370983682 ], [ -0.21921480628858, 43.677614445324437 ], [ -0.22088219354815, 43.677385295694641 ], [ -0.223904202094182, 43.676971191734104 ], [ -0.225871784767496, 43.676392214803663 ], [ -0.227631076344299, 43.675893681186899 ], [ -0.228052391479864, 43.675922368869593 ], [ -0.229691608374946, 43.676225257130305 ], [ -0.23071460503611, 43.676848515943689 ], [ -0.231904675041991, 43.676476730703385 ], [ -0.23288255861591, 43.677253028672894 ], [ -0.233519904945721, 43.677428554248351 ], [ -0.234505206830547, 43.67721449048031 ], [ -0.234358967330555, 43.67858765828835 ], [ -0.23646576906594, 43.67766253107429 ], [ -0.237033934830399, 43.678638295471934 ], [ -0.238019978673131, 43.679565446176476 ], [ -0.238602438233084, 43.679704476463129 ], [ -0.237463269655629, 43.681176819188074 ], [ -0.238104122545303, 43.68142868042316 ], [ -0.238611777413254, 43.683395158846537 ], [ -0.238875905990349, 43.683426646535167 ], [ -0.240360402281115, 43.683809507379621 ], [ -0.242421803960358, 43.684179502790528 ], [ -0.242829877243364, 43.683941344405497 ], [ -0.243800654523953, 43.68452706241407 ], [ -0.245335023444171, 43.684833122619899 ], [ -0.24665033836871, 43.684953727987811 ], [ -0.246919079645778, 43.687383651247877 ], [ -0.247238644917468, 43.687489341420488 ], [ -0.247840106529605, 43.688045170515281 ], [ -0.24950546505443, 43.690061313935956 ], [ -0.250507959400984, 43.691369301470068 ], [ -0.250913846369115, 43.693375954089078 ], [ -0.250888013894754, 43.695127618293434 ], [ -0.252624108890304, 43.697520671281367 ], [ -0.253151791633507, 43.697622268024155 ], [ -0.254930016536808, 43.697503269322716 ], [ -0.259333824151756, 43.6986163952025 ], [ -0.261553058724646, 43.700122654960687 ], [ -0.264612981306586, 43.701686023996146 ], [ -0.268064477662492, 43.702591448158081 ], [ -0.269516974031203, 43.704536007027784 ], [ -0.269603868496163, 43.706436084747963 ], [ -0.271404402585987, 43.707990915470056 ], [ -0.271842133351459, 43.708399479284743 ], [ -0.27199263299073, 43.709385165010715 ], [ -0.272324584027499, 43.709757602837058 ], [ -0.274139738561495, 43.710436950977744 ], [ -0.274798497660517, 43.711068616795558 ], [ -0.276754832859501, 43.71258094017881 ], [ -0.27730260758085, 43.713062377067438 ], [ -0.278172960782674, 43.713764465262656 ], [ -0.279090859722228, 43.714313403623912 ], [ -0.28006949905764, 43.715050636573714 ], [ -0.281315272212797, 43.715934299090556 ], [ -0.283103123551434, 43.717145703176065 ], [ -0.285263502531526, 43.718501857241293 ], [ -0.286081517223971, 43.719167381967473 ], [ -0.286469154557657, 43.71961488200531 ], [ -0.285893655063056, 43.720770141348353 ], [ -0.287722603169682, 43.722895162927365 ], [ -0.287261615744276, 43.724275203004808 ], [ -0.286312968587844, 43.725326183728065 ], [ -0.288676056925946, 43.72762803588347 ], [ -0.288274621786961, 43.72919731268864 ], [ -0.288403237012517, 43.730831093182438 ], [ -0.291717617621447, 43.732158276599357 ], [ -0.293045895972351, 43.732506483950836 ], [ -0.296071506535049, 43.733270331347356 ], [ -0.299599120825294, 43.73466855049552 ], [ -0.302929337765916, 43.736299919026166 ], [ -0.305419704263066, 43.737951677679966 ], [ -0.308131960171789, 43.739864192714194 ], [ -0.310362427681354, 43.741522193911116 ], [ -0.312586478496685, 43.743066085957054 ], [ -0.313521667211524, 43.743995692233341 ], [ -0.314172343836942, 43.744435776821433 ], [ -0.316330764594444, 43.746856337701985 ], [ -0.318322200759924, 43.747873367219604 ], [ -0.320656745036291, 43.748425043876274 ], [ -0.323085488049211, 43.748708131072163 ], [ -0.325790454196871, 43.749326157523512 ], [ -0.328396237299244, 43.750023908065934 ], [ -0.330997795986863, 43.750683026668284 ], [ -0.333223129684318, 43.751122901307951 ], [ -0.335159914325982, 43.752102306976774 ], [ -0.336562628921925, 43.754046452022543 ], [ -0.339343726226117, 43.756222786235455 ], [ -0.341968939640124, 43.757375758417687 ], [ -0.342605742289812, 43.75751291974683 ], [ -0.343612922593533, 43.757715570515629 ], [ -0.344983464172619, 43.757834568158103 ], [ -0.34586438739752, 43.757622085572955 ], [ -0.346730307600427, 43.758170889071209 ], [ -0.348059030968718, 43.758481564160128 ], [ -0.348910620325846, 43.758725797521585 ], [ -0.350664181209093, 43.75917701802716 ], [ -0.351873758140189, 43.759223469109095 ], [ -0.352782362878482, 43.759544509529725 ], [ -0.354756191354533, 43.760217757176093 ], [ -0.354718530559496, 43.760523602500811 ], [ -0.355466650779623, 43.760809031650545 ], [ -0.357377152989323, 43.761217572507938 ], [ -0.358268336809759, 43.761195415320145 ], [ -0.359247061572503, 43.761895124114467 ], [ -0.359897056271816, 43.762334970707187 ], [ -0.361045624195831, 43.762192157416415 ], [ -0.361210277326753, 43.762340964126281 ], [ -0.36174718913997, 43.762593832556931 ], [ -0.362697058403219, 43.76268350823252 ], [ -0.363203940841938, 43.762329093259602 ], [ -0.36438438445573, 43.76283215112764 ], [ -0.364957380691694, 43.763845035926913 ], [ -0.365438681125557, 43.764023719866188 ], [ -0.366199568472927, 43.764575895557492 ], [ -0.367126606457784, 43.764210083237174 ], [ -0.367260560250526, 43.763712045585407 ], [ -0.367514336058295, 43.763515930638114 ], [ -0.369521353303195, 43.765977094186979 ], [ -0.370575458290529, 43.766064999563206 ], [ -0.370789817754032, 43.766136098227463 ], [ -0.371135948668717, 43.766811932698069 ], [ -0.370851257874697, 43.767427972694392 ], [ -0.371757578447682, 43.767748019552911 ], [ -0.371513543068586, 43.768096808245531 ], [ -0.372197684762981, 43.768155265943925 ], [ -0.37297398201071, 43.767907400849381 ], [ -0.373289400574894, 43.767937291993199 ], [ -0.373873775785025, 43.768037809377276 ], [ -0.374665126558608, 43.768132246876036 ], [ -0.375592125247596, 43.767765462874394 ], [ -0.376353462019998, 43.766110304651995 ], [ -0.377276260281332, 43.76563027989031 ], [ -0.377905458511072, 43.764510895336976 ], [ -0.378798528394796, 43.764527199652875 ], [ -0.379310166655398, 43.764248141628038 ], [ -0.37965473246822, 43.763744807858238 ], [ -0.381072107698008, 43.763747951142356 ], [ -0.382299912246972, 43.764173178048566 ], [ -0.382752768441529, 43.76484630012822 ], [ -0.385826098453262, 43.7654545273842 ], [ -0.386876000209713, 43.765428149393799 ], [ -0.387754512695791, 43.765139830672915 ], [ -0.388133448166565, 43.764292911397497 ], [ -0.388583861822452, 43.763824663194377 ], [ -0.389034311084584, 43.763357311651646 ], [ -0.390943331578188, 43.76372753015773 ], [ -0.391360436055046, 43.763678355312685 ], [ -0.391985251799205, 43.763587071779092 ], [ -0.392478812923623, 43.763993791086698 ], [ -0.393313065483729, 43.763896326335605 ], [ -0.393526205638622, 43.76396741116794 ], [ -0.394086362885111, 43.76467556329213 ], [ -0.394501661476509, 43.764588644699629 ], [ -0.395276045533859, 43.76430378736778 ], [ -0.396118825176459, 43.764358094550396 ], [ -0.397491404880826, 43.764513262287657 ], [ -0.398341569829215, 43.764721173621545 ], [ -0.399026938005028, 43.764779430650975 ], [ -0.399023311778509, 43.764703967544627 ], [ -0.399800019318866, 43.764493673893512 ], [ -0.400021707585489, 43.764716539212699 ], [ -0.401335562700843, 43.764759809564346 ], [ -0.402144576030274, 43.765195395448494 ], [ -0.402390092042289, 43.76591325772285 ], [ -0.402730126076088, 43.76537128282213 ], [ -0.403102730262882, 43.764371557114529 ], [ -0.403583157941325, 43.763446457975839 ], [ -0.404699296751285, 43.762657287436127 ], [ -0.405172779077174, 43.76264530974688 ], [ -0.405682453765045, 43.762328396307957 ], [ -0.405749916945013, 43.761564845856036 ], [ -0.405875635352915, 43.760877175092851 ], [ -0.406344805912962, 43.760827523700613 ], [ -0.406665121587811, 43.760933647267365 ], [ -0.407828020485748, 43.762197629259525 ], [ -0.410325227703703, 43.761716111250593 ], [ -0.410721456542552, 43.762315003614631 ], [ -0.412214086445916, 43.762771859389503 ], [ -0.412826566455631, 43.763479492024508 ], [ -0.413323264089372, 43.76399937320933 ], [ -0.415024853050452, 43.764413112654381 ], [ -0.415185962520081, 43.764485476691071 ], [ -0.41565634194064, 43.765538501013033 ], [ -0.415926465040325, 43.765683650937461 ], [ -0.41706820145403, 43.765426183219304 ], [ -0.417233010236823, 43.765574905175257 ], [ -0.41782591315416, 43.765901636194137 ], [ -0.418603807129813, 43.765691176189762 ], [ -0.418714733637568, 43.765803488137834 ], [ -0.419790964461865, 43.766346385329449 ], [ -0.422736568844901, 43.765358468685854 ], [ -0.423799935546196, 43.765635410915095 ], [ -0.423911462279595, 43.765785480278716 ], [ -0.42446341189805, 43.766341684856911 ], [ -0.424988981839924, 43.766328294305886 ], [ -0.425730206653292, 43.766462315122297 ], [ -0.425692879224933, 43.76676728798472 ], [ -0.425911384493712, 43.76748489445955 ], [ -0.426390116139138, 43.767605813166732 ], [ -0.427379156373999, 43.76796107227689 ], [ -0.428328345446654, 43.768032206167796 ], [ -0.42886595494775, 43.767218857846579 ], [ -0.429025507068947, 43.768357118534063 ], [ -0.429660764539626, 43.768455140095675 ], [ -0.430791401470514, 43.767969343898109 ], [ -0.434731749071044, 43.769086552961838 ], [ -0.438434944179251, 43.769638526543197 ], [ -0.439289014849412, 43.76992157966427 ], [ -0.441037787082093, 43.772388128514599 ], [ -0.441849141723911, 43.772862948314753 ], [ -0.442338773874699, 43.773230877456555 ], [ -0.444041452795438, 43.773681927172426 ], [ -0.445314588794154, 43.773953285274303 ], [ -0.445968487265053, 43.775497108000629 ], [ -0.447893788911194, 43.776208633600639 ], [ -0.449033169343669, 43.776941225549365 ], [ -0.448948233197374, 43.777361670150896 ], [ -0.449498692517488, 43.777880020833209 ], [ -0.449798733623584, 43.77756828159697 ], [ -0.450492968724127, 43.776713010261702 ], [ -0.45078243162988, 43.776210848738373 ], [ -0.450606374615304, 43.775834892374831 ], [ -0.44987239907625, 43.774787870180894 ], [ -0.45024059636194, 43.774778404434805 ], [ -0.450535594282186, 43.774389437111203 ], [ -0.450666994979352, 43.773853562143501 ], [ -0.451426231160979, 43.77219787041691 ], [ -0.452333617718407, 43.771413561566014 ], [ -0.452759957162998, 43.770488713277281 ], [ -0.453333812863568, 43.769332496800118 ], [ -0.454741381064979, 43.769106464076721 ], [ -0.456360891579437, 43.768950508280071 ], [ -0.456833175659747, 43.768938336922069 ], [ -0.458037400116408, 43.76886861528785 ], [ -0.460600843002819, 43.7686504742152 ], [ -0.461273296453317, 43.768443325340279 ], [ -0.463755960296225, 43.767693797729052 ], [ -0.465272522866028, 43.767540367260167 ], [ -0.467658831978191, 43.768011148002579 ], [ -0.470894825457636, 43.769754239700546 ], [ -0.471526447867307, 43.769776555174644 ], [ -0.475615741954877, 43.770697752115808 ], [ -0.476717576271445, 43.77280006399819 ], [ -0.477989026853933, 43.773034206258423 ], [ -0.478670217421091, 43.772978736762063 ], [ -0.479997435770798, 43.773286065691032 ], [ -0.481458885271829, 43.77309516467573 ], [ -0.48205792885666, 43.773536534040041 ], [ -0.482828213895359, 43.773174690775086 ], [ -0.483233418957532, 43.772860119195443 ], [ -0.483413420342424, 43.772284254245278 ], [ -0.485322011025044, 43.771549162244746 ], [ -0.486207647741761, 43.771411864333295 ], [ -0.486844909020175, 43.771547281387534 ], [ -0.488330089663901, 43.770785384928409 ], [ -0.488690112725882, 43.77066176437512 ], [ -0.490284403033985, 43.769973453685807 ], [ -0.490441831479546, 43.769969347550266 ], [ -0.490814418097274, 43.770073865201688 ], [ -0.491496195702654, 43.770056077743902 ], [ -0.492399201429078, 43.769195076462481 ], [ -0.493334970805309, 43.769018631579584 ], [ -0.493914487138527, 43.769041277670929 ], [ -0.495103608440194, 43.768668405739604 ], [ -0.498293144746388, 43.769460242496699 ], [ -0.499582520736129, 43.769007341192626 ], [ -0.500171530214165, 43.769220400313486 ], [ -0.501526847737698, 43.768995123076714 ], [ -0.501639182637051, 43.769181976849907 ], [ -0.50258100432578, 43.770147664490658 ], [ -0.503765549130094, 43.769658780055614 ], [ -0.504641651006606, 43.769331783999789 ], [ -0.505577339840711, 43.769154335141415 ], [ -0.507037402837966, 43.768964020884511 ], [ -0.50855125563483, 43.769800411721768 ], [ -0.509160078852761, 43.769366156903267 ], [ -0.510185887387582, 43.768881368468683 ], [ -0.510880990815366, 43.769130262558861 ], [ -0.511215498539276, 43.769539745223398 ], [ -0.513066559888197, 43.768730107487649 ], [ -0.515040680194831, 43.768296792429545 ], [ -0.516366139599948, 43.768566843910833 ], [ -0.517931512684839, 43.768373609563476 ], [ -0.518860813503525, 43.768045095125601 ], [ -0.537375959286536, 43.771742065722137 ], [ -0.538357932023944, 43.771449765150237 ], [ -0.539341088887318, 43.771156524540302 ], [ -0.539628406368081, 43.770578603842267 ], [ -0.539777099149507, 43.769394486433931 ], [ -0.541103426454737, 43.768598284265387 ], [ -0.543418148502884, 43.766633413680651 ], [ -0.544441082170555, 43.766073709391684 ], [ -0.54565676192081, 43.765203032295275 ], [ -0.546929565262379, 43.765436332068113 ], [ -0.548125911536269, 43.76521379593202 ], [ -0.548444603388139, 43.765281771855371 ], [ -0.549081989373615, 43.765417720902391 ], [ -0.550470437252862, 43.76484732549045 ], [ -0.5511444324303, 43.764677349030833 ], [ -0.55236390462999, 43.764911106745998 ], [ -0.55333916966008, 43.76446592667034 ], [ -0.554852293898435, 43.764274446467411 ], [ -0.555122719622522, 43.764418351016403 ], [ -0.555361103905989, 43.763955931440634 ], [ -0.557265467364826, 43.764210034849931 ], [ -0.558197025229532, 43.7639557767843 ], [ -0.558991826837365, 43.764087462762944 ], [ -0.560714292802787, 43.763888507405369 ], [ -0.562154186886929, 43.764306961988623 ], [ -0.564210870235629, 43.764480410435979 ], [ -0.56577986132467, 43.764362841763749 ], [ -0.567210729665201, 43.764627652920886 ], [ -0.570494456485577, 43.764160015623126 ], [ -0.571027725008145, 43.764297730011208 ], [ -0.571908452618728, 43.764045615834164 ], [ -0.572867901811304, 43.76436258313322 ], [ -0.574246103248893, 43.764591835457175 ], [ -0.574799145265715, 43.764120916902215 ], [ -0.586161849623828, 43.763472340277978 ], [ -0.589208474783945, 43.762476200105461 ], [ -0.594577974893697, 43.763739777019268 ], [ -0.597031272268318, 43.76245541538637 ], [ -0.597035206924306, 43.762531769797427 ], [ -0.600310434779488, 43.763926402115722 ], [ -0.602734129456548, 43.764090075447484 ], [ -0.605770958099292, 43.76389342351488 ], [ -0.607026945937944, 43.763820634614554 ], [ -0.607136954124088, 43.763931888742917 ], [ -0.607805872679958, 43.764674732514337 ], [ -0.608530814863579, 43.765492512073287 ], [ -0.609357179284831, 43.766231069350511 ], [ -0.610994964651736, 43.767442307690125 ], [ -0.612755048126831, 43.769982431888295 ], [ -0.610988963765288, 43.771401393781566 ], [ -0.611386654137737, 43.771961793381912 ], [ -0.61234493299652, 43.772201093036635 ], [ -0.614781624866706, 43.771602232709824 ], [ -0.615943615456921, 43.770695318809935 ], [ -0.616039902057915, 43.769512481739618 ], [ -0.616073229917433, 43.769149953520497 ], [ -0.618087358777161, 43.76947647345434 ], [ -0.619128819677283, 43.769333832711169 ], [ -0.619936377866047, 43.768702807913208 ], [ -0.620809069736684, 43.768298486326394 ], [ -0.621590932995387, 43.768200686109708 ], [ -0.623302772987777, 43.767774335684301 ], [ -0.624395477504249, 43.767591562925269 ], [ -0.624973837884478, 43.767614440801651 ], [ -0.62813660004276, 43.767831118129571 ], [ -0.630416940209629, 43.768263471084033 ], [ -0.630829255240445, 43.768101056753238 ], [ -0.631989632593245, 43.767193108898645 ], [ -0.632591747282415, 43.767671371755661 ], [ -0.63339913275151, 43.76704024747513 ], [ -0.634752630112409, 43.766813340006415 ], [ -0.635851283356869, 43.766745430985296 ], [ -0.636589019048125, 43.76680165696547 ], [ -0.639768094427723, 43.766332981163231 ], [ -0.640747933024031, 43.765963333831046 ], [ -0.642867275823501, 43.765334766232421 ], [ -0.643232117525568, 43.765286053946156 ], [ -0.643496893002996, 43.765317454488105 ], [ -0.643979812527678, 43.765532662664256 ], [ -0.644131243846895, 43.765414253312024 ], [ -0.645470779460106, 43.76191318894837 ], [ -0.648406247220178, 43.760805070329234 ], [ -0.648565117251399, 43.759811176763669 ], [ -0.650473216411993, 43.760176891937711 ], [ -0.652329961500271, 43.75951669033887 ], [ -0.652437327550237, 43.759552410003487 ], [ -0.653041514311155, 43.760068283673981 ], [ -0.654895747559172, 43.759408106575229 ], [ -0.655634646278423, 43.759464168487078 ], [ -0.656309455441636, 43.759292606759487 ], [ -0.656469616882855, 43.759364645963196 ], [ -0.657535289706627, 43.75964015797183 ], [ -0.659747493423654, 43.758779296758618 ], [ -0.660469166400262, 43.758531748876329 ], [ -0.660634495255674, 43.758678302971191 ], [ -0.661226780184245, 43.758966871550143 ], [ -0.663442944412669, 43.75917180984289 ], [ -0.664094549849983, 43.759572966116927 ], [ -0.666854205742814, 43.760104620471019 ], [ -0.671647687638636, 43.761380383561601 ], [ -0.672128638743961, 43.761556840831183 ], [ -0.674319068967797, 43.762257940578912 ], [ -0.677028461766832, 43.76286720370522 ], [ -0.67922828422393, 43.763719975297192 ], [ -0.679866676101157, 43.763892018179703 ], [ -0.680237880910292, 43.764947684491609 ], [ -0.681612144399362, 43.764109693872783 ], [ -0.681585950839816, 43.763615655572053 ], [ -0.682449598318654, 43.763096830741354 ], [ -0.683325810677202, 43.762768359138029 ], [ -0.683038107724572, 43.762281608644543 ], [ -0.68385086271828, 43.761763290770119 ], [ -0.684118507095236, 43.760842759451187 ], [ -0.684746433610704, 43.75983571902627 ], [ -0.685616526656643, 43.759393152288212 ], [ -0.686043040970196, 43.758543749979189 ], [ -0.686407038209653, 43.758457131788333 ], [ -0.686836010301193, 43.758635873714191 ], [ -0.687310973749178, 43.758699084318394 ], [ -0.687576496130123, 43.75773992196266 ], [ -0.689163185759347, 43.757961901969622 ], [ -0.691232110246527, 43.758360196304068 ], [ -0.693307182698701, 43.758873426386806 ], [ -0.694048937387762, 43.759005611829856 ], [ -0.69487173313051, 43.758678538248581 ], [ -0.695519439924661, 43.75900225665918 ], [ -0.697131917547107, 43.758728630665878 ], [ -0.697920837762736, 43.758744322837565 ], [ -0.701070633131971, 43.757742992755013 ], [ -0.704889678279456, 43.756494291116425 ], [ -0.706708665177747, 43.756139158021981 ], [ -0.707480032104785, 43.755850313653561 ], [ -0.708335227700253, 43.756131243644958 ], [ -0.709246937991762, 43.755496600268955 ], [ -0.710459870876974, 43.754624084314841 ], [ -0.710581895351736, 43.753936068904657 ], [ -0.711798910461398, 43.753140786880451 ], [ -0.712398656677475, 43.75259135737857 ], [ -0.711949306353091, 43.75203276585831 ], [ -0.712457127837768, 43.751713517212096 ], [ -0.712827103628377, 43.75079002754849 ], [ -0.71630407848011, 43.750997068982258 ], [ -0.71646952904298, 43.751143537113272 ], [ -0.716757461324165, 43.751630194957997 ], [ -0.716524581186342, 43.752170211873732 ], [ -0.718484380210605, 43.75150594857859 ], [ -0.718488428663696, 43.75158139966166 ], [ -0.718825659659929, 43.751991996917752 ], [ -0.719355859754738, 43.752090391638482 ], [ -0.719677492729748, 43.752233349599848 ], [ -0.720324528983092, 43.7525200560531 ], [ -0.721088645949135, 43.753068833344649 ], [ -0.721780374056861, 43.753240022724896 ], [ -0.722988874886657, 43.753282368420273 ], [ -0.72405876290772, 43.753631778161044 ], [ -0.724489975348314, 43.755789409662754 ], [ -0.724143613830692, 43.756179721431373 ], [ -0.724916027941212, 43.756881171971408 ], [ -0.725055047100416, 43.756535398831204 ], [ -0.726078045668626, 43.758941688063054 ], [ -0.726286233721638, 43.758935803589154 ], [ -0.731381336671569, 43.759933253209411 ], [ -0.731630518616941, 43.759697700156138 ], [ -0.732150644693322, 43.759607405265911 ], [ -0.733131801721893, 43.759274650786139 ], [ -0.734103568755397, 43.758791020831737 ], [ -0.735821138363998, 43.758512936357008 ], [ -0.736594523205899, 43.758263406241966 ], [ -0.738154736575747, 43.757990646510038 ], [ -0.740706308147668, 43.757575464792147 ], [ -0.741232567519506, 43.757599200565252 ], [ -0.742214437886132, 43.757304124858003 ], [ -0.743530410472159, 43.757380974090701 ], [ -0.74586862400756, 43.757885729871383 ], [ -0.746543994796443, 43.757752265583711 ], [ -0.748125972332781, 43.757859273698379 ], [ -0.749127647952766, 43.75790721931692 ], [ -0.749704442055007, 43.756939910664869 ], [ -0.750218280614321, 43.75673455756457 ], [ -0.750970068805432, 43.756065423035665 ], [ -0.751954006290989, 43.75580978094284 ], [ -0.752354264927791, 43.75545562181663 ], [ -0.752934551158668, 43.7555146438687 ], [ -0.753711058376836, 43.755301783669879 ], [ -0.755493766019197, 43.756203606226222 ], [ -0.756128205023973, 43.75629974920971 ], [ -0.760291304402658, 43.756561375743402 ], [ -0.763744428142794, 43.757299262846026 ], [ -0.766416515354678, 43.75718588956812 ], [ -0.76679569160761, 43.757402631922353 ], [ -0.767541711169941, 43.757609764035642 ], [ -0.768250191044397, 43.758084252236372 ], [ -0.77356577753053, 43.759264138516606 ], [ -0.774843499769279, 43.759570210846064 ], [ -0.775504191768681, 43.760122494416521 ], [ -0.776747749975578, 43.763207550133565 ], [ -0.778952035431938, 43.763658781439425 ], [ -0.779722298466552, 43.763807561511122 ], [ -0.78042265220998, 43.763654274883862 ], [ -0.78096452865738, 43.763961651438102 ], [ -0.782371439342977, 43.764244131914992 ], [ -0.782591374316785, 43.764905322230952 ], [ -0.783082413193959, 43.76521325278852 ], [ -0.783414922591503, 43.765527544869741 ], [ -0.783713847960654, 43.76525174973186 ], [ -0.783971229826525, 43.765644671476416 ], [ -0.784714472649716, 43.765775303383414 ], [ -0.785284536673567, 43.766120532100409 ], [ -0.78524928990086, 43.764979922940491 ], [ -0.78613073706477, 43.764801590478619 ], [ -0.786471836760709, 43.76572467263162 ], [ -0.786897034625317, 43.766302573019445 ], [ -0.788839765298602, 43.766779140937793 ], [ -0.789397402930304, 43.767372105454093 ], [ -0.789314211058776, 43.767755947560545 ], [ -0.789440016248975, 43.768170646145364 ], [ -0.78951836907275, 43.768625397615168 ], [ -0.790537781011284, 43.769014315256982 ], [ -0.791364362224262, 43.768762854889196 ], [ -0.791705309581626, 43.768258217180652 ], [ -0.792599518258127, 43.769259779682642 ], [ -0.793579248734316, 43.768926511833392 ], [ -0.793600192232374, 43.769307350648646 ], [ -0.79406799023055, 43.768265559585686 ], [ -0.794948624538847, 43.768049394668061 ], [ -0.795849373620095, 43.768176300360629 ], [ -0.796696734726035, 43.768302942997352 ], [ -0.797136874784643, 43.769623472817898 ], [ -0.797532795074828, 43.769193694385834 ], [ -0.798218616482129, 43.769249428016565 ], [ -0.79890651735135, 43.769342881816172 ], [ -0.799668797801838, 43.769817423200415 ], [ -0.79970402553142, 43.76951052799955 ], [ -0.799895915280892, 43.769163113622568 ], [ -0.800528766128254, 43.770172179502666 ], [ -0.801220940339551, 43.77034286408675 ], [ -0.801657841156196, 43.770634290703548 ], [ -0.802445764479297, 43.770650156613556 ], [ -0.803193326539241, 43.770857009496666 ], [ -0.802898229708379, 43.771246104669068 ], [ -0.801737477100592, 43.772078600321237 ], [ -0.803495848973076, 43.772560255179734 ], [ -0.802830939527799, 43.772884494592077 ], [ -0.803418196042365, 43.773020420848518 ], [ -0.804106993214046, 43.773151602345088 ], [ -0.804123795634283, 43.773456093042739 ], [ -0.805062826643587, 43.773352408370755 ], [ -0.805934322766008, 43.772947495104262 ], [ -0.806330568500833, 43.773468592054513 ], [ -0.807283387688709, 43.77359209725514 ], [ -0.808270755149689, 43.77436323314739 ], [ -0.808792839300547, 43.771454838305665 ], [ -0.810946137228638, 43.770479188497141 ], [ -0.812384702393918, 43.770856632165334 ], [ -0.813779582833805, 43.771386467125453 ], [ -0.814841333198679, 43.772535930340965 ], [ -0.814991701442617, 43.773368226547902 ], [ -0.814840315726174, 43.774400921847246 ], [ -0.814657511451726, 43.775852866069073 ], [ -0.814467827619842, 43.776238930814245 ], [ -0.81506226326463, 43.776525727974416 ], [ -0.814802178942138, 43.777523800767497 ], [ -0.814282571822698, 43.77856630337579 ], [ -0.81502063488574, 43.778621315893986 ], [ -0.816159911629623, 43.778320988777878 ], [ -0.81744879362212, 43.778816083553025 ], [ -0.818799129339823, 43.779501000264418 ], [ -0.818161554331657, 43.782222107889893 ], [ -0.822304283169996, 43.783014609330124 ], [ -0.824002718662929, 43.783346555009153 ], [ -0.825386575830547, 43.783648066412482 ], [ -0.825921547212288, 43.783823187320912 ], [ -0.82659440812628, 43.784602449813669 ], [ -0.827342241028651, 43.784809138300012 ], [ -0.827038704557945, 43.785960561830713 ], [ -0.828358791066386, 43.786074071315099 ], [ -0.828913690708998, 43.78662915254597 ], [ -0.830296413891252, 43.786930638223041 ], [ -0.832326188587271, 43.787790776690748 ], [ -0.836522548580259, 43.786995082048321 ], [ -0.837064698322173, 43.787119559102095 ], [ -0.836781944476575, 43.785545330423922 ], [ -0.837343836249439, 43.785178012184467 ], [ -0.83859165909197, 43.784930948994173 ], [ -0.838751723279361, 43.784327985159344 ], [ -0.840231359373189, 43.784741661605871 ], [ -0.841771822162605, 43.785399143472098 ], [ -0.843373207034752, 43.787146112056284 ], [ -0.844653629244672, 43.786615527816807 ], [ -0.845237027129565, 43.78663349296891 ], [ -0.846639694891998, 43.786557226935898 ], [ -0.847192453493656, 43.786049775982598 ], [ -0.847741927151174, 43.78719240868412 ], [ -0.848641027074145, 43.788502002941058 ], [ -0.849369043704425, 43.789394674712035 ], [ -0.850952288809727, 43.790789408235113 ], [ -0.851629280594942, 43.791612494271284 ], [ -0.851081255983401, 43.792226891276584 ], [ -0.850188797368496, 43.792745248827835 ], [ -0.84938590894532, 43.793155704970616 ], [ -0.849598997600845, 43.793501214935461 ], [ -0.850509934761401, 43.794177085454365 ], [ -0.850570064864284, 43.794385841520239 ], [ -0.851427256964205, 43.794079941285062 ], [ -0.851380863637783, 43.794116392742303 ], [ -0.852059812922505, 43.794131513970129 ], [ -0.852667309059029, 43.793691698174563 ], [ -0.852941733616716, 43.79340292685422 ], [ -0.853430456659104, 43.793458722656297 ], [ -0.854731492155416, 43.794158167774114 ], [ -0.855246546576267, 43.794705303428863 ], [ -0.855171500589926, 43.795094373556083 ], [ -0.85550337723969, 43.794944253488993 ], [ -0.857794006322149, 43.794244315758519 ], [ -0.858763246195718, 43.795093839994244 ], [ -0.859480888154899, 43.795775336443022 ], [ -0.85955492906544, 43.796231090490643 ], [ -0.861303380823579, 43.797971698224238 ], [ -0.861818583396306, 43.798519702353239 ], [ -0.862460317195189, 43.798711295979892 ], [ -0.862491884546153, 43.799272666090417 ], [ -0.863054425532887, 43.798939379002704 ], [ -0.863127503045932, 43.798516171083357 ], [ -0.864914562411358, 43.798357256822975 ], [ -0.866574385862293, 43.798519660192014 ], [ -0.867418705652014, 43.798845590736526 ], [ -0.867942770434622, 43.798689752592921 ], [ -0.869219176152109, 43.798968710415309 ], [ -0.869688169880165, 43.798673241326419 ], [ -0.870525345510506, 43.798894096312388 ], [ -0.872127802732835, 43.798038767612972 ], [ -0.872154378079213, 43.797651116099374 ], [ -0.871586825656433, 43.797035431905229 ], [ -0.87141280736547, 43.79654845306721 ], [ -0.870902265647696, 43.796106517936586 ], [ -0.872114519712407, 43.795226744265769 ], [ -0.873025893449927, 43.795024329753296 ], [ -0.874985226944975, 43.794509268556872 ], [ -0.877192739187795, 43.794056990268913 ], [ -0.87814129522531, 43.793677990842141 ], [ -0.879966613869574, 43.793342250068882 ], [ -0.880270657227397, 43.793579743422285 ], [ -0.884702884780775, 43.798158923973055 ], [ -0.884337862821771, 43.799433836002542 ], [ -0.88345555866953, 43.800128513596 ], [ -0.883649570624497, 43.800966664075219 ], [ -0.88361712332657, 43.801249231809834 ], [ -0.883347524721919, 43.801643206664714 ], [ -0.882733997091327, 43.802786041324111 ], [ -0.8822570579104, 43.802940552533521 ], [ -0.882278962926332, 43.803327670514918 ], [ -0.882096162126508, 43.803543625252111 ], [ -0.88287047389263, 43.803485550474484 ], [ -0.883334228328088, 43.803119999828283 ], [ -0.884691577145215, 43.802236670996429 ], [ -0.88615349364567, 43.801489669346886 ], [ -0.887619342449038, 43.800812706560038 ], [ -0.888390290368105, 43.799841500500939 ], [ -0.889596394223568, 43.798856442140504 ], [ -0.889755957346782, 43.798253397204086 ], [ -0.89054149030516, 43.797562446188302 ], [ -0.890434839310302, 43.797390180066898 ], [ -0.892214971620959, 43.795403739457726 ], [ -0.892201004882649, 43.79515763925896 ], [ -0.888436849310197, 43.791263348774066 ], [ -0.887959831732281, 43.790537993433972 ], [ -0.888270501822877, 43.790037522395188 ], [ -0.887888315667128, 43.789276058278652 ], [ -0.888610749305896, 43.78918259299536 ], [ -0.890217381277862, 43.788432126217813 ], [ -0.889633950868558, 43.788414402932453 ], [ -0.888610007182796, 43.787460612663892 ], [ -0.889149479947786, 43.785826924211484 ], [ -0.890560633535067, 43.785047180091681 ], [ -0.890410378402053, 43.784981477599416 ], [ -0.889541503943013, 43.784199421817945 ], [ -0.890330818445599, 43.783578536468021 ], [ -0.890155883423841, 43.783055628704581 ], [ -0.890336601513552, 43.782804634952676 ], [ -0.89076446114127, 43.782685734090755 ], [ -0.891799983343243, 43.782093494287373 ], [ -0.891339744554919, 43.781685248525172 ], [ -0.891162870198636, 43.781128212735979 ], [ -0.89196603557181, 43.78075251644664 ], [ -0.891558123981616, 43.780412889028653 ], [ -0.891889768172254, 43.780261761086237 ], [ -0.894606123168378, 43.776842991289847 ], [ -0.895882396436805, 43.775398730542122 ], [ -0.896759710485159, 43.775477824554784 ], [ -0.897234338950633, 43.775287326200193 ], [ -0.899946072629601, 43.773892843281303 ], [ -0.900637714362994, 43.773807409521517 ], [ -0.901593112219539, 43.773338922721479 ], [ -0.902904711151096, 43.773501255986488 ], [ -0.902996592649277, 43.773392346759543 ], [ -0.903563970970671, 43.773130671336382 ], [ -0.904107645264221, 43.773324942390822 ], [ -0.904867507711324, 43.773020617131301 ], [ -0.905444799176052, 43.772933174119963 ], [ -0.905855440596815, 43.773341942542288 ], [ -0.906723185996973, 43.773819802869234 ], [ -0.907127200495182, 43.774395207702156 ], [ -0.907128667773413, 43.77466057164407 ], [ -0.907582795499801, 43.775113017691567 ], [ -0.908431342700331, 43.775972009323112 ], [ -0.908798942787975, 43.776409048118474 ], [ -0.907956385326446, 43.777005576494361 ], [ -0.907825744084909, 43.777175030066665 ], [ -0.90730425783929, 43.777436254122556 ], [ -0.906258427350078, 43.777865212239178 ], [ -0.906143394506719, 43.778395871892975 ], [ -0.907223412054943, 43.778610070020576 ], [ -0.907724800198873, 43.77891085496632 ], [ -0.907996119643098, 43.778551854093195 ], [ -0.90924672507121, 43.778012382758597 ], [ -0.910367810854411, 43.778445744246028 ], [ -0.911090617893926, 43.779232012626686 ], [ -0.911838273075443, 43.779561388065396 ], [ -0.912559114613421, 43.780312619160981 ], [ -0.913751660760817, 43.781647999946088 ], [ -0.914140413699203, 43.781671430117918 ], [ -0.914861841393389, 43.782388442714307 ], [ -0.914926197917005, 43.782667217549211 ], [ -0.915270668196193, 43.782763048276536 ], [ -0.916302592286666, 43.782133787335773 ], [ -0.917982307975168, 43.781889032023876 ], [ -0.918511603900086, 43.782415656353471 ], [ -0.91973780271703, 43.782838572929585 ], [ -0.920176150728037, 43.782860491914349 ], [ -0.921083196406956, 43.782588517656436 ], [ -0.921653252026152, 43.782395042851356 ], [ -0.921992902627965, 43.78238483280429 ], [ -0.92312951079985, 43.781893610442097 ], [ -0.923337066209396, 43.78128996776487 ], [ -0.923745249078816, 43.780785555162971 ], [ -0.923622423409251, 43.780332202299078 ], [ -0.923654711753742, 43.780050524995517 ], [ -0.922874829813143, 43.779159886334597 ], [ -0.92290506347354, 43.778842283453187 ], [ -0.923586457735563, 43.77801386150054 ], [ -0.924245111794133, 43.777677354219463 ], [ -0.925153960144817, 43.777438578457307 ], [ -0.925002917170252, 43.777337859133468 ], [ -0.924482096075919, 43.776721043283246 ], [ -0.924641227799584, 43.776117956616972 ], [ -0.924769418440342, 43.775798305708086 ], [ -0.924797683902769, 43.775446573444938 ], [ -0.926115432796891, 43.77473933729172 ], [ -0.925908742703508, 43.7745341305775 ], [ -0.925395916484077, 43.774056533037324 ], [ -0.925187798233351, 43.77378299130951 ], [ -0.925563772959334, 43.773086107260269 ], [ -0.925701430205206, 43.772606924576806 ], [ -0.925871867661794, 43.772179837039879 ], [ -0.926206201081279, 43.772099595860389 ], [ -0.926737892342065, 43.772083587384408 ], [ -0.926813658501979, 43.771694436988895 ], [ -0.927471502466549, 43.771323744839414 ], [ -0.92771515102834, 43.770506680734911 ], [ -0.928595984068928, 43.770279513661556 ], [ -0.929329551020444, 43.769930820038027 ], [ -0.930820785711745, 43.769675340957519 ], [ -0.932082715974606, 43.769707462728782 ], [ -0.932120939704932, 43.769529969349385 ], [ -0.932439311638234, 43.769128998232922 ], [ -0.932737730858153, 43.769029126617411 ], [ -0.933034463284927, 43.76855413172855 ], [ -0.933572696721382, 43.768047556930696 ], [ -0.933885516635679, 43.76789596476624 ], [ -0.93390509643698, 43.767610170234072 ], [ -0.933806539108819, 43.76714800192574 ], [ -0.933798810702481, 43.766667797821569 ], [ -0.933544257720748, 43.766428963240493 ], [ -0.933524082468777, 43.766077791382024 ], [ -0.933182519024722, 43.76605301003999 ], [ -0.932687969319496, 43.765893390586008 ], [ -0.933146249277762, 43.765421619315369 ], [ -0.933305360898561, 43.764820321103336 ], [ -0.933782826641543, 43.764574690984311 ], [ -0.934875654424993, 43.764279892949986 ], [ -0.935219995441668, 43.764374760928639 ], [ -0.935734728402381, 43.764043425418571 ], [ -0.935913894509659, 43.763791498487038 ], [ -0.936042768788542, 43.763506901767087 ], [ -0.937277548878178, 43.763047645874728 ], [ -0.938585567098211, 43.762437712205561 ], [ -0.938914176979671, 43.761978831646928 ], [ -0.93961483363873, 43.761535692594116 ], [ -0.939360330892952, 43.761297770678262 ], [ -0.938954291644196, 43.760993353418115 ], [ -0.938586505943801, 43.760512338329242 ], [ -0.938310570378556, 43.759923282213826 ], [ -0.937487678814341, 43.759104238813933 ], [ -0.936860119398777, 43.758314377214717 ], [ -0.935940677667245, 43.757499140972662 ], [ -0.935717133259164, 43.756978674190272 ], [ -0.935194317633528, 43.756325993589321 ], [ -0.934889005191954, 43.756088697947305 ], [ -0.934264818049985, 43.755334710835484 ], [ -0.933726009908424, 43.755245712138851 ], [ -0.933340147303239, 43.754448539446557 ], [ -0.932800576476003, 43.754324471739174 ], [ -0.932485228275995, 43.753912034288568 ], [ -0.932713987208901, 43.753659517241587 ], [ -0.932509361103976, 43.753489353281559 ], [ -0.93210748772439, 43.753255864353939 ], [ -0.931534469602449, 43.752570496732424 ], [ -0.930560796931498, 43.75165069653621 ], [ -0.93084792416344, 43.751571861978704 ], [ -0.931918146571367, 43.750800938584113 ], [ -0.932671526227661, 43.750391342480953 ], [ -0.932464952412237, 43.750187049983907 ], [ -0.93215891217564, 43.749914683343555 ], [ -0.931745001362875, 43.749471031816277 ], [ -0.931181254187866, 43.748924836563511 ], [ -0.931173212979929, 43.748784728658009 ], [ -0.93078343855124, 43.748761397444788 ], [ -0.931387365359099, 43.748321230161771 ], [ -0.931416763638118, 43.747968567633229 ], [ -0.932292932919109, 43.747169306173902 ], [ -0.933163828386788, 43.747143023384041 ], [ -0.932910189335691, 43.746940153085482 ], [ -0.932602153308478, 43.746632761447906 ], [ -0.931880955085886, 43.745915885285001 ], [ -0.930800715903404, 43.744823872698831 ], [ -0.930334469895264, 43.74431072276235 ], [ -0.930149240913463, 43.743612760020483 ], [ -0.92959040713032, 43.74317257484428 ], [ -0.929171725948425, 43.742622899637539 ], [ -0.928568616201695, 43.742254219679062 ], [ -0.925902582447391, 43.742264374582831 ], [ -0.926462233981042, 43.741896643747786 ], [ -0.926442111054539, 43.741545476793938 ], [ -0.927048472321904, 43.741105261353212 ], [ -0.929461612872599, 43.740083368984379 ], [ -0.931425815993326, 43.739672352023881 ], [ -0.932809112935654, 43.739279733927042 ], [ -0.933851404165149, 43.738826319949176 ], [ -0.933952814811825, 43.73892852018183 ], [ -0.934527704265884, 43.738805897865042 ], [ -0.937356418975618, 43.737419499025464 ], [ -0.937528729286741, 43.737028328701193 ], [ -0.938021079619964, 43.737153794315034 ], [ -0.938653227029335, 43.738048754238633 ], [ -0.93896833046596, 43.737616376442162 ], [ -0.938749641415181, 43.737201040464655 ], [ -0.93863691427633, 43.736923749617389 ], [ -0.938329728819365, 43.73665233858565 ], [ -0.937972638759342, 43.736311361078435 ], [ -0.938049107787117, 43.735958174974314 ], [ -0.937840501435267, 43.735717970226823 ], [ -0.936191480299722, 43.734010744349476 ], [ -0.935203447577737, 43.732880016083662 ], [ -0.93666214831346, 43.732097307470319 ], [ -0.938642045093593, 43.731123381318433 ], [ -0.938959176425433, 43.730726930216093 ], [ -0.939709814905432, 43.7303182642029 ], [ -0.940809026070263, 43.730038494248909 ], [ -0.941171181283167, 43.729605586488383 ], [ -0.942574332909796, 43.729563109609053 ], [ -0.942955913436527, 43.729446293045733 ], [ -0.94279891591667, 43.729240523215637 ], [ -0.942236040876953, 43.728729457224659 ], [ -0.941728812183786, 43.728322865836361 ], [ -0.941542308931681, 43.727625866281294 ], [ -0.941031892706323, 43.727185181321211 ], [ -0.940230823738068, 43.726716402952242 ], [ -0.939662055816137, 43.726102042060603 ], [ -0.939246141770041, 43.7256216044048 ], [ -0.938890667053811, 43.725350760038005 ], [ -0.938401579106483, 43.72441730001578 ], [ -0.938085580478116, 43.723969824153336 ], [ -0.937615282842221, 43.722542775738361 ], [ -0.937941202880379, 43.722321498432258 ], [ -0.938474903138877, 43.722305358106262 ], [ -0.938803659934403, 43.722155066122411 ], [ -0.938767355860444, 43.721523697374202 ], [ -0.939241446334653, 43.72133392078095 ], [ -0.939215157526873, 43.720876785013104 ], [ -0.938646407174017, 43.720261523308196 ], [ -0.939628862473012, 43.720478311098923 ], [ -0.942582641731278, 43.719580097656753 ], [ -0.942429705081035, 43.71944438080277 ], [ -0.942657043446444, 43.719191886605373 ], [ -0.94203595114681, 43.718508053928566 ], [ -0.942019772309898, 43.718226947846162 ], [ -0.942330708539083, 43.717724514564708 ], [ -0.942945798165661, 43.718304165321605 ], [ -0.943741686288713, 43.717823024945559 ], [ -0.944143409265674, 43.71805736283445 ], [ -0.943767958267346, 43.718279260491059 ], [ -0.944121343152129, 43.718514163394644 ], [ -0.944540589997268, 43.718255850266388 ], [ -0.944552694641363, 43.71846600596902 ], [ -0.945642852911328, 43.718011920275266 ], [ -0.945540415779499, 43.718752754277304 ], [ -0.945731557011407, 43.718711873138268 ], [ -0.946875547323861, 43.718395591784159 ], [ -0.947840607769818, 43.718332135095764 ], [ -0.949349323631973, 43.718425809136747 ], [ -0.950257122234386, 43.718186833297359 ], [ -0.951260356774585, 43.717946751119257 ], [ -0.952810103282375, 43.717934768884511 ], [ -0.954406114583065, 43.717886271033692 ], [ -0.956055699141564, 43.717906295042688 ], [ -0.956429023219605, 43.717648431068852 ], [ -0.957018664069271, 43.717806832821147 ], [ -0.958509986847749, 43.71762110941993 ], [ -0.958969691341427, 43.717184271237912 ], [ -0.960501639330381, 43.717700829798694 ], [ -0.960893240998575, 43.717759079274195 ], [ -0.961753534005318, 43.717557439255167 ], [ -0.962444218535174, 43.717746921549612 ], [ -0.962947391358426, 43.718082463538082 ], [ -0.963808199574454, 43.718724689387599 ], [ -0.965772757978541, 43.71919200235547 ], [ -0.965884099784625, 43.720278118973773 ], [ -0.966532685382889, 43.720575023316954 ], [ -0.966009713042431, 43.721610313842781 ], [ -0.966073510588745, 43.721854880720613 ], [ -0.966617587752109, 43.721204909144262 ], [ -0.967015313784199, 43.721368213486222 ], [ -0.966813398719434, 43.722078824343477 ], [ -0.96639575810433, 43.722406453094749 ], [ -0.966974473823938, 43.722353711474405 ], [ -0.967414458555557, 43.722411362350826 ], [ -0.967044370582684, 43.722703354837705 ], [ -0.966596818329267, 43.723349484926764 ], [ -0.966320089784092, 43.723604439002216 ], [ -0.96672600882872, 43.723908745522976 ], [ -0.967032074576628, 43.724181009415894 ], [ -0.968058302493129, 43.723481231591236 ], [ -0.968370469118197, 43.723858568571011 ], [ -0.968589270670376, 43.724272942627472 ], [ -0.969047023114882, 43.723802830116561 ], [ -0.96937362291095, 43.723616521519162 ], [ -0.96895331367566, 43.722188059582528 ], [ -0.969124917283147, 43.721831944590576 ], [ -0.970243959152941, 43.724398763594863 ], [ -0.970547163223101, 43.72460003048807 ], [ -0.971595231304036, 43.725131220826505 ], [ -0.972205338497477, 43.725639797070656 ], [ -0.972621478252724, 43.726119210109417 ], [ -0.972664265274194, 43.72685564650061 ], [ -0.972230243321882, 43.727712816032195 ], [ -0.972412662567009, 43.728375710856604 ], [ -0.972667545785954, 43.728577550039219 ], [ -0.971518766802217, 43.729667083256039 ], [ -0.970057778401554, 43.730380170138751 ], [ -0.969211656707402, 43.730828854808557 ], [ -0.968624674166772, 43.730740607328045 ], [ -0.968882433901534, 43.731013443301137 ], [ -0.970871745291544, 43.732710703338839 ], [ -0.970705655472296, 43.734016728970516 ], [ -0.970856612220652, 43.734116483391361 ], [ -0.970874971984914, 43.734432614279086 ], [ -0.970351156009437, 43.735432872504745 ], [ -0.969121359270335, 43.735963445749135 ], [ -0.969183895537532, 43.736207153056732 ], [ -0.969093439063153, 43.736316077587638 ], [ -0.969426654262269, 43.736199743420705 ], [ -0.969901559778017, 43.736044894418903 ], [ -0.970562727851161, 43.735743104248193 ], [ -0.971283875005806, 43.73480789380767 ], [ -0.971925859378864, 43.734154901076593 ], [ -0.971229824002108, 43.736355217107082 ], [ -0.971650317757441, 43.736096757917259 ], [ -0.972376114248932, 43.736074586487554 ], [ -0.972802508882486, 43.73672913196296 ], [ -0.972895843564017, 43.736691192025184 ], [ -0.974355647999897, 43.736787829154949 ], [ -0.974397790862526, 43.736680376842564 ], [ -0.974279170832513, 43.736262045965312 ], [ -0.976451781521499, 43.735281519794469 ], [ -0.976576313470366, 43.734926829257013 ], [ -0.976684437249383, 43.734290136395664 ], [ -0.977521133272765, 43.734511053591959 ], [ -0.978788866212806, 43.734612606803395 ], [ -0.979301786219501, 43.734280211509137 ], [ -0.977337384951749, 43.731353351312869 ], [ -0.978339832355627, 43.731076156383665 ], [ -0.979391370052237, 43.730832536931153 ], [ -0.980848193501907, 43.73085899705292 ], [ -0.980502538273953, 43.728268570732531 ], [ -0.981069006743322, 43.72800470236627 ], [ -0.981677644741425, 43.727634274745455 ], [ -0.982159017238809, 43.72674052394963 ], [ -0.983409014304392, 43.726561856819657 ], [ -0.984291055531874, 43.725902327369099 ], [ -0.984142491332623, 43.724183972470719 ], [ -0.985356389134141, 43.724216916309594 ], [ -0.986673058241348, 43.724352856439658 ], [ -0.98835436837929, 43.724933730097646 ], [ -0.989735718814583, 43.725348352665414 ], [ -0.990849508951465, 43.727001065066858 ], [ -0.991999505425173, 43.729250956767515 ], [ -0.992032310004172, 43.729812260392436 ], [ -0.992671712126078, 43.729968946968327 ], [ -0.993440480711988, 43.730683065101445 ], [ -0.994515505785003, 43.731669365898043 ], [ -0.995471373172466, 43.73227245185204 ], [ -0.996092497837825, 43.732921819588228 ], [ -0.996708245533278, 43.733500273383953 ], [ -0.996524052502461, 43.733681384450492 ], [ -0.9969567128973, 43.733632979783181 ], [ -0.997572697872692, 43.733367499313943 ], [ -0.997393749518352, 43.732811592861303 ], [ -0.998585223338746, 43.732458212075642 ], [ -0.99876401230864, 43.732206187148805 ], [ -0.998204000817248, 43.731732194153849 ], [ -0.998235840465106, 43.731449606571296 ], [ -0.997465985426377, 43.72989163266196 ], [ -0.995798848123109, 43.727903323557548 ], [ -0.995155244105378, 43.726868679055329 ], [ -0.99562099470468, 43.726538554268146 ], [ -0.996383843550316, 43.726303648775726 ], [ -0.996319152337418, 43.726024933758126 ], [ -0.993425836036305, 43.722984799940662 ], [ -1.000663867017051, 43.728210557400466 ], [ -1.001024741810927, 43.727742387045126 ], [ -1.001377235498074, 43.727978041037403 ], [ -1.001690674299014, 43.727547318551267 ], [ -1.002825449005632, 43.727054382797526 ], [ -1.004007610256864, 43.727369705820891 ], [ -1.002994942502149, 43.725819262849754 ], [ -1.004337280800747, 43.725566427534758 ], [ -1.006239141946017, 43.727407009747097 ], [ -1.006954481006171, 43.727208583750567 ], [ -1.007933202036433, 43.727354703286331 ], [ -1.009188065788652, 43.727280851958902 ], [ -1.010290173420015, 43.727035364762401 ], [ -1.012086569269328, 43.727120184397208 ], [ -1.012771410618649, 43.7272051705447 ], [ -1.013550262330803, 43.727285444735365 ], [ -1.013508147400639, 43.727392013447023 ], [ -1.013915604777586, 43.728540031873564 ], [ -1.014644587742906, 43.728552564137111 ], [ -1.014935188588244, 43.728578659587768 ], [ -1.015538711890648, 43.728946855164651 ], [ -1.015368252691191, 43.729339006745398 ], [ -1.015822718752215, 43.72964073761176 ], [ -1.016496053783328, 43.730393643474038 ], [ -1.016609561394796, 43.73063575029947 ], [ -1.017082282723014, 43.730446568412205 ], [ -1.017347213103326, 43.73001549937095 ], [ -1.018383384350708, 43.730335191823784 ], [ -1.019211103456714, 43.730380623823855 ], [ -1.0195297340257, 43.730018962238958 ], [ -1.019998206266678, 43.72975792191145 ], [ -1.023807966527117, 43.727776465365551 ], [ -1.025545632241046, 43.726844409516254 ], [ -1.026270460154901, 43.726786814285845 ], [ -1.026879621308836, 43.726451196280529 ], [ -1.027214782375626, 43.726370608005922 ], [ -1.027474871403869, 43.726678328294867 ], [ -1.028025969698023, 43.726977006802514 ], [ -1.028243851306763, 43.726549170391515 ], [ -1.029299867224889, 43.725567153007475 ], [ -1.029505261513183, 43.724928269296903 ], [ -1.029739224600919, 43.724814830023853 ], [ -1.029802689346347, 43.724251435405876 ], [ -1.030106673925293, 43.723643674915287 ], [ -1.030892785362112, 43.722986732060598 ], [ -1.031176043484636, 43.722028724927874 ], [ -1.031898926796734, 43.721163208129582 ], [ -1.032271928963606, 43.720905082366642 ], [ -1.032807256002566, 43.720958603267185 ], [ -1.034409176745275, 43.720170078538487 ], [ -1.037038126246165, 43.718753023992974 ], [ -1.037697901603188, 43.718415765457749 ], [ -1.038389738797026, 43.718640724551264 ], [ -1.039354647645492, 43.718575554823914 ], [ -1.039752510288775, 43.71873769376942 ], [ -1.039976100416419, 43.718450010182096 ], [ -1.041304335597549, 43.7187594700817 ], [ -1.04150460826612, 43.718894477388886 ], [ -1.042332126383455, 43.718938834380033 ], [ -1.042992712369253, 43.718636606309232 ], [ -1.043546379429918, 43.718163166861402 ], [ -1.043982198696251, 43.718149560462763 ], [ -1.044484142909981, 43.717640842502334 ], [ -1.046258152661433, 43.716495872834571 ], [ -1.046518744256058, 43.7159964850783 ], [ -1.047041899096319, 43.715803792324181 ], [ -1.047027283598871, 43.715557726667747 ], [ -1.046007913261892, 43.714746545126062 ], [ -1.046611322480423, 43.713461791395495 ], [ -1.049096896378402, 43.712084001410837 ], [ -1.04914096157472, 43.712011545837164 ], [ -1.049580949336666, 43.712068862647897 ], [ -1.050384232089416, 43.711727934863688 ], [ -1.051281032602364, 43.711312097179871 ], [ -1.052077991408831, 43.710865187763744 ], [ -1.052574840082287, 43.710252223215193 ], [ -1.053604834720339, 43.70965765070892 ], [ -1.054228916963165, 43.708723993744925 ], [ -1.055648205258301, 43.70896114076362 ], [ -1.05705284828941, 43.708952206122163 ], [ -1.058223261174853, 43.709091854411994 ], [ -1.059648785176826, 43.70943312174775 ], [ -1.060868677733703, 43.709570290026974 ], [ -1.063117507050901, 43.709886571679831 ], [ -1.064453700060259, 43.710371839140684 ], [ -1.065854246738602, 43.710293641479709 ], [ -1.066885238699563, 43.710506858281654 ], [ -1.068744567546005, 43.710800180712766 ], [ -1.0698688074629, 43.710975347396989 ], [ -1.070889352774859, 43.711013409272262 ], [ -1.071883484630467, 43.711439175459937 ], [ -1.072762152445833, 43.711551865455995 ], [ -1.073141248992107, 43.711399568917429 ], [ -1.074016963180003, 43.711442163078885 ], [ -1.074994293336811, 43.711586816245649 ], [ -1.075931793406099, 43.711873973654399 ], [ -1.076343270139061, 43.712282975600871 ], [ -1.076585912849618, 43.712275326113122 ], [ -1.077521231658747, 43.71171859291028 ], [ -1.078611008139634, 43.711297336658582 ], [ -1.079464561580952, 43.711797648894994 ], [ -1.079550621795298, 43.711619485923933 ], [ -1.080370523952037, 43.71155852162002 ], [ -1.081256805758606, 43.711777071292197 ], [ -1.081416302047079, 43.712016762767256 ], [ -1.081724089269716, 43.712288661004138 ], [ -1.082368608649238, 43.712549924978234 ], [ -1.0827204802814, 43.71275024938376 ], [ -1.083337568980158, 43.712554410270407 ], [ -1.08582048350585, 43.711105654445142 ], [ -1.086618035131693, 43.710693553281011 ], [ -1.086260221500183, 43.710353071351072 ], [ -1.085648023294956, 43.709845182544136 ], [ -1.085279330668522, 43.709364683701516 ], [ -1.085047064150826, 43.708739513989464 ], [ -1.08503023700523, 43.708459329765461 ], [ -1.085628655717577, 43.707912271792054 ], [ -1.086415643071458, 43.707325058154346 ], [ -1.087167337097452, 43.706914402319143 ], [ -1.088301015583969, 43.706421477369446 ], [ -1.089303406359115, 43.706179221587178 ], [ -1.090053826660302, 43.705768585245849 ], [ -1.090720381340899, 43.705572035779113 ], [ -1.09104684745243, 43.705350261998291 ], [ -1.091174815177195, 43.705065493586311 ], [ -1.092016670693402, 43.704546679057977 ], [ -1.092406765217466, 43.703795642856981 ], [ -1.091561646827825, 43.703435526592692 ], [ -1.092844251935847, 43.703008014349422 ], [ -1.093158970578426, 43.702612058234607 ], [ -1.093965741841571, 43.701532007570123 ], [ -1.093806114003993, 43.701290540385948 ], [ -1.093136372438912, 43.700609074576874 ], [ -1.092334114171026, 43.70017742957797 ], [ -1.090967375618064, 43.70000928154554 ], [ -1.090893825377461, 43.69959053783073 ], [ -1.090246069476665, 43.699294343559302 ], [ -1.08943450659234, 43.698686626935881 ], [ -1.088813984045354, 43.698038669693098 ], [ -1.088196818159803, 43.697425692722106 ], [ -1.08780282048728, 43.696523138900723 ], [ -1.088215309878658, 43.696124105589476 ], [ -1.088419513915704, 43.695519327158429 ], [ -1.088110104859227, 43.695178225749494 ], [ -1.08807847941689, 43.69465198850321 ], [ -1.088101488015434, 43.694230190012959 ], [ -1.087814565801674, 43.693499696682281 ], [ -1.087642413889667, 43.693048984411583 ], [ -1.087709426229254, 43.692554716302709 ], [ -1.087294614668348, 43.692109882049657 ], [ -1.087863679398914, 43.691882242195625 ], [ -1.088308318989799, 43.691234768183293 ], [ -1.088850764464604, 43.690585096370249 ], [ -1.089504459082459, 43.690177523689911 ], [ -1.090395293989703, 43.68969315921548 ], [ -1.09155177574099, 43.689585453215699 ], [ -1.092253700572083, 43.689176335445204 ], [ -1.093479287901759, 43.688610259779793 ], [ -1.094662970656932, 43.688151665606199 ], [ -1.094996519282243, 43.688070011245642 ], [ -1.095778406743443, 43.688186471254063 ], [ -1.096748191673969, 43.688190797290005 ], [ -1.09809561398026, 43.688042772695859 ], [ -1.09930241884206, 43.687968474595721 ], [ -1.100386119162315, 43.687477001606126 ], [ -1.100748083891094, 43.687044433785019 ], [ -1.101231910546564, 43.687029064559631 ], [ -1.101509608837735, 43.686843896149391 ], [ -1.101982868616795, 43.686653412859819 ], [ -1.103061363154229, 43.686055909909506 ], [ -1.104422213904025, 43.685309960191077 ], [ -1.104940356315696, 43.685082946970482 ], [ -1.10621610193976, 43.684550216160687 ], [ -1.106482315338163, 43.68415486405781 ], [ -1.107292396221916, 43.683917650032889 ], [ -1.108111870512179, 43.68385647705837 ], [ -1.108712914982504, 43.683381180786384 ], [ -1.109515385838402, 43.683038923944807 ], [ -1.110312730507341, 43.682591556238876 ], [ -1.110889725289856, 43.682538985147637 ], [ -1.111096995999332, 43.681969152491469 ], [ -1.113052762705867, 43.681449758372523 ], [ -1.114395742629117, 43.68123148818669 ], [ -1.11563455027011, 43.680910356786519 ], [ -1.116541992109002, 43.680705954260077 ], [ -1.117264019292143, 43.680612730789868 ], [ -1.119585998111541, 43.680573677771406 ], [ -1.119816589852692, 43.680389965054054 ], [ -1.120241482326497, 43.680200944259461 ], [ -1.11965839075251, 43.679375625133638 ], [ -1.11984078009057, 43.679194351808249 ], [ -1.120485450441032, 43.679420281993885 ], [ -1.121554604276097, 43.679491385192698 ], [ -1.121560978500433, 43.67959644988133 ], [ -1.122107918465214, 43.679825494273061 ], [ -1.122721502039445, 43.679559352995341 ], [ -1.123953847891073, 43.679133062236652 ], [ -1.124938423134964, 43.679383184373712 ], [ -1.126171386500491, 43.680538577707196 ], [ -1.126538999940679, 43.681018966698126 ], [ -1.126889540305372, 43.68121828458321 ], [ -1.127117201109475, 43.680966269611872 ], [ -1.126355886577434, 43.68039231474652 ], [ -1.12638067956639, 43.680004636127507 ], [ -1.12614293678036, 43.67927446418355 ], [ -1.126449965125547, 43.678737394953231 ], [ -1.126934550615295, 43.678756074061788 ], [ -1.126640044113647, 43.677887362750262 ], [ -1.128142666760992, 43.677136565415964 ], [ -1.127975630804003, 43.676754129914556 ], [ -1.128342522075453, 43.676427475005013 ], [ -1.128251534422268, 43.675725899398984 ], [ -1.129682354517229, 43.675365162972518 ], [ -1.130102862618951, 43.675105163635571 ], [ -1.131066842568048, 43.675812052045053 ], [ -1.132015948738939, 43.675500012448623 ], [ -1.13209709296571, 43.676833514598165 ], [ -1.131999282343791, 43.67760952155551 ], [ -1.132775601582499, 43.677655710601357 ], [ -1.133375027472202, 43.677952295215469 ], [ -1.134546227822478, 43.678091076087256 ], [ -1.133555237834773, 43.678509749859693 ], [ -1.133365206521668, 43.678585123962137 ], [ -1.133092810027785, 43.678875476526684 ], [ -1.133055272407631, 43.679053028395053 ], [ -1.131972907565074, 43.679579886172583 ], [ -1.131843069612431, 43.679829675997809 ], [ -1.131266176195968, 43.679883256602672 ], [ -1.130834128367646, 43.679159320396742 ], [ -1.13028289960769, 43.678860277443462 ], [ -1.130186397167593, 43.678863369469923 ], [ -1.128016398190561, 43.679811014979599 ], [ -1.128530963546378, 43.680322681211422 ], [ -1.128810606628045, 43.680946238733263 ], [ -1.128878023237327, 43.681259886480113 ], [ -1.127567080197503, 43.682004556787355 ], [ -1.12695774924666, 43.682340769060943 ], [ -1.12701244264903, 43.682445187070897 ], [ -1.12785095683765, 43.683472833615973 ], [ -1.127654570133118, 43.683444031336634 ], [ -1.128588385259099, 43.684468622764207 ], [ -1.128312860937105, 43.684687983843183 ], [ -1.127701455203296, 43.684215403517626 ], [ -1.127508431913689, 43.684221582908258 ], [ -1.126848692628155, 43.684524318338994 ], [ -1.126225771453317, 43.683841560695271 ], [ -1.126034876919373, 43.683882759041509 ], [ -1.124389058696061, 43.684708283661003 ], [ -1.123031154238996, 43.684681526642777 ], [ -1.12168801666773, 43.683283987308172 ], [ -1.120912571463111, 43.68327367778047 ], [ -1.119332483837068, 43.683568880604561 ], [ -1.118662978884473, 43.683731518668978 ], [ -1.117757619086943, 43.683970961179426 ], [ -1.116716910147465, 43.684391062626396 ], [ -1.115813653117571, 43.68466551079343 ], [ -1.115346873790289, 43.684962017704137 ], [ -1.113515491482129, 43.685899459196037 ], [ -1.113174330834533, 43.685875246225073 ], [ -1.112225776521016, 43.686221286427163 ], [ -1.110914610725897, 43.686967553875299 ], [ -1.110486583578402, 43.687085557654356 ], [ -1.109910477205825, 43.687174086173002 ], [ -1.108723994723607, 43.687563661202603 ], [ -1.108313881929358, 43.687998690112245 ], [ -1.106861967066291, 43.688817766282206 ], [ -1.106213521667551, 43.689330549017178 ], [ -1.105375372538755, 43.689884450817154 ], [ -1.104432279404676, 43.690302224754916 ], [ -1.104321809248454, 43.691676024451176 ], [ -1.103517948191783, 43.692018284335369 ], [ -1.102522261457599, 43.692366633907298 ], [ -1.101353810866565, 43.691454544630261 ], [ -1.100596031595858, 43.691759329320739 ], [ -1.099694746253005, 43.692069564849746 ], [ -1.099061863890921, 43.692019479127474 ], [ -1.098715978967978, 43.692698956080562 ], [ -1.098120745917272, 43.692471323097422 ], [ -1.097351511173527, 43.692565911869465 ], [ -1.096836307254936, 43.692863872092857 ], [ -1.096356595348785, 43.692948368543497 ], [ -1.09603654960597, 43.69327522354596 ], [ -1.096266817953522, 43.693866238146789 ], [ -1.095642356103025, 43.693956222096354 ], [ -1.095512326315919, 43.694205970997764 ], [ -1.09543266999594, 43.694489211738144 ], [ -1.09584843427846, 43.694969077319499 ], [ -1.095775107044039, 43.695357385895115 ], [ -1.09638513002056, 43.695830189577158 ], [ -1.097780486302892, 43.697297467063166 ], [ -1.098660680595549, 43.698219649740444 ], [ -1.09927580161485, 43.698796646936884 ], [ -1.099783069629975, 43.699168327604035 ], [ -1.100543384091917, 43.699705619403723 ], [ -1.100707261412966, 43.700017121379119 ], [ -1.100984583919814, 43.7006057372923 ], [ -1.101447780649684, 43.701048090687031 ], [ -1.102263678388828, 43.701724865376093 ], [ -1.101914421478949, 43.702369374202135 ], [ -1.101526521063872, 43.703154568395561 ], [ -1.100633565978249, 43.70360580266847 ], [ -1.100644075771375, 43.703780017643126 ], [ -1.100473039380993, 43.704172334912251 ], [ -1.101815327387547, 43.705535994966461 ], [ -1.101358871005897, 43.706007559318664 ], [ -1.100876554130009, 43.706831740285757 ], [ -1.099886512571939, 43.707319340772372 ], [ -1.099227597280238, 43.70762187379237 ], [ -1.098366757910906, 43.707825540752317 ], [ -1.097563871304053, 43.708167721246511 ], [ -1.097188156088373, 43.70835418836684 ], [ -1.096973026249986, 43.708818078336641 ], [ -1.096726545021113, 43.708720626525498 ], [ -1.09631407818072, 43.709120593970489 ], [ -1.095794499196083, 43.709348507218024 ], [ -1.097011506241228, 43.710259137264622 ], [ -1.096889015420667, 43.710613920093543 ], [ -1.096665432116499, 43.7109377187845 ], [ -1.096906278148227, 43.711702956093539 ], [ -1.09676653258872, 43.711812657500602 ], [ -1.096013660909715, 43.711380363807628 ], [ -1.096089374260153, 43.7118341305749 ], [ -1.096011860551348, 43.71215329634704 ], [ -1.094853113372684, 43.713033984779983 ], [ -1.093951406393946, 43.713343279357545 ], [ -1.091083262918295, 43.714840413730073 ], [ -1.090253019168866, 43.715534301257449 ], [ -1.088937809558314, 43.716208437257073 ], [ -1.087732745312239, 43.717126501005495 ], [ -1.086414126505764, 43.717765623105194 ], [ -1.085345323396685, 43.71853719256822 ], [ -1.083982618804924, 43.719248756410352 ], [ -1.083313778252676, 43.719410243054917 ], [ -1.082366586927149, 43.719791053611722 ], [ -1.081589788793058, 43.719745399777523 ], [ -1.081282015836675, 43.71947439770819 ], [ -1.081126648131222, 43.719303853445759 ], [ -1.080237286267288, 43.719015215651723 ], [ -1.079648153621805, 43.718892546903163 ], [ -1.079302609451948, 43.718798179854282 ], [ -1.078476302812673, 43.718754066147724 ], [ -1.07793546294311, 43.718629865105129 ], [ -1.077358126363677, 43.718683160045153 ], [ -1.076333296411104, 43.7185760100148 ], [ -1.075481766836515, 43.718110694081275 ], [ -1.074649986520222, 43.717995645287971 ], [ -1.07357597588365, 43.717854030000112 ], [ -1.072806357964784, 43.717948446217527 ], [ -1.072066107755989, 43.717725227140164 ], [ -1.070473154289959, 43.717845543954397 ], [ -1.069569198441735, 43.718120511184829 ], [ -1.068845837756239, 43.717370397656204 ], [ -1.068358796063371, 43.717315536455708 ], [ -1.068019559910069, 43.717326204259578 ], [ -1.067573234097517, 43.717163891341812 ], [ -1.066730115479532, 43.71764745817466 ], [ -1.065862732843151, 43.717745797496491 ], [ -1.065018759843768, 43.717384533551652 ], [ -1.064870705106387, 43.71654614116575 ], [ -1.064042351502605, 43.71646689384734 ], [ -1.062206970638043, 43.717367567583736 ], [ -1.061606209154239, 43.717069721314395 ], [ -1.061324906825946, 43.717219806655734 ], [ -1.060733084042076, 43.716218990639234 ], [ -1.059486702276104, 43.715660676446376 ], [ -1.058291782860719, 43.715944674784687 ], [ -1.057466718425415, 43.715899464101213 ], [ -1.056555376399861, 43.715259536072701 ], [ -1.0557774226682, 43.715213736160706 ], [ -1.054847124962577, 43.715067435602535 ], [ -1.054634377909325, 43.714723208726305 ], [ -1.053459297919389, 43.714548574827795 ], [ -1.053175003101351, 43.714627654334137 ], [ -1.05296991117109, 43.715266578059001 ], [ -1.052787247307555, 43.715448641563469 ], [ -1.052452186611925, 43.715529308273673 ], [ -1.052292492608398, 43.716097531323989 ], [ -1.052049830382738, 43.716105126429582 ], [ -1.051717768244452, 43.717028734333461 ], [ -1.051212519513337, 43.717501602350893 ], [ -1.05085212175683, 43.717969936217166 ], [ -1.050274428292295, 43.718831046208621 ], [ -1.049970684388897, 43.719438861110618 ], [ -1.049120240638938, 43.719781258965646 ], [ -1.047802023842446, 43.720455873161967 ], [ -1.047386152316364, 43.72078467282779 ], [ -1.046768401718676, 43.721014511757623 ], [ -1.046252676410533, 43.72131223754937 ], [ -1.045641604573422, 43.721612939052413 ], [ -1.044824440888937, 43.721743727945196 ], [ -1.044414779589123, 43.722177588971739 ], [ -1.043794136303938, 43.722338222242684 ], [ -1.043665946433173, 43.72262383630126 ], [ -1.042628088720061, 43.723112387891128 ], [ -1.042003221966127, 43.723202064513806 ], [ -1.04170352124001, 43.723879906682136 ], [ -1.040014148346415, 43.723967687934689 ], [ -1.03960368575926, 43.723593607461375 ], [ -1.039060862265807, 43.723435085742615 ], [ -1.038902243057011, 43.723228596722286 ], [ -1.037977299350613, 43.723153058512004 ], [ -1.036942695896411, 43.723676541574427 ], [ -1.036475187105054, 43.723972716907284 ], [ -1.03653597716118, 43.724182256833998 ], [ -1.036973918553828, 43.72420370292533 ], [ -1.037538327993067, 43.724747541658736 ], [ -1.037460468912357, 43.725066668472813 ], [ -1.037226520157698, 43.725180124435227 ], [ -1.036815538044593, 43.725613996402352 ], [ -1.036601926085461, 43.726112796633572 ], [ -1.035701823300918, 43.726457531814866 ], [ -1.035383262085616, 43.726818341933132 ], [ -1.035397830204624, 43.727064411184351 ], [ -1.034890283863753, 43.727502182086056 ], [ -1.03458336867936, 43.728038972092214 ], [ -1.033979215815763, 43.728479745890255 ], [ -1.033844744910735, 43.728660276026758 ], [ -1.033530304623358, 43.729091130356373 ], [ -1.033085581432272, 43.729773460443681 ], [ -1.032998461632717, 43.729915627667587 ], [ -1.032428070972338, 43.730109718576628 ], [ -1.031782629397444, 43.730692120226863 ], [ -1.031299651970629, 43.730707141168246 ], [ -1.030500235215441, 43.731119777629438 ], [ -1.030131246076311, 43.731447050491006 ], [ -1.029582770417681, 43.731991334946372 ], [ -1.028880646913872, 43.7324342244181 ], [ -1.028188134489828, 43.73301896613458 ], [ -1.02794456626598, 43.732991444125489 ], [ -1.0277865950857, 43.733593764977165 ], [ -1.027141732941677, 43.733368172142704 ], [ -1.025883452033389, 43.733407245321622 ], [ -1.025447921032389, 43.733385677377399 ], [ -1.025525858736547, 43.733066557261175 ], [ -1.02516579281068, 43.732725944990364 ], [ -1.024856097824415, 43.732418857298789 ], [ -1.024606385370559, 43.732287151488123 ], [ -1.024075093241514, 43.732303639248094 ], [ -1.020919672766653, 43.733877041988734 ], [ -1.020196813759998, 43.733969626654648 ], [ -1.019856643738163, 43.733945080493534 ], [ -1.019464045157355, 43.73385198012032 ], [ -1.019038418826005, 43.734040612796811 ], [ -1.0183989514824, 43.733884979390481 ], [ -1.017249630903829, 43.734131109581156 ], [ -1.016765382024626, 43.734146104145005 ], [ -1.015667703489694, 43.734426606814246 ], [ -1.014931585756101, 43.734273044836648 ], [ -1.014312788589102, 43.734468535706846 ], [ -1.013820293737923, 43.734343416923593 ], [ -1.01318490478635, 43.734256904749195 ], [ -1.012519038878981, 43.734453840979228 ], [ -1.012116098315513, 43.734184690484 ], [ -1.011600072867573, 43.734482254193246 ], [ -1.010141084312737, 43.734421182218753 ], [ -1.009767073877951, 43.734644170933429 ], [ -1.008125214729546, 43.734765065032128 ], [ -1.006808306685333, 43.734630282588924 ], [ -1.006441267575958, 43.734993398909033 ], [ -1.006112141327938, 43.735178101027309 ], [ -1.004506706907459, 43.735053094657587 ], [ -1.003928787076014, 43.734296272336501 ], [ -1.003438370705406, 43.734206131637478 ], [ -1.003109344605614, 43.734392620698948 ], [ -1.002261317468263, 43.73480564129305 ], [ -0.99978393353831, 43.736358404407468 ], [ -0.998323074758281, 43.737070977643135 ], [ -0.997771816675605, 43.737616077666004 ], [ -0.996317050395321, 43.73843370090664 ], [ -0.994851996883555, 43.739076177418504 ], [ -0.99466163298886, 43.739152209436725 ], [ -0.993318069714802, 43.739368965662187 ], [ -0.993002366402111, 43.738956708806604 ], [ -0.992438241325493, 43.738412632584932 ], [ -0.992413565492565, 43.737990529688524 ], [ -0.991681541598012, 43.737099826461531 ], [ -0.991661071003117, 43.73674957104916 ], [ -0.99121276399526, 43.736551915847507 ], [ -0.990807054775005, 43.736212596615417 ], [ -0.990985889917045, 43.735960583831577 ], [ -0.990734141322541, 43.735792876039362 ], [ -0.990340286606499, 43.735698810017169 ], [ -0.988923592111893, 43.736340619465615 ], [ -0.988030342391587, 43.73598117037016 ], [ -0.987088424783612, 43.736467127320026 ], [ -0.986340946584571, 43.736947110597008 ], [ -0.985602884435234, 43.736759221623018 ], [ -0.985465745029533, 43.737747700830305 ], [ -0.985122719909669, 43.737652956251267 ], [ -0.983075365355169, 43.738312226546768 ], [ -0.982610795911297, 43.737835227798897 ], [ -0.979368157604696, 43.7379345490126 ], [ -0.979334181255777, 43.738182106571522 ], [ -0.978786455384955, 43.73791726788351 ], [ -0.978457274926933, 43.73810278450874 ], [ -0.977736384257874, 43.738231010196237 ], [ -0.977603646146966, 43.738444701432876 ], [ -0.974030322529264, 43.740347975013677 ], [ -0.973947909493949, 43.740595211580128 ], [ -0.973039056234861, 43.740799325946107 ], [ -0.972958778348092, 43.741083384044025 ], [ -0.972096931172135, 43.741285154316884 ], [ -0.972018683052325, 43.741604237847106 ], [ -0.971059463487571, 43.741774785300322 ], [ -0.969501680877636, 43.741681090198938 ], [ -0.969900983900516, 43.741035516029832 ], [ -0.968875902858107, 43.740926449964306 ], [ -0.968593392261786, 43.741040335098006 ], [ -0.968205688309173, 43.741052164635363 ], [ -0.968062796484889, 43.741091612274197 ], [ -0.966749900946799, 43.741026394714417 ], [ -0.966411743583221, 43.741036706816338 ], [ -0.966194925035695, 43.740657349419493 ], [ -0.966058075079323, 43.740800974652196 ], [ -0.96583363027078, 43.7411245100473 ], [ -0.965428832033407, 43.740820158608166 ], [ -0.965028203890692, 43.740587654206102 ], [ -0.964048574208436, 43.740406081928398 ], [ -0.96433312112054, 43.740327234833131 ], [ -0.964312765390835, 43.739976075349929 ], [ -0.962557256721925, 43.738096123351752 ], [ -0.962581950429519, 43.73770850436069 ], [ -0.961452974056593, 43.736618275149674 ], [ -0.96203342802824, 43.735757590330479 ], [ -0.962462023279107, 43.735638373050058 ], [ -0.962300089967674, 43.735327514667652 ], [ -0.962002944239498, 43.735231301291627 ], [ -0.961530894468013, 43.735457103553983 ], [ -0.961266202445632, 43.735921305347055 ], [ -0.960884616107455, 43.736038186923167 ], [ -0.960316719099726, 43.735422994465424 ], [ -0.960069118301608, 43.735325267708724 ], [ -0.959069273300495, 43.73479249216723 ], [ -0.95772244911091, 43.733322894041301 ], [ -0.95854967116883, 43.73252400001433 ], [ -0.956837545572202, 43.733103293030908 ], [ -0.956854997681463, 43.731731643953523 ], [ -0.957198023507011, 43.730948383977072 ], [ -0.959651622201591, 43.729784216498011 ], [ -0.96000344405761, 43.729175218063126 ], [ -0.960624449565073, 43.729015962063109 ], [ -0.960278252406657, 43.728886151255203 ], [ -0.959293546818149, 43.728634523411472 ], [ -0.958083622313494, 43.72867133945504 ], [ -0.956868858519975, 43.728603026378124 ], [ -0.958905532176124, 43.727803329315897 ], [ -0.957275577339159, 43.726411629385559 ], [ -0.956441533702397, 43.725417657933292 ], [ -0.957643235318794, 43.725239858673319 ], [ -0.958092877935093, 43.724627892431457 ], [ -0.955788058229282, 43.725014678656606 ], [ -0.954696327580159, 43.725399639679239 ], [ -0.954451589162885, 43.725371990321527 ], [ -0.955025910134398, 43.724405374218819 ], [ -0.955668801647952, 43.723788444376638 ], [ -0.956636743550041, 43.722915113866904 ], [ -0.957113179918049, 43.721951463464769 ], [ -0.955987396531755, 43.722583086291678 ], [ -0.955782916334838, 43.722414766300538 ], [ -0.95496474981984, 43.722509814089086 ], [ -0.953780469942104, 43.722966854711551 ], [ -0.952575491500216, 43.7231087244337 ], [ -0.951194848528701, 43.723538412292918 ], [ -0.950894143202566, 43.723336118130028 ], [ -0.950028444296205, 43.723467658408183 ], [ -0.949604738450795, 43.723691941019887 ], [ -0.949285116536714, 43.724860421502292 ], [ -0.949687694397921, 43.725129803653147 ], [ -0.950405593896935, 43.72581156206126 ], [ -0.950720864458395, 43.726223040864241 ], [ -0.95127648682935, 43.726629021335846 ], [ -0.951724525409809, 43.726825942149461 ], [ -0.952055750077303, 43.726675534262419 ], [ -0.951616085149852, 43.727461708513296 ], [ -0.951688699895666, 43.727881452803587 ], [ -0.952098616137235, 43.72825586719749 ], [ -0.952076661686838, 43.728713570884928 ], [ -0.951395988788263, 43.728699151416635 ], [ -0.950362511535352, 43.729256835815455 ], [ -0.950533738826858, 43.729708675680641 ], [ -0.950248822142115, 43.729823485359482 ], [ -0.94971955273334, 43.729874634746423 ], [ -0.950536081554311, 43.730587591400919 ], [ -0.949824546112367, 43.73085569779208 ], [ -0.949249769764234, 43.73097840052295 ], [ -0.948426190415287, 43.731003384741179 ], [ -0.947535524557138, 43.731521621639402 ], [ -0.946683099175539, 43.731864153957574 ], [ -0.945383382983973, 43.732044797520985 ], [ -0.945255916732297, 43.732330259438697 ], [ -0.944495981341963, 43.732598896712382 ], [ -0.94381851996428, 43.732619418408895 ], [ -0.942916463633556, 43.732962523772791 ], [ -0.943611358709223, 43.733223079066626 ], [ -0.943873096776851, 43.733566925819488 ], [ -0.944358368801082, 43.734431212754238 ], [ -0.94487089386387, 43.734906910741302 ], [ -0.945595746872415, 43.735729747052432 ], [ -0.945822503819577, 43.736284276192201 ], [ -0.946498250218287, 43.737072609129527 ], [ -0.947269846132322, 43.737822945301481 ], [ -0.947889973102016, 43.738506795171126 ], [ -0.948657513530219, 43.739186171291678 ], [ -0.948717996885009, 43.739395762670753 ], [ -0.948211695636711, 43.739868157731493 ], [ -0.947704199124555, 43.740341486261229 ], [ -0.946999774672416, 43.74071371972164 ], [ -0.946246625947258, 43.741123412508657 ], [ -0.944942015319518, 43.742041035346709 ], [ -0.944338311519247, 43.742482174242511 ], [ -0.943920392172588, 43.742809721230934 ], [ -0.943086763414683, 43.743503429700368 ], [ -0.942258188316299, 43.743423249916823 ], [ -0.941206259657566, 43.743666511304951 ], [ -0.94118402899141, 43.743280319993829 ], [ -0.940669340093274, 43.742767778795979 ], [ -0.939898277815331, 43.741983189490014 ], [ -0.939010205528672, 43.742572349361204 ], [ -0.937468668777965, 43.742760203516248 ], [ -0.93762485733047, 43.742930020820275 ], [ -0.938451598148778, 43.743820005150994 ], [ -0.93892070427652, 43.744403210887107 ], [ -0.939425264381049, 43.744739729268574 ], [ -0.939718390737847, 43.744765951769409 ], [ -0.940227715500008, 43.745206686021589 ], [ -0.939960063953835, 43.745601646249931 ], [ -0.939248393741317, 43.746712687512719 ], [ -0.938546729333354, 43.74715675503225 ], [ -0.938285824989592, 43.747690958247702 ], [ -0.938540777021582, 43.747894676749944 ], [ -0.93885608408304, 43.748306196669809 ], [ -0.938775162474429, 43.748625332712493 ], [ -0.939074353968578, 43.748756637522902 ], [ -0.939237489265593, 43.749068394281508 ], [ -0.939556890482982, 43.749550864323794 ], [ -0.939910451953081, 43.749785786306596 ], [ -0.939922597902925, 43.749996845472928 ], [ -0.939832840385861, 43.750140810982117 ], [ -0.940079808682356, 43.751046524719627 ], [ -0.939794764236425, 43.751161308694094 ], [ -0.939320427422413, 43.751351091823743 ], [ -0.939088967104562, 43.751534429256751 ], [ -0.938571575672228, 43.75179568641699 ], [ -0.938722574919948, 43.751896384995788 ], [ -0.939276667315467, 43.752445536277577 ], [ -0.939638463195955, 43.752823261716244 ], [ -0.942959589467632, 43.756290957194899 ], [ -0.943964740033212, 43.757321266557277 ], [ -0.945006122115254, 43.758376562299524 ], [ -0.94498346389592, 43.758737126671029 ], [ -0.945139822200272, 43.75890873136359 ], [ -0.94547886985916, 43.758933549983603 ], [ -0.945351292145492, 43.759218119447027 ], [ -0.945553447229821, 43.759387436811487 ], [ -0.945945320154795, 43.759445742072067 ], [ -0.94630400139287, 43.759810948463702 ], [ -0.946474347887298, 43.760203453230389 ], [ -0.946867414666713, 43.760260819521207 ], [ -0.946918027838426, 43.761138290370603 ], [ -0.947536435383538, 43.761788024913031 ], [ -0.946596742140493, 43.761464719473089 ], [ -0.945918938248434, 43.761485254728186 ], [ -0.946128453831371, 43.76176051297 ], [ -0.945869573512008, 43.762329767103907 ], [ -0.944698630148811, 43.763033707347397 ], [ -0.944030952198422, 43.763230264385896 ], [ -0.943777372333969, 43.763870428973995 ], [ -0.943119172606775, 43.763994717355764 ], [ -0.942219228661105, 43.764620250731568 ], [ -0.941702562591407, 43.764917488102377 ], [ -0.941483158091193, 43.765310995602462 ], [ -0.940835558926215, 43.765856907253735 ], [ -0.940268527739534, 43.76612057252234 ], [ -0.939813556630008, 43.766627363921771 ], [ -0.939630263186579, 43.76680744699155 ], [ -0.939230436461812, 43.767452921620873 ], [ -0.93879824662866, 43.767536161789025 ], [ -0.93896541403431, 43.767917079671555 ], [ -0.939311074817017, 43.768012795585776 ], [ -0.93957294678465, 43.768356661371385 ], [ -0.94136935505612, 43.77006035305758 ], [ -0.940716427599504, 43.770536248675029 ], [ -0.941082330558249, 43.770983130790867 ], [ -0.940923283822226, 43.771584443070857 ], [ -0.940434663061709, 43.771529042271411 ], [ -0.940156806067593, 43.771748873557129 ], [ -0.939451533041545, 43.772157066879871 ], [ -0.939272304571802, 43.77240810303006 ], [ -0.939819349535313, 43.772637184920065 ], [ -0.939730795458821, 43.772781115223033 ], [ -0.939373163984743, 43.773319151463404 ], [ -0.939579846475028, 43.773523434198673 ], [ -0.940090826727377, 43.774031613647452 ], [ -0.938847660664728, 43.774284220516073 ], [ -0.938811470607377, 43.774496744351275 ], [ -0.938196730930619, 43.774796028033499 ], [ -0.937822122165593, 43.775017876756671 ], [ -0.937942351694986, 43.775143801503233 ], [ -0.937961172707981, 43.77575143201279 ], [ -0.937627661862328, 43.775867672759098 ], [ -0.938417285639818, 43.775672871946178 ], [ -0.938572225503923, 43.775862525932638 ], [ -0.937888783842796, 43.77617647955838 ], [ -0.938292799095239, 43.7762713374321 ], [ -0.940425677187451, 43.777259524829212 ], [ -0.939185189100003, 43.776804885304692 ], [ -0.938249378439888, 43.776552457239603 ], [ -0.938166757695172, 43.776799673028734 ], [ -0.937953381078602, 43.777299157569168 ], [ -0.936772630199428, 43.777861150614122 ], [ -0.936489459478834, 43.778010955718585 ], [ -0.937172732973085, 43.77806049692088 ], [ -0.937192934967908, 43.778411671116544 ], [ -0.936156402095828, 43.778934212440532 ], [ -0.93355605566374, 43.780139126184558 ], [ -0.932696729842193, 43.780375579184152 ], [ -0.931737460229729, 43.780579950415877 ], [ -0.931018373648053, 43.779863874403524 ], [ -0.930551838812297, 43.779350712460946 ], [ -0.930395519905639, 43.779179982365761 ], [ -0.930032809510226, 43.779134233101104 ], [ -0.929690501942327, 43.779552113750512 ], [ -0.929377054785213, 43.780018607286145 ], [ -0.929544298912745, 43.780401339391275 ], [ -0.928645419487794, 43.780814393425324 ], [ -0.928427103093997, 43.781207841647223 ], [ -0.928314228245443, 43.78177265576506 ], [ -0.92834648687429, 43.782334897905315 ], [ -0.928570063451912, 43.782855389349606 ], [ -0.927978588644992, 43.782696862678932 ], [ -0.927946371713162, 43.782979439952555 ], [ -0.928180837419205, 43.78355988459159 ], [ -0.927679227208408, 43.783409445822699 ], [ -0.927181636082639, 43.784021831976069 ], [ -0.927540200343002, 43.784362819419087 ], [ -0.927454324376637, 43.784575935963211 ], [ -0.926733201157221, 43.784668724111647 ], [ -0.926169882858484, 43.785001476992619 ], [ -0.92639345001087, 43.785521973912914 ], [ -0.92542928655355, 43.785621168821095 ], [ -0.923775669186745, 43.786409573113175 ], [ -0.92329295823979, 43.786459178675933 ], [ -0.921660691114017, 43.786753870546683 ], [ -0.920700560369639, 43.786923977890062 ], [ -0.919633652777913, 43.78692094247117 ], [ -0.918915968649031, 43.78711793958211 ], [ -0.917861078287885, 43.787325055739146 ], [ -0.917053508678044, 43.787665991702625 ], [ -0.91676465417467, 43.787674660917951 ], [ -0.916169920030892, 43.787481078308716 ], [ -0.91525481676112, 43.787613797603306 ], [ -0.914733245449145, 43.786961865004663 ], [ -0.914509779225211, 43.786441343526228 ], [ -0.914043339280744, 43.785928108183953 ], [ -0.912578136550017, 43.786604522560914 ], [ -0.911020515182737, 43.786510845070204 ], [ -0.908540002106364, 43.783843758109981 ], [ -0.907689575851044, 43.783411269888575 ], [ -0.907234496897491, 43.783074008788404 ], [ -0.906808131350335, 43.783262207246061 ], [ -0.906677121004318, 43.783512643091569 ], [ -0.906355478445437, 43.783838958158313 ], [ -0.906019808500099, 43.783919175899833 ], [ -0.905427629389102, 43.783725460756486 ], [ -0.904462220221014, 43.783824506263933 ], [ -0.903763382172211, 43.783458531320385 ], [ -0.903632731553246, 43.782865041609597 ], [ -0.903269091624561, 43.782453955900493 ], [ -0.902293370930579, 43.781498853851318 ], [ -0.900619836445422, 43.779757567197301 ], [ -0.90024230718428, 43.779407167380583 ], [ -0.900089681924771, 43.779256079146364 ], [ -0.900159898792373, 43.778962483668124 ], [ -0.899640036606217, 43.779187633688473 ], [ -0.899235139692463, 43.78021187018134 ], [ -0.898674603176711, 43.781010430903343 ], [ -0.897914579889863, 43.782122634900325 ], [ -0.897739409225799, 43.783322648127161 ], [ -0.896807130296606, 43.783982942178184 ], [ -0.8965721708627, 43.78518023916353 ], [ -0.896408156151459, 43.785506320086824 ], [ -0.89582227461558, 43.78629752502237 ], [ -0.89595009067651, 43.7867768472561 ], [ -0.895372168625334, 43.787752249114384 ], [ -0.894857736157969, 43.788118464207315 ], [ -0.894684279632797, 43.788475413591719 ], [ -0.894887678648327, 43.788645690143554 ], [ -0.895098236181071, 43.788920117149836 ], [ -0.895614870795562, 43.789467022109299 ], [ -0.895937670632821, 43.790055692667956 ], [ -0.898829136499542, 43.793097675837863 ], [ -0.899496885694364, 43.793745320872162 ], [ -0.899382073578267, 43.795154973846692 ], [ -0.898306542411092, 43.795854644796684 ], [ -0.897942399986999, 43.796287466880734 ], [ -0.897154983369985, 43.796943442035804 ], [ -0.897673753015442, 43.797526267309664 ], [ -0.896890771667938, 43.797408368166359 ], [ -0.896289549299675, 43.79795351921608 ], [ -0.895962232990583, 43.798138719264017 ], [ -0.895507361821255, 43.798680402132661 ], [ -0.895701640031341, 43.798798768962527 ], [ -0.895385644931947, 43.799183362606662 ], [ -0.895171089993684, 43.799604518575059 ], [ -0.894735520929971, 43.800005269973575 ], [ -0.894729326698682, 43.800355437185402 ], [ -0.894484295246996, 43.800327650915875 ], [ -0.894314778084206, 43.800754660713096 ], [ -0.894568519326671, 43.800957629106293 ], [ -0.893245794100239, 43.801594437133204 ], [ -0.892786841360206, 43.802065153722317 ], [ -0.891218282960872, 43.802639080865966 ], [ -0.890699018351708, 43.802901054170341 ], [ -0.887209416510561, 43.804691789968743 ], [ -0.884380105171583, 43.806147005198795 ], [ -0.8837779276835, 43.806657024168075 ], [ -0.882768880304784, 43.806826438128262 ], [ -0.882350236054558, 43.807155559114086 ], [ -0.882183382644034, 43.807653545712448 ], [ -0.880984858400544, 43.807899642399022 ], [ -0.88017432220689, 43.808636248113444 ], [ -0.879223289848325, 43.808514204866306 ], [ -0.878434255753416, 43.808291083360515 ], [ -0.878020339291891, 43.807847208308999 ], [ -0.877402964193908, 43.807232122414469 ], [ -0.877276542948585, 43.806709547990508 ], [ -0.876940772362452, 43.806417201516751 ], [ -0.876870932437988, 43.806148463314891 ], [ -0.875270876872853, 43.804695179685375 ], [ -0.874551437750327, 43.804251346168321 ], [ -0.875128160565109, 43.80372953921762 ], [ -0.875860735095336, 43.803130236994555 ], [ -0.876091870512218, 43.802911961752351 ], [ -0.875627670758788, 43.80243448281383 ], [ -0.875899253979045, 43.802074658058721 ], [ -0.876626753162589, 43.801210092170628 ], [ -0.877475462218462, 43.799919074100714 ], [ -0.878160680628232, 43.799889763662151 ], [ -0.878042547400908, 43.799711528660467 ], [ -0.87777455804094, 43.798749608081252 ], [ -0.877178966387863, 43.798100593605483 ], [ -0.876419759772709, 43.798402897186996 ], [ -0.876437615852154, 43.798719058445549 ], [ -0.876621074844646, 43.799416278940704 ], [ -0.8769462147152, 43.800004936654553 ], [ -0.876709107834447, 43.800117227285277 ], [ -0.876536690259325, 43.800473215753485 ], [ -0.874883992946397, 43.801296810454147 ], [ -0.874617551100421, 43.80172575624011 ], [ -0.873810758418667, 43.802066337021287 ], [ -0.872569932076403, 43.802419757977766 ], [ -0.871364310200214, 43.802560696001308 ], [ -0.865157748780961, 43.803516966109875 ], [ -0.86218209060159, 43.804034836064538 ], [ -0.861159784387587, 43.804056891035252 ], [ -0.860501181067727, 43.804428087675177 ], [ -0.859561278854692, 43.804104018367667 ], [ -0.859058683291246, 43.80380304200586 ], [ -0.854262723996606, 43.798776511542926 ], [ -0.853821590035282, 43.798684230193146 ], [ -0.853744514262884, 43.799037372582355 ], [ -0.853352513882118, 43.798979630700103 ], [ -0.853114590349885, 43.799055905348311 ], [ -0.85308002855819, 43.799303433875032 ], [ -0.852641579937895, 43.799281243514422 ], [ -0.851182344313116, 43.799217992615787 ], [ -0.850515080665876, 43.798570047839775 ], [ -0.850028278731795, 43.79854926841216 ], [ -0.849747978999378, 43.798733842455256 ], [ -0.849216017460044, 43.798749473801038 ], [ -0.848787381468302, 43.798902416528826 ], [ -0.848656750943949, 43.799186952998852 ], [ -0.848220265982795, 43.799199774525079 ], [ -0.847028916954457, 43.798707551189729 ], [ -0.844597220046592, 43.796001632022111 ], [ -0.843988268159619, 43.79552827657394 ], [ -0.843466200656559, 43.794876034316268 ], [ -0.843073471356283, 43.794782291170065 ], [ -0.842840791663859, 43.794085572553207 ], [ -0.842412135169053, 43.793726578578763 ], [ -0.842365098919318, 43.79339597968054 ], [ -0.842930947290069, 43.793098689873531 ], [ -0.843159045904848, 43.792735731136126 ], [ -0.843718935249049, 43.792443110165159 ], [ -0.84419388248426, 43.792252841647411 ], [ -0.844176207469603, 43.791936676561242 ], [ -0.844412104566638, 43.791824494057877 ], [ -0.844303595314043, 43.79161625549127 ], [ -0.843498722501996, 43.791991638088042 ], [ -0.842383411257103, 43.792278953388134 ], [ -0.841432697736501, 43.792333816099877 ], [ -0.84109889294878, 43.792449761326516 ], [ -0.840014311331261, 43.791285887097622 ], [ -0.838682144035457, 43.79002399521044 ], [ -0.838361991253277, 43.789471980556556 ], [ -0.837696205278668, 43.789736185744374 ], [ -0.833478749981335, 43.790669287608317 ], [ -0.827604384719169, 43.793230399684532 ], [ -0.825204621391436, 43.792843382481436 ], [ -0.825513364951198, 43.792588770592538 ] ] ] ] } },
{ "type": "Feature", "properties": { "fid": 2, "id": 2, "nom": "ISO 60" }, "geometry": { "type": "MultiPolygon", "coordinates": [ [ [ [ -0.825085791535287, 43.792850446513548 ], [ -0.82491446844976, 43.79294091031133 ], [ -0.825142136732581, 43.792300010170194 ], [ -0.823894741072714, 43.791954924688881 ], [ -0.823151913817467, 43.791213665474608 ], [ -0.821020041886203, 43.789117499426183 ], [ -0.819784543693337, 43.788962750795214 ], [ -0.818892894138558, 43.78867112905364 ], [ -0.818430590401522, 43.78823925496318 ], [ -0.81773717671051, 43.788387184056532 ], [ -0.817064817280018, 43.788915050132381 ], [ -0.81632565227678, 43.788237518433192 ], [ -0.815828094423007, 43.788760292533674 ], [ -0.815114762944722, 43.78852643081791 ], [ -0.814204347251849, 43.787917739572485 ], [ -0.813616455904127, 43.788379252955345 ], [ -0.812811632721706, 43.788085059461366 ], [ -0.812084355541272, 43.78759878150592 ], [ -0.810630446963994, 43.788276153762368 ], [ -0.81028082318939, 43.788286303069412 ], [ -0.809037180702118, 43.78800571882595 ], [ -0.807214551772871, 43.78989927411655 ], [ -0.80634974407492, 43.790115074741962 ], [ -0.802772137808111, 43.790409457525591 ], [ -0.801010965003445, 43.790269716431524 ], [ -0.801685766788585, 43.789805758456808 ], [ -0.802670645561408, 43.788569915934588 ], [ -0.802816826497469, 43.786470403875455 ], [ -0.801956153395313, 43.785162049817579 ], [ -0.801886203167336, 43.783893776087034 ], [ -0.803528877877504, 43.783464754866124 ], [ -0.803584133464393, 43.782890979982724 ], [ -0.798973888787168, 43.781945761851837 ], [ -0.795624665859145, 43.781598168224356 ], [ -0.793434016637413, 43.780010608679937 ], [ -0.793949950058869, 43.778217124931686 ], [ -0.793755297641909, 43.777906074339363 ], [ -0.793737857676308, 43.777589006126192 ], [ -0.793112766583791, 43.777352459846369 ], [ -0.790487346111662, 43.777428235486745 ], [ -0.789357609711127, 43.77758767116994 ], [ -0.787778649093496, 43.777570221898685 ], [ -0.78699970504527, 43.777719520590935 ], [ -0.784646256165781, 43.777978038401024 ], [ -0.783589377148513, 43.777881618876741 ], [ -0.783313888297312, 43.777634952867317 ], [ -0.78112257228212, 43.777635030899624 ], [ -0.780709236699979, 43.77650348851374 ], [ -0.777163558721531, 43.777367390952882 ], [ -0.777879037828593, 43.776012684882957 ], [ -0.778887342455492, 43.775222621081241 ], [ -0.77904126858492, 43.774836753971208 ], [ -0.779181325999265, 43.774197590217923 ], [ -0.778309719181311, 43.77428651663358 ], [ -0.778093263816144, 43.773529853087354 ], [ -0.777670887694951, 43.772208743707971 ], [ -0.776553933279635, 43.771034435350096 ], [ -0.775947679941387, 43.769527884708062 ], [ -0.774647794476985, 43.769819802592174 ], [ -0.774737133675231, 43.768229403624133 ], [ -0.773935041675725, 43.767998734678095 ], [ -0.772983784029776, 43.766628022488952 ], [ -0.772539374769755, 43.766513926891093 ], [ -0.770149471444944, 43.766074181356068 ], [ -0.765112880736362, 43.770093106361735 ], [ -0.762974033751399, 43.769455294528605 ], [ -0.762297918392819, 43.769919040364243 ], [ -0.761587274634193, 43.76974863891968 ], [ -0.760867560988459, 43.769388673035792 ], [ -0.759821191672527, 43.76948154689272 ], [ -0.758894477059311, 43.76855622657488 ], [ -0.757856864665347, 43.767188757410104 ], [ -0.757327903405342, 43.767139987382023 ], [ -0.756148870318289, 43.766412568514646 ], [ -0.755218058908858, 43.767009482663468 ], [ -0.753922777867605, 43.767363991721631 ], [ -0.752668819491649, 43.768480178182941 ], [ -0.75217199210072, 43.769000821016242 ], [ -0.751807542056412, 43.768758416307932 ], [ -0.751202142554264, 43.768902512073645 ], [ -0.750314617029989, 43.768674104884774 ], [ -0.749799431696902, 43.76887949550229 ], [ -0.748374792778468, 43.768474750486689 ], [ -0.746783567191844, 43.768202471714133 ], [ -0.745666416965252, 43.768615684348376 ], [ -0.744080815510217, 43.768470051002552 ], [ -0.74324011005574, 43.767477388638888 ], [ -0.742977359375231, 43.767484855339177 ], [ -0.74252955378984, 43.767306862624594 ], [ -0.742034950976526, 43.767893064362625 ], [ -0.739673891903433, 43.767960109948405 ], [ -0.738115737353852, 43.768321888515906 ], [ -0.736610084131506, 43.768047034212557 ], [ -0.735697491730232, 43.768962618099081 ], [ -0.735217628202729, 43.768213355551858 ], [ -0.734096953463486, 43.768562674627546 ], [ -0.733408191313584, 43.768772903648873 ], [ -0.732614327614786, 43.768668544586887 ], [ -0.731281251771606, 43.768324857389402 ], [ -0.729494840618978, 43.767676421433592 ], [ -0.72896594752314, 43.767628411290993 ], [ -0.728077243290752, 43.767398959167821 ], [ -0.725775739764976, 43.76695754354138 ], [ -0.72471230557112, 43.766733001941937 ], [ -0.723169243671835, 43.765760033657791 ], [ -0.721052185015091, 43.763851470272307 ], [ -0.720752012358948, 43.763161853679932 ], [ -0.720105741869919, 43.76254497145311 ], [ -0.719237596567321, 43.762696298761291 ], [ -0.71806717717431, 43.762095084286862 ], [ -0.717865207338275, 43.76159250755574 ], [ -0.716195303924704, 43.761512721985994 ], [ -0.715228966592378, 43.761476070082836 ], [ -0.714049987265888, 43.762335091526964 ], [ -0.71328215076219, 43.762737231565772 ], [ -0.712105244035404, 43.763659144137712 ], [ -0.710989170810873, 43.764071963317122 ], [ -0.710665605764962, 43.764589331188105 ], [ -0.71013453514939, 43.764476521256448 ], [ -0.709807595115589, 43.764931009947588 ], [ -0.70856614970499, 43.76464834583102 ], [ -0.707089062841143, 43.764879654992171 ], [ -0.706147631820865, 43.765286618312899 ], [ -0.705345907304621, 43.765056340914029 ], [ -0.704638853974537, 43.764948443879078 ], [ -0.703694094086364, 43.765293407205817 ], [ -0.699588574670714, 43.765534449657899 ], [ -0.697487832950202, 43.765593284593947 ], [ -0.69670206767554, 43.765615280833302 ], [ -0.6957492146496, 43.765832658850996 ], [ -0.695745817343937, 43.765768883350951 ], [ -0.693539272106526, 43.765449178143378 ], [ -0.693461412756114, 43.765642066956673 ], [ -0.693186202384567, 43.767047715860578 ], [ -0.692058506448035, 43.767269048900438 ], [ -0.691768442060599, 43.768419627519556 ], [ -0.691788704659282, 43.768800485537334 ], [ -0.690584381842396, 43.769215555196581 ], [ -0.689090296459264, 43.769130435605263 ], [ -0.689023730944679, 43.76951281825724 ], [ -0.688165516345754, 43.769854326983939 ], [ -0.68450729492612, 43.770273915048747 ], [ -0.682828321709844, 43.770003150719454 ], [ -0.681078171928172, 43.770051895005466 ], [ -0.677269340452827, 43.769269093981343 ], [ -0.675284534244934, 43.76983253245367 ], [ -0.673543166833474, 43.770070722060659 ], [ -0.672225091793139, 43.769980481541488 ], [ -0.671188677936236, 43.770263829559518 ], [ -0.670481624735727, 43.770155709432068 ], [ -0.66972774835744, 43.769161001734318 ], [ -0.668675787831537, 43.769126307093345 ], [ -0.667436629002424, 43.768907880445788 ], [ -0.667329767056551, 43.768529422702066 ], [ -0.664560851954512, 43.765875930980428 ], [ -0.664497487933591, 43.766322074161351 ], [ -0.66361781402314, 43.766281661394551 ], [ -0.663153603941968, 43.765787153415566 ], [ -0.663622298894007, 43.764694693949082 ], [ -0.660847145120734, 43.765215875008195 ], [ -0.660461841164438, 43.766243045260872 ], [ -0.658876524532578, 43.766096166553879 ], [ -0.65816871727117, 43.765925019572947 ], [ -0.657305825346181, 43.766203439023208 ], [ -0.655889856311339, 43.765924999348911 ], [ -0.654946803020549, 43.766331552639066 ], [ -0.654799907513686, 43.76684296370621 ], [ -0.654649338248315, 43.767355375655846 ], [ -0.65503678120183, 43.768043646178619 ], [ -0.65480734371427, 43.768685075038761 ], [ -0.65394352181331, 43.768899622948432 ], [ -0.654508991763683, 43.769645054026903 ], [ -0.654359651976486, 43.770157432397319 ], [ -0.654128134059325, 43.770735947840095 ], [ -0.653178335803224, 43.7710158313511 ], [ -0.652726041725527, 43.772425339760666 ], [ -0.651312001635279, 43.77220975212132 ], [ -0.649815789888755, 43.772060279965018 ], [ -0.649034081673356, 43.772208655395637 ], [ -0.645739536905843, 43.772871483568608 ], [ -0.644763124784685, 43.772644667872257 ], [ -0.644152020438419, 43.772661475717868 ], [ -0.641629984048242, 43.773048352284277 ], [ -0.640305219471105, 43.772830168645072 ], [ -0.639890856904459, 43.773285933977533 ], [ -0.638564900842537, 43.773068661361116 ], [ -0.638238533167878, 43.773522004600693 ], [ -0.635674595855343, 43.773084091000833 ], [ -0.634721385259851, 43.773300933911905 ], [ -0.634105749482915, 43.773254839685876 ], [ -0.634733934792498, 43.775205866670888 ], [ -0.634038068539744, 43.775287909791231 ], [ -0.63192696772997, 43.7751550398796 ], [ -0.631593930005047, 43.775481706233442 ], [ -0.630967104369201, 43.775245192571752 ], [ -0.629405977552315, 43.775541598941196 ], [ -0.627103671945697, 43.775098121011879 ], [ -0.625983392596689, 43.775445392138032 ], [ -0.625309364016415, 43.775971165110704 ], [ -0.623325887850862, 43.776597467337602 ], [ -0.622539942467962, 43.776618926392729 ], [ -0.622559745031821, 43.776999799435011 ], [ -0.621671324074718, 43.776769474033493 ], [ -0.620290288292982, 43.777188569419749 ], [ -0.620047262976063, 43.777576611942607 ], [ -0.618156149251641, 43.778262367529962 ], [ -0.617683159872734, 43.779290862404679 ], [ -0.617147680158537, 43.779115647834502 ], [ -0.616206611450568, 43.779521800477916 ], [ -0.614792580148917, 43.779306633936756 ], [ -0.613138738056226, 43.77954235694753 ], [ -0.611716045535336, 43.779135780563031 ], [ -0.611602973535906, 43.778630606152433 ], [ -0.608682859954156, 43.77807490167163 ], [ -0.60826165249168, 43.778403888600913 ], [ -0.605694521791653, 43.77790328263017 ], [ -0.604270730089478, 43.777497541016885 ], [ -0.602451490612915, 43.776212847656367 ], [ -0.601353674678284, 43.775290884250246 ], [ -0.600765850563317, 43.774099619744625 ], [ -0.600535484790498, 43.773027303218903 ], [ -0.600401631525485, 43.772141277109782 ], [ -0.599598142002988, 43.771845506414962 ], [ -0.599838038260169, 43.77139463089086 ], [ -0.599118041668178, 43.771032727256788 ], [ -0.598559814166659, 43.77041366593842 ], [ -0.599668287622029, 43.769812429429635 ], [ -0.59947057869238, 43.769372510305267 ], [ -0.596553105039759, 43.768880295157544 ], [ -0.596397959213328, 43.769265900606506 ], [ -0.593666284831376, 43.768958384006091 ], [ -0.593323261694824, 43.769094493257853 ], [ -0.591623925320689, 43.768441474824115 ], [ -0.591290695761204, 43.768768015815148 ], [ -0.587228205073789, 43.768116676594964 ], [ -0.586709162475654, 43.76825751301503 ], [ -0.586562445615832, 43.768832678027138 ], [ -0.585798136414652, 43.769297662339547 ], [ -0.584912018214981, 43.769130849610875 ], [ -0.582281453702811, 43.769074891879875 ], [ -0.580479010403284, 43.769822360393519 ], [ -0.580156706812996, 43.770339273571345 ], [ -0.577601870289923, 43.770090461097489 ], [ -0.57587557445132, 43.770581234829748 ], [ -0.573758308301822, 43.770320572768824 ], [ -0.57336290322904, 43.771156963239598 ], [ -0.571357546678071, 43.771337619547616 ], [ -0.569937374700558, 43.770994310466911 ], [ -0.569381898014361, 43.770374134243255 ], [ -0.567404464308558, 43.77112607213973 ], [ -0.566937078954112, 43.772281001424027 ], [ -0.565712353182896, 43.772313803039246 ], [ -0.565070864797733, 43.771758875463455 ], [ -0.56384490958769, 43.771791689164992 ], [ -0.562614980718648, 43.771697761298476 ], [ -0.558508455145308, 43.771934361892306 ], [ -0.556323804639403, 43.772056560218054 ], [ -0.555766032298417, 43.771437278277361 ], [ -0.554993001842326, 43.771711571385033 ], [ -0.554137145246118, 43.772114901366152 ], [ -0.553923768221299, 43.7713595913307 ], [ -0.550663482300679, 43.772715722316711 ], [ -0.549971526608844, 43.774638452321597 ], [ -0.548939673892205, 43.776762727263097 ], [ -0.548084938242963, 43.777165977942893 ], [ -0.547932628666149, 43.777614398511581 ], [ -0.546871690943688, 43.777451925441738 ], [ -0.547549631058084, 43.778704024969045 ], [ -0.544986159530129, 43.7782639662408 ], [ -0.543864123519846, 43.778611321079488 ], [ -0.542443935986611, 43.778267650226091 ], [ -0.541582771758186, 43.778545085209338 ], [ -0.540079041233513, 43.778267468368853 ], [ -0.539514893208555, 43.777519640210286 ], [ -0.538836910684277, 43.777982892109641 ], [ -0.535114358016585, 43.777129878129891 ], [ -0.53479027101197, 43.777644895307702 ], [ -0.531428972643041, 43.777036751840392 ], [ -0.529216540417247, 43.776587037634648 ], [ -0.528976063306779, 43.777037758447598 ], [ -0.526853639435368, 43.776649482956117 ], [ -0.525524830355207, 43.776367046984333 ], [ -0.523490428986339, 43.775975483409702 ], [ -0.5227613376763, 43.77542352495481 ], [ -0.52165194368928, 43.776023977561543 ], [ -0.519620826948284, 43.775697021081498 ], [ -0.517879917445134, 43.775933577558284 ], [ -0.515838041623571, 43.775416137180187 ], [ -0.514895072673746, 43.775821442102803 ], [ -0.513242159401515, 43.776055608654424 ], [ -0.511732249171945, 43.775650036358996 ], [ -0.509463810745078, 43.775838251288839 ], [ -0.506721538779165, 43.77533812960592 ], [ -0.504915917119571, 43.776019632773092 ], [ -0.502786181615113, 43.775505152342078 ], [ -0.502285114438337, 43.775961734477718 ], [ -0.501283960347955, 43.775226965852234 ], [ -0.500248497543371, 43.775571596716915 ], [ -0.498777880957495, 43.775927600913981 ], [ -0.49711850266369, 43.776033059553242 ], [ -0.495143092589318, 43.776847464714869 ], [ -0.494368457220091, 43.777121359094991 ], [ -0.494039679318076, 43.777574301364517 ], [ -0.493340455892276, 43.777592558031834 ], [ -0.492396095727619, 43.777998598678046 ], [ -0.491068665943845, 43.777715707992535 ], [ -0.489817463827619, 43.779017541540149 ], [ -0.488574971012208, 43.778670339333793 ], [ -0.488068116951542, 43.779063139066523 ], [ -0.485097693699727, 43.779268229308975 ], [ -0.484702119944938, 43.78010337075699 ], [ -0.483220657870858, 43.78026964649024 ], [ -0.48174981356141, 43.780625421005269 ], [ -0.480929882621098, 43.780011685534411 ], [ -0.479594910939597, 43.779601121005975 ], [ -0.478206498614604, 43.779891740530303 ], [ -0.477557600855259, 43.779145810784058 ], [ -0.476762870218853, 43.77904050923221 ], [ -0.476381900087025, 43.778415348702133 ], [ -0.474809281887242, 43.778520010837568 ], [ -0.473225346558937, 43.778370385211595 ], [ -0.471893616242455, 43.778023509160562 ], [ -0.470272177611414, 43.777112938740046 ], [ -0.467882985692235, 43.776667462456338 ], [ -0.466771677771791, 43.775426122215926 ], [ -0.465526835956234, 43.775076924337057 ], [ -0.46410411571547, 43.774669344346179 ], [ -0.462851795003507, 43.775908813634089 ], [ -0.461692342684704, 43.777270900387492 ], [ -0.460813242387912, 43.779008924672446 ], [ -0.460242498881255, 43.779848487778466 ], [ -0.460302355395027, 43.781117030136983 ], [ -0.45963423906862, 43.781769309187595 ], [ -0.45855207354857, 43.782939575917766 ], [ -0.457913863526193, 43.784227016781166 ], [ -0.457294236687521, 43.785893563143041 ], [ -0.455109406211799, 43.789568522855532 ], [ -0.447406158373852, 43.787988294890653 ], [ -0.445837537454569, 43.788155391474888 ], [ -0.443002332286087, 43.787531009266537 ], [ -0.442247213456578, 43.786407112271881 ], [ -0.441051830899651, 43.787072785479722 ], [ -0.441068658743023, 43.785611581341136 ], [ -0.440168522505259, 43.785127327488254 ], [ -0.440481013660578, 43.784356556223571 ], [ -0.440284528218911, 43.783917241597528 ], [ -0.440610657606922, 43.783400676354653 ], [ -0.441956138059376, 43.780445561775267 ], [ -0.441162651197342, 43.780339069167596 ], [ -0.441300330364078, 43.779573675920837 ], [ -0.43989625304449, 43.779546682917434 ], [ -0.439774174283873, 43.778850909233711 ], [ -0.438556651740994, 43.779008912569438 ], [ -0.437927481489123, 43.778707499636141 ], [ -0.43690672376771, 43.777528312496955 ], [ -0.436286813353372, 43.777416445008534 ], [ -0.435083228051598, 43.77605033032178 ], [ -0.434463381042667, 43.775939350893736 ], [ -0.43342563692697, 43.776219528388111 ], [ -0.432807031066703, 43.776108507800096 ], [ -0.431540799544383, 43.775315128040575 ], [ -0.43083232407573, 43.775142528550447 ], [ -0.429507170678662, 43.774923599026408 ], [ -0.42879436760891, 43.774687234026821 ], [ -0.428060014918405, 43.774007072168736 ], [ -0.427379310803504, 43.774405810257363 ], [ -0.425873152220876, 43.774062827392989 ], [ -0.4244630736467, 43.773908965190934 ], [ -0.423041872783375, 43.773499917043367 ], [ -0.422248518070563, 43.773393286612865 ], [ -0.421154287113767, 43.772533350738762 ], [ -0.420208886841156, 43.772874914154464 ], [ -0.419117697569933, 43.772076945346058 ], [ -0.418324326545442, 43.771969387953682 ], [ -0.417400041979676, 43.770977372686538 ], [ -0.4168848361868, 43.77118025050747 ], [ -0.416025013406291, 43.771520502509894 ], [ -0.413987261522281, 43.77106403259554 ], [ -0.413272772916474, 43.770764649014275 ], [ -0.412810702069025, 43.770269070366254 ], [ -0.411953818392492, 43.770670378936828 ], [ -0.410861034807945, 43.769810309467523 ], [ -0.410531635251852, 43.770262995993455 ], [ -0.410919138272854, 43.771014124247237 ], [ -0.410146015849454, 43.771351231531838 ], [ -0.409112595462974, 43.771695826731197 ], [ -0.409764785559717, 43.77250501622192 ], [ -0.408964076746123, 43.77227075143788 ], [ -0.408488601088036, 43.773298294684544 ], [ -0.405482776887866, 43.772740251371467 ], [ -0.404360000716456, 43.773086161261659 ], [ -0.403557518380399, 43.77278893898 ], [ -0.403788560956256, 43.772148074378542 ], [ -0.400790131525876, 43.771715642336666 ], [ -0.400145994947928, 43.771096885912335 ], [ -0.398281395895503, 43.770572790073992 ], [ -0.395179857178281, 43.769825298183832 ], [ -0.394202884847326, 43.771373605649046 ], [ -0.392995064957729, 43.771784501412554 ], [ -0.393013330827131, 43.77216541341862 ], [ -0.391909988702751, 43.77289207526389 ], [ -0.390890343056818, 43.773552757725128 ], [ -0.389939166599917, 43.773829436590916 ], [ -0.38852432326786, 43.773547506115186 ], [ -0.387960528526073, 43.772737772663163 ], [ -0.387357182143409, 43.772942722885908 ], [ -0.384318102613364, 43.773527248068213 ], [ -0.383252897054539, 43.77323647254849 ], [ -0.381061778252389, 43.77322846860104 ], [ -0.378865480469498, 43.774933118171909 ], [ -0.37923354737657, 43.77346407636626 ], [ -0.375088921728783, 43.77471015102843 ], [ -0.374376390124171, 43.774474326886498 ], [ -0.373513184028436, 43.774749558791719 ], [ -0.371309913048104, 43.774487114370544 ], [ -0.369033714170805, 43.774543953476822 ], [ -0.366994526539304, 43.774024580006738 ], [ -0.365334962045001, 43.77412802227569 ], [ -0.364655115150057, 43.772749016920216 ], [ -0.363609333722383, 43.772838934695265 ], [ -0.362802803026235, 43.772477656211223 ], [ -0.361897492523479, 43.771865186425956 ], [ -0.362155135449678, 43.769890776734833 ], [ -0.359348733133592, 43.76983379485219 ], [ -0.358228711390281, 43.770242113686834 ], [ -0.356427555685199, 43.771049611151497 ], [ -0.355105896326245, 43.772732926246086 ], [ -0.354332420434579, 43.773069636006383 ], [ -0.353691252793342, 43.772450541639074 ], [ -0.350590729277859, 43.771765621158899 ], [ -0.341830344008227, 43.769886750867556 ], [ -0.341132928282152, 43.769967843004316 ], [ -0.339554299721633, 43.769942971137553 ], [ -0.338755240120606, 43.769709954747121 ], [ -0.336935850399282, 43.770134410783534 ], [ -0.335693161577325, 43.769783694051419 ], [ -0.334035543228253, 43.769953169155386 ], [ -0.332926003003741, 43.768709597502571 ], [ -0.330606659801024, 43.767814195293681 ], [ -0.323541263483378, 43.766591916015912 ], [ -0.321425311266928, 43.766326330083828 ], [ -0.320367713453022, 43.766161582797736 ], [ -0.319947126795831, 43.764648259265215 ], [ -0.32078674503534, 43.76386585937351 ], [ -0.321962777436824, 43.762820662594685 ], [ -0.320207886186319, 43.762736878122219 ], [ -0.313084814964857, 43.762149451064531 ], [ -0.30955319624083, 43.76153688704651 ], [ -0.306625164855988, 43.760719712389331 ], [ -0.304054344203387, 43.760084434693383 ], [ -0.301892917752011, 43.758803242240099 ], [ -0.29925597339815, 43.756709712472606 ], [ -0.297790845693773, 43.751539534620299 ], [ -0.296264314174335, 43.75075097816331 ], [ -0.291604888398097, 43.748450983074029 ], [ -0.28737453740093, 43.745950635743249 ], [ -0.285359207772769, 43.74593646692577 ], [ -0.284928846405693, 43.7460736966203 ], [ -0.28206705810297, 43.744809988572435 ], [ -0.282120047898892, 43.744046914992296 ], [ -0.27839584657755, 43.741152662932478 ], [ -0.27509032777346, 43.737804803879399 ], [ -0.273328325574065, 43.735624868809666 ], [ -0.27065072766404, 43.734547120641984 ], [ -0.270181433739843, 43.733859588888727 ], [ -0.270663231599068, 43.732896439341843 ], [ -0.270283592810991, 43.732270607769479 ], [ -0.26760573056921, 43.731128042687764 ], [ -0.268148141201933, 43.729591439715335 ], [ -0.265226264844, 43.726931133709883 ], [ -0.266854369108849, 43.726194090001727 ], [ -0.267540743784903, 43.723955214132857 ], [ -0.26945185429356, 43.719783782787644 ], [ -0.269998622779693, 43.718372987750513 ], [ -0.270861474262694, 43.718098591100869 ], [ -0.269698314772805, 43.717554585465066 ], [ -0.269081904193794, 43.717442606314791 ], [ -0.268618644157944, 43.716883546089683 ], [ -0.26752773490759, 43.716020300461807 ], [ -0.263719593102787, 43.715033457962399 ], [ -0.260354507233506, 43.714161773348948 ], [ -0.256657701781985, 43.711774397973095 ], [ -0.255888692623511, 43.710268380923637 ], [ -0.253832620547813, 43.709302201845162 ], [ -0.25187932854819, 43.708713960989598 ], [ -0.246958135978313, 43.706292589740485 ], [ -0.241895262002879, 43.702730398961648 ], [ -0.240651824139707, 43.702316621807704 ], [ -0.239145813996752, 43.701907279327173 ], [ -0.237577758519288, 43.702072281749125 ], [ -0.23483695740592, 43.701438613702692 ], [ -0.235001356283763, 43.701181090806955 ], [ -0.235378368784913, 43.699839291508873 ], [ -0.223944832023013, 43.69465036694389 ], [ -0.22493773288157, 43.693357000035938 ], [ -0.225569225527766, 43.691882417178761 ], [ -0.226564869149466, 43.690651925204776 ], [ -0.221852538543502, 43.688986304683866 ], [ -0.220708766864161, 43.688822672490787 ], [ -0.215609157299556, 43.686277393388039 ], [ -0.211904650437879, 43.685602042904016 ], [ -0.210975274462144, 43.684354959493206 ], [ -0.2102617018246, 43.68405428769065 ], [ -0.20576005992536, 43.683143875893549 ], [ -0.203900167287831, 43.682617372080045 ], [ -0.2041443774357, 43.682230323218555 ], [ -0.202552551384301, 43.681823410600401 ], [ -0.201734209310645, 43.681143827221852 ], [ -0.201706010211971, 43.680510461631982 ], [ -0.201069101653556, 43.679953424443497 ], [ -0.194364789427686, 43.67864991162336 ], [ -0.193377767772838, 43.678102818052942 ], [ -0.190241786725204, 43.676398122437824 ], [ -0.188807908235692, 43.675606914916067 ], [ -0.186579976164902, 43.674705603870201 ], [ -0.185099750076872, 43.672836249575717 ], [ -0.184231264174208, 43.671014683720749 ], [ -0.182661041485062, 43.671114203300675 ], [ -0.181329313425125, 43.670638884540935 ], [ -0.181047307156472, 43.670200285446207 ], [ -0.180137166719228, 43.669395887205432 ], [ -0.1793668754619, 43.66979510882652 ], [ -0.178280692631202, 43.66893093779062 ], [ -0.177150230156862, 43.669084907449509 ], [ -0.176428633283874, 43.668593557107421 ], [ -0.174950377509134, 43.668754681113271 ], [ -0.172576386251053, 43.66849229993759 ], [ -0.172300110172142, 43.668182148979582 ], [ -0.170277618603305, 43.667911567820013 ], [ -0.167125880360083, 43.667793886738892 ], [ -0.165290596767801, 43.667836336810204 ], [ -0.160721007131139, 43.667306986478742 ], [ -0.157190123627833, 43.666562859093382 ], [ -0.154344712411361, 43.665486286841592 ], [ -0.151400455204008, 43.664157414337559 ], [ -0.149855888781792, 43.662796309389435 ], [ -0.150586343930854, 43.661509712094357 ], [ -0.152345467422357, 43.659755198305255 ], [ -0.153678802322665, 43.658264958176261 ], [ -0.154249738492503, 43.657299460343438 ], [ -0.152212642371923, 43.656711439977002 ], [ -0.15056445076772, 43.657002944799224 ], [ -0.149416003612405, 43.656711890233282 ], [ -0.146360132623424, 43.656845917672769 ], [ -0.145228285255287, 43.656935738182547 ], [ -0.144133803598824, 43.6579131907571 ], [ -0.142790412202734, 43.659149037935478 ], [ -0.139881363059296, 43.658645513924519 ], [ -0.138062549593075, 43.659003681866857 ], [ -0.135813976382008, 43.659563189540322 ], [ -0.134761910181139, 43.659523376765485 ], [ -0.132395209238302, 43.65938676267367 ], [ -0.130282644965254, 43.659054552957812 ], [ -0.130310079608603, 43.659688825145579 ], [ -0.129668568270156, 43.66103709607814 ], [ -0.128510503235038, 43.662585984931759 ], [ -0.126735381996037, 43.663960060700852 ], [ -0.126334129691828, 43.664793844477217 ], [ -0.124401354025541, 43.664584222167974 ], [ -0.122132015823552, 43.664698763979906 ], [ -0.119943603237919, 43.664621670907223 ], [ -0.117476492729081, 43.664170456612659 ], [ -0.116501318411439, 43.663875121740716 ], [ -0.115147173870056, 43.662889621296941 ], [ -0.114020600957903, 43.663105791772658 ], [ -0.113870669072709, 43.663681133029577 ], [ -0.111877309085455, 43.664106657175168 ], [ -0.111663943037666, 43.665253577795568 ], [ -0.110924426436949, 43.6663503505142 ], [ -0.110760805692251, 43.666607650150517 ], [ -0.108494094663507, 43.666785693696966 ], [ -0.107249983093985, 43.668337189680528 ], [ -0.106154632242971, 43.669314266489984 ], [ -0.104965909570571, 43.670165740129541 ], [ -0.103203391766445, 43.669825994531521 ], [ -0.10013559504498, 43.669640622144435 ], [ -0.099053589587731, 43.668903288172686 ], [ -0.099213057892401, 43.668518402319052 ], [ -0.09858690427477, 43.668215048418872 ], [ -0.097182772987487, 43.668055990855741 ], [ -0.097171960086913, 43.667802636389567 ], [ -0.0937556722585, 43.665657298441026 ], [ -0.09128600852528, 43.665141699211354 ], [ -0.091438926032275, 43.664631074858775 ], [ -0.089708996905621, 43.665051174263944 ], [ -0.088933905335992, 43.665321249003014 ], [ -0.081965278951637, 43.6680167928778 ], [ -0.081949161002577, 43.667636758934734 ], [ -0.081589380077813, 43.667390304505481 ], [ -0.079034585867086, 43.666940176941836 ], [ -0.07788236572327, 43.666584600819753 ], [ -0.076367749408224, 43.665919651190634 ], [ -0.075131636052298, 43.665629766094654 ], [ -0.074596242477822, 43.665389002345428 ], [ -0.073338698613863, 43.664591486211798 ], [ -0.071930795418995, 43.664368340909718 ], [ -0.070974590282879, 43.66451641867566 ], [ -0.071049065162814, 43.664197318902275 ], [ -0.070186108625817, 43.664471011165226 ], [ -0.068071029304847, 43.664073797916217 ], [ -0.067395881912165, 43.664659836547699 ], [ -0.066988456385804, 43.665367620528698 ], [ -0.066591659634876, 43.666327862096338 ], [ -0.067047226741097, 43.666761983044388 ], [ -0.066798227227009, 43.667084956645269 ], [ -0.065150834226285, 43.669470431738645 ], [ -0.064539443123183, 43.669483999877762 ], [ -0.063492613786123, 43.669571071629356 ], [ -0.062704030433852, 43.669524711023072 ], [ -0.061863503829686, 43.670305027164218 ], [ -0.060832671086926, 43.670773009388753 ], [ -0.059652445878395, 43.671813528776582 ], [ -0.057489239025257, 43.672369496137136 ], [ -0.057510551937836, 43.672877113142192 ], [ -0.056891127451875, 43.672700169422114 ], [ -0.056167882327664, 43.672145126229978 ], [ -0.055392573372044, 43.672415860683437 ], [ -0.04992328275554, 43.67126684698809 ], [ -0.04930130544692, 43.671027867787934 ], [ -0.048193366111291, 43.669654829093076 ], [ -0.047828421276658, 43.669281582338144 ], [ -0.047262534347404, 43.668279678613665 ], [ -0.045871909773152, 43.66849915093897 ], [ -0.045925397029365, 43.667674246879507 ], [ -0.045906816633087, 43.667229520200472 ], [ -0.045371493873959, 43.666987713220742 ], [ -0.043121698708577, 43.667545298522541 ], [ -0.040899651593032, 43.668799155612533 ], [ -0.040268378838039, 43.668305839215961 ], [ -0.038456748070735, 43.668916648995278 ], [ -0.037569811162546, 43.668619571996167 ], [ -0.036692010715478, 43.668512031826111 ], [ -0.032283620781925, 43.66765541267069 ], [ -0.027161682156705, 43.666435619922858 ], [ -0.025995251335704, 43.665698524876618 ], [ -0.025285530602791, 43.665460428788208 ], [ -0.024742425170902, 43.665028050159805 ], [ -0.024510161950428, 43.663636576049477 ], [ -0.024047059399781, 43.663011807413206 ], [ -0.020452583991287, 43.662772733851597 ], [ -0.017368513221379, 43.662205002962985 ], [ -0.013376485176359, 43.662926650125847 ], [ -0.011089959313897, 43.662595005006622 ], [ -0.010134900787479, 43.662743416782043 ], [ -0.008817888753558, 43.662644280090781 ], [ -0.007495564507512, 43.66235550132393 ], [ -0.007885498068007, 43.661205008769713 ], [ -0.007011835844234, 43.661223936358411 ], [ -0.007576215948478, 43.660068767857865 ], [ -0.007296872394164, 43.659630592397725 ], [ -0.007336600727981, 43.658487690217115 ], [ -0.006257243876526, 43.657749408759308 ], [ -0.005375813007337, 43.657577852799022 ], [ -0.007859822870484, 43.654222931169905 ], [ -0.007460036021356, 43.652962764258746 ], [ -0.007616218495189, 43.652514255672791 ], [ -0.011918297696557, 43.652992864979772 ], [ -0.01237855923548, 43.653553891561884 ], [ -0.012995047197324, 43.653668196568773 ], [ -0.014432392432624, 43.654588370310435 ], [ -0.014977950308442, 43.655084586516523 ], [ -0.015593185612702, 43.655198005312904 ], [ -0.016300143941054, 43.655373272317568 ], [ -0.018115343622887, 43.656983897252722 ], [ -0.020181271895757, 43.658335446216832 ], [ -0.021330328479733, 43.658627844856568 ], [ -0.022280086864107, 43.658353553202751 ], [ -0.022256454575798, 43.65778214562765 ], [ -0.022739153102807, 43.65675636785285 ], [ -0.024010157671697, 43.65577633795683 ], [ -0.024322349803575, 43.654881067949134 ], [ -0.024465276969835, 43.654115386393826 ], [ -0.016973346409204, 43.652629419936126 ], [ -0.016954996509643, 43.65218469333162 ], [ -0.016489475211766, 43.651497007145288 ], [ -0.016644262518195, 43.650986466977159 ], [ -0.015246424492485, 43.648920732919422 ], [ -0.01225226943644, 43.648351823882244 ], [ -0.010458357650053, 43.647247829079944 ], [ -0.013082417491489, 43.640907891908341 ], [ -0.014057006010042, 43.639108928448167 ], [ -0.013398930739274, 43.637981202406621 ], [ -0.01459890646851, 43.637447055694501 ], [ -0.013741148546578, 43.637783128686955 ], [ -0.014507098912666, 43.637322259636619 ], [ -0.014613943657267, 43.637361301647879 ], [ -0.014578430679764, 43.637100396881415 ], [ -0.007050059335332, 43.626106192427159 ], [ -0.003549110193045, 43.621840579111883 ], [ -0.003975164563371, 43.61831631538373 ], [ -0.004458585532838, 43.615799734833061 ], [ -0.005041324726074, 43.613563357888417 ], [ -0.007480579497149, 43.609737398800647 ], [ -0.009880582440781, 43.607553300070037 ], [ -0.009824258438735, 43.599710727985055 ], [ -0.009432363358427, 43.597911833015289 ], [ -0.000383170931852, 43.594037197405221 ], [ 0.005549321461767, 43.590722297283037 ], [ 0.003961695033556, 43.581710511247742 ], [ 0.003555059123729, 43.579856598248661 ], [ 0.007401680692342, 43.570361491984059 ], [ 0.011256691216276, 43.565033294502101 ], [ 0.01428995129539, 43.55547922515067 ], [ 0.017870521894572, 43.552791222927226 ], [ 0.021534762677174, 43.548060219167311 ], [ 0.023841739058286, 43.544141670152229 ], [ 0.029253515560773, 43.541131086041865 ], [ 0.034400297533413, 43.536431396848371 ], [ 0.033880049304904, 43.532933416459628 ], [ 0.033769075281241, 43.531608408919936 ], [ 0.033841680658986, 43.529806277265621 ], [ 0.037865370840053, 43.52424004016089 ], [ 0.037177230315275, 43.520859019884206 ], [ 0.0384485841251, 43.518000776421268 ], [ 0.040476697767439, 43.512753459698345 ], [ 0.038873521174451, 43.507427982463064 ], [ 0.037297184685752, 43.497295477461719 ], [ 0.035418433238628, 43.4906424278552 ], [ 0.034384465932035, 43.487614634874724 ], [ 0.038629561884949, 43.480611179143715 ], [ 0.040564723472196, 43.477646682750276 ], [ 0.04583386525577, 43.469231669061152 ], [ 0.04948702715058, 43.467858963581413 ], [ 0.05478768947079, 43.464602353945118 ], [ 0.056335730754854, 43.463202851122702 ], [ 0.057074677738024, 43.46104358478879 ], [ 0.059142786864858, 43.456899353987652 ], [ 0.061238583244796, 43.452206351686122 ], [ 0.064821991277938, 43.448823172428838 ], [ 0.068803501754175, 43.448305514622206 ], [ 0.072322400546968, 43.447845427123831 ], [ 0.077180506771516, 43.44681092452246 ], [ 0.080246534558007, 43.441088753813077 ], [ 0.081476596875567, 43.436548162853356 ], [ 0.082668565822014, 43.431403516065522 ], [ 0.082490811777196, 43.427552748129159 ], [ 0.082741078983946, 43.425393965396047 ], [ 0.086173519230003, 43.421979184466821 ], [ 0.088180917464432, 43.417092522983516 ], [ 0.088967488392568, 43.413862494267732 ], [ 0.087615424837954, 43.409918068613848 ], [ 0.090801466875864, 43.405334715904701 ], [ 0.093762326646157, 43.400443636354325 ], [ 0.09524845690046, 43.399864126515837 ], [ 0.095903891936742, 43.39448630564555 ], [ 0.096834165143162, 43.388065966879552 ], [ 0.097463458061253, 43.381962146953768 ], [ 0.096890586544227, 43.379244206037768 ], [ 0.094991391292228, 43.377920901372519 ], [ 0.092470355300434, 43.374981669687301 ], [ 0.095155900311055, 43.373715161685773 ], [ 0.095913281945381, 43.371206512634217 ], [ 0.094102820848476, 43.366961478620702 ], [ 0.094788484584163, 43.366253857882242 ], [ 0.095174246707487, 43.360611671042605 ], [ 0.097657714909173, 43.351410001403785 ], [ 0.097714952168768, 43.349439707027102 ], [ 0.097557139554606, 43.345816200218117 ], [ 0.097463015974377, 43.342486198636195 ], [ 0.098421083372643, 43.336874007363498 ], [ 0.099205788203815, 43.332954600386401 ], [ 0.100096542404419, 43.330007399421561 ], [ 0.101151467509867, 43.321424378814925 ], [ 0.101178906094304, 43.316866296910916 ], [ 0.101891770896824, 43.310860766632096 ], [ 0.101812352761694, 43.308159547206287 ], [ 0.101599215029796, 43.305099569310741 ], [ 0.101219618729264, 43.301795219814309 ], [ 0.101058754475762, 43.299922057835843 ], [ 0.100255071600789, 43.297964516271108 ], [ 0.097980213353703, 43.294634227236564 ], [ 0.09654310207405, 43.292420759338263 ], [ 0.094898282813434, 43.291841722120928 ], [ 0.088418915789456, 43.289182211217806 ], [ 0.090081581868325, 43.28873602478258 ], [ 0.091106203109966, 43.283588503554078 ], [ 0.090348664239243, 43.281000811596293 ], [ 0.089837775668689, 43.279562621520832 ], [ 0.087618685441336, 43.275376617277303 ], [ 0.088993307191762, 43.272694178954602 ], [ 0.089071437477697, 43.265703030633986 ], [ 0.088939215231488, 43.26411635573934 ], [ 0.088880813178322, 43.260581458545992 ], [ 0.08851366652697, 43.256514245221311 ], [ 0.087299139011584, 43.249123094333925 ], [ 0.086807661921564, 43.242145330191448 ], [ 0.087393465299173, 43.240247412058793 ], [ 0.095017567122773, 43.229815879095852 ], [ 0.096416095058461, 43.22768140812213 ], [ 0.099850290639421, 43.219698901752949 ], [ 0.098424602489335, 43.215629602232411 ], [ 0.096595916693877, 43.210996379370265 ], [ 0.096433769530135, 43.207653652507815 ], [ 0.097652175182271, 43.204387370017294 ], [ 0.096964609199919, 43.202041345937118 ], [ 0.097262000501533, 43.19790913362089 ], [ 0.089817982717409, 43.197724853063427 ], [ 0.089991035699515, 43.198577910873112 ], [ 0.089564708178624, 43.201092134882451 ], [ 0.089484852075128, 43.203134512291101 ], [ 0.089883258104468, 43.205546453367312 ], [ 0.089416769008945, 43.208991994916182 ], [ 0.089431823599855, 43.211089407035274 ], [ 0.089085556712252, 43.213344657182418 ], [ 0.087612699588818, 43.217160169714113 ], [ 0.087892744477535, 43.218608753546626 ], [ 0.088102695362592, 43.220623971123253 ], [ 0.0880150568809, 43.223899505425592 ], [ 0.087085271701981, 43.226645044700462 ], [ 0.084988169551943, 43.229847035611108 ], [ 0.083245856053583, 43.232334621755633 ], [ 0.08074840685564, 43.23733046726133 ], [ 0.080111730952989, 43.240737450217452 ], [ 0.079635223325601, 43.244759966331706 ], [ 0.079460521666228, 43.249205034736057 ], [ 0.077881332657697, 43.255902976144711 ], [ 0.077796285498436, 43.258064900914242 ], [ 0.07629668102964, 43.260324738113809 ], [ 0.078302551302617, 43.261922049025436 ], [ 0.07830598682568, 43.263835941735145 ], [ 0.074900700811389, 43.268943094850869 ], [ 0.075942311614022, 43.271730132488031 ], [ 0.076209020059666, 43.273298094301524 ], [ 0.076246013387908, 43.276544942051622 ], [ 0.077936026787519, 43.279586521084774 ], [ 0.076221568713887, 43.281351972289258 ], [ 0.075895935649685, 43.285433532065476 ], [ 0.076454351435012, 43.287969518491153 ], [ 0.075100938079325, 43.288902938772047 ], [ 0.071850021484642, 43.292080636067496 ], [ 0.069407656812516, 43.312224363168369 ], [ 0.070386796030158, 43.320781644790571 ], [ 0.077158276640761, 43.324410295497536 ], [ 0.08199966571937, 43.326915718812678 ], [ 0.079473759990527, 43.336720096331476 ], [ 0.085461980375465, 43.343578035902723 ], [ 0.089017677653346, 43.345656194060538 ], [ 0.089084057290436, 43.346476559606465 ], [ 0.089356869996711, 43.348409691452687 ], [ 0.089769555317745, 43.351237545983686 ], [ 0.088160472247509, 43.354574278569558 ], [ 0.085851456651618, 43.360953869639758 ], [ 0.084469883778151, 43.36397529499412 ], [ 0.08301831207181, 43.36805248109583 ], [ 0.081540258639464, 43.372108433947872 ], [ 0.083359039800386, 43.372392837883638 ], [ 0.083949659709731, 43.374703968574586 ], [ 0.084887873822681, 43.378583057650239 ], [ 0.085830478516815, 43.380816139648701 ], [ 0.086349760252955, 43.383034078678925 ], [ 0.086638982509256, 43.384959526309189 ], [ 0.087692264319407, 43.390657945044254 ], [ 0.086327608914316, 43.392887793245222 ], [ 0.084693513793613, 43.396700580875397 ], [ 0.084715723943753, 43.399930360822907 ], [ 0.078443962902773, 43.409250647756906 ], [ 0.071425320735292, 43.411210675158678 ], [ 0.071861323491659, 43.429373466534592 ], [ 0.070510491214127, 43.430186591610024 ], [ 0.068034729836418, 43.426046496420312 ], [ 0.057236315342437, 43.427983592167337 ], [ 0.056490835077125, 43.430131865608779 ], [ 0.05414392560992, 43.439338983531854 ], [ 0.052399869688777, 43.446314813759898 ], [ 0.050788199388873, 43.449007556599284 ], [ 0.044966074218992, 43.453359592290326 ], [ 0.040128691890968, 43.459722008628475 ], [ 0.038423232302119, 43.452832827598982 ], [ 0.034414016922397, 43.462245285313124 ], [ 0.031188306330174, 43.465231499899147 ], [ 0.031194870780933, 43.465221750165412 ], [ 0.031744830306042, 43.463703244002346 ], [ 0.032376065974538, 43.461728835373528 ], [ 0.03404200038149, 43.456245797216859 ], [ 0.034825969511466, 43.454029200183022 ], [ 0.035853254116792, 43.451222600644535 ], [ 0.035359502909857, 43.447911526032549 ], [ 0.037671509699884, 43.446355091150799 ], [ 0.040338693582301, 43.445076799887495 ], [ 0.043240637583964, 43.443171389812889 ], [ 0.045054555517525, 43.44190360583827 ], [ 0.046353171980542, 43.440499876560402 ], [ 0.050104978280804, 43.437970414411524 ], [ 0.050899869073683, 43.43678701401079 ], [ 0.053668259820534, 43.433323135304811 ], [ 0.055697103742497, 43.429433581709901 ], [ 0.056808125992446, 43.426593578600261 ], [ 0.059027772405485, 43.423818364664548 ], [ 0.059155612752691, 43.420418139487197 ], [ 0.060366407244965, 43.420644210408909 ], [ 0.05931808315291, 43.41707709418656 ], [ 0.058577677832559, 43.41460793272396 ], [ 0.05969561126201, 43.414654037554492 ], [ 0.059370941209933, 43.414104150227629 ], [ 0.058700313849716, 43.413136982286794 ], [ 0.057253876728777, 43.4108416893922 ], [ 0.05480169280229, 43.408383034147505 ], [ 0.053777595752742, 43.407439817102706 ], [ 0.051410045142457, 43.404536052874569 ], [ 0.050576686014239, 43.402802095783514 ], [ 0.050096559015605, 43.401054054416306 ], [ 0.04984414918938, 43.399779248029034 ], [ 0.049721249458714, 43.398534162853785 ], [ 0.049703189780213, 43.397874782075625 ], [ 0.050432027990473, 43.398054776931581 ], [ 0.050888428835175, 43.397832509426856 ], [ 0.05102446758275, 43.396987600745462 ], [ 0.051634877178874, 43.396705665300445 ], [ 0.052440382145262, 43.396601378254374 ], [ 0.052856108082944, 43.396131004880431 ], [ 0.053880029261793, 43.394536237688619 ], [ 0.054906030044961, 43.392361630162661 ], [ 0.055749435449583, 43.391489448311489 ], [ 0.055955549575448, 43.389377487569796 ], [ 0.055829094414775, 43.386794588323738 ], [ 0.054998239455055, 43.383886608694951 ], [ 0.053994615363886, 43.381543151423948 ], [ 0.053040580933134, 43.380122241401082 ], [ 0.052555058603883, 43.379780204019845 ], [ 0.052841519335319, 43.379334068921715 ], [ 0.053969661158817, 43.377435871199502 ], [ 0.054061793147195, 43.376236727873064 ], [ 0.054117431160045, 43.375737151129002 ], [ 0.05476373909972, 43.373123905953292 ], [ 0.054407632216786, 43.371699502454916 ], [ 0.054109514975909, 43.370861590019473 ], [ 0.053357840390635, 43.369623886008888 ], [ 0.052236232305677, 43.368393612671923 ], [ 0.052146483796285, 43.367955684645167 ], [ 0.051762652095952, 43.366178273535787 ], [ 0.051472714486012, 43.365507746870918 ], [ 0.051443686243206, 43.365123250775284 ], [ 0.051117111436503, 43.363363238256298 ], [ 0.050990473071746, 43.360390207827024 ], [ 0.051112173903299, 43.358419460137611 ], [ 0.051541468830576, 43.355994952596077 ], [ 0.051532128783901, 43.354931226770532 ], [ 0.052885940480943, 43.353016302455586 ], [ 0.054031389288393, 43.350330096975974 ], [ 0.054144450324147, 43.348789804280507 ], [ 0.054723136916686, 43.344742184077745 ], [ 0.054614027672703, 43.344203167968814 ], [ 0.053359812199345, 43.34368571408757 ], [ 0.053389282350463, 43.343471478434203 ], [ 0.053373701690748, 43.342749251699253 ], [ 0.053416541926527, 43.342261105333627 ], [ 0.053464756402784, 43.341050279034441 ], [ 0.053533602567879, 43.339847083650184 ], [ 0.053574393462378, 43.33863700136196 ], [ 0.053622637323709, 43.337425280447789 ], [ 0.053656199292628, 43.336242017123134 ], [ 0.053719154692138, 43.335000944029652 ], [ 0.053767142137271, 43.333795514394552 ], [ 0.053763178416239, 43.33262674150857 ], [ 0.054739324014492, 43.331089495963283 ], [ 0.055336359438123, 43.330258903505758 ], [ 0.055507816992102, 43.329911033945756 ], [ 0.05598452863807, 43.328978100709037 ], [ 0.054101554675713, 43.327373935830771 ], [ 0.052719835364416, 43.326233468237113 ], [ 0.051706932502277, 43.32520150225676 ], [ 0.050972677262218, 43.324253658452065 ], [ 0.048753329712644, 43.323496289750359 ], [ 0.048865921380024, 43.322649142771517 ], [ 0.049236187500521, 43.322410693543802 ], [ 0.049653882576031, 43.321723759245096 ], [ 0.05015511984276, 43.320886671260794 ], [ 0.050170943285738, 43.32082947262078 ], [ 0.049493561946, 43.318519073273613 ], [ 0.048804021399206, 43.317163131704966 ], [ 0.048095213330582, 43.315951512497669 ], [ 0.047397539432514, 43.314831822077032 ], [ 0.046821860319972, 43.313555605206865 ], [ 0.046189680793548, 43.312431009354377 ], [ 0.045335958497188, 43.311213591784878 ], [ 0.044685104060509, 43.310003187572889 ], [ 0.044681035700444, 43.309950960237813 ], [ 0.044861167323221, 43.308122685187939 ], [ 0.044704116720643, 43.307154738836822 ], [ 0.044556039232147, 43.306177994415982 ], [ 0.044449790810543, 43.305232707008898 ], [ 0.044301507284589, 43.304261353081671 ], [ 0.044152034874374, 43.303289075334433 ], [ 0.044040223837559, 43.302329287489194 ], [ 0.044706899646979, 43.300984252951977 ], [ 0.045570847791129, 43.30009200444352 ], [ 0.045811682382135, 43.299855311932461 ], [ 0.046943916115645, 43.298746723301342 ], [ 0.048049471588225, 43.297596204579762 ], [ 0.049189818979502, 43.296467092792163 ], [ 0.051397069380265, 43.29716217157295 ], [ 0.051847761822884, 43.29616670555049 ], [ 0.052216405776802, 43.295067913154341 ], [ 0.052639630748137, 43.294019722972791 ], [ 0.052824996251254, 43.29297996556258 ], [ 0.05259162646325, 43.291237318701384 ], [ 0.052294680469837, 43.290010224311089 ], [ 0.050860814256805, 43.289800861736815 ], [ 0.050743795109915, 43.28912415499191 ], [ 0.050673150744712, 43.288395395809381 ], [ 0.050610974517051, 43.287763005500189 ], [ 0.050504636309778, 43.287528813642666 ], [ 0.05027194635003, 43.287099558269141 ], [ 0.050055909788861, 43.286623011894505 ], [ 0.049915139228332, 43.286357522831331 ], [ 0.049841773637545, 43.286098860915764 ], [ 0.050421134728995, 43.285454942870302 ], [ 0.050581840412773, 43.284385905777356 ], [ 0.050205288963207, 43.282657300092765 ], [ 0.049303176015832, 43.280069803211859 ], [ 0.04928649063696, 43.279037451534393 ], [ 0.049515285992826, 43.277988748439363 ], [ 0.049527024775923, 43.277694142422611 ], [ 0.050029496720641, 43.27613706253198 ], [ 0.047901502023489, 43.277300868359269 ], [ 0.047868045950656, 43.276689768846509 ], [ 0.047953774213234, 43.273089506572489 ], [ 0.048698181359649, 43.27175873029524 ], [ 0.049849612159507, 43.270554372249244 ], [ 0.050163775128055, 43.268967227300713 ], [ 0.051149430648004, 43.268124304293067 ], [ 0.051818215506884, 43.266773928314819 ], [ 0.051498659636219, 43.265098701703053 ], [ 0.05124685387524, 43.264904570757977 ], [ 0.050888336754435, 43.264517594796608 ], [ 0.050758816712211, 43.264156163537493 ], [ 0.050799147087927, 43.263884642615167 ], [ 0.05081671596758, 43.263721409319373 ], [ 0.052222373335806, 43.262861344412073 ], [ 0.052017689199238, 43.262225040709602 ], [ 0.051287514189663, 43.26100943659317 ], [ 0.049271369275083, 43.257528117929382 ], [ 0.048669188126998, 43.255140316343706 ], [ 0.048239636355092, 43.251014063651382 ], [ 0.048639622906643, 43.250049039847866 ], [ 0.04849167263327, 43.249472372982787 ], [ 0.048922695106347, 43.246616667911631 ], [ 0.049100634552694, 43.245020368330522 ], [ 0.04910732447761, 43.244852411773195 ], [ 0.049564605396419, 43.242755966907893 ], [ 0.050006833588226, 43.240511781180373 ], [ 0.05055266483339, 43.23822755403188 ], [ 0.051347468780929, 43.236327968945886 ], [ 0.05164039902257, 43.233321931058086 ], [ 0.053197484051605, 43.231818793954744 ], [ 0.052933503299796, 43.229769954103951 ], [ 0.052857987293155, 43.228020865318719 ], [ 0.052878057576378, 43.226124592383229 ], [ 0.052760912189644, 43.224711714307574 ], [ 0.052762532949934, 43.223217764716637 ], [ 0.052586892353196, 43.221823421985256 ], [ 0.053064775503421, 43.220654219379469 ], [ 0.05256786161256, 43.218684941632524 ], [ 0.051590437347453, 43.215757999791116 ], [ 0.044577436006668, 43.213707382561857 ], [ 0.042954050895755, 43.214076331230309 ], [ 0.043078799373093, 43.210550807331359 ], [ 0.043219204690606, 43.209342089356213 ], [ 0.039812374158416, 43.2092935484837 ], [ 0.036273920297482, 43.209217809717146 ], [ 0.035584687563488, 43.207771993222067 ], [ 0.035977321496863, 43.206558801087631 ], [ 0.037053527748346, 43.204874845313483 ], [ 0.037853776201161, 43.20354543248208 ], [ 0.038265353182912, 43.20194881552483 ], [ 0.038793745946532, 43.200195595600341 ], [ 0.038968127719298, 43.199029867875623 ], [ 0.038087488839029, 43.197394811358421 ], [ 0.036696773566966, 43.195766801176816 ], [ 0.035487874338818, 43.194601104553541 ], [ 0.033858521616561, 43.193720313888313 ], [ 0.024650326512356, 43.196880680544801 ], [ 0.027905594701722, 43.200164280752773 ], [ 0.029480576066088, 43.200779720773738 ], [ 0.031475616032242, 43.201828435452846 ], [ 0.031519805406724, 43.202166470540561 ], [ 0.030017661935024, 43.208030996910118 ], [ 0.030183168282303, 43.208224220218398 ], [ 0.030418216300126, 43.208797374817962 ], [ 0.032720507015934, 43.213101305174767 ], [ 0.033052396326015, 43.213467087895182 ], [ 0.034555955181531, 43.214004512748467 ], [ 0.034775822303742, 43.214283391658697 ], [ 0.035188647593518, 43.214776749237885 ], [ 0.036617067897252, 43.215104887287829 ], [ 0.036764179140268, 43.215390294112964 ], [ 0.037197466880219, 43.215864306163468 ], [ 0.037264402568747, 43.216126422055339 ], [ 0.03904560437817, 43.216761415172584 ], [ 0.039097685866069, 43.216934220421336 ], [ 0.039455682629686, 43.217478525247429 ], [ 0.041223307593908, 43.218424212952954 ], [ 0.04159446134942, 43.218762942196932 ], [ 0.043190778375866, 43.219691452807545 ], [ 0.043673333060331, 43.220010979705876 ], [ 0.045799408247014, 43.220878846459989 ], [ 0.045715892981935, 43.221062240119203 ], [ 0.044304426160079, 43.225879946362269 ], [ 0.043582519034102, 43.228075863688673 ], [ 0.044449621533686, 43.230158276557965 ], [ 0.045164140514078, 43.231752914535065 ], [ 0.046274874649362, 43.234325928649341 ], [ 0.047146080045105, 43.236433584224343 ], [ 0.046707234969876, 43.239978563353283 ], [ 0.046129415651552, 43.242197373643201 ], [ 0.045603887303928, 43.244460449439593 ], [ 0.045080887912809, 43.246628295592217 ], [ 0.043415587106212, 43.24743866063821 ], [ 0.043057636027242, 43.249165955259123 ], [ 0.040498852247906, 43.249776520114345 ], [ 0.039332559491119, 43.251081114506633 ], [ 0.037335315017009, 43.251761142382904 ], [ 0.037019628432454, 43.253164816365313 ], [ 0.036614957743947, 43.253013225513456 ], [ 0.035894034038878, 43.253879649940387 ], [ 0.035144582766044, 43.254567470147528 ], [ 0.034706788246738, 43.256990620664595 ], [ 0.037834836305682, 43.259373240855524 ], [ 0.038859577251476, 43.26016644435628 ], [ 0.039680222566795, 43.260866281385418 ], [ 0.039925181040277, 43.261230193422612 ], [ 0.040933285414714, 43.262164155366953 ], [ 0.041805036314869, 43.263186888841112 ], [ 0.041758759651901, 43.264344637202456 ], [ 0.042315030814242, 43.265598851440707 ], [ 0.0440549693688, 43.266752463485986 ], [ 0.043892702243798, 43.267211958607966 ], [ 0.043728417249793, 43.267937498280261 ], [ 0.043328993747606, 43.270392088945314 ], [ 0.043773308982808, 43.272880864251846 ], [ 0.04403250401676, 43.275416035854974 ], [ 0.044780100765404, 43.276750736631378 ], [ 0.045764263015444, 43.277584364275036 ], [ 0.044179781432405, 43.278043215495103 ], [ 0.044529488301825, 43.278682635350982 ], [ 0.045869574817351, 43.279785445579492 ], [ 0.045559522148821, 43.281758335655958 ], [ 0.045354375698764, 43.283291177799946 ], [ 0.044962033821854, 43.285290186975459 ], [ 0.045014880171808, 43.287109906087025 ], [ 0.045364636579861, 43.287379855603582 ], [ 0.047201193019081, 43.290108661786086 ], [ 0.047359627974247, 43.290332280227787 ], [ 0.047951078697087, 43.291917153200174 ], [ 0.046727476109428, 43.292944688360755 ], [ 0.044803294204616, 43.294534418530816 ], [ 0.043344031208849, 43.295789729715558 ], [ 0.041882261809368, 43.29710610014471 ], [ 0.04139495675043, 43.297781613828946 ], [ 0.041220640105121, 43.299462561685218 ], [ 0.041162524268089, 43.300176901524495 ], [ 0.041055755329016, 43.301430485041813 ], [ 0.040909718435681, 43.303173171798221 ], [ 0.040687803490528, 43.304843222504402 ], [ 0.040523704152578, 43.30675992993708 ], [ 0.040294255936983, 43.308494551003875 ], [ 0.040747565307882, 43.309716947977812 ], [ 0.040775906188502, 43.311346501836923 ], [ 0.040791964271562, 43.313036926431543 ], [ 0.040757096352749, 43.31476941770314 ], [ 0.040862155805809, 43.314912799950953 ], [ 0.040886700353745, 43.314976252475553 ], [ 0.040800647815471, 43.316449646144413 ], [ 0.040878800430857, 43.316619423785554 ], [ 0.043314859939432, 43.317767241913721 ], [ 0.043508130339304, 43.318968807749506 ], [ 0.044549790227526, 43.320784479261327 ], [ 0.04581207552261, 43.32321255457105 ], [ 0.044965774880158, 43.324794729289493 ], [ 0.044885251751792, 43.327302991197506 ], [ 0.04501472527666, 43.327421718481041 ], [ 0.044898029465547, 43.328647253944048 ], [ 0.04479562258909, 43.329761620013713 ], [ 0.045336522943993, 43.330678424193579 ], [ 0.047866938903023, 43.335218252261804 ], [ 0.048910190597283, 43.337035729136275 ], [ 0.048538931786833, 43.338130005806228 ], [ 0.048492863814, 43.338327704653786 ], [ 0.048149689810262, 43.339273344983098 ], [ 0.048042222902663, 43.339435576318877 ], [ 0.047742475470561, 43.340403715965898 ], [ 0.047015613826154, 43.342629461453335 ], [ 0.046689852940701, 43.343723807323947 ], [ 0.046121725742509, 43.343824093288234 ], [ 0.045722556291368, 43.34391898275797 ], [ 0.044680104253022, 43.3442069445451 ], [ 0.046300704840066, 43.344832087678867 ], [ 0.045408336908686, 43.345309344333899 ], [ 0.044003956171445, 43.347439746878081 ], [ 0.043910469233122, 43.347713750246044 ], [ 0.043363409097465, 43.349411107215346 ], [ 0.042751420190564, 43.352022271947064 ], [ 0.042953085354912, 43.35421745671794 ], [ 0.042704062897559, 43.355391653295214 ], [ 0.042540066053509, 43.357303954319399 ], [ 0.04245107184194, 43.358819593269651 ], [ 0.042479145655023, 43.36027299980266 ], [ 0.042821786380562, 43.361101102255716 ], [ 0.043435243469253, 43.362335934223914 ], [ 0.044091288300633, 43.363276792562417 ], [ 0.045076388103277, 43.363908197212389 ], [ 0.045513366176308, 43.365244447384541 ], [ 0.046110224240163, 43.365725535301003 ], [ 0.045924561227328, 43.366517216956133 ], [ 0.045702320317252, 43.367946424849542 ], [ 0.044656743098051, 43.36978065178581 ], [ 0.044241285378543, 43.370709487873789 ], [ 0.043527334689369, 43.3723224174772 ], [ 0.042534009670467, 43.374787064707469 ], [ 0.042582827205877, 43.376430627071407 ], [ 0.043143178819689, 43.377579833117657 ], [ 0.043790982952735, 43.378730898863346 ], [ 0.04430442791655, 43.379605796409912 ], [ 0.044939572201771, 43.380334941699154 ], [ 0.045057046725511, 43.381157356859028 ], [ 0.044503236270263, 43.383478557613657 ], [ 0.043309289954327, 43.38516220270089 ], [ 0.042645218080038, 43.386232295998163 ], [ 0.04261709153579, 43.388443324867254 ], [ 0.042937731500475, 43.390256319175464 ], [ 0.043474601307244, 43.391749365387547 ], [ 0.042046420526479, 43.394720846361167 ], [ 0.040300043283957, 43.396122998562994 ], [ 0.039838407433033, 43.39653660613601 ], [ 0.039335480248612, 43.397180385769488 ], [ 0.040714279655699, 43.396399743009979 ], [ 0.041370619218249, 43.396603427913035 ], [ 0.041862038249391, 43.396769432007623 ], [ 0.043055172504557, 43.396775962388311 ], [ 0.043130115005072, 43.397213593738314 ], [ 0.04219649392146, 43.399192286953713 ], [ 0.04181238512339, 43.399886259468502 ], [ 0.040589170488297, 43.400966921411658 ], [ 0.038814679118838, 43.402418809097135 ], [ 0.037157655180897, 43.403952294876412 ], [ 0.036849969836708, 43.406149300821795 ], [ 0.036574310539807, 43.409237057183809 ], [ 0.036303104341358, 43.412673750296889 ], [ 0.03739755875042, 43.413579983387848 ], [ 0.037862650337054, 43.414958271754116 ], [ 0.038026852437889, 43.418794463767242 ], [ 0.039069509789346, 43.420165290130846 ], [ 0.038385246805096, 43.420435701801487 ], [ 0.036515801698796, 43.421164515281433 ], [ 0.034901997163934, 43.421761201389721 ], [ 0.033450863117691, 43.422636454845723 ], [ 0.032410660695366, 43.423352351893286 ], [ 0.029728646672455, 43.423947697077509 ], [ 0.02784444528411, 43.424792031065699 ], [ 0.026243860185236, 43.42578986167527 ], [ 0.024634204872368, 43.427713519373434 ], [ 0.023694101470244, 43.430099267387462 ], [ 0.022974450623404, 43.432919504071009 ], [ 0.022839677485864, 43.43396493416644 ], [ 0.022824372050159, 43.435320414186783 ], [ 0.022756521567883, 43.436266586096252 ], [ 0.02294853658963, 43.437956480954078 ], [ 0.023186629171956, 43.439941365885886 ], [ 0.023228363249263, 43.440587801872347 ], [ 0.023294032619683, 43.441863210246808 ], [ 0.023332358380329, 43.442563518981672 ], [ 0.023448709117617, 43.444874862611954 ], [ 0.023402420509057, 43.445318017275866 ], [ 0.023407907734054, 43.447319499628399 ], [ 0.023131245240842, 43.449188159889914 ], [ 0.022793287336089, 43.45092424022743 ], [ 0.022791133819568, 43.451160654492575 ], [ 0.022706664596277, 43.452547935617226 ], [ 0.022577426197178, 43.453577318269993 ], [ 0.022354847473224, 43.455510983476358 ], [ 0.022228536590282, 43.456498173895305 ], [ 0.022137888320033, 43.458800606911083 ], [ 0.022204471059439, 43.459931299976468 ], [ 0.022281027588918, 43.461639428263005 ], [ 0.022314561814625, 43.462946536772698 ], [ 0.022825180230842, 43.463016834151404 ], [ 0.022974752731276, 43.464476582711598 ], [ 0.023223907615575, 43.46582428311654 ], [ 0.023532672208842, 43.467163372555696 ], [ 0.023676393161086, 43.467883038391122 ], [ 0.0242109024647, 43.469684611638677 ], [ 0.024776752933872, 43.471444598056344 ], [ 0.025235623879379, 43.472950541520433 ], [ 0.025695386740038, 43.474801759917263 ], [ 0.02574486666492, 43.475318906673152 ], [ 0.02697264890587, 43.475241806877619 ], [ 0.027139658861082, 43.476364769581032 ], [ 0.027167619328714, 43.479923136346549 ], [ 0.026842597481314, 43.482163052284349 ], [ 0.026415960997679, 43.486215205508792 ], [ 0.025983999275218, 43.491161878699835 ], [ 0.023834744875138, 43.497649734663526 ], [ 0.02344500993599, 43.504934185647578 ], [ 0.023149666624784, 43.508173710799362 ], [ 0.027727229117049, 43.513442641438203 ], [ 0.02728482183019, 43.516198911535263 ], [ 0.027062405045756, 43.517637264633784 ], [ 0.021415584218604, 43.518357885132154 ], [ 0.017337432921843, 43.521155677510627 ], [ 0.016613594547771, 43.522703731282945 ], [ 0.015436951855129, 43.527246991478144 ], [ 0.014727163244125, 43.532522317973807 ], [ 0.013866747494052, 43.537425771039672 ], [ 0.013760775988914, 43.538239024456892 ], [ 0.010830613532129, 43.538933038005105 ], [ 0.002802391794892, 43.541284654351372 ], [ -0.003430810925358, 43.544155659010585 ], [ -0.006050941212932, 43.547585818311951 ], [ -0.009486294894351, 43.554725295656077 ], [ -0.006713978477567, 43.559714758786363 ], [ -0.003248596361362, 43.563311959644707 ], [ -0.001633451584798, 43.565932072030748 ], [ -0.00323344853594, 43.569462681113613 ], [ -0.003378145294423, 43.5707912370179 ], [ -0.003140396205778, 43.573379742723468 ], [ -0.003243777396315, 43.57590331745034 ], [ -0.003147135352249, 43.577589588545315 ], [ -0.003595225859239, 43.580466281573173 ], [ -0.003553938943964, 43.583473172177051 ], [ -0.003360568223041, 43.586843939943172 ], [ -0.00406606082298, 43.587910392835319 ], [ -0.006098987872384, 43.589069465666846 ], [ -0.010621846066217, 43.591424338661717 ], [ -0.014772289262816, 43.592897826346466 ], [ -0.015180737202551, 43.596687177040629 ], [ -0.015220270270374, 43.6007705142991 ], [ -0.016313573772093, 43.604001859314188 ], [ -0.016328875585465, 43.606534605672358 ], [ -0.016411491847402, 43.611120598224495 ], [ -0.016011371721972, 43.613933063800367 ], [ -0.015457271221643, 43.61730460065958 ], [ -0.01439351181571, 43.619963351727186 ], [ -0.013448936331489, 43.622543071336736 ], [ -0.016428510809956, 43.626963606302773 ], [ -0.018386561088019, 43.630287692243748 ], [ -0.022447990574058, 43.636840905971887 ], [ -0.021292785869634, 43.640403692766192 ], [ -0.022016490844819, 43.64134740034028 ], [ -0.022095240602233, 43.645408448163195 ], [ -0.021394861145599, 43.645359872158977 ], [ -0.021156205114815, 43.645936991696288 ], [ -0.021439424786601, 43.646437990150318 ], [ -0.024255162311965, 43.646884644169837 ], [ -0.024499034076696, 43.64643419614756 ], [ -0.026895265515322, 43.647335063718096 ], [ -0.027290060780364, 43.648405530378774 ], [ -0.02699246014644, 43.64968086843151 ], [ -0.028681757551971, 43.650342659317211 ], [ -0.030279328048082, 43.650941686165609 ], [ -0.032227114097716, 43.651533921480187 ], [ -0.034383678222054, 43.652947058951675 ], [ -0.035237909946662, 43.654578459721485 ], [ -0.034544087363644, 43.65472046335622 ], [ -0.033943414069489, 43.654988115172216 ], [ -0.033967124874435, 43.655558620558153 ], [ -0.035019046815045, 43.655599412743854 ], [ -0.033702535214769, 43.657595829658092 ], [ -0.032267704306998, 43.658833154076 ], [ -0.030009167624139, 43.661294379676825 ], [ -0.031676527115153, 43.661448538413538 ], [ -0.032053076285098, 43.662075170076179 ], [ -0.033467268763636, 43.662425486289699 ], [ -0.034964213690013, 43.662710123461643 ], [ -0.035030966948561, 43.662200580061068 ], [ -0.03679150033454, 43.662479413987946 ], [ -0.03915686145704, 43.662618145589995 ], [ -0.041851276292651, 43.66224151137191 ], [ -0.043332174535205, 43.662081252726487 ], [ -0.04530882703812, 43.661276082708696 ], [ -0.046769980701965, 43.66067377509205 ], [ -0.047814197418961, 43.660586920144546 ], [ -0.049649333233431, 43.660546461680525 ], [ -0.051832188627529, 43.660498296607926 ], [ -0.053612551894203, 43.661219755962954 ], [ -0.054508917402108, 43.661771881603606 ], [ -0.056192301638382, 43.662305699186625 ], [ -0.057710502418954, 43.663034690436689 ], [ -0.05861486013199, 43.663775453361744 ], [ -0.059215547917492, 43.663508561321116 ], [ -0.059617771744829, 43.662675027406301 ], [ -0.060395487913734, 43.660372767950612 ], [ -0.06108395148239, 43.660103021307947 ], [ -0.061733844305713, 43.65894565208653 ], [ -0.063518453442612, 43.659795450185733 ], [ -0.064704854858312, 43.658879751676437 ], [ -0.06597928471704, 43.658025932938216 ], [ -0.065786156943257, 43.65758688408507 ], [ -0.066300092336394, 43.657320978861975 ], [ -0.066378683651337, 43.657128589238859 ], [ -0.066992630093195, 43.65717879890606 ], [ -0.067389318618655, 43.656217664024929 ], [ -0.068007144855727, 43.656330730002061 ], [ -0.074271844504489, 43.6577155644596 ], [ -0.074732718999171, 43.658275429296907 ], [ -0.07570368399271, 43.658508277212015 ], [ -0.07586204334012, 43.658123456350921 ], [ -0.076320314105232, 43.658621323525573 ], [ -0.079234431238873, 43.65931797425511 ], [ -0.081312440663116, 43.660858768649412 ], [ -0.08263900834268, 43.661209507122699 ], [ -0.084162095143238, 43.660032464455455 ], [ -0.085453712085703, 43.659560216097759 ], [ -0.086906266448345, 43.658766004547971 ], [ -0.087316108703914, 43.658121936738119 ], [ -0.091228372239243, 43.659685282212493 ], [ -0.092550777290977, 43.659908295958282 ], [ -0.093526002934748, 43.660267688811146 ], [ -0.096150776170419, 43.660271651665376 ], [ -0.097585744537619, 43.661128762418642 ], [ -0.099020717642714, 43.661984956285416 ], [ -0.098942229698633, 43.662177370290642 ], [ -0.100258072413832, 43.662273641542761 ], [ -0.099960571364697, 43.661456601606908 ], [ -0.101657891575863, 43.662305954167508 ], [ -0.101816124839074, 43.66192199267951 ], [ -0.101805292529711, 43.661668639838616 ], [ -0.103161051581398, 43.656559849998096 ], [ -0.104107652140708, 43.656221053885481 ], [ -0.104500978924454, 43.655195996757598 ], [ -0.107081165872804, 43.656216879290106 ], [ -0.109697884447295, 43.65609479235291 ], [ -0.110402405758749, 43.656205657820209 ], [ -0.111373480970399, 43.656438185413862 ], [ -0.1110314518696, 43.656635672108969 ], [ -0.110702804468416, 43.657087351213399 ], [ -0.112957005195641, 43.656655939967273 ], [ -0.113980475331967, 43.656060819302986 ], [ -0.114135867606097, 43.655613054794181 ], [ -0.11596952194061, 43.651509455603048 ], [ -0.118617212114542, 43.652083387380131 ], [ -0.121402667972639, 43.651829485410026 ], [ -0.122869475182169, 43.651352801555866 ], [ -0.122502921984094, 43.650979839910043 ], [ -0.122301134358973, 43.650349535266628 ], [ -0.123420447415004, 43.649942792035766 ], [ -0.12287949689092, 43.649574697352982 ], [ -0.129227111114562, 43.650826774186996 ], [ -0.130338186008523, 43.650230397545336 ], [ -0.131126557422587, 43.65027626487425 ], [ -0.13128575739119, 43.649891337187114 ], [ -0.131741685214399, 43.65032518042284 ], [ -0.1347164158836, 43.650384061068266 ], [ -0.138394460354326, 43.650554469461575 ], [ -0.139191070301835, 43.650789839147194 ], [ -0.141100203779235, 43.652460169893629 ], [ -0.142766366327599, 43.652612644835138 ], [ -0.145849623270278, 43.653112984383419 ], [ -0.148578776447694, 43.653557523068812 ], [ -0.149955082725618, 43.653082546390316 ], [ -0.150283089813326, 43.65256690690272 ], [ -0.151071470323498, 43.652611730647621 ], [ -0.152087436972722, 43.651826662821676 ], [ -0.152425274577149, 43.651565289971003 ], [ -0.153473184638991, 43.651541173714683 ], [ -0.154971678017285, 43.651824120396199 ], [ -0.15559117952215, 43.652000500139884 ], [ -0.157433012257774, 43.652147803340114 ], [ -0.158896735960493, 43.651606845687375 ], [ -0.160369008421494, 43.651318372086259 ], [ -0.163285014067608, 43.652012727483481 ], [ -0.163610138091434, 43.651434161063115 ], [ -0.164220074607969, 43.651420062300417 ], [ -0.166842914475555, 43.653390907864974 ], [ -0.168520299748751, 43.653796331180772 ], [ -0.172238904048127, 43.654852267626922 ], [ -0.172748185461898, 43.656490673964647 ], [ -0.173131863870393, 43.657244382358179 ], [ -0.174964273826605, 43.659169535455661 ], [ -0.174994974572168, 43.65986668333781 ], [ -0.174615274798407, 43.661145316371389 ], [ -0.175761129717018, 43.661372319035969 ], [ -0.176214716465159, 43.661743091468942 ], [ -0.17816156975326, 43.662268918918222 ], [ -0.180040185752448, 43.663240558291996 ], [ -0.181078391071517, 43.66296369904083 ], [ -0.182393152325029, 43.66305900078283 ], [ -0.185925691690816, 43.663865220075422 ], [ -0.184024559852235, 43.662386993108107 ], [ -0.188197652085122, 43.663812228103019 ], [ -0.188006348530055, 43.663436282822794 ], [ -0.185562391610254, 43.661588540349108 ], [ -0.185892947040635, 43.661136574953794 ], [ -0.19038051201681, 43.663761269338742 ], [ -0.191618406490841, 43.664049808967185 ], [ -0.192913565109283, 43.663702080049731 ], [ -0.19389196180964, 43.664060511623831 ], [ -0.194266280449573, 43.664623721098671 ], [ -0.194904109203879, 43.665178966210384 ], [ -0.197255389481543, 43.666965731439049 ], [ -0.197780095238531, 43.666953442939189 ], [ -0.198395499675067, 43.667002878661116 ], [ -0.199646372153377, 43.667608485448987 ], [ -0.203968077720456, 43.668458583481808 ], [ -0.202469840791522, 43.670144904370808 ], [ -0.201596108893407, 43.67016540236741 ], [ -0.198973350654648, 43.670163938119366 ], [ -0.198316370480589, 43.671130812025211 ], [ -0.197687597916673, 43.672732842092323 ], [ -0.198257447201376, 43.673734830494944 ], [ -0.200451950365883, 43.673937013562188 ], [ -0.203132941240526, 43.67323920346962 ], [ -0.204349854200666, 43.675052455216814 ], [ -0.215457101092151, 43.677012435828743 ], [ -0.216471378202886, 43.676226778800057 ], [ -0.217430217310403, 43.676140301667765 ], [ -0.219971094061912, 43.676270964952167 ], [ -0.222001039389421, 43.676667261857354 ], [ -0.225486576265183, 43.676395039819198 ], [ -0.227645424941845, 43.675771930935419 ], [ -0.228173074337943, 43.675823279892462 ], [ -0.229407313206475, 43.676047634500819 ], [ -0.23084180609231, 43.676839202944123 ], [ -0.231777809067576, 43.67624591398738 ], [ -0.232778260694835, 43.67711071149666 ], [ -0.233488949366851, 43.677346550248117 ], [ -0.234522997135612, 43.677004521899214 ], [ -0.234731872063456, 43.677762198719144 ], [ -0.234500911445115, 43.678465573364591 ], [ -0.236551831891212, 43.677400575648683 ], [ -0.236946691583234, 43.678407440914484 ], [ -0.237957138278124, 43.679463516797234 ], [ -0.238577196170033, 43.679639425121266 ], [ -0.237417230377363, 43.681062798312347 ], [ -0.238122307336001, 43.681172834441348 ], [ -0.238196759557957, 43.68282135831533 ], [ -0.238750254076953, 43.683443126594781 ], [ -0.242279161794228, 43.684121746035665 ], [ -0.242701779139878, 43.68379420632413 ], [ -0.243780559195577, 43.684466385893536 ], [ -0.245284450491557, 43.684810945967719 ], [ -0.246683249962901, 43.684777569533658 ], [ -0.246843410854666, 43.686424951624588 ], [ -0.246880745524138, 43.687248764336644 ], [ -0.247326367147264, 43.687428789563171 ], [ -0.248697758761861, 43.688729780905042 ], [ -0.24952532820193, 43.689597672659808 ], [ -0.250017041784109, 43.690792855827084 ], [ -0.251853123968427, 43.692716754599715 ], [ -0.252667824319563, 43.695236154765581 ], [ -0.252347489675428, 43.69587876272854 ], [ -0.252850785732778, 43.697326384182077 ], [ -0.254515697224328, 43.697414257072467 ], [ -0.257485576890434, 43.697279278882824 ], [ -0.260538042755516, 43.69898413207941 ], [ -0.260835173594029, 43.699737865110649 ], [ -0.264862014092438, 43.701737599867819 ], [ -0.265127390452693, 43.70179417863099 ], [ -0.268051362576318, 43.702548593996411 ], [ -0.269537995465401, 43.704480639452662 ], [ -0.269715852620291, 43.70644508102211 ], [ -0.271173217066833, 43.70767990434657 ], [ -0.271901922960655, 43.708297309077764 ], [ -0.272134605392047, 43.709561619515469 ], [ -0.274091420850732, 43.710275328923807 ], [ -0.274736424696413, 43.710958591079191 ], [ -0.277979272482429, 43.712974990126078 ], [ -0.278526441326003, 43.713469926629358 ], [ -0.27925818791849, 43.71415017139983 ], [ -0.280333393908671, 43.714695299734906 ], [ -0.281411551242377, 43.715304202872247 ], [ -0.282513064112612, 43.716420682530021 ], [ -0.285112557016559, 43.717754524991484 ], [ -0.287284956088789, 43.719289328026562 ], [ -0.288449936257113, 43.719895164093572 ], [ -0.288743450013748, 43.720586873588445 ], [ -0.287991973496062, 43.721366869558182 ], [ -0.289942950576335, 43.723796491288361 ], [ -0.290459130668366, 43.725497312726233 ], [ -0.289537590745669, 43.726409159653144 ], [ -0.292114131587204, 43.729140175158932 ], [ -0.291651500487452, 43.730483406218106 ], [ -0.29461419336579, 43.732062771570476 ], [ -0.30148252598615, 43.734815171684858 ], [ -0.304541275664991, 43.736582617264617 ], [ -0.309690596141355, 43.740011409266735 ], [ -0.311788354023106, 43.741802139234785 ], [ -0.315005352570325, 43.745088154451736 ], [ -0.316060811810646, 43.745189135485489 ], [ -0.331437458479957, 43.748177200960399 ], [ -0.333863018602614, 43.749449492582016 ], [ -0.335341260737405, 43.751128253696706 ], [ -0.338235692194558, 43.75492887967723 ], [ -0.339076337034306, 43.756051301550272 ], [ -0.340421653607656, 43.75671693324739 ], [ -0.342023710979325, 43.757247584564865 ], [ -0.343618680418806, 43.757653367192987 ], [ -0.344478725980058, 43.757313692733391 ], [ -0.346064741022175, 43.757528981312944 ], [ -0.346427430386157, 43.757773642666656 ], [ -0.349348177821633, 43.758400150626301 ], [ -0.35165547030186, 43.759041801266534 ], [ -0.352177977522441, 43.758964978291829 ], [ -0.352551428759869, 43.759462994822705 ], [ -0.353350485944068, 43.759697704619221 ], [ -0.354678049491687, 43.759982245769031 ], [ -0.354955805453487, 43.760292849754862 ], [ -0.3550605334943, 43.760670711670713 ], [ -0.355498065134106, 43.760659843651766 ], [ -0.357084214957534, 43.760874971570892 ], [ -0.357449991225485, 43.761183381947511 ], [ -0.358496807885588, 43.76109349348993 ], [ -0.359124123557501, 43.761395394008112 ], [ -0.359866468365472, 43.762265575224205 ], [ -0.361156827559484, 43.761789137059566 ], [ -0.361624426211319, 43.762412503111733 ], [ -0.363107016561272, 43.762247859472431 ], [ -0.363901891211134, 43.762418737667318 ], [ -0.364527505959006, 43.762657689527131 ], [ -0.364840195850609, 43.763729230129805 ], [ -0.365459774125843, 43.763840606408408 ], [ -0.366017190131579, 43.764524677958818 ], [ -0.367222021236592, 43.764050299634548 ], [ -0.367359414895383, 43.763285040436422 ], [ -0.369495969657852, 43.765834715584681 ], [ -0.370112589934344, 43.7658831786554 ], [ -0.370905742288748, 43.765990189837595 ], [ -0.371203485937794, 43.766744585510736 ], [ -0.370879813548468, 43.767323822551297 ], [ -0.371858072764435, 43.767616886791643 ], [ -0.371616388896776, 43.768067254937527 ], [ -0.372401793420174, 43.76798466549004 ], [ -0.37309311074313, 43.767776700459741 ], [ -0.374683759918042, 43.768054427843175 ], [ -0.375545619290227, 43.767779218963291 ], [ -0.376257164499348, 43.766172978370136 ], [ -0.377000227018209, 43.765202756360985 ], [ -0.377646134284197, 43.76404337945722 ], [ -0.378538167612324, 43.764402402711788 ], [ -0.379059448184094, 43.764325480967855 ], [ -0.379554749550742, 43.763678055926576 ], [ -0.380867399174682, 43.763645150015236 ], [ -0.382288008244015, 43.764053849449986 ], [ -0.382846910859837, 43.764738701864971 ], [ -0.385413332963838, 43.765309289304248 ], [ -0.386382522562148, 43.765411766344243 ], [ -0.387245524969246, 43.765136433868662 ], [ -0.387550791487929, 43.764176238066582 ], [ -0.388322710697459, 43.763839324762571 ], [ -0.3889944866932, 43.763251278072225 ], [ -0.390853931558495, 43.763648829040257 ], [ -0.391982674789328, 43.763429731795043 ], [ -0.392443312500061, 43.763926326311775 ], [ -0.393400299537903, 43.76377450114569 ], [ -0.39414324195836, 43.764645347497591 ], [ -0.395343540925786, 43.764106903560844 ], [ -0.39605177155034, 43.764279733470921 ], [ -0.39737357178182, 43.764437082451963 ], [ -0.399049187625791, 43.764648447338502 ], [ -0.399736104990736, 43.764377458367491 ], [ -0.399920032550387, 43.764563499911056 ], [ -0.401152015569048, 43.764659209422987 ], [ -0.401773503460465, 43.76483419383981 ], [ -0.402589883624587, 43.765448583298074 ], [ -0.40297249475951, 43.764295696712544 ], [ -0.403449191031536, 43.763267254585493 ], [ -0.404638457442793, 43.762476235794679 ], [ -0.405079021821084, 43.76252805337743 ], [ -0.405226314878836, 43.761953169373243 ], [ -0.405473807954836, 43.761629397912365 ], [ -0.405712124509164, 43.761115172504937 ], [ -0.405520848807419, 43.760802503113212 ], [ -0.405951030442905, 43.760664793405397 ], [ -0.406657416531353, 43.760773738340752 ], [ -0.407772682026136, 43.762079402214269 ], [ -0.41028717604196, 43.761570463363512 ], [ -0.410671625479852, 43.762259600677694 ], [ -0.41217738045137, 43.762602791722678 ], [ -0.41273042414941, 43.763159023298201 ], [ -0.413378290734535, 43.763905332040508 ], [ -0.415146838558435, 43.764240915809417 ], [ -0.41524404991923, 43.764429134343416 ], [ -0.415736758299833, 43.765558945508609 ], [ -0.417123986941135, 43.765270956855801 ], [ -0.417763872962347, 43.765824959172086 ], [ -0.418629773420943, 43.765612262322811 ], [ -0.419804556065541, 43.766345140189678 ], [ -0.422639180167303, 43.765192747329813 ], [ -0.423886592246905, 43.765605320157412 ], [ -0.424353712557948, 43.766229347168498 ], [ -0.424879281489145, 43.766215957150187 ], [ -0.425766695793134, 43.766446993555363 ], [ -0.425896579442312, 43.767333260972535 ], [ -0.427678848819961, 43.76792194754767 ], [ -0.428377974341098, 43.767904114280753 ], [ -0.428862298189075, 43.767066940133567 ], [ -0.429008790281597, 43.768268497139026 ], [ -0.429802129926663, 43.768375976089573 ], [ -0.430655665363003, 43.767908946918197 ], [ -0.434558324849736, 43.768889504323795 ], [ -0.439333092749905, 43.769781930936993 ], [ -0.439994980038099, 43.770781389371329 ], [ -0.441213414130974, 43.77240071788502 ], [ -0.442659457154653, 43.773316201606804 ], [ -0.443721895500914, 43.773543508563598 ], [ -0.445044042162262, 43.773700277525357 ], [ -0.445407259391506, 43.773944610457413 ], [ -0.446004172357405, 43.775389153141354 ], [ -0.447877445189833, 43.776102913969062 ], [ -0.449324973067161, 43.777019177761119 ], [ -0.449529543525345, 43.777648059307197 ], [ -0.450280788447505, 43.77686688111789 ], [ -0.450525010817979, 43.776480118412842 ], [ -0.45059001803601, 43.776033200297292 ], [ -0.449734479998034, 43.774658291481984 ], [ -0.450263287637314, 43.774709460023168 ], [ -0.450331417881855, 43.77432632589688 ], [ -0.450654277901195, 43.773745950763384 ], [ -0.451054626104489, 43.77297379030049 ], [ -0.452071487453288, 43.770471349056166 ], [ -0.453232873753249, 43.769172288291202 ], [ -0.454715418284495, 43.769007289865101 ], [ -0.456626790305877, 43.768703493275382 ], [ -0.458534445599866, 43.768273830314477 ], [ -0.459945130854715, 43.768491095627589 ], [ -0.461251618600865, 43.768330549530177 ], [ -0.462199176349191, 43.767988565508894 ], [ -0.463932602745111, 43.767626269352149 ], [ -0.465415076030507, 43.767461124848914 ], [ -0.467623507388786, 43.767848354849079 ], [ -0.470597978170105, 43.769548748886621 ], [ -0.471482527566434, 43.769716527597076 ], [ -0.472108628861066, 43.769953961495027 ], [ -0.475736780695757, 43.770685616618621 ], [ -0.476323821848199, 43.771940470535014 ], [ -0.477043004420042, 43.772302290786449 ], [ -0.480496576266534, 43.77303832510016 ], [ -0.480990799974477, 43.772390433254792 ], [ -0.482496006195847, 43.772732682486541 ], [ -0.483434074213967, 43.7722000634786 ], [ -0.485411412999664, 43.77144968867308 ], [ -0.486192295715086, 43.771302525209293 ], [ -0.486815356609621, 43.771476990713396 ], [ -0.488520420581448, 43.770543855571539 ], [ -0.490327259768249, 43.769861697356689 ], [ -0.491211872108556, 43.770029315189717 ], [ -0.492307596278425, 43.769174979956468 ], [ -0.493348048343001, 43.7689571240536 ], [ -0.493698846679143, 43.768947963945521 ], [ -0.495081305952352, 43.768594329811926 ], [ -0.498449355251135, 43.769332025084353 ], [ -0.499475925670113, 43.76886081295585 ], [ -0.500100894634742, 43.769098117533652 ], [ -0.501580121115515, 43.76886869694335 ], [ -0.502510959769571, 43.769987588324604 ], [ -0.504917316249483, 43.769035815795824 ], [ -0.505354882753552, 43.769024343083849 ], [ -0.507007624410331, 43.768790297907316 ], [ -0.508539499723705, 43.769639708439342 ], [ -0.509049182490946, 43.769307902058955 ], [ -0.510415695121716, 43.76863696249891 ], [ -0.511245307804489, 43.769440915526168 ], [ -0.513133507103732, 43.768629401259091 ], [ -0.514951441193436, 43.768200194334447 ], [ -0.516280007320863, 43.768482758182515 ], [ -0.517935886718947, 43.768312327631627 ], [ -0.518795096665218, 43.76797216711271 ], [ -0.520300413095887, 43.76831389057773 ], [ -0.537288672322512, 43.771611251069672 ], [ -0.538069423046386, 43.771463714114589 ], [ -0.538540517788783, 43.770370893854682 ], [ -0.541941907328488, 43.766598872443652 ], [ -0.544453455399472, 43.766023906848538 ], [ -0.545541891062348, 43.765042374572488 ], [ -0.546958536869768, 43.765322221582608 ], [ -0.548174711912416, 43.76509915726848 ], [ -0.548970179285054, 43.765268678801384 ], [ -0.5508673165832, 43.764646053278575 ], [ -0.551479601482379, 43.764629738104375 ], [ -0.552363072795546, 43.764796889515004 ], [ -0.553306786400452, 43.764390330757166 ], [ -0.554175396382503, 43.764240331970555 ], [ -0.555047195840499, 43.764153207665423 ], [ -0.555201459464557, 43.763769492522918 ], [ -0.557058789358562, 43.764099514889949 ], [ -0.558096988432632, 43.763819022550933 ], [ -0.558981706010379, 43.763986086838379 ], [ -0.560632841356223, 43.76375125848098 ], [ -0.561967933456192, 43.764159024210201 ], [ -0.564171676785938, 43.764417593053977 ], [ -0.56564932956452, 43.764188230938821 ], [ -0.56724278060364, 43.764526046882978 ], [ -0.570635524317263, 43.764054584484661 ], [ -0.570906722257919, 43.764237109776815 ], [ -0.571853552700403, 43.763894169038601 ], [ -0.572573285815715, 43.764256251789767 ], [ -0.574153827270807, 43.764340645921926 ], [ -0.574925882319693, 43.764002371984013 ], [ -0.585761472434334, 43.763457950690473 ], [ -0.589123352200262, 43.76241373160348 ], [ -0.594443906800634, 43.763666942254858 ], [ -0.596920114419575, 43.762393657567749 ], [ -0.600670054400839, 43.763752039355559 ], [ -0.603306978487618, 43.763935107386864 ], [ -0.606712485208324, 43.763715832990755 ], [ -0.608031550463941, 43.763806835572474 ], [ -0.608499804732476, 43.764365323118575 ], [ -0.609772377383882, 43.765284252482942 ], [ -0.610965934862817, 43.766330354974016 ], [ -0.611281262339485, 43.767338268932662 ], [ -0.614036654741882, 43.769802720562019 ], [ -0.615648235249005, 43.770456887398311 ], [ -0.615838703482652, 43.769055592711524 ], [ -0.617870134138434, 43.769380745650643 ], [ -0.618797039029294, 43.76865742040075 ], [ -0.620509700328887, 43.767911750807514 ], [ -0.623215079462226, 43.767711063133788 ], [ -0.624339733762862, 43.767426668168838 ], [ -0.625487420914453, 43.767585112719438 ], [ -0.628034517822659, 43.767706173501018 ], [ -0.630596914853183, 43.768144299950663 ], [ -0.632029304723312, 43.76702560392259 ], [ -0.632668018229466, 43.767515457574021 ], [ -0.633338598196169, 43.766926762850915 ], [ -0.634380510472385, 43.766770467832963 ], [ -0.635949224341528, 43.766600614242478 ], [ -0.636656120885467, 43.766708060935066 ], [ -0.638220300816768, 43.766475329412316 ], [ -0.639785660424841, 43.766241643057661 ], [ -0.641764065723384, 43.765552199679995 ], [ -0.643232658738223, 43.765130414845885 ], [ -0.643949521582348, 43.765428246943657 ], [ -0.645340854182445, 43.761896973867543 ], [ -0.648260824959952, 43.760800979982115 ], [ -0.648463693407538, 43.759652049809418 ], [ -0.650416156655322, 43.760106499852547 ], [ -0.652394220232204, 43.759416865598858 ], [ -0.653039721806245, 43.760034149737969 ], [ -0.65493100244002, 43.75934686256327 ], [ -0.655721288654751, 43.759388911307582 ], [ -0.656323475333072, 43.759181573187249 ], [ -0.657481147488011, 43.759531007517914 ], [ -0.660486631554476, 43.758368444533048 ], [ -0.66121347956185, 43.758855693365994 ], [ -0.663500900871819, 43.759046964608956 ], [ -0.66404513209183, 43.759412412436568 ], [ -0.666257958342482, 43.759859370370371 ], [ -0.672471670289639, 43.761401585394637 ], [ -0.672839154403564, 43.761708929577267 ], [ -0.673822188368264, 43.762062144494656 ], [ -0.676920236328558, 43.762675005537055 ], [ -0.678983241793753, 43.763569368476496 ], [ -0.679955063261467, 43.763733031462671 ], [ -0.680197073428421, 43.764997397693712 ], [ -0.680611005564541, 43.764540582897901 ], [ -0.681462470583138, 43.764072481767023 ], [ -0.681526938580269, 43.763626294889484 ], [ -0.682887041058795, 43.762826464157101 ], [ -0.682856787360563, 43.762256075379888 ], [ -0.68352211632046, 43.761602433275449 ], [ -0.685046036921338, 43.758956575020761 ], [ -0.685537762965882, 43.758306861628277 ], [ -0.686231200518203, 43.75816067911466 ], [ -0.686760877979264, 43.7582727419151 ], [ -0.6876067580015, 43.757678805747631 ], [ -0.688222268607437, 43.757724595776793 ], [ -0.690165723036438, 43.758050847847088 ], [ -0.69167088776002, 43.758326344912561 ], [ -0.694926772208928, 43.758616726570686 ], [ -0.695643823178899, 43.758914215498969 ], [ -0.69702941840838, 43.758621751364842 ], [ -0.697820916870545, 43.758662560324964 ], [ -0.699802996703127, 43.758035802476762 ], [ -0.70178719729434, 43.757472818356646 ], [ -0.704790381045692, 43.756308165828045 ], [ -0.705837837044726, 43.756215789009957 ], [ -0.707471185834948, 43.75566164953333 ], [ -0.708454330064937, 43.756014548934409 ], [ -0.70895599816296, 43.755556054631569 ], [ -0.709369679150076, 43.755100031437422 ], [ -0.710522705501255, 43.753734427497399 ], [ -0.712130001857387, 43.752672683123578 ], [ -0.711655238809245, 43.751987064629816 ], [ -0.712250409880382, 43.751653664842756 ], [ -0.712899534958768, 43.750682737662089 ], [ -0.716498949937817, 43.750835949587106 ], [ -0.71679900618327, 43.751525571821439 ], [ -0.716648141436036, 43.751975118217587 ], [ -0.718625120371645, 43.75128428010121 ], [ -0.718830434475921, 43.751849727584613 ], [ -0.719540678808767, 43.752019508737149 ], [ -0.720257775230765, 43.75231683347112 ], [ -0.720983866119787, 43.752804612580618 ], [ -0.721613004531164, 43.753104411146786 ], [ -0.722935433199711, 43.753257789424275 ], [ -0.723908443979032, 43.753421022295463 ], [ -0.724265916770735, 43.753537766431556 ], [ -0.724191557862058, 43.753793551460298 ], [ -0.724468554120192, 43.755691059759073 ], [ -0.725038293311909, 43.756500788122381 ], [ -0.72603806350943, 43.758821372887283 ], [ -0.73134882640485, 43.759813627616232 ], [ -0.731421921811175, 43.759557871655922 ], [ -0.732381361113352, 43.759466831093839 ], [ -0.732982030114172, 43.75925910244537 ], [ -0.733921017818871, 43.758788997100226 ], [ -0.734877047954381, 43.758635058762643 ], [ -0.735657106691908, 43.758486101311689 ], [ -0.736426882642463, 43.758146714878642 ], [ -0.738078352300173, 43.757909151263753 ], [ -0.741035251089536, 43.757507648307289 ], [ -0.741479526970275, 43.757621872254347 ], [ -0.742421769449303, 43.757213671075156 ], [ -0.743480406316277, 43.757374299094984 ], [ -0.745695014607419, 43.757819599894475 ], [ -0.746649757476794, 43.757665593120663 ], [ -0.74815172926246, 43.757876532508575 ], [ -0.74831959064488, 43.757744909490214 ], [ -0.748662174489517, 43.757608311391969 ], [ -0.748964714029235, 43.756709988792736 ], [ -0.750007408977478, 43.756553447170965 ], [ -0.750765556638854, 43.756024471135333 ], [ -0.751970400961229, 43.755608701950251 ], [ -0.752302631956052, 43.755281671044052 ], [ -0.753013067495318, 43.755452131550015 ], [ -0.753786160682619, 43.755176395834368 ], [ -0.754964979854896, 43.755904732717944 ], [ -0.756209880336996, 43.75624973879065 ], [ -0.759901161443362, 43.756461874077289 ], [ -0.763623529039933, 43.757244247393466 ], [ -0.766597495600204, 43.757159115894389 ], [ -0.767310235060677, 43.757393291308368 ], [ -0.768309881645926, 43.758063649967923 ], [ -0.770619555622295, 43.758631670121858 ], [ -0.773628228381243, 43.759180480941147 ], [ -0.775049328508285, 43.759521118809609 ], [ -0.775606936351139, 43.760140234727189 ], [ -0.776736225839847, 43.763155703267948 ], [ -0.778864519641792, 43.763601922511604 ], [ -0.780172238072812, 43.763501344807906 ], [ -0.780979988725611, 43.763858649726281 ], [ -0.782491445202217, 43.764259569975856 ], [ -0.782704429152845, 43.764952447010153 ], [ -0.783593315034367, 43.765181451033527 ], [ -0.784041182916545, 43.765358375689452 ], [ -0.784933577646014, 43.765651141479715 ], [ -0.785329284987317, 43.764876860432395 ], [ -0.786197287639334, 43.764725003838805 ], [ -0.786424165762073, 43.76567026963086 ], [ -0.78678410332905, 43.765850616973928 ], [ -0.787162682238331, 43.766347994067168 ], [ -0.788933537157398, 43.766678377081433 ], [ -0.789589769021391, 43.767484407823559 ], [ -0.789610685316427, 43.767865247014477 ], [ -0.789720787745637, 43.768242613921473 ], [ -0.789471950553355, 43.768503487370687 ], [ -0.790541391203747, 43.768854076961169 ], [ -0.790982400002261, 43.768905224570759 ], [ -0.791619963755805, 43.767744293219408 ], [ -0.792578552170115, 43.769239693533436 ], [ -0.793687169849596, 43.768699386525974 ], [ -0.793814406458779, 43.767807775593354 ], [ -0.79493815884642, 43.767520713951079 ], [ -0.795906919694957, 43.767620463902013 ], [ -0.796617540616708, 43.767788843789823 ], [ -0.797382908130428, 43.76897402024435 ], [ -0.798975636192869, 43.769245520856202 ], [ -0.799515094690516, 43.76948360848759 ], [ -0.799836640941029, 43.768966009900787 ], [ -0.800591595904965, 43.769960745779166 ], [ -0.801760819983287, 43.770498162595935 ], [ -0.803353611528537, 43.770769599211135 ], [ -0.803290089850219, 43.771215860265549 ], [ -0.802019480458019, 43.772014656580311 ], [ -0.80371434182879, 43.77253773115514 ], [ -0.803381016419671, 43.772864061285347 ], [ -0.803906551347195, 43.772848834508395 ], [ -0.805298969062923, 43.772682528962456 ], [ -0.805831444566216, 43.772793041103739 ], [ -0.80671702376816, 43.772958084554553 ], [ -0.808364318279891, 43.771068733707629 ], [ -0.810548770505458, 43.769354483333949 ], [ -0.812417146868858, 43.769872382028424 ], [ -0.814027472490951, 43.770459827077644 ], [ -0.815391442502391, 43.77137288806373 ], [ -0.81559778950976, 43.771938160050787 ], [ -0.815832248647476, 43.773010913144446 ], [ -0.815528384856819, 43.773845624424695 ], [ -0.814742277372884, 43.775455457247851 ], [ -0.814791465187921, 43.776343776495871 ], [ -0.815413053533691, 43.776515527297164 ], [ -0.816631942336551, 43.776353224037472 ], [ -0.816695144781778, 43.777493937059674 ], [ -0.81742591635483, 43.778044850967959 ], [ -0.818895713910421, 43.779272376533477 ], [ -0.81826800034686, 43.782148837114271 ], [ -0.819775377911112, 43.782484608456087 ], [ -0.823230472599477, 43.78314685384796 ], [ -0.825534723521585, 43.783587966304331 ], [ -0.826063845854, 43.783635506011308 ], [ -0.826549594776111, 43.784511092842422 ], [ -0.827264112681354, 43.784743944320006 ], [ -0.82713214076666, 43.785854374372875 ], [ -0.828474967754905, 43.786041890338367 ], [ -0.828854044997447, 43.786539129009512 ], [ -0.830365200500602, 43.786939424650498 ], [ -0.832427989470661, 43.787768008314622 ], [ -0.832418971693184, 43.787784465827407 ], [ -0.836784425014156, 43.786881256270561 ], [ -0.836628092823448, 43.785859317792124 ], [ -0.836690568146686, 43.785398661452348 ], [ -0.837157253614453, 43.78530582898285 ], [ -0.837665485222116, 43.785111915441639 ], [ -0.838590155535572, 43.784904003166289 ], [ -0.83883726234022, 43.784325479479747 ], [ -0.840737020791505, 43.784902275896982 ], [ -0.841652442685368, 43.785218212478121 ], [ -0.842635731689218, 43.78623748851269 ], [ -0.843480799538814, 43.787115965938547 ], [ -0.844250871448452, 43.78678568753044 ], [ -0.844725819937296, 43.786596315642988 ], [ -0.845381122691677, 43.78661216983793 ], [ -0.846637735262374, 43.786522197464294 ], [ -0.847348676125939, 43.786001104004526 ], [ -0.847491999380146, 43.786942444792132 ], [ -0.847725491585919, 43.787098426328654 ], [ -0.848114226618737, 43.787609714212834 ], [ -0.848510158361808, 43.788249442313024 ], [ -0.849472764636078, 43.789295361811867 ], [ -0.850810254031684, 43.790670329211984 ], [ -0.851659901112948, 43.791516228493542 ], [ -0.851240680934367, 43.792257290931943 ], [ -0.849506916799687, 43.79320972798569 ], [ -0.849664362220758, 43.793559572063813 ], [ -0.850605152056469, 43.794103212169247 ], [ -0.850475831849514, 43.794388611605207 ], [ -0.851445896459091, 43.793947141110301 ], [ -0.852120846073054, 43.794046049220825 ], [ -0.852591852258883, 43.793608448741431 ], [ -0.852892182198496, 43.793338708367919 ], [ -0.853479044879648, 43.793439299520934 ], [ -0.854956113476677, 43.794265814621021 ], [ -0.855304239095547, 43.794604640582328 ], [ -0.855240563571364, 43.795063550762904 ], [ -0.855413619183763, 43.794960391239847 ], [ -0.856744398644314, 43.794595520523202 ], [ -0.857715405927922, 43.794149466432664 ], [ -0.858956673414787, 43.795088139165074 ], [ -0.85960181758156, 43.795783467429075 ], [ -0.859675095264061, 43.796269833022038 ], [ -0.860382720488598, 43.796927328757945 ], [ -0.860676004883831, 43.797283950822163 ], [ -0.861870236574265, 43.798488489159226 ], [ -0.862496956341419, 43.798744402889938 ], [ -0.862541035306833, 43.799219034337739 ], [ -0.863032835691445, 43.798975103728473 ], [ -0.863192731021762, 43.798372996029073 ], [ -0.863664532188813, 43.798369867818167 ], [ -0.864900420362179, 43.798304593092901 ], [ -0.866778629798553, 43.798507328386201 ], [ -0.867560774410141, 43.798809903566728 ], [ -0.868050016766183, 43.798697379113989 ], [ -0.868993269392456, 43.798817044816012 ], [ -0.869367291999555, 43.798886058414112 ], [ -0.869855567804487, 43.7986242064935 ], [ -0.870355566684008, 43.798856832746637 ], [ -0.871866679090422, 43.79814366103291 ], [ -0.872155994027886, 43.798054127676259 ], [ -0.872181710368746, 43.797695291521826 ], [ -0.871515035984829, 43.797061847588793 ], [ -0.871442845436523, 43.796574554849862 ], [ -0.870872277328796, 43.79603722970387 ], [ -0.872213300187658, 43.795084369717706 ], [ -0.87310123823854, 43.79486285505466 ], [ -0.874959184604494, 43.794465955396291 ], [ -0.876574555844027, 43.79417247907044 ], [ -0.877462411965251, 43.793950030678516 ], [ -0.87848319602246, 43.793508607957669 ], [ -0.880178038786711, 43.793413350297008 ], [ -0.881082036900079, 43.794267318878489 ], [ -0.88237386883411, 43.795631587066858 ], [ -0.884342964699822, 43.797790846207434 ], [ -0.884724625394683, 43.798169974061366 ], [ -0.884372852976935, 43.79959114254541 ], [ -0.883656762642711, 43.799996581185312 ], [ -0.883494724424387, 43.800293793673312 ], [ -0.883602461262086, 43.800617182724089 ], [ -0.883661182914896, 43.800754891240167 ], [ -0.883760682188874, 43.801217977461441 ], [ -0.883468814770707, 43.801613513703558 ], [ -0.882755067703786, 43.802741330732154 ], [ -0.882250207029607, 43.802973144889485 ], [ -0.882268655985276, 43.803299186253945 ], [ -0.882050279217819, 43.803435224470206 ], [ -0.882416683914966, 43.803522414693795 ], [ -0.882995223423999, 43.803407171896175 ], [ -0.883551694252585, 43.802902113758933 ], [ -0.884070835627626, 43.802527717448768 ], [ -0.885508399232261, 43.801876815795744 ], [ -0.886082658725074, 43.801489075558635 ], [ -0.887631506433308, 43.800786253695293 ], [ -0.888252134529687, 43.799967968100212 ], [ -0.889026277108893, 43.799294461437029 ], [ -0.889532291065587, 43.798777376942184 ], [ -0.889740824539052, 43.798183671318633 ], [ -0.890749328061051, 43.797241366804322 ], [ -0.890911863323617, 43.796909939560152 ], [ -0.89200780919327, 43.795605142253805 ], [ -0.892209514712324, 43.795176279402533 ], [ -0.891829608094896, 43.794828614835566 ], [ -0.891256979677342, 43.794258165075362 ], [ -0.890248837187523, 43.793147365572416 ], [ -0.889624815900721, 43.792480372173877 ], [ -0.888476047260085, 43.791275678062085 ], [ -0.887853357954116, 43.790609536655488 ], [ -0.888181491532286, 43.790044668571561 ], [ -0.88777767049778, 43.789273951083437 ], [ -0.888533988243023, 43.789120998769071 ], [ -0.890028122746664, 43.788489041685168 ], [ -0.889620296071139, 43.788436401820547 ], [ -0.888619619585302, 43.787454928559505 ], [ -0.888859497979815, 43.786144145254106 ], [ -0.888992104759534, 43.785876591430451 ], [ -0.889936134431422, 43.785399553556736 ], [ -0.890599165459305, 43.785047832346194 ], [ -0.890265387044881, 43.784986693447017 ], [ -0.889389724650554, 43.78410677285094 ], [ -0.890325284768277, 43.783393365990328 ], [ -0.890171081941995, 43.783038981946397 ], [ -0.890241898478514, 43.782711187878995 ], [ -0.890863003369406, 43.782562242284797 ], [ -0.891778637569645, 43.782045547030016 ], [ -0.891545045457525, 43.781889660893249 ], [ -0.891305901385425, 43.781635873998724 ], [ -0.891187050726381, 43.78111669647415 ], [ -0.891795244348679, 43.780740509420006 ], [ -0.891598894607504, 43.780453060261287 ], [ -0.891890342340837, 43.780053017277417 ], [ -0.892490484073506, 43.779513323474312 ], [ -0.892950543606758, 43.778912123218383 ], [ -0.893146575847097, 43.778384465600546 ], [ -0.893482080252213, 43.777951616569091 ], [ -0.894840366220756, 43.776507623426532 ], [ -0.895390312734982, 43.775872243771133 ], [ -0.895989137785287, 43.775332569186332 ], [ -0.896850476231856, 43.775436430363797 ], [ -0.897329033899204, 43.775162143798006 ], [ -0.898206674216476, 43.774744590888503 ], [ -0.899910500298028, 43.773878610936286 ], [ -0.900758298539126, 43.773722836136706 ], [ -0.901501395361025, 43.77334166301624 ], [ -0.902450162854844, 43.773411377833554 ], [ -0.902817248583352, 43.773469682198908 ], [ -0.903488583668533, 43.773114931425823 ], [ -0.904875695489023, 43.772968190481699 ], [ -0.905436606826115, 43.772898331438789 ], [ -0.906607719001578, 43.773710797331283 ], [ -0.907199303411822, 43.774375055974957 ], [ -0.907192994678574, 43.774700032045331 ], [ -0.907969672769265, 43.775496400021296 ], [ -0.908807106957681, 43.776399806760381 ], [ -0.908015992436036, 43.777092861411852 ], [ -0.907052533110278, 43.777550850719223 ], [ -0.906321404216785, 43.777924506897705 ], [ -0.906291040204814, 43.778415746200707 ], [ -0.907395981298842, 43.778675081164245 ], [ -0.907714013467552, 43.778895883091742 ], [ -0.908010921669233, 43.778593696459403 ], [ -0.909283295752695, 43.778000491297007 ], [ -0.910391361779163, 43.778445038736599 ], [ -0.910771304670473, 43.778836718191627 ], [ -0.911294317133361, 43.779341969364324 ], [ -0.912005180618778, 43.779722829023051 ], [ -0.912482758692129, 43.780236634607476 ], [ -0.912993771158235, 43.780726943826544 ], [ -0.913487883034485, 43.781269040437245 ], [ -0.913657826922956, 43.781483470314001 ], [ -0.913766638441647, 43.78164935021082 ], [ -0.914172643041722, 43.781670463559614 ], [ -0.914509161042319, 43.782018449753288 ], [ -0.914889120641678, 43.782366031725289 ], [ -0.915045271741528, 43.782751815944323 ], [ -0.915455013934831, 43.782599171151674 ], [ -0.916447676675697, 43.782130333011814 ], [ -0.918009380282572, 43.781863027637549 ], [ -0.918511045314848, 43.782384183694155 ], [ -0.919058102574838, 43.782613371925379 ], [ -0.919629493924946, 43.782833729285038 ], [ -0.920528355459146, 43.782657373704041 ], [ -0.921154065152568, 43.78256839378934 ], [ -0.921638547214722, 43.782333405590549 ], [ -0.922922330402021, 43.781961920022027 ], [ -0.923147190891371, 43.781356857668072 ], [ -0.923507706549471, 43.781082403194759 ], [ -0.923682293167728, 43.780770354504973 ], [ -0.923594479655339, 43.780342939481564 ], [ -0.92366334635011, 43.780006180026952 ], [ -0.923186183823625, 43.779501405268519 ], [ -0.922839094136906, 43.779142967003082 ], [ -0.922917973132522, 43.778850892209284 ], [ -0.923537551091937, 43.778005435875258 ], [ -0.924268357825286, 43.777649663921849 ], [ -0.925128192271738, 43.777422259642186 ], [ -0.924474230303182, 43.776800453310287 ], [ -0.924613800979249, 43.776137675513027 ], [ -0.924754354702274, 43.775448776970407 ], [ -0.925949385503912, 43.774831606428407 ], [ -0.925870015317471, 43.774508305452407 ], [ -0.925153716444593, 43.773773220676901 ], [ -0.92551977635812, 43.773076635190606 ], [ -0.925811601586016, 43.77218974846803 ], [ -0.926070804087089, 43.772076681203956 ], [ -0.926718076159656, 43.771997813316773 ], [ -0.926746519944575, 43.771736045226945 ], [ -0.927473511283914, 43.771358772451791 ], [ -0.927729089753789, 43.770533251732324 ], [ -0.928597744120207, 43.770245272219725 ], [ -0.929305748638633, 43.769905446185312 ], [ -0.930813557934764, 43.769657564959665 ], [ -0.932071464625311, 43.769619631845153 ], [ -0.932462136249292, 43.769115713974728 ], [ -0.933013652219952, 43.768580850803751 ], [ -0.933469472537699, 43.768109152037404 ], [ -0.933866885451699, 43.767614922200089 ], [ -0.933653614401362, 43.766603802774895 ], [ -0.932606952377572, 43.765930922841036 ], [ -0.933323330871049, 43.764787389873867 ], [ -0.933849280042551, 43.764542995506034 ], [ -0.934427319514153, 43.764427481743724 ], [ -0.934910559471908, 43.764217659949104 ], [ -0.935449609893573, 43.764201384385053 ], [ -0.935832934315639, 43.763829931230347 ], [ -0.936116396809756, 43.763513675019112 ], [ -0.937324378473136, 43.763020139859961 ], [ -0.938503214411607, 43.762430304673792 ], [ -0.938854440756588, 43.761997731573885 ], [ -0.939560420747485, 43.761625507853289 ], [ -0.939227743942859, 43.761301779114497 ], [ -0.938544483565714, 43.760601778472541 ], [ -0.938312794029146, 43.760005087073388 ], [ -0.93781145338085, 43.759446234565168 ], [ -0.936791816893685, 43.758378519415253 ], [ -0.935964271244847, 43.757499328052624 ], [ -0.935159159899727, 43.756362143126218 ], [ -0.933775362858221, 43.755262216207299 ], [ -0.932780913220913, 43.754219801751113 ], [ -0.932382188434326, 43.753889952082012 ], [ -0.932120549070389, 43.753245573746504 ], [ -0.930635596366297, 43.751656537959761 ], [ -0.931941637175231, 43.750756145358707 ], [ -0.932489364263268, 43.75026638522332 ], [ -0.931775501661742, 43.749569976484693 ], [ -0.931305960489425, 43.749000246934997 ], [ -0.9307355867338, 43.748770937796692 ], [ -0.93143619613586, 43.74832875394074 ], [ -0.931434080809572, 43.747643260078071 ], [ -0.932399215568212, 43.747140008266314 ], [ -0.933027766916194, 43.747085951663102 ], [ -0.932885308637562, 43.746960697006855 ], [ -0.931376499155056, 43.745342713470073 ], [ -0.930966292440838, 43.744898050200014 ], [ -0.930358006464834, 43.744310012935337 ], [ -0.930039352662994, 43.743622371614741 ], [ -0.929653943619255, 43.743176956815141 ], [ -0.928582033421166, 43.742271808779719 ], [ -0.925940310239111, 43.742273134705734 ], [ -0.926475606075104, 43.741870150334741 ], [ -0.926323757455872, 43.741580530627168 ], [ -0.927279298351629, 43.740997542750193 ], [ -0.92929753615881, 43.7401216041794 ], [ -0.931339370509775, 43.739636274029131 ], [ -0.932728649527477, 43.7393262467575 ], [ -0.933899403300048, 43.738776288102372 ], [ -0.934706998971623, 43.738751900445479 ], [ -0.937097706751186, 43.737559571388964 ], [ -0.937666679041284, 43.737032255692988 ], [ -0.938049150172829, 43.737037786865088 ], [ -0.93866168430973, 43.737915346025353 ], [ -0.938870894241117, 43.737648112741596 ], [ -0.938608599429122, 43.737294373607412 ], [ -0.938688732164525, 43.736983360812893 ], [ -0.938037979121617, 43.736433541125379 ], [ -0.938008026405749, 43.735912633799487 ], [ -0.936189622705852, 43.734043188786707 ], [ -0.935047910576664, 43.732893711352887 ], [ -0.93657158287466, 43.732075753396131 ], [ -0.938711602978224, 43.731060099877396 ], [ -0.938978213490762, 43.730648082776483 ], [ -0.939708005194326, 43.730265238162609 ], [ -0.941151622647728, 43.729589084630454 ], [ -0.942600908909814, 43.72957220133982 ], [ -0.9426957228786, 43.729322819388926 ], [ -0.941687883993107, 43.728236836420571 ], [ -0.941105891879909, 43.727242320061279 ], [ -0.940181801987285, 43.726683698733545 ], [ -0.939518412484779, 43.726214348312574 ], [ -0.93793006848096, 43.723983523469386 ], [ -0.937577669561222, 43.722535816019267 ], [ -0.938784668097042, 43.72206207505409 ], [ -0.93872989471659, 43.721454656374306 ], [ -0.939188349627443, 43.721230265888487 ], [ -0.938560501880282, 43.720212840654476 ], [ -0.93968169367862, 43.720469515262131 ], [ -0.942531352575565, 43.719529470109748 ], [ -0.941862499967793, 43.718511506490785 ], [ -0.942265754490147, 43.717716585191795 ], [ -0.942871245367022, 43.718280332989686 ], [ -0.943545301172119, 43.717988215647281 ], [ -0.943827638051077, 43.71782941762023 ], [ -0.944130102690093, 43.718084756067533 ], [ -0.943781627082019, 43.718258154009646 ], [ -0.943877652416427, 43.718353308658493 ], [ -0.944023839001328, 43.718544107680295 ], [ -0.94459944749455, 43.718200986239097 ], [ -0.944644104175985, 43.718394861116337 ], [ -0.945724717119453, 43.717947361504805 ], [ -0.945558663562017, 43.718660434856552 ], [ -0.947425696998087, 43.718278144349654 ], [ -0.949323259562521, 43.71838251622053 ], [ -0.950469296229639, 43.718102120956566 ], [ -0.951270095002549, 43.717900572155436 ], [ -0.95282295180489, 43.717942475604517 ], [ -0.954252127675507, 43.717926038502426 ], [ -0.956469096269808, 43.717612125026143 ], [ -0.95700705318339, 43.71779908893614 ], [ -0.958558742956627, 43.71762772272043 ], [ -0.959005900890759, 43.717166974977545 ], [ -0.960443194829324, 43.717719703306074 ], [ -0.961847562805894, 43.717510490719185 ], [ -0.962606563213608, 43.717830143357439 ], [ -0.963237738089725, 43.718276942521484 ], [ -0.963908566182015, 43.7187657143282 ], [ -0.964787653148571, 43.718888261377742 ], [ -0.965687247641146, 43.719150525980304 ], [ -0.965997101752989, 43.720301662858958 ], [ -0.966522010034993, 43.720583446095816 ], [ -0.96591875146805, 43.721902785490073 ], [ -0.966761941101124, 43.721191508664731 ], [ -0.966973582953725, 43.721290314670448 ], [ -0.966752868520444, 43.722061777591513 ], [ -0.966504789305997, 43.722425619331531 ], [ -0.9670614767708, 43.722378047604629 ], [ -0.967500692362416, 43.722443818748886 ], [ -0.96705551504057, 43.722703014834579 ], [ -0.966598849496112, 43.723384510593576 ], [ -0.966377421580951, 43.723523518199769 ], [ -0.966747181019072, 43.723846021525546 ], [ -0.967117986443598, 43.724186485551776 ], [ -0.968115708275641, 43.723444392030181 ], [ -0.968428592270848, 43.723812710106145 ], [ -0.968591290678084, 43.724286376236634 ], [ -0.968962182915459, 43.723687561349536 ], [ -0.969358946499978, 43.723577383480318 ], [ -0.968928601633236, 43.72156983214618 ], [ -0.969427140825247, 43.722850156226876 ], [ -0.969650574589685, 43.72315192601787 ], [ -0.970496105435941, 43.724553906458809 ], [ -0.971006006703231, 43.724832530288708 ], [ -0.972030074581579, 43.725420230404474 ], [ -0.972699546076717, 43.726117724135811 ], [ -0.972772512905123, 43.726604924390422 ], [ -0.972338879895692, 43.727660913523181 ], [ -0.9723455497901, 43.728245507248019 ], [ -0.972717408738631, 43.728603017007018 ], [ -0.971644967871486, 43.72963983626655 ], [ -0.970675170471657, 43.730158887730063 ], [ -0.969330234940101, 43.730819837065198 ], [ -0.969028857075552, 43.731056657675659 ], [ -0.969404365313649, 43.731306105355621 ], [ -0.969858316065669, 43.731731295612718 ], [ -0.970205751647396, 43.731967202896008 ], [ -0.970542957177775, 43.732347372054861 ], [ -0.970919171896374, 43.732630082172236 ], [ -0.970850759245126, 43.732990248434454 ], [ -0.97067952842317, 43.733908664113343 ], [ -0.970918825541572, 43.734162267169154 ], [ -0.970848585505799, 43.734491000358339 ], [ -0.970365106031913, 43.735459437345668 ], [ -0.969188813414855, 43.736056754335358 ], [ -0.969417019162604, 43.736226128602262 ], [ -0.970424987573619, 43.735742811526528 ], [ -0.971237997108474, 43.734808395291608 ], [ -0.972039369227985, 43.73403717259675 ], [ -0.971223878580924, 43.736338304506411 ], [ -0.971730665441714, 43.736006133754749 ], [ -0.972374886315825, 43.736010745741396 ], [ -0.972773732718682, 43.73668232740043 ], [ -0.974439020939493, 43.736749292683207 ], [ -0.974236163525331, 43.736311944151893 ], [ -0.976058173881849, 43.735425814389522 ], [ -0.976609095936736, 43.734871844713766 ], [ -0.976635142291227, 43.734274550207154 ], [ -0.977595705954487, 43.734513270160818 ], [ -0.979254807798986, 43.734325734894711 ], [ -0.977405086848349, 43.73128020389818 ], [ -0.978288726280391, 43.731050729863476 ], [ -0.97932911775734, 43.730807452179768 ], [ -0.980806139991845, 43.730797306617752 ], [ -0.980426632259097, 43.7282007197011 ], [ -0.981112752191907, 43.727925088921936 ], [ -0.98164684244494, 43.727637917644763 ], [ -0.982176999309958, 43.72670848362867 ], [ -0.98342633311276, 43.726539733228762 ], [ -0.984241713386213, 43.725885846648133 ], [ -0.984179972623725, 43.724209813816955 ], [ -0.985495863726644, 43.72422613292084 ], [ -0.986717636892321, 43.724351488344517 ], [ -0.988453472844767, 43.72497387242575 ], [ -0.989697782645353, 43.725336022518697 ], [ -0.991082254739037, 43.727459956441528 ], [ -0.991807276753681, 43.728869994515435 ], [ -0.992239933347208, 43.729840966960104 ], [ -0.992565776487756, 43.730024386147853 ], [ -0.99360677586962, 43.730662656729123 ], [ -0.994641736904294, 43.73172756263105 ], [ -0.995637184879788, 43.732328530057508 ], [ -0.996265571728202, 43.733059546473861 ], [ -0.996708058343672, 43.733518273223837 ], [ -0.997594756871811, 43.733341628498259 ], [ -0.99737978754724, 43.732785031551678 ], [ -0.997808578471021, 43.73264947111943 ], [ -0.998619560972703, 43.732430163511545 ], [ -0.998718342198451, 43.732252578843593 ], [ -0.99817899254099, 43.731750058572963 ], [ -0.998247459731695, 43.731457346114716 ], [ -0.997871687528185, 43.730845422305642 ], [ -0.997675856090145, 43.730276541783631 ], [ -0.995885656273127, 43.728114780863763 ], [ -0.995135047968379, 43.726799123909451 ], [ -0.995610779996197, 43.726491184545729 ], [ -0.996232287326222, 43.726342501831532 ], [ -0.996308046515729, 43.726110746959293 ], [ -0.993470864153541, 43.722969919777171 ], [ -1.000223793292487, 43.727686995982566 ], [ -1.000878327552936, 43.727720808095675 ], [ -1.001214771057045, 43.727280381133092 ], [ -1.002258639959809, 43.726887421117922 ], [ -1.003590670759458, 43.726881432113849 ], [ -1.002993362796399, 43.725792320508752 ], [ -1.003075225861704, 43.725728616139001 ], [ -1.001334706062575, 43.721325167975493 ], [ -1.005876193751781, 43.726697549785392 ], [ -1.006632549117455, 43.726542844985858 ], [ -1.007538036465536, 43.726646243292244 ], [ -1.008435826552625, 43.726618514950736 ], [ -1.009949945291639, 43.726375598468827 ], [ -1.010766170970787, 43.726479928930324 ], [ -1.011709251639288, 43.726484062508398 ], [ -1.01257325410928, 43.72662019143231 ], [ -1.013285726608294, 43.72650008597266 ], [ -1.013829777581634, 43.728114425814255 ], [ -1.014075413609192, 43.728578273482313 ], [ -1.015099190129403, 43.728477314960841 ], [ -1.015477555738772, 43.728940650766226 ], [ -1.015421986728518, 43.729240174849153 ], [ -1.015960702031871, 43.729750729390453 ], [ -1.016546466646191, 43.730428071051897 ], [ -1.017157235128619, 43.730392064031733 ], [ -1.017252028283031, 43.72970534756903 ], [ -1.018286555518906, 43.730355286003046 ], [ -1.019269435629, 43.73035992230411 ], [ -1.019384608632516, 43.73004055412472 ], [ -1.020078288334381, 43.729685262175693 ], [ -1.021559090697014, 43.728918683795186 ], [ -1.025368539151994, 43.727038847492985 ], [ -1.025633621285724, 43.726884863914819 ], [ -1.02628255949889, 43.726802633403025 ], [ -1.026909269295272, 43.726470069123785 ], [ -1.027247033713893, 43.726307525902982 ], [ -1.027571460283837, 43.726675327696327 ], [ -1.028150440032028, 43.726920955948344 ], [ -1.028232298985605, 43.726584618225239 ], [ -1.028728231304839, 43.726054570449186 ], [ -1.029320263591695, 43.725513435868834 ], [ -1.029468307537317, 43.724890730287214 ], [ -1.029715697337066, 43.724815561416435 ], [ -1.029825384593793, 43.724215641006673 ], [ -1.029917207122786, 43.723922178759771 ], [ -1.030221864826657, 43.72353572663804 ], [ -1.030792380269047, 43.722925075103845 ], [ -1.030938952720411, 43.722361794821566 ], [ -1.031856048244041, 43.721130352936818 ], [ -1.032366914357622, 43.720875135691415 ], [ -1.032789373717361, 43.720970855991084 ], [ -1.033463293392385, 43.720578301617188 ], [ -1.035157571703288, 43.719715813452176 ], [ -1.03779240121571, 43.718377731575728 ], [ -1.038362900966582, 43.718606472225808 ], [ -1.039403467146795, 43.718583029805572 ], [ -1.039800866904507, 43.718632718604127 ], [ -1.039637007562338, 43.718149282926227 ], [ -1.040469341156511, 43.718547091727011 ], [ -1.041286788624437, 43.718672745043087 ], [ -1.041523140335524, 43.718872306015385 ], [ -1.042508486139229, 43.718837960669241 ], [ -1.042943250534683, 43.718534682718563 ], [ -1.043565866291481, 43.718073486555653 ], [ -1.043947539665572, 43.718046275428584 ], [ -1.044457178445095, 43.71754181595449 ], [ -1.045679039322263, 43.716916138657098 ], [ -1.046266598598183, 43.716408336400477 ], [ -1.046546823832541, 43.716030696631925 ], [ -1.047094636255271, 43.715731066541238 ], [ -1.046859802313014, 43.715598949299292 ], [ -1.046332814265522, 43.715037798670139 ], [ -1.046000911570396, 43.714753961604195 ], [ -1.04655250699816, 43.713432139278439 ], [ -1.047336436737715, 43.713015363872884 ], [ -1.048465820938604, 43.71246362117067 ], [ -1.049167749404093, 43.712044897280954 ], [ -1.050267244665428, 43.711783778255459 ], [ -1.051717756925837, 43.711085196980036 ], [ -1.052559673411817, 43.710226606256732 ], [ -1.053535118760817, 43.70969492282039 ], [ -1.054226253170809, 43.708658397927891 ], [ -1.055621361617098, 43.708926892956512 ], [ -1.056976173935541, 43.708893428905235 ], [ -1.058158597185601, 43.709005709812828 ], [ -1.059635020714066, 43.709389467334084 ], [ -1.060954463262114, 43.709594589381403 ], [ -1.062069448486881, 43.709781822150056 ], [ -1.063245565764076, 43.709829466562539 ], [ -1.063441207798116, 43.710052751187128 ], [ -1.06361010271842, 43.71005644387354 ], [ -1.064546131230503, 43.710299656721261 ], [ -1.06586764513358, 43.710310315114839 ], [ -1.066930724616371, 43.710479336307166 ], [ -1.067811679066607, 43.71060998818399 ], [ -1.068842093585368, 43.710813308014671 ], [ -1.069915482391226, 43.71090549963705 ], [ -1.070909218782292, 43.710972296340202 ], [ -1.072082645270278, 43.711326737223793 ], [ -1.072857692163769, 43.711531761877602 ], [ -1.073181564054884, 43.711389301898699 ], [ -1.074177248235746, 43.711488397881602 ], [ -1.075037895009332, 43.711507165904109 ], [ -1.075724624590929, 43.711831918285846 ], [ -1.076473095375067, 43.712296877417685 ], [ -1.077084496949092, 43.711985188711957 ], [ -1.077594271302786, 43.711716289522407 ], [ -1.078114106021387, 43.711470463484176 ], [ -1.078660956568581, 43.711282265024806 ], [ -1.07951892128202, 43.711690665179454 ], [ -1.080026960370184, 43.711455098937449 ], [ -1.080427036254099, 43.711487458690705 ], [ -1.081342169801891, 43.711752782739012 ], [ -1.081930669956481, 43.712300132792905 ], [ -1.082502469958616, 43.712527702884344 ], [ -1.082661165088845, 43.712753922203504 ], [ -1.082925168973784, 43.712647513044281 ], [ -1.084062765945756, 43.712155411092752 ], [ -1.085785068738215, 43.711114871598966 ], [ -1.086487770105979, 43.710610398130761 ], [ -1.086299742339222, 43.710453491611872 ], [ -1.085349491925201, 43.709603594078999 ], [ -1.084935756805909, 43.708703443853281 ], [ -1.085002456540837, 43.708389129077673 ], [ -1.085483579625155, 43.708098603585988 ], [ -1.086292183940046, 43.707355054101242 ], [ -1.087461651128307, 43.706755738132124 ], [ -1.089050984535232, 43.706126927854676 ], [ -1.089974606026632, 43.705771092933716 ], [ -1.091230659252195, 43.704983649111028 ], [ -1.091966289209027, 43.704513185271914 ], [ -1.092431520775176, 43.703794858656103 ], [ -1.091369581114727, 43.703458704033608 ], [ -1.092817388760946, 43.702973775911907 ], [ -1.09319275719657, 43.702575898178637 ], [ -1.093664493380181, 43.701945533825253 ], [ -1.09398752851081, 43.70150252569136 ], [ -1.093705155655136, 43.70128204340709 ], [ -1.093137399448484, 43.700626136900731 ], [ -1.092382286845073, 43.700215491590804 ], [ -1.090868345804521, 43.699950336166268 ], [ -1.090911333880096, 43.699675457567956 ], [ -1.090170687775309, 43.699339917039495 ], [ -1.089457482370459, 43.698676902417269 ], [ -1.08878890310749, 43.698013371388193 ], [ -1.088046566671077, 43.69736026833364 ], [ -1.087753905606224, 43.69651388981228 ], [ -1.088133584455632, 43.696187872847119 ], [ -1.088374331523858, 43.695613428530436 ], [ -1.088076412629644, 43.695133405945839 ], [ -1.088188951781898, 43.694674584803508 ], [ -1.088114626681696, 43.694283757648968 ], [ -1.087746802555735, 43.693383077388667 ], [ -1.087638870160273, 43.693093182911497 ], [ -1.087652125326231, 43.692570924845754 ], [ -1.087273259749675, 43.692146546492559 ], [ -1.087776185885926, 43.691849921497273 ], [ -1.088343181318196, 43.6912165702078 ], [ -1.088775319532318, 43.690526303289204 ], [ -1.090354830861235, 43.689680044997772 ], [ -1.091517823875366, 43.689577531497754 ], [ -1.09286390346687, 43.68885019486595 ], [ -1.093544682176972, 43.688502019854255 ], [ -1.09492513270406, 43.688099266559099 ], [ -1.096644402524895, 43.688176095601825 ], [ -1.097502829677565, 43.688060685525315 ], [ -1.099194329359422, 43.687964708573084 ], [ -1.100344981077084, 43.687391034862465 ], [ -1.100663157147134, 43.686972454209204 ], [ -1.101061148227347, 43.687034489238911 ], [ -1.101544130673348, 43.686799612563881 ], [ -1.101978850642972, 43.686566267218545 ], [ -1.104363697245082, 43.685346910209617 ], [ -1.106090763205208, 43.684466030717701 ], [ -1.106376350871661, 43.684083558406883 ], [ -1.108191427673014, 43.683634411276088 ], [ -1.110326643211937, 43.682555123999272 ], [ -1.110921735123118, 43.681981934353757 ], [ -1.112957927008503, 43.681459979561311 ], [ -1.116278726400029, 43.680636978983081 ], [ -1.117321775215086, 43.680583895349962 ], [ -1.11961935864906, 43.680510530832642 ], [ -1.12014279871874, 43.680168107743334 ], [ -1.119694473059199, 43.679357377708286 ], [ -1.119738450201112, 43.67910134965971 ], [ -1.120603400671246, 43.679178085090925 ], [ -1.121564851836685, 43.679455968208963 ], [ -1.121840990371047, 43.679614492168952 ], [ -1.122955949478556, 43.679235152041123 ], [ -1.123927775116774, 43.678887369859176 ], [ -1.125003747138651, 43.679274926203867 ], [ -1.125147511095578, 43.679437676863202 ], [ -1.126491880112656, 43.680835129700071 ], [ -1.126897753318476, 43.680884220489922 ], [ -1.126286618298586, 43.680415225458674 ], [ -1.12630124493981, 43.679901009919838 ], [ -1.125990976592663, 43.679282926161584 ], [ -1.126413610781211, 43.678812336522 ], [ -1.126207283275853, 43.678395166316207 ], [ -1.12647505220767, 43.677558843414133 ], [ -1.12712921959388, 43.6771861086469 ], [ -1.128294982656924, 43.67650187566975 ], [ -1.128180325870594, 43.675737177084002 ], [ -1.128612088625943, 43.675662167920841 ], [ -1.130025473687342, 43.675239004059335 ], [ -1.13018316456889, 43.67503960939802 ], [ -1.131085766042371, 43.675858231622428 ], [ -1.132005430983928, 43.675469758731886 ], [ -1.132134426507369, 43.676835916640925 ], [ -1.132000609203905, 43.677590584605646 ], [ -1.132856962444617, 43.677627909164414 ], [ -1.13332264271276, 43.677906289258274 ], [ -1.13458637141368, 43.67799711545954 ], [ -1.133008606250583, 43.679080617152948 ], [ -1.132004385964677, 43.679873090553059 ], [ -1.13133133178915, 43.679894664379667 ], [ -1.130902609302843, 43.679103141747603 ], [ -1.130326836007455, 43.678787790670498 ], [ -1.129784708237178, 43.679025594827365 ], [ -1.128315662782015, 43.6797582449366 ], [ -1.128094234685119, 43.679867905047217 ], [ -1.128352544979979, 43.680161044299702 ], [ -1.128684840029837, 43.680651554704191 ], [ -1.128966209490845, 43.680916062616809 ], [ -1.128750182377257, 43.68105344284993 ], [ -1.129041798379169, 43.681343714877826 ], [ -1.127165668261898, 43.682335013372459 ], [ -1.128041411997471, 43.683424448176233 ], [ -1.128590859926141, 43.684468543518747 ], [ -1.128475353156284, 43.684770954941655 ], [ -1.127917404989399, 43.684341650739178 ], [ -1.12742174490166, 43.684325128414287 ], [ -1.126806258956173, 43.684540072261626 ], [ -1.126346586832883, 43.684014042525291 ], [ -1.126271096384408, 43.683873400440717 ], [ -1.125967912969145, 43.683964078518073 ], [ -1.125462636783077, 43.684217775559098 ], [ -1.124524365181621, 43.684711153855126 ], [ -1.123686596813459, 43.684695659050369 ], [ -1.122949473336072, 43.684663444158481 ], [ -1.121695751588999, 43.683268444650281 ], [ -1.121245883182564, 43.683250430937981 ], [ -1.120837359964927, 43.683198703972842 ], [ -1.1200372920037, 43.683354725593382 ], [ -1.119515107962563, 43.683616132057452 ], [ -1.118643715936928, 43.683802312803074 ], [ -1.117745042524591, 43.683988457546874 ], [ -1.116805837380857, 43.684467400982498 ], [ -1.11594788491416, 43.684671125164598 ], [ -1.115205856045721, 43.685028597465134 ], [ -1.1145009387726, 43.685384880928801 ], [ -1.113499540125304, 43.685943154813316 ], [ -1.113176182118596, 43.685823902597484 ], [ -1.112697457099095, 43.686066794627706 ], [ -1.112348561609475, 43.686242565588664 ], [ -1.111739639022538, 43.686587673269607 ], [ -1.110987225084679, 43.68693824862644 ], [ -1.110428050070222, 43.687183693207004 ], [ -1.109845232125134, 43.687202256253613 ], [ -1.108712912279734, 43.687564913765371 ], [ -1.108138928065408, 43.688119424618776 ], [ -1.107229360032928, 43.68855775027712 ], [ -1.107013197370383, 43.688694189920362 ], [ -1.106511252586026, 43.689620686649981 ], [ -1.105569538127748, 43.69008161394008 ], [ -1.10465515119151, 43.690564156979583 ], [ -1.104361128769242, 43.69164958188211 ], [ -1.103413817093234, 43.692100770442103 ], [ -1.102490988570096, 43.692464798403982 ], [ -1.101248406338451, 43.691454294051759 ], [ -1.100592914846153, 43.691769325311967 ], [ -1.099630171769662, 43.692191278897326 ], [ -1.099072963217739, 43.691915658168519 ], [ -1.0987146797651, 43.692677403864579 ], [ -1.098118000241635, 43.692466911601329 ], [ -1.097348318576524, 43.69251292930403 ], [ -1.09670995015025, 43.69296864999022 ], [ -1.096278358116366, 43.693275651414176 ], [ -1.096319525391877, 43.69395903765151 ], [ -1.095538977023902, 43.694257310011714 ], [ -1.095867084647457, 43.695072854218004 ], [ -1.095819065376898, 43.695346094818476 ], [ -1.096388031330568, 43.69581660162806 ], [ -1.097910968376689, 43.697425586992075 ], [ -1.098156295437669, 43.697586951287583 ], [ -1.098727064291733, 43.69831291429081 ], [ -1.098973635136845, 43.698474237558983 ], [ -1.099411705512017, 43.699014566488493 ], [ -1.100328622984292, 43.699311158188628 ], [ -1.100615691557267, 43.699526975609956 ], [ -1.101034107056341, 43.699843889709371 ], [ -1.100829917689869, 43.70005641337881 ], [ -1.10092025253545, 43.700546598465401 ], [ -1.101467646763639, 43.701069053304835 ], [ -1.102358956717759, 43.701659756626825 ], [ -1.101952583368927, 43.702385256903398 ], [ -1.101650150569732, 43.70279884494181 ], [ -1.101617601653269, 43.703081496041513 ], [ -1.101346475624465, 43.703212471573977 ], [ -1.100620050646897, 43.703587337385812 ], [ -1.10055111317427, 43.703863045992591 ], [ -1.1004417156665, 43.704167031349421 ], [ -1.101160256452234, 43.70489459416023 ], [ -1.101683617136755, 43.705367428941834 ], [ -1.10181798291866, 43.705579997749382 ], [ -1.101292387752518, 43.706097845028943 ], [ -1.100886611050222, 43.706813426178769 ], [ -1.099213996300941, 43.707663693392647 ], [ -1.098372204052189, 43.707854159532559 ], [ -1.097321467539314, 43.70834366156032 ], [ -1.097035779464783, 43.708809789801464 ], [ -1.096638533603441, 43.708680230399601 ], [ -1.09635105924982, 43.709137415999621 ], [ -1.095812600162545, 43.709401917521795 ], [ -1.097085030346196, 43.710264902933808 ], [ -1.097363101696524, 43.711277286180966 ], [ -1.097188386717555, 43.711588739161279 ], [ -1.097287553577866, 43.711814127523446 ], [ -1.097456053694857, 43.712058010639822 ], [ -1.097231984029403, 43.712065117885516 ], [ -1.096931708247627, 43.711939680694321 ], [ -1.096564970163708, 43.711678690340769 ], [ -1.09609665280626, 43.711872588554648 ], [ -1.096010291380808, 43.712127253673543 ], [ -1.095798741445587, 43.712239230419208 ], [ -1.094771833518369, 43.713023064861417 ], [ -1.094026995015165, 43.713403865871861 ], [ -1.093550595048403, 43.71364929382041 ], [ -1.09308699796965, 43.713880817934182 ], [ -1.092594230975575, 43.714142955282071 ], [ -1.091632795169651, 43.714655663056497 ], [ -1.090923321327397, 43.714985836437357 ], [ -1.09016336710995, 43.715652305331503 ], [ -1.08863635426328, 43.716414117437736 ], [ -1.087895832240408, 43.717033168547417 ], [ -1.086423491551907, 43.717756329652971 ], [ -1.085455840962992, 43.718559792053128 ], [ -1.083997103143155, 43.719283388590995 ], [ -1.083370240752147, 43.719338280147106 ], [ -1.082383386593315, 43.719843607627915 ], [ -1.081563249138755, 43.719737240242331 ], [ -1.081219946696878, 43.71945296384947 ], [ -1.08030086544459, 43.719123876737783 ], [ -1.079616342078576, 43.718982624384715 ], [ -1.078036449729247, 43.718679764658631 ], [ -1.077401082721269, 43.71875828297847 ], [ -1.076020652651456, 43.71840951678039 ], [ -1.075437676614751, 43.718182262650124 ], [ -1.074609447099852, 43.718085096254249 ], [ -1.073800547607366, 43.71795852335547 ], [ -1.073386488449005, 43.717921179674583 ], [ -1.072736644422392, 43.717985730910009 ], [ -1.072179251706, 43.717791844055469 ], [ -1.07152661154623, 43.717830383880987 ], [ -1.070555462285987, 43.717832157146923 ], [ -1.06966952624231, 43.718574417681104 ], [ -1.06885694335783, 43.717265679823292 ], [ -1.068254886444383, 43.717424072397471 ], [ -1.06768325894278, 43.717178426563258 ], [ -1.066688808657064, 43.71774502744465 ], [ -1.065845928020393, 43.718045934879406 ], [ -1.064928142688478, 43.71771578078107 ], [ -1.064955649561202, 43.716535374957971 ], [ -1.064133052453696, 43.716469443369569 ], [ -1.063872110133777, 43.716607199626367 ], [ -1.062307693035232, 43.71753805277379 ], [ -1.061650584442626, 43.717376934257501 ], [ -1.06130143063057, 43.717242136807847 ], [ -1.060707787084429, 43.716210787169302 ], [ -1.05954611570516, 43.715700200071119 ], [ -1.058272048698377, 43.7161963161846 ], [ -1.057893583047694, 43.715881583227969 ], [ -1.05744490737121, 43.715928938943996 ], [ -1.056681634474645, 43.715317659836266 ], [ -1.055830436910034, 43.715229169754942 ], [ -1.054972365021232, 43.715108498482778 ], [ -1.054588615374706, 43.714746235396419 ], [ -1.053675535790888, 43.714513912511258 ], [ -1.053193208160838, 43.714725153743771 ], [ -1.053002038084798, 43.71528536608951 ], [ -1.052260635097212, 43.715958172199088 ], [ -1.051799394524236, 43.71698299329308 ], [ -1.051290724005182, 43.717523447788587 ], [ -1.050958512338549, 43.717923421065507 ], [ -1.050325165156271, 43.71866211112971 ], [ -1.050173290094014, 43.719362345798615 ], [ -1.049206346368788, 43.719831650014044 ], [ -1.048613761033474, 43.720150684999972 ], [ -1.04774812983625, 43.720571822170541 ], [ -1.046821609693183, 43.721074929878135 ], [ -1.046389475428587, 43.721297166995981 ], [ -1.044679501974226, 43.722144130748681 ], [ -1.043692309685314, 43.722650004909305 ], [ -1.042769262056162, 43.723170962554398 ], [ -1.042113478029479, 43.723199524038925 ], [ -1.041719272581417, 43.723915404052846 ], [ -1.03997978294455, 43.723994851376879 ], [ -1.03979251944293, 43.723786557458993 ], [ -1.039073950683248, 43.723425680542803 ], [ -1.038907820475431, 43.72325991298316 ], [ -1.038501682688768, 43.723188898893412 ], [ -1.037875265688452, 43.723252508007505 ], [ -1.037086492163333, 43.723674760755664 ], [ -1.036476038027451, 43.723987085875073 ], [ -1.036487631887832, 43.724182863075391 ], [ -1.036981696991431, 43.724167471892997 ], [ -1.037165609043304, 43.724382172886592 ], [ -1.037549279743381, 43.724639234236037 ], [ -1.037446064579267, 43.725032927992181 ], [ -1.036897014101696, 43.725586266104166 ], [ -1.036641413923174, 43.726004500075277 ], [ -1.035853877324415, 43.726364624130028 ], [ -1.0354590396793, 43.72707150239674 ], [ -1.034932165204783, 43.72758095313592 ], [ -1.034607657141895, 43.728030118514447 ], [ -1.034046645018281, 43.728591911477416 ], [ -1.033542762340297, 43.729133929186503 ], [ -1.033125336534412, 43.729816309682796 ], [ -1.03188025078944, 43.730685484992684 ], [ -1.030762528760156, 43.731023449917956 ], [ -1.030186233893541, 43.731558705644616 ], [ -1.029611803623115, 43.732104696852581 ], [ -1.028882716678989, 43.732469249138703 ], [ -1.028345418428681, 43.733014079443038 ], [ -1.027954120665249, 43.732964155740405 ], [ -1.027784826069813, 43.733584822739203 ], [ -1.027211672670048, 43.733312916482426 ], [ -1.026062477037624, 43.733476363595358 ], [ -1.025430703426322, 43.733430298038229 ], [ -1.025501918804625, 43.733102389437292 ], [ -1.025240750836589, 43.73277670153719 ], [ -1.024875064828804, 43.73240387312751 ], [ -1.024468700957121, 43.732350805845989 ], [ -1.02410769719147, 43.73233051872657 ], [ -1.020960468964523, 43.733895571015253 ], [ -1.020331628597227, 43.73398344241469 ], [ -1.019085078253468, 43.734116542627334 ], [ -1.01844654286517, 43.733892502262172 ], [ -1.017420458403161, 43.73410332660049 ], [ -1.017326880025402, 43.734199794832179 ], [ -1.015777038565426, 43.73445021402933 ], [ -1.015047694097992, 43.734306340012466 ], [ -1.014379713591443, 43.734425078254574 ], [ -1.014016745257471, 43.734371528604868 ], [ -1.013158902206755, 43.734299995469968 ], [ -1.012585130886529, 43.734480587993723 ], [ -1.012031069730731, 43.734236803630999 ], [ -1.011689172644167, 43.734541579808308 ], [ -1.010787353040076, 43.734502877343317 ], [ -1.010143670409028, 43.73446518814908 ], [ -1.009636192964057, 43.73471839219151 ], [ -1.009258048579279, 43.734659897291117 ], [ -1.008643860404188, 43.734765241678218 ], [ -1.007933353395706, 43.73481507575579 ], [ -1.006687934858109, 43.734651092888321 ], [ -1.006409225918154, 43.735081659753952 ], [ -1.006285718695616, 43.735197035872233 ], [ -1.004842634039886, 43.735111109142437 ], [ -1.004525075146276, 43.734964356567815 ], [ -1.003878298843596, 43.734281634821649 ], [ -1.003532073859799, 43.73423833047395 ], [ -1.003311169434125, 43.734343211071277 ], [ -1.002271188903521, 43.734995175269681 ], [ -0.999105349721669, 43.737017197930491 ], [ -0.998535293515762, 43.737262378727699 ], [ -0.997972255717946, 43.737606308136598 ], [ -0.997547143985712, 43.738123231181554 ], [ -0.996907957120749, 43.738650340035896 ], [ -0.99613190782508, 43.739001714708273 ], [ -0.995372378778745, 43.739317486849977 ], [ -0.994527242873835, 43.739506328482271 ], [ -0.993766143563754, 43.739562122103536 ], [ -0.993157876878622, 43.7399398055598 ], [ -0.993061223731443, 43.739029575080622 ], [ -0.992488794699234, 43.738492052261321 ], [ -0.992418825247024, 43.738038052382755 ], [ -0.991934938668159, 43.737465416727282 ], [ -0.991611279201346, 43.737128976644641 ], [ -0.99167854802191, 43.7368363052503 ], [ -0.991510018385457, 43.736648947324696 ], [ -0.991169015499356, 43.736673820247063 ], [ -0.990796001954537, 43.736257021612026 ], [ -0.990857133680619, 43.735965439252546 ], [ -0.990756571677096, 43.73577329320328 ], [ -0.99015464971126, 43.735855662098551 ], [ -0.98938151543232, 43.736511897144084 ], [ -0.988854957464324, 43.736843860886857 ], [ -0.988072230453286, 43.73601857173329 ], [ -0.987153726868274, 43.736544297095854 ], [ -0.986370338672182, 43.736919217817906 ], [ -0.986044938008315, 43.736850026928209 ], [ -0.985616598794555, 43.736802886296104 ], [ -0.985503889078674, 43.738167591160369 ], [ -0.985075656006623, 43.738313880595314 ], [ -0.984391063691051, 43.738447335665839 ], [ -0.983482659393726, 43.738423901397098 ], [ -0.983191716116971, 43.738711726364272 ], [ -0.982632479262597, 43.737781481020058 ], [ -0.982197943688866, 43.737862273964538 ], [ -0.979862079013875, 43.737893335344772 ], [ -0.97919128042256, 43.737986748232323 ], [ -0.978870333545584, 43.737866116692111 ], [ -0.978393177520006, 43.738174023023326 ], [ -0.977675483612527, 43.738229274917863 ], [ -0.977619638766265, 43.738506291244327 ], [ -0.97611713353334, 43.739254918627758 ], [ -0.975503903110232, 43.739634450658286 ], [ -0.974020607692248, 43.740330277990857 ], [ -0.973948498284225, 43.740626682999363 ], [ -0.973059918811326, 43.740816682437853 ], [ -0.97300912215929, 43.741116934032469 ], [ -0.972142514931772, 43.741300856159278 ], [ -0.97202263257029, 43.741565430226778 ], [ -0.971049841552932, 43.741822763052824 ], [ -0.970139237762603, 43.741655331162193 ], [ -0.969459762595604, 43.741578904558395 ], [ -0.97005871213467, 43.741037898723974 ], [ -0.968875629664742, 43.740900367137087 ], [ -0.968485014775004, 43.741054438370597 ], [ -0.968212366063311, 43.740996179803005 ], [ -0.968083032202872, 43.741098192468371 ], [ -0.966769829070576, 43.74094211539974 ], [ -0.966447144117477, 43.741026630385178 ], [ -0.966136927684924, 43.740684309263642 ], [ -0.965908884885951, 43.740838812069477 ], [ -0.965881324921967, 43.741133852249064 ], [ -0.965308361178686, 43.740604305822686 ], [ -0.965038466627816, 43.740572046603404 ], [ -0.964074138966307, 43.740440390933124 ], [ -0.964391617923173, 43.74026607243097 ], [ -0.964412451757559, 43.740026119267021 ], [ -0.964233854402531, 43.73987771454636 ], [ -0.962699622318777, 43.738261828415396 ], [ -0.962568206229272, 43.738113783645659 ], [ -0.962698075907098, 43.737828224716402 ], [ -0.962144628303946, 43.737291772442269 ], [ -0.961438598633062, 43.736669995147956 ], [ -0.961557086198381, 43.736316408191158 ], [ -0.962059583907776, 43.735737900271033 ], [ -0.962324553466974, 43.735664152778376 ], [ -0.962090906574049, 43.735507525716478 ], [ -0.961207687505407, 43.735939281412989 ], [ -0.960997864818743, 43.736086920942647 ], [ -0.960610411026459, 43.735888189614847 ], [ -0.960564674511235, 43.735741133419609 ], [ -0.960301067279784, 43.735388383089322 ], [ -0.959923437042051, 43.735337799002899 ], [ -0.95955161441113, 43.734980243597612 ], [ -0.959174507290744, 43.734938637966806 ], [ -0.958981319326917, 43.734751983507778 ], [ -0.957652641553035, 43.733360105073096 ], [ -0.956744525618113, 43.733168199857303 ], [ -0.956781171218661, 43.732342974838296 ], [ -0.956921228155338, 43.731654056457415 ], [ -0.957280428884811, 43.730935981200176 ], [ -0.95959855951681, 43.729746245461868 ], [ -0.95996834333548, 43.729147496666094 ], [ -0.960403497281978, 43.728906629809451 ], [ -0.959306579813351, 43.728581045488276 ], [ -0.958060092548167, 43.728672055293366 ], [ -0.957560677324031, 43.72861707244553 ], [ -0.956881510245863, 43.728628732381615 ], [ -0.958426586026196, 43.728080610063266 ], [ -0.958945645841046, 43.727853390488832 ], [ -0.958473551982005, 43.727455701636522 ], [ -0.957957385963338, 43.727025163958039 ], [ -0.957389148166797, 43.726552123756115 ], [ -0.956491853955629, 43.72545121520907 ], [ -0.957631535480935, 43.725273502734119 ], [ -0.958092340261416, 43.724704381546012 ], [ -0.955724836361275, 43.72497251655038 ], [ -0.954847753893297, 43.725358150437494 ], [ -0.954541601169226, 43.725448426425842 ], [ -0.954427022888278, 43.725354743346202 ], [ -0.954980158786696, 43.724450849112728 ], [ -0.955289056887789, 43.724107678834059 ], [ -0.955565904082501, 43.723896835011836 ], [ -0.956557376854428, 43.723022789847938 ], [ -0.956956719533495, 43.722163148206363 ], [ -0.956907112912136, 43.722098980575822 ], [ -0.955892168171066, 43.722630965666006 ], [ -0.955760746328764, 43.722460424215711 ], [ -0.954940451352535, 43.72251864977828 ], [ -0.954184524940781, 43.722832220377022 ], [ -0.953530200322125, 43.723036536752012 ], [ -0.953010332661807, 43.723077521864454 ], [ -0.952560787581804, 43.723111870087337 ], [ -0.951193362686099, 43.72357714344966 ], [ -0.950908380764896, 43.723324889788358 ], [ -0.950284347001088, 43.723409509410885 ], [ -0.949976653663068, 43.723516013382778 ], [ -0.94954093727287, 43.723790142372835 ], [ -0.949324287093316, 43.724894320268504 ], [ -0.949706144771496, 43.725041075516458 ], [ -0.949899187157482, 43.725312317220599 ], [ -0.950633915754447, 43.726006159089259 ], [ -0.950708999189499, 43.726232397815089 ], [ -0.95104479652134, 43.72639764092591 ], [ -0.95132707020641, 43.726688663639884 ], [ -0.95179355712305, 43.726796855647201 ], [ -0.952306821610135, 43.72664091906897 ], [ -0.951833842610317, 43.727666520808555 ], [ -0.952177761786845, 43.728401910742178 ], [ -0.952162099831859, 43.728667791725456 ], [ -0.951423044242761, 43.728759508152443 ], [ -0.95048140047224, 43.729253227338191 ], [ -0.950592717249694, 43.729698788411184 ], [ -0.95032235650973, 43.729829350695205 ], [ -0.949721107370223, 43.729901577938008 ], [ -0.950429528096686, 43.730611518096332 ], [ -0.949647518873538, 43.730948338510494 ], [ -0.948607985836288, 43.730993371914536 ], [ -0.946683318631831, 43.731932522890204 ], [ -0.9453074749996, 43.73236378454704 ], [ -0.94452376232773, 43.732715013247415 ], [ -0.943646037188291, 43.733222028764494 ], [ -0.943996489804054, 43.733598275769474 ], [ -0.944403101804319, 43.73436777977674 ], [ -0.945731997112145, 43.735768802751693 ], [ -0.945820484961562, 43.736249249807827 ], [ -0.946671459270924, 43.737128537165923 ], [ -0.94798710418747, 43.738512846605737 ], [ -0.948681617700977, 43.739195336731825 ], [ -0.948850532202593, 43.739391742694814 ], [ -0.948313171486587, 43.739906465844307 ], [ -0.947724351194139, 43.740454235517575 ], [ -0.946992208423029, 43.740819212196918 ], [ -0.946297420062751, 43.741165057940051 ], [ -0.945579402346515, 43.741538593464483 ], [ -0.945064036804038, 43.742091319775838 ], [ -0.944274305748747, 43.742448125494278 ], [ -0.944032970281691, 43.742868390022032 ], [ -0.943170178471394, 43.743551286485022 ], [ -0.941234293726733, 43.743743935511056 ], [ -0.940954896716753, 43.743093821165438 ], [ -0.940308738273419, 43.742409818166003 ], [ -0.939960733239696, 43.742033481890203 ], [ -0.939007157357205, 43.742519360294985 ], [ -0.938131748058281, 43.742703272908258 ], [ -0.937460412046007, 43.742810835238622 ], [ -0.937742954411946, 43.743063202727065 ], [ -0.938487986834276, 43.743827002126963 ], [ -0.939031827636375, 43.744328775743043 ], [ -0.939774649188586, 43.744730062240187 ], [ -0.940231281806741, 43.745268656366285 ], [ -0.939966162404408, 43.745707624567515 ], [ -0.939217791561328, 43.746827872886641 ], [ -0.938475085226393, 43.747184112185337 ], [ -0.938431068715996, 43.747476041110829 ], [ -0.938338934177137, 43.747557099036158 ], [ -0.938184185254031, 43.747606761337366 ], [ -0.938375076656794, 43.747775529580082 ], [ -0.938545788184839, 43.747981794729192 ], [ -0.938878383348609, 43.748305522447552 ], [ -0.939300725667833, 43.749110566743703 ], [ -0.939948446872125, 43.749820624668381 ], [ -0.940079291797292, 43.751037543471831 ], [ -0.939349906994153, 43.751410479515954 ], [ -0.938797429445751, 43.751946303874135 ], [ -0.940138986474684, 43.753347038712008 ], [ -0.942007547594651, 43.755277027125743 ], [ -0.942962590313191, 43.75634304855096 ], [ -0.943485057839329, 43.756815766230602 ], [ -0.944005165678331, 43.757333537965671 ], [ -0.944472159028315, 43.757855615200775 ], [ -0.94553771669639, 43.758877785697969 ], [ -0.946265948092958, 43.759796806552188 ], [ -0.946879606868216, 43.760300036743551 ], [ -0.9470309603508, 43.76122393821769 ], [ -0.947594260219599, 43.761779074729908 ], [ -0.946065050728092, 43.761758834982686 ], [ -0.94586152857018, 43.762383992699242 ], [ -0.945264519123267, 43.762729566126211 ], [ -0.944084559593947, 43.763320410584434 ], [ -0.943747662634522, 43.763721078772974 ], [ -0.942314388428187, 43.764612872870764 ], [ -0.941747587878931, 43.764923323529914 ], [ -0.941401221008578, 43.765375553387123 ], [ -0.940838661761288, 43.765910795295454 ], [ -0.939791564917719, 43.766698205281195 ], [ -0.939153247852751, 43.76757851358385 ], [ -0.939312674608959, 43.767997452346854 ], [ -0.939508600413073, 43.768252442155188 ], [ -0.94129644417652, 43.770087750012735 ], [ -0.941100604304667, 43.770912401400679 ], [ -0.940913729105737, 43.771569437096645 ], [ -0.940143638513875, 43.771757368993327 ], [ -0.939636291879678, 43.772002131299814 ], [ -0.939206204297696, 43.772402903387878 ], [ -0.939667519302017, 43.772544607082033 ], [ -0.939795339066019, 43.772672999168542 ], [ -0.939677139798148, 43.773531289511659 ], [ -0.940020697619172, 43.774042730894841 ], [ -0.939438746155231, 43.774091812907422 ], [ -0.938860618766678, 43.774207354182522 ], [ -0.938879382455948, 43.774533379160204 ], [ -0.938091175701182, 43.774860397159948 ], [ -0.937925930617554, 43.775182085144408 ], [ -0.938393220346081, 43.775686194972202 ], [ -0.938641377202738, 43.775877530620797 ], [ -0.939260777016801, 43.776478707199907 ], [ -0.940480167759407, 43.777321756376345 ], [ -0.939508849451135, 43.776862580473662 ], [ -0.938152760885185, 43.776772205111406 ], [ -0.938045824375983, 43.77726577469457 ], [ -0.936700843633093, 43.777908303794298 ], [ -0.937192100431857, 43.778073407499996 ], [ -0.937143354803905, 43.778413168644072 ], [ -0.936893802776625, 43.778499879789535 ], [ -0.936199319991423, 43.778881633401674 ], [ -0.935328350392865, 43.779303798556136 ], [ -0.934514799479943, 43.779731421263769 ], [ -0.9337474115295, 43.780098264370558 ], [ -0.933449504688238, 43.780186426252335 ], [ -0.932638004214932, 43.780412438880923 ], [ -0.931726096352741, 43.780598287133671 ], [ -0.930563250402759, 43.779376459839938 ], [ -0.929964270345186, 43.779173186466089 ], [ -0.929716426739213, 43.779571125951037 ], [ -0.929487014566433, 43.780463345548661 ], [ -0.928754964767559, 43.780819190719029 ], [ -0.92841780210872, 43.781240511085265 ], [ -0.928272380167645, 43.78186568589156 ], [ -0.928390551072271, 43.782280488190068 ], [ -0.929030831116472, 43.783311154134644 ], [ -0.928074038100887, 43.782693987973317 ], [ -0.928007367255913, 43.783003694338475 ], [ -0.928208884948453, 43.783550942505769 ], [ -0.927690383780184, 43.78340910985311 ], [ -0.927127517524618, 43.783944287540777 ], [ -0.927307907941641, 43.784123295263093 ], [ -0.927487523534974, 43.784310423406069 ], [ -0.927394818240901, 43.784599320645363 ], [ -0.926744821559719, 43.784676471614382 ], [ -0.926272685661015, 43.78491021171984 ], [ -0.926125376808234, 43.785503051755882 ], [ -0.925239189298969, 43.785706062978967 ], [ -0.923808205279388, 43.786435585634493 ], [ -0.922509660472893, 43.786572701397212 ], [ -0.921599380292007, 43.78674581660632 ], [ -0.920686089553486, 43.786953203170498 ], [ -0.919669591858547, 43.786963048604704 ], [ -0.91791666656867, 43.787298195261933 ], [ -0.91708669588516, 43.78774686840115 ], [ -0.916725459818636, 43.787640748850436 ], [ -0.916061602712192, 43.787476231085883 ], [ -0.915235178777706, 43.787639578282267 ], [ -0.914654946779595, 43.786939021784448 ], [ -0.914541465820783, 43.786517767313264 ], [ -0.914013373390222, 43.785947000726175 ], [ -0.912595773643082, 43.786674170369267 ], [ -0.910983589980569, 43.786494857045376 ], [ -0.908429377113959, 43.783820079011925 ], [ -0.90770483978094, 43.783461195891313 ], [ -0.907367648796055, 43.783079021017429 ], [ -0.906883562259729, 43.783322029053544 ], [ -0.906333807946525, 43.78389448775976 ], [ -0.906024517174283, 43.784001806819226 ], [ -0.905472221934592, 43.78378890493844 ], [ -0.904438360061307, 43.783819821511763 ], [ -0.903882441067181, 43.783543142015446 ], [ -0.903738063348088, 43.783384613760063 ], [ -0.903647122351767, 43.782899699399245 ], [ -0.90151467116741, 43.780710599334711 ], [ -0.900606150223322, 43.779757076260843 ], [ -0.900230777268691, 43.779510076076107 ], [ -0.900066706003741, 43.779245069299876 ], [ -0.900197520684309, 43.778925372703334 ], [ -0.899673082017842, 43.779201042033684 ], [ -0.899361723438815, 43.780057843381222 ], [ -0.898649978737396, 43.780992272431504 ], [ -0.897927165838088, 43.782147450606892 ], [ -0.897679177514473, 43.783333442167375 ], [ -0.896855936042631, 43.783989583558046 ], [ -0.896666783480635, 43.784900312862831 ], [ -0.896516227783643, 43.785485103090082 ], [ -0.895848548333588, 43.786322832586343 ], [ -0.895962094717359, 43.78674769921539 ], [ -0.895480163300184, 43.787773321009162 ], [ -0.895281686975851, 43.788236281180701 ], [ -0.894896592000028, 43.788605838047843 ], [ -0.895174172428959, 43.788988929045267 ], [ -0.895687798025748, 43.789482841605306 ], [ -0.895974701683073, 43.790139159569947 ], [ -0.897139876735474, 43.791345987065029 ], [ -0.898128225138827, 43.792390737338863 ], [ -0.899461682193456, 43.793781459799014 ], [ -0.899346794619475, 43.795146130135649 ], [ -0.898273839267405, 43.795934793890943 ], [ -0.897219977604967, 43.797016178422872 ], [ -0.897748055403483, 43.797587929413282 ], [ -0.897021432155302, 43.797478246644282 ], [ -0.896327258395097, 43.797961391819136 ], [ -0.895731807689682, 43.798805067213237 ], [ -0.895496712533389, 43.798908343101658 ], [ -0.895390895698971, 43.79921019703 ], [ -0.894713186732601, 43.800311832956957 ], [ -0.89451567314307, 43.800945708400839 ], [ -0.893188550888638, 43.801658221408772 ], [ -0.892799241840864, 43.802064784405026 ], [ -0.890921211542013, 43.802745090972557 ], [ -0.888128054668505, 43.8041993315016 ], [ -0.885164348401886, 43.805649567622623 ], [ -0.884296518817175, 43.806184576103618 ], [ -0.883673093709701, 43.806648441306812 ], [ -0.882734674783047, 43.806880535716296 ], [ -0.882297681414099, 43.80710493669428 ], [ -0.882216298149457, 43.807379060820772 ], [ -0.882066582343406, 43.807675006429584 ], [ -0.880991925407284, 43.807804964566571 ], [ -0.880277703523943, 43.808706956633728 ], [ -0.879182123101649, 43.808445249312804 ], [ -0.878363086057516, 43.808306688729665 ], [ -0.877402608939761, 43.807225835081312 ], [ -0.877316973459349, 43.806787522839372 ], [ -0.875269862579237, 43.804677215888731 ], [ -0.874532481219204, 43.804245609687385 ], [ -0.875105990974999, 43.803732894921581 ], [ -0.875943866017015, 43.803084588972041 ], [ -0.876028970894904, 43.80283195342151 ], [ -0.875647871943022, 43.802484267055782 ], [ -0.87613936503611, 43.801619498226586 ], [ -0.876618726580177, 43.801177941173997 ], [ -0.876905273338645, 43.800775384987958 ], [ -0.87704711952243, 43.800603838684729 ], [ -0.877529797621803, 43.799935457267402 ], [ -0.878013896915384, 43.799688086440206 ], [ -0.877926847017827, 43.799224627835827 ], [ -0.877654557386806, 43.798582224538528 ], [ -0.877158388004916, 43.798066115696692 ], [ -0.876654938171072, 43.798300560855772 ], [ -0.876432238495463, 43.798425919303419 ], [ -0.876375616561574, 43.798720895664893 ], [ -0.876564073280093, 43.799132766686505 ], [ -0.876897854189426, 43.800006369916645 ], [ -0.87665034804801, 43.800132463961482 ], [ -0.876576415957945, 43.800428853430752 ], [ -0.874888469169347, 43.801266088431959 ], [ -0.874584623142494, 43.801692543182341 ], [ -0.873779378558423, 43.802082560812302 ], [ -0.871869982187902, 43.802562828884682 ], [ -0.869242721134115, 43.802824971323574 ], [ -0.867705446124355, 43.803076437924268 ], [ -0.865378539550244, 43.803467261709812 ], [ -0.863752949234243, 43.803783357541086 ], [ -0.862213648958619, 43.804043801661393 ], [ -0.860971337852393, 43.804063347751864 ], [ -0.860711134248523, 43.80429594147521 ], [ -0.860448057811998, 43.804433252647691 ], [ -0.859457613925679, 43.804116070656157 ], [ -0.858950623496561, 43.803626289753176 ], [ -0.857605121459393, 43.802228239606507 ], [ -0.854757533108872, 43.799272066810516 ], [ -0.854242159248053, 43.798742029273036 ], [ -0.853858305594754, 43.798696645024549 ], [ -0.853790204895641, 43.798988345240147 ], [ -0.852872707180016, 43.799438186483044 ], [ -0.85119751259315, 43.799267028920376 ], [ -0.850501189082362, 43.798565957785122 ], [ -0.850112178356146, 43.798517113293784 ], [ -0.84963217326065, 43.798750740698267 ], [ -0.849235621402929, 43.798700315292344 ], [ -0.84867558679475, 43.799234982174191 ], [ -0.84822060090238, 43.799183570522146 ], [ -0.846941012056657, 43.798557187458336 ], [ -0.845446262810652, 43.796992447896095 ], [ -0.844949896998735, 43.796467210416161 ], [ -0.843951394874225, 43.795424096687178 ], [ -0.843029230592628, 43.794857361611101 ], [ -0.842848015389413, 43.794059270281721 ], [ -0.842271946979709, 43.793684805875984 ], [ -0.842327199577734, 43.79338449555987 ], [ -0.842810156178906, 43.793137319316592 ], [ -0.8429131019256, 43.793112708259876 ], [ -0.843127597210544, 43.792728556464517 ], [ -0.843847183029792, 43.792360177118702 ], [ -0.844169270444083, 43.791945876778136 ], [ -0.84423845100567, 43.791650554901253 ], [ -0.843717880899415, 43.791913235879619 ], [ -0.843518826483306, 43.792018038459695 ], [ -0.842346108899658, 43.79234482331173 ], [ -0.841099645420053, 43.792463234295418 ], [ -0.839423590103872, 43.790714812065545 ], [ -0.838240452980188, 43.789497131852968 ], [ -0.837746662660427, 43.789772494269407 ], [ -0.833390577319176, 43.790780725088354 ], [ -0.82767695711539, 43.793262468803817 ], [ -0.825085791535287, 43.792850446513548 ] ] ], [ [ [ 0.02574486666492, 43.475318906673152 ], [ 0.025726328195919, 43.475319408604463 ], [ 0.025748820642587, 43.475373836843552 ], [ 0.02574486666492, 43.475318906673152 ] ] ] ] } },
{ "type": "Feature", "properties": { "fid": 3, "id": 3, "nom": "ISO 30" }, "geometry": { "type": "MultiPolygon", "coordinates": [ [ [ [ -0.943570411220071, 43.732662920179713 ], [ -0.943376911139837, 43.733180697162581 ], [ -0.943631853376555, 43.73327733871816 ], [ -0.943858015361492, 43.733477414771443 ], [ -0.944405003219133, 43.73431464109953 ], [ -0.944643335557084, 43.734747364199535 ], [ -0.945437798147128, 43.735550998531629 ], [ -0.945870542070393, 43.736235137249992 ], [ -0.946264792409402, 43.736897049889919 ], [ -0.947240356676156, 43.737720375833582 ], [ -0.947322869415363, 43.737924801262096 ], [ -0.948493201798435, 43.739026512554574 ], [ -0.94872712885494, 43.739381990421364 ], [ -0.948185688495841, 43.739890538849117 ], [ -0.947744491846058, 43.740265590706976 ], [ -0.946981233598583, 43.740650404167788 ], [ -0.946223708263195, 43.741113310858196 ], [ -0.945779800988331, 43.741463245355625 ], [ -0.945059678546317, 43.741951101013846 ], [ -0.943898773881786, 43.742865256690919 ], [ -0.943078244661679, 43.743484794242072 ], [ -0.942394496404176, 43.743376838763204 ], [ -0.941236508609742, 43.743696185244254 ], [ -0.941136642748253, 43.743233170939732 ], [ -0.939891055356204, 43.742030191424547 ], [ -0.938923598215308, 43.742576767645112 ], [ -0.937472024113148, 43.742775396685836 ], [ -0.938458255807739, 43.743806308626425 ], [ -0.938777057147982, 43.744365269236532 ], [ -0.939370708167981, 43.744762071876195 ], [ -0.939655833550308, 43.744778639989455 ], [ -0.940256625976292, 43.745277786247939 ], [ -0.939958056225134, 43.745674581423394 ], [ -0.93927224515697, 43.74678214167858 ], [ -0.939029133533176, 43.746892057101014 ], [ -0.938511527723381, 43.747192007293471 ], [ -0.938289541494886, 43.74769084589721 ], [ -0.938712218302197, 43.7482214774883 ], [ -0.938791511240785, 43.748348634872599 ], [ -0.938702794421297, 43.748661708739455 ], [ -0.939035490456046, 43.748857677788962 ], [ -0.93914802634116, 43.748958638651253 ], [ -0.939536240218642, 43.749515501330393 ], [ -0.93998298204329, 43.749838473599986 ], [ -0.939888325711965, 43.750048264489337 ], [ -0.939790671055586, 43.750205964113128 ], [ -0.940015383929417, 43.751026880712658 ], [ -0.939286202916314, 43.751360223883985 ], [ -0.938492492195345, 43.751823268394226 ], [ -0.938787830296975, 43.751995177238413 ], [ -0.944251941269274, 43.757674247489717 ], [ -0.944972929746416, 43.758403658745081 ], [ -0.945001197680354, 43.758894036290087 ], [ -0.945502256937332, 43.758930142479151 ], [ -0.945305497921562, 43.75922040621861 ], [ -0.945530581470763, 43.759421418199821 ], [ -0.946032884787454, 43.759457484417467 ], [ -0.946272836706402, 43.759916257515123 ], [ -0.946434441670022, 43.760221756602157 ], [ -0.946831903465477, 43.7603122786618 ], [ -0.946957705084465, 43.761266644532455 ], [ -0.94752301215462, 43.761792030543376 ], [ -0.946611037786684, 43.761432796886496 ], [ -0.9458626039043, 43.761455471867215 ], [ -0.946057404859295, 43.761733875071329 ], [ -0.945736004409522, 43.762338311684452 ], [ -0.945220005878657, 43.762689528172849 ], [ -0.944382898727022, 43.763026173462805 ], [ -0.943932805177577, 43.763271922778436 ], [ -0.943639908682006, 43.763746833142775 ], [ -0.943120934816468, 43.764046846502282 ], [ -0.942223559787366, 43.764566137806113 ], [ -0.941605395935675, 43.764997801648974 ], [ -0.941266346953343, 43.765318453769268 ], [ -0.941004907670546, 43.765715031153512 ], [ -0.940067259532397, 43.766182439765238 ], [ -0.939768630589277, 43.766580138538892 ], [ -0.939461054550126, 43.766822459190401 ], [ -0.939178180604365, 43.76745090244637 ], [ -0.938723896163724, 43.767646372769924 ], [ -0.938813552913937, 43.767953159180912 ], [ -0.939315978902312, 43.767990154870631 ], [ -0.939550175832048, 43.768370845255035 ], [ -0.939740315172206, 43.768546836176206 ], [ -0.940152715638657, 43.76889604654437 ], [ -0.940305627921563, 43.769072262559263 ], [ -0.940611507039267, 43.76942559214551 ], [ -0.940807757659337, 43.769729154199247 ], [ -0.941064359032679, 43.769851850308285 ], [ -0.941257613518055, 43.770103319714622 ], [ -0.940678374056477, 43.77058688300027 ], [ -0.941018704530257, 43.770913078968398 ], [ -0.940913367063763, 43.771563150133055 ], [ -0.940443850387036, 43.771472982971524 ], [ -0.940103308505906, 43.771768485081836 ], [ -0.939826940856265, 43.771906397618309 ], [ -0.93941145973651, 43.772151080614243 ], [ -0.93912940360449, 43.772211788936779 ], [ -0.939144187793507, 43.772468656691011 ], [ -0.939615209940933, 43.772584875571852 ], [ -0.939799834266261, 43.772707951649927 ], [ -0.939335827138698, 43.773317580935881 ], [ -0.939633966287682, 43.773514600581684 ], [ -0.940055399409303, 43.774020088887916 ], [ -0.939414834133271, 43.774064644917893 ], [ -0.938891090647593, 43.774262214816858 ], [ -0.938905925985373, 43.774519981121465 ], [ -0.937755244627844, 43.775020796938186 ], [ -0.937942351694986, 43.775143801503233 ], [ -0.93801565914424, 43.775813664730791 ], [ -0.938401172872119, 43.775673358826033 ], [ -0.938552910171061, 43.775850513761924 ], [ -0.937819114461608, 43.776130900110999 ], [ -0.937934129314684, 43.776230891181527 ], [ -0.938330242171396, 43.776296297463389 ], [ -0.939357992111909, 43.776808659479585 ], [ -0.938127702587099, 43.776509349028515 ], [ -0.938115531285295, 43.776923580508353 ], [ -0.937956167671188, 43.777239692912985 ], [ -0.936599617832451, 43.777875372624543 ], [ -0.936359312617586, 43.778036478719308 ], [ -0.937147220721774, 43.77809185744227 ], [ -0.937094342479949, 43.778402952841212 ], [ -0.933412782821277, 43.780195631439206 ], [ -0.932600821348146, 43.780348781706444 ], [ -0.931719748480314, 43.780531000799492 ], [ -0.930392731487447, 43.77917466820201 ], [ -0.929963600136603, 43.779161510545258 ], [ -0.929666275987499, 43.779584333341006 ], [ -0.929371885541513, 43.780058349919386 ], [ -0.929465996105695, 43.780443285731579 ], [ -0.928629977859425, 43.780804961870778 ], [ -0.928403290783143, 43.781225653258431 ], [ -0.928329306529251, 43.781797393261975 ], [ -0.928355999860964, 43.782262635149877 ], [ -0.9282671213073, 43.782574809955307 ], [ -0.927953484441437, 43.782713813392583 ], [ -0.927936500390632, 43.783023822688982 ], [ -0.928106002174806, 43.783510855402056 ], [ -0.927708356720389, 43.783419365050058 ], [ -0.927095853765111, 43.783955137623693 ], [ -0.927251551200664, 43.784158281186521 ], [ -0.927437680383814, 43.784307425742455 ], [ -0.927440616987477, 43.784358620421756 ], [ -0.927312641032136, 43.784595497107432 ], [ -0.926807394428363, 43.784533334414121 ], [ -0.926156971313569, 43.784992868585732 ], [ -0.926117618789141, 43.785562665706905 ], [ -0.92543931868029, 43.785557887692114 ], [ -0.923738427114341, 43.786409793512377 ], [ -0.923202629692582, 43.786399815492878 ], [ -0.922495776749505, 43.786525434565021 ], [ -0.921545856841839, 43.786787012206155 ], [ -0.920731827107554, 43.78686275835291 ], [ -0.91962750567237, 43.786922026818864 ], [ -0.918818442991966, 43.787128065961319 ], [ -0.917796291443564, 43.787364788148174 ], [ -0.917063734580043, 43.787671082989426 ], [ -0.916050973687376, 43.787442361398831 ], [ -0.915306651618768, 43.787542965800348 ], [ -0.914774360997767, 43.78696423062911 ], [ -0.914719215456361, 43.786629397124599 ], [ -0.914567574907943, 43.786453105650871 ], [ -0.914071698055761, 43.785924558696152 ], [ -0.913095664328752, 43.786316400956515 ], [ -0.912502737757587, 43.786567195749015 ], [ -0.910996313343668, 43.786456688594065 ], [ -0.909092577347443, 43.784366131367925 ], [ -0.908491400003516, 43.783840714631225 ], [ -0.907752182594584, 43.783398599763466 ], [ -0.907266441597434, 43.783024469393908 ], [ -0.90674418253284, 43.783273117593026 ], [ -0.906642170439852, 43.783378734834457 ], [ -0.906239526298227, 43.78383073101093 ], [ -0.906065225981753, 43.783888127408787 ], [ -0.905448754449504, 43.783725728631055 ], [ -0.904453566498313, 43.783781579772082 ], [ -0.903940986749308, 43.783589975189081 ], [ -0.90374898864589, 43.783336603508495 ], [ -0.903650405325983, 43.782848318855223 ], [ -0.903533761904376, 43.782697058648772 ], [ -0.903266905097808, 43.782393741963347 ], [ -0.901486443400524, 43.780585486151587 ], [ -0.901145988136706, 43.780232182027625 ], [ -0.901132753034617, 43.779999558068681 ], [ -0.90065034111184, 43.779704474241235 ], [ -0.90031167088835, 43.779404196285938 ], [ -0.900122614823929, 43.779202014166785 ], [ -0.900364266980247, 43.779040951215713 ], [ -0.900919982561581, 43.778791334841479 ], [ -0.90139323516554, 43.778336351224588 ], [ -0.900177126123309, 43.778916085174664 ], [ -0.899658834094935, 43.779190671194741 ], [ -0.899213635153145, 43.780161229962857 ], [ -0.89893588822306, 43.780299076117963 ], [ -0.898619755028779, 43.781006669836074 ], [ -0.897859336704312, 43.782090095182326 ], [ -0.897494573282792, 43.783187802345289 ], [ -0.897536633760028, 43.783316102623495 ], [ -0.896934055659851, 43.784031338050589 ], [ -0.89650026953975, 43.785182383659091 ], [ -0.896408594281664, 43.78547031943463 ], [ -0.895889428264579, 43.786364798712732 ], [ -0.895949090972206, 43.786802968083919 ], [ -0.895394193074078, 43.787724601768375 ], [ -0.894581074273618, 43.788473091618016 ], [ -0.894804375602634, 43.78862208222057 ], [ -0.895144739652635, 43.788973612020179 ], [ -0.89564213586795, 43.78955347931052 ], [ -0.89596249282113, 43.790164714998937 ], [ -0.896905248394704, 43.791041691347743 ], [ -0.898050297428997, 43.792352576142875 ], [ -0.898689095121261, 43.792928213726817 ], [ -0.899523930795701, 43.793784100252964 ], [ -0.8993540019806, 43.795185501698626 ], [ -0.899142412019087, 43.795243099453913 ], [ -0.897674490686408, 43.796425015465339 ], [ -0.897226703113981, 43.796697484986041 ], [ -0.897170920037989, 43.796983453098235 ], [ -0.897628057157304, 43.797487143994431 ], [ -0.896838489825399, 43.797406328547744 ], [ -0.89632927282208, 43.79788755655521 ], [ -0.89598099489529, 43.79805358833525 ], [ -0.895307373974812, 43.79874574347653 ], [ -0.895736644892202, 43.798759038421103 ], [ -0.895575744890309, 43.799075130395074 ], [ -0.895109518678419, 43.799657636522724 ], [ -0.894768521934499, 43.799952103998855 ], [ -0.894716922345103, 43.800290128872078 ], [ -0.894502400909557, 43.80029652164469 ], [ -0.894311105250534, 43.800689991869326 ], [ -0.894328704321012, 43.8009998634382 ], [ -0.893259029122983, 43.801652523302231 ], [ -0.892815752005987, 43.802027405049259 ], [ -0.891169988453851, 43.802619825413458 ], [ -0.887107968128757, 43.804655219254343 ], [ -0.885721509744642, 43.805419784480513 ], [ -0.884372085349167, 43.806158939472901 ], [ -0.883613413780296, 43.806647514455236 ], [ -0.882695944983805, 43.806854694585013 ], [ -0.882279780313256, 43.807073978665322 ], [ -0.882028136848704, 43.807676147511074 ], [ -0.880891542400569, 43.807787249931913 ], [ -0.880246324598159, 43.808349808137145 ], [ -0.880153056749618, 43.80861168739348 ], [ -0.87924825185944, 43.808406400787575 ], [ -0.878457137676967, 43.808300301634667 ], [ -0.877703116751712, 43.807597499175856 ], [ -0.877427834045737, 43.807166607312723 ], [ -0.877440453430256, 43.806752373857229 ], [ -0.876989256015284, 43.806351886477678 ], [ -0.876830604473138, 43.806072284715036 ], [ -0.876493143181881, 43.805771890029249 ], [ -0.875961307700571, 43.805219041245955 ], [ -0.875626977897392, 43.804995925100009 ], [ -0.875389056130324, 43.80458821463742 ], [ -0.875233128170078, 43.804334621651996 ], [ -0.874586391053559, 43.804276402139827 ], [ -0.875165063868717, 43.803767132913933 ], [ -0.875946876125556, 43.803071904115441 ], [ -0.876041856232239, 43.802862161161613 ], [ -0.875737489110412, 43.802509502612125 ], [ -0.876031151389972, 43.802034762686972 ], [ -0.876402385073289, 43.801635996532617 ], [ -0.876772322780324, 43.801236367782622 ], [ -0.876962320825001, 43.800817779109963 ], [ -0.877279074203868, 43.80073011796275 ], [ -0.877627178237787, 43.799944266572766 ], [ -0.87826508815918, 43.799847081709935 ], [ -0.878148477362087, 43.799695792386402 ], [ -0.878132438659237, 43.799411965855128 ], [ -0.877979405548377, 43.799209574290238 ], [ -0.877961896017034, 43.798899700469683 ], [ -0.87781051762191, 43.798748542034708 ], [ -0.877536748487378, 43.798343700500503 ], [ -0.877127410984448, 43.798045441329776 ], [ -0.876394497996808, 43.798351463839275 ], [ -0.876302237736378, 43.798587217066569 ], [ -0.87628519875069, 43.798923305837945 ], [ -0.876882393580911, 43.800018524085282 ], [ -0.876600262531831, 43.800103358757518 ], [ -0.876583044389886, 43.800414261968164 ], [ -0.876129522162858, 43.800609437878464 ], [ -0.875367681821139, 43.801019774273215 ], [ -0.874809157166596, 43.801269337125483 ], [ -0.874583051406222, 43.801664699346887 ], [ -0.873786643330134, 43.802101239206259 ], [ -0.872934118790611, 43.802203849848659 ], [ -0.87177041763282, 43.802471307525529 ], [ -0.87049547565731, 43.802638578429431 ], [ -0.869219463322152, 43.802831057059784 ], [ -0.868150513777324, 43.802862654751344 ], [ -0.867660980645512, 43.803058858453468 ], [ -0.866805320956032, 43.803084139825422 ], [ -0.866385962865992, 43.803225182952083 ], [ -0.865396662125594, 43.803436137228005 ], [ -0.864865062076807, 43.803503115621623 ], [ -0.863800443308872, 43.8036119151596 ], [ -0.863628919879168, 43.803720441260886 ], [ -0.86238882321435, 43.803911778355804 ], [ -0.862252069789378, 43.804020176132312 ], [ -0.860930953750891, 43.804007858435021 ], [ -0.860694889762106, 43.804272128954175 ], [ -0.860414054594113, 43.804358681623455 ], [ -0.859575511524601, 43.804047818438818 ], [ -0.858944199852594, 43.803600388227146 ], [ -0.858784404512682, 43.803320797178792 ], [ -0.858298592614737, 43.80292035807927 ], [ -0.857509030544419, 43.802220273986855 ], [ -0.857122894053951, 43.801714330593747 ], [ -0.854843194691805, 43.799271344875336 ], [ -0.854240950185198, 43.798720472572882 ], [ -0.853811468555595, 43.79868092929901 ], [ -0.853720795680949, 43.798968795235815 ], [ -0.853396712978575, 43.798926149024616 ], [ -0.853152023386094, 43.799036810585662 ], [ -0.853021004980468, 43.799247590771181 ], [ -0.852594440641038, 43.799260138075539 ], [ -0.851236236755292, 43.799248796557038 ], [ -0.850334335914669, 43.79844760644518 ], [ -0.850086724335474, 43.79850616559979 ], [ -0.849879230133025, 43.798615726432892 ], [ -0.849599814948919, 43.798727400308415 ], [ -0.849206565508397, 43.798713764475785 ], [ -0.848718142206434, 43.798908049311777 ], [ -0.848552824026317, 43.79917201243935 ], [ -0.848339541671214, 43.799178277518308 ], [ -0.847890067064934, 43.798803719090344 ], [ -0.846985484193912, 43.798597266748544 ], [ -0.846528786292274, 43.79809336220314 ], [ -0.846069015155219, 43.797512174414713 ], [ -0.845536312326362, 43.796959216199724 ], [ -0.844972787420511, 43.796432351166366 ], [ -0.844441295065331, 43.795878453415838 ], [ -0.843914181467931, 43.795402696547505 ], [ -0.843490582292364, 43.794845630042452 ], [ -0.843057086368109, 43.794755781574544 ], [ -0.842839321113923, 43.794037033492657 ], [ -0.842430246556322, 43.793739542568318 ], [ -0.842339563044333, 43.793405725116926 ], [ -0.842930224317317, 43.793130199509385 ], [ -0.843088372922726, 43.792737803877749 ], [ -0.843645929077943, 43.792514526271013 ], [ -0.844132758255535, 43.792292421059386 ], [ -0.844278038993388, 43.792314249111193 ], [ -0.844223302849894, 43.791979378631844 ], [ -0.844358655636142, 43.791845855014486 ], [ -0.844671140531268, 43.791681942961077 ], [ -0.844481051687565, 43.791480596722188 ], [ -0.844237666830068, 43.791592099411915 ], [ -0.843677376025598, 43.791788470393826 ], [ -0.84350897760329, 43.791975143236911 ], [ -0.842872451809576, 43.792096374540677 ], [ -0.84252388813897, 43.792237048141779 ], [ -0.841350113837837, 43.792322741843584 ], [ -0.841102354913622, 43.792356094360514 ], [ -0.840494548712761, 43.791701855766583 ], [ -0.839287501052853, 43.790546062851732 ], [ -0.838794817328761, 43.790017996070944 ], [ -0.838332497092407, 43.789410767438454 ], [ -0.833358257243424, 43.790512670721441 ], [ -0.827503191567806, 43.793063316773782 ], [ -0.825346793419889, 43.79278705585363 ], [ -0.825061965784001, 43.792935709464871 ], [ -0.825191558254022, 43.792228395345631 ], [ -0.824542660443564, 43.791971121681712 ], [ -0.824105785705183, 43.79170766333452 ], [ -0.82392359289736, 43.791468267292757 ], [ -0.823528879985423, 43.791203577797845 ], [ -0.822635769435167, 43.790372232214366 ], [ -0.821166606928018, 43.78900617125344 ], [ -0.819759457657834, 43.788801543070797 ], [ -0.818982519935732, 43.788518277803149 ], [ -0.818264851380492, 43.787803247424634 ], [ -0.817322974703125, 43.788352453006574 ], [ -0.816918159058708, 43.787904506019288 ], [ -0.815718675003198, 43.788399114342013 ], [ -0.814993563274713, 43.788266355770418 ], [ -0.814098882703018, 43.787403504419586 ], [ -0.813414961802983, 43.788036942231166 ], [ -0.812901864295255, 43.787898009358074 ], [ -0.812261424242307, 43.78702865722375 ], [ -0.810457101854818, 43.788060771386505 ], [ -0.809096833431673, 43.787916721798666 ], [ -0.807728803167199, 43.789182632577536 ], [ -0.806165386420462, 43.789227966005406 ], [ -0.80504785797564, 43.788892399792019 ], [ -0.803825809632495, 43.788192793717201 ], [ -0.803021877105041, 43.786653391360893 ], [ -0.802851938509232, 43.785126214983606 ], [ -0.802863246651536, 43.783778218489509 ], [ -0.803860869146941, 43.783473130264831 ], [ -0.803610070582265, 43.782775973728739 ], [ -0.801048715942111, 43.782329248949537 ], [ -0.797117613326507, 43.781584706527795 ], [ -0.79684286192189, 43.781195007822433 ], [ -0.795099298263916, 43.781031280674483 ], [ -0.794704930353798, 43.780001790986184 ], [ -0.794347584161026, 43.77887766930467 ], [ -0.794219560047282, 43.778085187811769 ], [ -0.793705902292778, 43.777211181896675 ], [ -0.793035374424589, 43.777322307560063 ], [ -0.791755100441705, 43.777114565319792 ], [ -0.790159047326181, 43.77728296920732 ], [ -0.788968107058762, 43.777164380051701 ], [ -0.786915583368087, 43.777498835563939 ], [ -0.785520667577827, 43.777509336145918 ], [ -0.784689911254628, 43.777777962406446 ], [ -0.784054371926204, 43.77773508679244 ], [ -0.783362439774007, 43.777478818620864 ], [ -0.781158771638303, 43.777389289991369 ], [ -0.780727504949584, 43.776451684183932 ], [ -0.780720863158559, 43.77633042512074 ], [ -0.780373618465989, 43.776155987342875 ], [ -0.779330892491519, 43.776430667621675 ], [ -0.779248620398391, 43.775698935146359 ], [ -0.779225115124614, 43.775269588197375 ], [ -0.779232100007214, 43.774626152918053 ], [ -0.779287915663298, 43.774103663554669 ], [ -0.779520279062288, 43.773699347620528 ], [ -0.779619905929313, 43.773206186050231 ], [ -0.779796694551655, 43.772557869192994 ], [ -0.779406094095305, 43.772384676169033 ], [ -0.778784726970691, 43.77185106773323 ], [ -0.778205130202823, 43.77128656816469 ], [ -0.777772669761748, 43.770348092117246 ], [ -0.776481821464374, 43.770691950422105 ], [ -0.775906322610005, 43.76945260446324 ], [ -0.774855350781814, 43.769574544165202 ], [ -0.774695804026648, 43.768200002999414 ], [ -0.774684119146695, 43.767986228382817 ], [ -0.774055421384643, 43.768066349613939 ], [ -0.773138320556672, 43.76677562402201 ], [ -0.77310652317674, 43.766193582421494 ], [ -0.772319299647088, 43.766461765251449 ], [ -0.770475214287306, 43.765992873009509 ], [ -0.768249466442006, 43.767037248146529 ], [ -0.765392465913135, 43.76656759764753 ], [ -0.76453299516803, 43.767082486566174 ], [ -0.762893042128365, 43.766486176733842 ], [ -0.761927612982996, 43.766605545067684 ], [ -0.760083235359344, 43.766106799472347 ], [ -0.759125585047223, 43.764817125881557 ], [ -0.758379789988081, 43.764318452126048 ], [ -0.757756413150704, 43.764518875224923 ], [ -0.756853107524357, 43.765004366266673 ], [ -0.754910504025385, 43.765826270516264 ], [ -0.752706259794541, 43.766471177318252 ], [ -0.750928952269665, 43.766429167749607 ], [ -0.744955080198806, 43.765404520657171 ], [ -0.743478097424463, 43.764649458263186 ], [ -0.742826253897946, 43.765127681652309 ], [ -0.739650294173601, 43.765800826770246 ], [ -0.739751946290391, 43.766900857276582 ], [ -0.738164684526993, 43.767251768489849 ], [ -0.7368034474843, 43.76707627491227 ], [ -0.735250518718449, 43.767304722672648 ], [ -0.732173155012878, 43.766656031894144 ], [ -0.728548514693177, 43.766054222457662 ], [ -0.726306244055879, 43.76525940151511 ], [ -0.724878670981302, 43.764656527661288 ], [ -0.724377290702113, 43.763965406581057 ], [ -0.722233897366017, 43.763414202779643 ], [ -0.720729941129571, 43.762935778521808 ], [ -0.720193498814869, 43.762399460574514 ], [ -0.71935604908366, 43.762544525452448 ], [ -0.718311164665592, 43.76199284946258 ], [ -0.717519904386422, 43.761402530624061 ], [ -0.716121600399694, 43.761318687360138 ], [ -0.715381537467905, 43.760941914004647 ], [ -0.714944690745774, 43.761475079807724 ], [ -0.712009159043018, 43.763487326572331 ], [ -0.711015904665387, 43.763852610899043 ], [ -0.710612910290929, 43.764230976516949 ], [ -0.710032839655271, 43.764431701998674 ], [ -0.70971415868819, 43.764808593369963 ], [ -0.707836325737057, 43.764462845176425 ], [ -0.706140918993202, 43.765184253577495 ], [ -0.704433279309519, 43.764864253940914 ], [ -0.70360400451279, 43.765163695082336 ], [ -0.697365682295501, 43.765490553244938 ], [ -0.695640489788601, 43.765632394743847 ], [ -0.69343043480869, 43.765386551610916 ], [ -0.692880149289094, 43.766964513982117 ], [ -0.691932872530654, 43.767450677570693 ], [ -0.691451801325528, 43.768720840114739 ], [ -0.69050118707244, 43.769145012523232 ], [ -0.688806502497833, 43.769069090141166 ], [ -0.688826029373726, 43.769436475111426 ], [ -0.688205693393821, 43.769699376713483 ], [ -0.687160636571289, 43.769912053722301 ], [ -0.68543361559159, 43.770022294445241 ], [ -0.684338247860346, 43.770082517971943 ], [ -0.68275987000322, 43.769789157990239 ], [ -0.681289316501117, 43.769983944679154 ], [ -0.677266649693078, 43.769054169336599 ], [ -0.675147727137355, 43.769757171298309 ], [ -0.673671504101969, 43.769798183658324 ], [ -0.672155078185879, 43.769900563649742 ], [ -0.671191437307911, 43.770081138776689 ], [ -0.670551603485387, 43.76997655114188 ], [ -0.669961711976466, 43.769195892066413 ], [ -0.669952033105976, 43.769012647038345 ], [ -0.668724213003617, 43.768985530073785 ], [ -0.668495394561363, 43.768624848204077 ], [ -0.667462126459259, 43.768285567578729 ], [ -0.665322264911894, 43.766168793284628 ], [ -0.664671214235526, 43.765850385387047 ], [ -0.663660601927455, 43.76593953927172 ], [ -0.663453365848782, 43.765210326784114 ], [ -0.66415827898837, 43.76414910753207 ], [ -0.663475968835888, 43.764014172012224 ], [ -0.662855574943821, 43.764276927581328 ], [ -0.661742748196606, 43.764828573286344 ], [ -0.660368608074376, 43.765203022217676 ], [ -0.660328252397992, 43.766063227266812 ], [ -0.657277924371817, 43.765932540077245 ], [ -0.65565802722587, 43.765670525888673 ], [ -0.65475901418468, 43.766277364701715 ], [ -0.654528274682757, 43.766681342279554 ], [ -0.654682072889834, 43.768025550288769 ], [ -0.654751180433545, 43.768513907933404 ], [ -0.653840881322108, 43.768906952942785 ], [ -0.65415641070548, 43.770092874531109 ], [ -0.653846178430969, 43.770590800904522 ], [ -0.652979223122504, 43.770982642250019 ], [ -0.65223865171246, 43.772197696238685 ], [ -0.650488644475168, 43.771848330736191 ], [ -0.64545952241475, 43.772692077918904 ], [ -0.643296399429196, 43.772536574444331 ], [ -0.641621259228468, 43.772857883975213 ], [ -0.640472868162631, 43.772736506938656 ], [ -0.638330602719341, 43.772979738584993 ], [ -0.638136193773523, 43.773321511681011 ], [ -0.635625092714274, 43.772991893875719 ], [ -0.633855733312322, 43.773102469230182 ], [ -0.634503850544825, 43.774983684349614 ], [ -0.633839061128102, 43.775185416007581 ], [ -0.631797938156539, 43.774966067001763 ], [ -0.631559390043266, 43.775247866007547 ], [ -0.631046012763936, 43.775139582406531 ], [ -0.629454669962839, 43.775427821195649 ], [ -0.627020266865178, 43.774974462919893 ], [ -0.625899778435238, 43.775341529262697 ], [ -0.625293392285848, 43.775878946754453 ], [ -0.623337356837764, 43.776483809508626 ], [ -0.622784965134855, 43.77643682275 ], [ -0.622460876143152, 43.776721835624635 ], [ -0.62106273117782, 43.77666823956644 ], [ -0.620276188457619, 43.776964963683895 ], [ -0.620176808805458, 43.777489419246066 ], [ -0.619010011846646, 43.777827090663685 ], [ -0.618184856570729, 43.778217506586678 ], [ -0.617427203974881, 43.779095436911234 ], [ -0.61640801429722, 43.779000866515041 ], [ -0.616087047891529, 43.7793469445688 ], [ -0.614555667070815, 43.779143067557015 ], [ -0.613505756333057, 43.779293986181059 ], [ -0.613450940614068, 43.779050798186901 ], [ -0.612846884912424, 43.778821656526134 ], [ -0.611927877827924, 43.779031067463869 ], [ -0.612035294421871, 43.778660226668549 ], [ -0.611304798336237, 43.77843451611448 ], [ -0.608400054766776, 43.777839705585571 ], [ -0.608169326665484, 43.778275061724884 ], [ -0.605347637127013, 43.777677014747319 ], [ -0.604140957451549, 43.777220401257509 ], [ -0.602642216231556, 43.776035861706454 ], [ -0.601719500202041, 43.775355630676934 ], [ -0.601392933107471, 43.774752788647376 ], [ -0.6009776401171, 43.774090281845318 ], [ -0.600841237834941, 43.773082885345119 ], [ -0.600222618713802, 43.771751226292523 ], [ -0.601095963238499, 43.771452296924359 ], [ -0.600481296205577, 43.771038971588489 ], [ -0.599206305991941, 43.770890906739645 ], [ -0.598758372341703, 43.770412786273404 ], [ -0.600293357364019, 43.76985036568567 ], [ -0.599748149171983, 43.769098724952116 ], [ -0.599414488367421, 43.76919951792047 ], [ -0.596766392568106, 43.768659531572929 ], [ -0.596151934853268, 43.76904407396944 ], [ -0.593809459582557, 43.768677453680226 ], [ -0.593187168039251, 43.768910167808244 ], [ -0.591721867609896, 43.768366865211448 ], [ -0.591058952353076, 43.768630349417435 ], [ -0.587090980035342, 43.767909886253662 ], [ -0.586345330998299, 43.768206157296369 ], [ -0.586161321307998, 43.768731953179042 ], [ -0.585626282597176, 43.769020740125846 ], [ -0.585027240237837, 43.768884868004776 ], [ -0.582198288805884, 43.768929607350472 ], [ -0.580414980943378, 43.769590203855252 ], [ -0.579939401400603, 43.770216487408987 ], [ -0.578621052949942, 43.770068449796668 ], [ -0.577498945249023, 43.769607478655672 ], [ -0.575639454216211, 43.770454448159505 ], [ -0.575256979419037, 43.770402656455239 ], [ -0.574014797516532, 43.770069011477922 ], [ -0.573131743933687, 43.770981463026651 ], [ -0.571150313553509, 43.771095807252884 ], [ -0.569293433578033, 43.770318935959629 ], [ -0.567430635029741, 43.771103782137288 ], [ -0.566861168805323, 43.771547216467013 ], [ -0.564877832005413, 43.771600328139797 ], [ -0.562546749925244, 43.77147920114907 ], [ -0.556397171801335, 43.771888189082695 ], [ -0.555902833223585, 43.771320286957376 ], [ -0.554904366742036, 43.771652768069011 ], [ -0.5541522968305, 43.771826648234075 ], [ -0.553908903021529, 43.771189077507792 ], [ -0.552543248992612, 43.771746315365185 ], [ -0.551797324520118, 43.772041451353303 ], [ -0.55067238103516, 43.772377263069565 ], [ -0.549803212027564, 43.773595884204504 ], [ -0.549816604802966, 43.774667764689042 ], [ -0.549356132928418, 43.775599343647698 ], [ -0.548858095784531, 43.776622773278739 ], [ -0.548029381431777, 43.776951569477212 ], [ -0.547726231516086, 43.777632484082638 ], [ -0.546531198352996, 43.777420503536113 ], [ -0.54744363905013, 43.778743725725377 ], [ -0.546115543034774, 43.778380560994741 ], [ -0.544683367423957, 43.77765313964823 ], [ -0.543750106721344, 43.778443440411316 ], [ -0.542426721730517, 43.778172757533589 ], [ -0.541722766723991, 43.778465807742563 ], [ -0.540867687679798, 43.778274421845211 ], [ -0.540100049774343, 43.778142776210892 ], [ -0.539558643669756, 43.777451914473822 ], [ -0.538644018525308, 43.777752333008415 ], [ -0.53736462416956, 43.777540690875718 ], [ -0.535886063093056, 43.776752320034753 ], [ -0.534973016119392, 43.777084148749083 ], [ -0.534655540814997, 43.777459564168289 ], [ -0.534189055441599, 43.777440436173443 ], [ -0.531369769695387, 43.776871906700137 ], [ -0.529116394811375, 43.776595082393825 ], [ -0.528915167401722, 43.776814488059323 ], [ -0.526958692772792, 43.77659093753725 ], [ -0.52542493054617, 43.776355292421961 ], [ -0.524736707193597, 43.776098208975412 ], [ -0.52331867427158, 43.775645394530791 ], [ -0.522957218931061, 43.775196176803163 ], [ -0.521514489906222, 43.775907066660807 ], [ -0.51959409456718, 43.775560099514287 ], [ -0.517958495762653, 43.775817269771785 ], [ -0.51573972451042, 43.775386341865868 ], [ -0.514698512074723, 43.775688987068499 ], [ -0.513230248461282, 43.775941683564433 ], [ -0.511474868272768, 43.775467901668002 ], [ -0.509499267789892, 43.775703293022318 ], [ -0.506976602214098, 43.775126350262539 ], [ -0.504862650942656, 43.775947269253429 ], [ -0.502722418408004, 43.775421369232191 ], [ -0.502400497951254, 43.7757365337715 ], [ -0.501312191797963, 43.775120984255452 ], [ -0.498898867749185, 43.775889355319585 ], [ -0.496953186767762, 43.77587906793466 ], [ -0.495091969618161, 43.776693185563069 ], [ -0.494225305414293, 43.777113404022629 ], [ -0.493946999014047, 43.777457986614444 ], [ -0.49301842214587, 43.7774822299506 ], [ -0.492403169277955, 43.777866186642413 ], [ -0.49103508837645, 43.777564567436684 ], [ -0.489750343964071, 43.778915848392401 ], [ -0.488347679370123, 43.778768012348515 ], [ -0.48784974563631, 43.778965385935869 ], [ -0.484648686894818, 43.779200759612742 ], [ -0.484478887207185, 43.780032722469485 ], [ -0.483005564653029, 43.780162803310105 ], [ -0.482084775436853, 43.780370248001347 ], [ -0.481586533373387, 43.78053701703039 ], [ -0.481220522606244, 43.779964552966455 ], [ -0.479680813433066, 43.77960608533499 ], [ -0.478382192837728, 43.779854796249481 ], [ -0.477453349297855, 43.779020788005091 ], [ -0.476819812163949, 43.779037232400114 ], [ -0.47632309736629, 43.778406080603631 ], [ -0.47580976265992, 43.778267384570981 ], [ -0.4747956198069, 43.778293691315454 ], [ -0.474208454952933, 43.778369184397881 ], [ -0.473317483752304, 43.778300534508425 ], [ -0.472071473513233, 43.777904664748448 ], [ -0.47239471338347, 43.776732339000404 ], [ -0.47033460425698, 43.776969201770612 ], [ -0.467910127452225, 43.776664061752363 ], [ -0.466961975337505, 43.775433793421406 ], [ -0.464056110411557, 43.77480370961311 ], [ -0.462799375095119, 43.77587778567306 ], [ -0.462126983501277, 43.77598689668919 ], [ -0.461098936686269, 43.778280157565362 ], [ -0.459620964764063, 43.78003362659598 ], [ -0.459539564438771, 43.780954110136072 ], [ -0.458624658984502, 43.782142550421753 ], [ -0.457957592047572, 43.783170780866662 ], [ -0.457341915235813, 43.784411763017914 ], [ -0.457247108132649, 43.785945149487453 ], [ -0.456310740499216, 43.786673581628847 ], [ -0.455408749289674, 43.788963547804542 ], [ -0.455182800900642, 43.789520758595444 ], [ -0.454453090847745, 43.789325465078932 ], [ -0.447325884209302, 43.787946280931962 ], [ -0.445683630385506, 43.788080185726528 ], [ -0.444222275705765, 43.787596871035298 ], [ -0.442977712441276, 43.787230310570969 ], [ -0.44274483821368, 43.785919424963396 ], [ -0.441138501299351, 43.786788124727138 ], [ -0.441381092988205, 43.785679133299716 ], [ -0.440842347867405, 43.785019218486198 ], [ -0.440603442150459, 43.784473951619049 ], [ -0.440410875483234, 43.783987763334366 ], [ -0.440579505579515, 43.783983443685358 ], [ -0.44214144578648, 43.780452505305909 ], [ -0.441923466843948, 43.780335762233264 ], [ -0.441500999700149, 43.779488479186618 ], [ -0.440098240013038, 43.779310341450305 ], [ -0.439898288730195, 43.778672330724504 ], [ -0.438683779679068, 43.778917508435413 ], [ -0.437991699495087, 43.778598817310758 ], [ -0.437370448154684, 43.778001268498798 ], [ -0.436962994085254, 43.777460310988602 ], [ -0.436237468655295, 43.777295377545983 ], [ -0.435739774841375, 43.776634394798819 ], [ -0.435246554999005, 43.776065043113661 ], [ -0.434473199736149, 43.775809574570573 ], [ -0.433595695823489, 43.776015497711192 ], [ -0.432790600110804, 43.775974904945755 ], [ -0.431481685534394, 43.775120551045774 ], [ -0.430929466978874, 43.775072587417682 ], [ -0.429396187763308, 43.774836483229109 ], [ -0.428837837072148, 43.774636653711987 ], [ -0.428425749128128, 43.773972557890787 ], [ -0.427998555318257, 43.773891707638811 ], [ -0.427294108846481, 43.774184912392009 ], [ -0.425930709798316, 43.773944428523507 ], [ -0.424444033184676, 43.773797915168608 ], [ -0.423066328989588, 43.773313103032173 ], [ -0.422343814056373, 43.773208267682165 ], [ -0.421203957049769, 43.77238007592144 ], [ -0.420163820824869, 43.772713255610796 ], [ -0.418390487485613, 43.771900245917429 ], [ -0.416911768021973, 43.771018560985461 ], [ -0.415995123404228, 43.771287399104139 ], [ -0.413989712256418, 43.770909261565102 ], [ -0.413307960632683, 43.770773650443239 ], [ -0.412896360792177, 43.770140971806804 ], [ -0.41189099090424, 43.770320279808779 ], [ -0.411409625471418, 43.769964602598321 ], [ -0.410683221060327, 43.769829208148742 ], [ -0.410282466563152, 43.77026931099379 ], [ -0.410827811368349, 43.771050619038263 ], [ -0.409956233827206, 43.771379426892523 ], [ -0.409084646223397, 43.771708227820156 ], [ -0.409709866502493, 43.772395772999651 ], [ -0.409025671231268, 43.772261096006346 ], [ -0.408305510466617, 43.773105048138163 ], [ -0.405704145633017, 43.772620418604525 ], [ -0.405531132198474, 43.772533049983302 ], [ -0.404153889451177, 43.772904283843943 ], [ -0.403764245754033, 43.772700062286518 ], [ -0.404114137355085, 43.772078678803517 ], [ -0.401686045949454, 43.771711001725059 ], [ -0.400834478011304, 43.771579602588936 ], [ -0.400509973336872, 43.770974362594046 ], [ -0.399617738792194, 43.770874563034454 ], [ -0.398978441713146, 43.770769272202863 ], [ -0.398251644089565, 43.77057354077369 ], [ -0.397737244364337, 43.770432710645721 ], [ -0.397048614179875, 43.770204527353592 ], [ -0.396449740931114, 43.770036139534071 ], [ -0.395250722301327, 43.769698486905185 ], [ -0.394745217633776, 43.769742707920848 ], [ -0.394016514974612, 43.771291952556972 ], [ -0.392982098432838, 43.771747050537975 ], [ -0.392872029410768, 43.772117702354699 ], [ -0.391811319358102, 43.772879268103821 ], [ -0.390864308602638, 43.773423890237673 ], [ -0.38998961020221, 43.773690550013114 ], [ -0.389348793499168, 43.773553758922482 ], [ -0.388619291317768, 43.773327448822705 ], [ -0.388037841599038, 43.772667470276261 ], [ -0.387321289125998, 43.772685479711519 ], [ -0.385874237303657, 43.772507763208552 ], [ -0.385812831765176, 43.772080263276358 ], [ -0.385164740655188, 43.771790722996847 ], [ -0.384511010529377, 43.772265860631414 ], [ -0.384137501236333, 43.772397563122588 ], [ -0.38196978295687, 43.773034802045927 ], [ -0.380920831424497, 43.773214013180947 ], [ -0.379010259609871, 43.774793672950942 ], [ -0.379445774808465, 43.773281565586821 ], [ -0.379386134703519, 43.772916081294341 ], [ -0.378543299267119, 43.772966878849793 ], [ -0.375154921425757, 43.774584374883901 ], [ -0.3747146611994, 43.774227510254839 ], [ -0.37342148039469, 43.774596245581833 ], [ -0.371296875953852, 43.77434352722117 ], [ -0.369230583695534, 43.774455390061995 ], [ -0.367130701319974, 43.773834097178074 ], [ -0.365442418143766, 43.773907676165734 ], [ -0.365034039898147, 43.77241667000326 ], [ -0.36360739253548, 43.772667187887969 ], [ -0.362132355256004, 43.771844947876538 ], [ -0.362120992113648, 43.769825067662801 ], [ -0.360012697133234, 43.769937803970478 ], [ -0.359457531428554, 43.769798708530793 ], [ -0.358645303074714, 43.769603941081186 ], [ -0.358190561216651, 43.768911880712466 ], [ -0.358292337470381, 43.768387671316098 ], [ -0.357565776623203, 43.769110899866739 ], [ -0.357427789649097, 43.769788015193683 ], [ -0.357155919132211, 43.770284970831852 ], [ -0.356635483512564, 43.770879846007347 ], [ -0.355236106231788, 43.772599272770776 ], [ -0.354317658891661, 43.772836146090427 ], [ -0.353747999561405, 43.772390669123183 ], [ -0.345252700177664, 43.770610724200992 ], [ -0.343202559951355, 43.770140654042123 ], [ -0.342541726911964, 43.769575052093487 ], [ -0.341793308243938, 43.769838196827067 ], [ -0.339469961903563, 43.769865003289844 ], [ -0.338823567279799, 43.769605732107259 ], [ -0.337150959708808, 43.769984294978315 ], [ -0.33570083479473, 43.769682767785206 ], [ -0.334101231362576, 43.769845416965865 ], [ -0.333569761420632, 43.769336837453281 ], [ -0.333074568569391, 43.768675357435654 ], [ -0.331895150840433, 43.767846339535829 ], [ -0.330863953303352, 43.767504753739345 ], [ -0.329068356238162, 43.767058738946055 ], [ -0.328289880613865, 43.766680332938925 ], [ -0.327911351523247, 43.765831580377977 ], [ -0.327813366779666, 43.764639543174319 ], [ -0.32811169416181, 43.763775050193026 ], [ -0.326347668773621, 43.764000992860211 ], [ -0.325248491765923, 43.763079096183894 ], [ -0.323569037031961, 43.763335296073102 ], [ -0.322889206002829, 43.76326023897456 ], [ -0.322637024120155, 43.762377791471899 ], [ -0.320155375830428, 43.762622139218834 ], [ -0.318107339386758, 43.762212718968989 ], [ -0.316744689109675, 43.761970864927598 ], [ -0.313762396863161, 43.761430431973523 ], [ -0.310700073601296, 43.760128263810351 ], [ -0.308453563232568, 43.759048948245457 ], [ -0.30692640875806, 43.758014103360729 ], [ -0.306855862885095, 43.757403319690304 ], [ -0.306675514011051, 43.7562447705766 ], [ -0.306538865867913, 43.75514541735695 ], [ -0.306553318969175, 43.753612458203257 ], [ -0.306182372283611, 43.752918162415646 ], [ -0.304912314306348, 43.751938188151961 ], [ -0.305200961187305, 43.750859048976736 ], [ -0.304806291598799, 43.750561970558088 ], [ -0.304083127610839, 43.750458176273938 ], [ -0.302327166732374, 43.749030417111051 ], [ -0.300692034995881, 43.747477372314854 ], [ -0.29992670142841, 43.747372779290018 ], [ -0.299790952073525, 43.748111799975774 ], [ -0.299399350203217, 43.748764406267711 ], [ -0.296300242280718, 43.748442219145666 ], [ -0.296769648455001, 43.749471428687002 ], [ -0.293608417539405, 43.748691075945814 ], [ -0.291913481868167, 43.748578408371642 ], [ -0.28999942480802, 43.747399833439452 ], [ -0.287562799327404, 43.745836348848904 ], [ -0.285366970351564, 43.745889510095495 ], [ -0.283877006468401, 43.745618860558764 ], [ -0.282187751585703, 43.744709935998614 ], [ -0.282533082179809, 43.743047590020424 ], [ -0.282044328199541, 43.742508072260186 ], [ -0.278103223815617, 43.74039883562201 ], [ -0.27675243454236, 43.739480766820613 ], [ -0.275277015764558, 43.737710363558904 ], [ -0.273745643411794, 43.73566428016305 ], [ -0.270827053361727, 43.734632815622838 ], [ -0.270502783055, 43.733997556434851 ], [ -0.270888980061011, 43.733221980798639 ], [ -0.270663102985362, 43.732920725948681 ], [ -0.270083355228079, 43.732231356494331 ], [ -0.267882389775839, 43.731211329628465 ], [ -0.267984970260838, 43.730688118016474 ], [ -0.268355813883867, 43.729576552249661 ], [ -0.26789267084273, 43.72866941672654 ], [ -0.269334207007611, 43.727838788206199 ], [ -0.269212319327522, 43.727044865399257 ], [ -0.269500159708731, 43.725936193840646 ], [ -0.269684314353133, 43.725380440146459 ], [ -0.270217647519386, 43.724081486219887 ], [ -0.269758829397328, 43.723295675227014 ], [ -0.270782235809445, 43.720729388079384 ], [ -0.271196430131422, 43.719646453655869 ], [ -0.272969153578803, 43.718716063238226 ], [ -0.270061080420155, 43.718816677366611 ], [ -0.271553156589118, 43.718229433387968 ], [ -0.271530743417079, 43.717739811168315 ], [ -0.270083892377183, 43.717499436857686 ], [ -0.269112492748523, 43.717460757266544 ], [ -0.268529006149671, 43.716740003253889 ], [ -0.267394991681272, 43.715910171003017 ], [ -0.266139139257433, 43.715235251138608 ], [ -0.265326694774141, 43.715011044228646 ], [ -0.264794840069464, 43.714441926281168 ], [ -0.262570701687715, 43.713820802751478 ], [ -0.260091484334541, 43.712226335911659 ], [ -0.259184152676176, 43.710870253794184 ], [ -0.258481635415724, 43.709355465865407 ], [ -0.258749789780756, 43.708737467858789 ], [ -0.256577622911137, 43.70829845610222 ], [ -0.25494857255828, 43.707724989432108 ], [ -0.253739508082587, 43.70717203102771 ], [ -0.251333338496515, 43.706218682191832 ], [ -0.249620341991942, 43.705677723754953 ], [ -0.247579013319227, 43.705358624386776 ], [ -0.245644679478714, 43.704609738811165 ], [ -0.244178678795156, 43.703909015706621 ], [ -0.242798628568473, 43.703298860340183 ], [ -0.24084624432773, 43.702120430345971 ], [ -0.239189416528134, 43.701884657414858 ], [ -0.237549299565268, 43.702045977695953 ], [ -0.236909372679667, 43.701847143882183 ], [ -0.235460373081625, 43.701573997439183 ], [ -0.235115300270655, 43.701398726256272 ], [ -0.235303746367882, 43.700905000664456 ], [ -0.235508015687116, 43.699828117255663 ], [ -0.231031194397175, 43.697882962810404 ], [ -0.232059217689813, 43.696326081620406 ], [ -0.23266521284498, 43.694811584831776 ], [ -0.234281772832723, 43.694159848999192 ], [ -0.234300293340194, 43.691740159775733 ], [ -0.234727411093985, 43.690933192293514 ], [ -0.235749916184096, 43.689286475057138 ], [ -0.233834696000532, 43.689852693910375 ], [ -0.232078171355732, 43.690201068007831 ], [ -0.22942128305317, 43.690233505775097 ], [ -0.226317471413411, 43.68972516290485 ], [ -0.223877399314509, 43.68895551351352 ], [ -0.221930183145874, 43.687899863487118 ], [ -0.220292473470651, 43.687112068152885 ], [ -0.217636803649837, 43.686255644463102 ], [ -0.215570710148208, 43.686304380738584 ], [ -0.213993077844886, 43.68594226262595 ], [ -0.213395799815484, 43.685804347698358 ], [ -0.212035379800538, 43.685560293295978 ], [ -0.211349483635794, 43.684382124351487 ], [ -0.210872952226221, 43.684117245481019 ], [ -0.210408660840577, 43.68409849423999 ], [ -0.209014281870354, 43.683120447126548 ], [ -0.206699859055758, 43.683266588804997 ], [ -0.205381655448124, 43.683022360686955 ], [ -0.204219602518469, 43.682528034491995 ], [ -0.204163779175029, 43.68219299519594 ], [ -0.202794206328206, 43.681796157065321 ], [ -0.201785462453624, 43.680931282804956 ], [ -0.201763784903622, 43.680472234135486 ], [ -0.201880398495229, 43.680224881630451 ], [ -0.200384512647026, 43.679800400543961 ], [ -0.199828017738187, 43.679629981221652 ], [ -0.199017659746172, 43.679434930009293 ], [ -0.198523530307526, 43.678772010710503 ], [ -0.197801310388087, 43.678636040455629 ], [ -0.197162024106187, 43.678498123870433 ], [ -0.196499630257559, 43.677840035131801 ], [ -0.195744945605288, 43.67700064045151 ], [ -0.192694956937916, 43.675754457706219 ], [ -0.191894170922514, 43.674823486817139 ], [ -0.191215630417849, 43.673798824456078 ], [ -0.190792261487494, 43.672828454292059 ], [ -0.190277827032135, 43.672626429834182 ], [ -0.189599213336664, 43.672549643902805 ], [ -0.18746582211682, 43.67201846609899 ], [ -0.186247089744311, 43.671158360684956 ], [ -0.185183075887253, 43.670938547751717 ], [ -0.183437899987394, 43.67061138351211 ], [ -0.182692785966242, 43.670935399803312 ], [ -0.182755158832463, 43.670412344844749 ], [ -0.18132341035176, 43.670477145266446 ], [ -0.181307185301951, 43.670109703197546 ], [ -0.180217554877971, 43.669308582723062 ], [ -0.17930150369158, 43.669605075024045 ], [ -0.179003291679316, 43.668602079876038 ], [ -0.178091067679708, 43.66892904954188 ], [ -0.177378556611948, 43.669037335364727 ], [ -0.176804693486234, 43.668468811571124 ], [ -0.175915802517919, 43.668397725059037 ], [ -0.174999675372646, 43.668664505082063 ], [ -0.174429835270916, 43.668186706475261 ], [ -0.172791781507562, 43.668347911951273 ], [ -0.172342750221503, 43.667715317951348 ], [ -0.170896204007119, 43.667442184647761 ], [ -0.170215032025752, 43.667305085185966 ], [ -0.169999385585616, 43.667218351457151 ], [ -0.169729331761864, 43.666795637075161 ], [ -0.169041459676534, 43.666505803466819 ], [ -0.167999167866534, 43.666805122442319 ], [ -0.166631453546153, 43.666407802924446 ], [ -0.166125063396614, 43.666357464657594 ], [ -0.164168601479065, 43.666036682159636 ], [ -0.160549671330448, 43.665261426496095 ], [ -0.159634109500398, 43.664579297668993 ], [ -0.157372224807144, 43.663956980443487 ], [ -0.155372967769852, 43.662625316347373 ], [ -0.156181379525732, 43.66082967832736 ], [ -0.158207657517834, 43.657966370535682 ], [ -0.155571627496217, 43.657505532716733 ], [ -0.154377873783922, 43.657227264367535 ], [ -0.152162444174505, 43.65669640746431 ], [ -0.150648294466083, 43.656823856272624 ], [ -0.149082484491649, 43.656675488273009 ], [ -0.148340847878938, 43.65614125886237 ], [ -0.146993516167496, 43.656202773649525 ], [ -0.145170678381337, 43.656949649772315 ], [ -0.144103585819001, 43.657617117124992 ], [ -0.142645109358591, 43.658997689349619 ], [ -0.141966721946774, 43.658920605690582 ], [ -0.140607287867903, 43.658676557462137 ], [ -0.139884223096078, 43.658540231352866 ], [ -0.138570942186648, 43.658417405123387 ], [ -0.137634933691647, 43.658254460577417 ], [ -0.135645895970051, 43.658085899567432 ], [ -0.13335713606325, 43.657831518654895 ], [ -0.131124958623386, 43.657882456386901 ], [ -0.129364830471402, 43.658137519224809 ], [ -0.125640604653207, 43.657854533520108 ], [ -0.125408002030632, 43.658319362128182 ], [ -0.125243956130245, 43.659425620248314 ], [ -0.124828790427472, 43.660568167978354 ], [ -0.124002024510647, 43.661903530892481 ], [ -0.123043808205195, 43.66315014881215 ], [ -0.122561431258196, 43.663712377329695 ], [ -0.120953587397757, 43.663596928771256 ], [ -0.119051230869721, 43.663516918241847 ], [ -0.116530867659776, 43.663726968792901 ], [ -0.116592755397268, 43.663236353824892 ], [ -0.115869575510635, 43.66306839444804 ], [ -0.115310907133759, 43.662866126731743 ], [ -0.114781074125311, 43.662297193910753 ], [ -0.114057986609677, 43.662159796525486 ], [ -0.113288931400251, 43.661932607548529 ], [ -0.112154340562398, 43.66201944338389 ], [ -0.111641593928727, 43.662857488831918 ], [ -0.110785720218003, 43.663551314747949 ], [ -0.110324227792756, 43.664603123910936 ], [ -0.109614154734558, 43.665751379466926 ], [ -0.10916452951875, 43.666098775481373 ], [ -0.106855778602578, 43.666364965862087 ], [ -0.10604317958303, 43.66708835207762 ], [ -0.10573011104343, 43.66764578135966 ], [ -0.104423073118222, 43.668655495392308 ], [ -0.103317165741523, 43.669416052764717 ], [ -0.100503371852142, 43.669724066818794 ], [ -0.099075674602732, 43.668898294646205 ], [ -0.099308467619242, 43.668402944837133 ], [ -0.097314012887917, 43.668112391619331 ], [ -0.098135971411526, 43.667634366733466 ], [ -0.096693627519805, 43.667421306848027 ], [ -0.095473822143997, 43.66652966481103 ], [ -0.093705800244002, 43.665620648853263 ], [ -0.092897306041125, 43.665455352018455 ], [ -0.091490672943064, 43.665119121121656 ], [ -0.091880174798041, 43.664375669389834 ], [ -0.090068458755387, 43.664416316523734 ], [ -0.088962404016018, 43.665175826433192 ], [ -0.086308751747115, 43.666275744004864 ], [ -0.084401940371457, 43.667054032962326 ], [ -0.082079440730499, 43.667962982379905 ], [ -0.082186202193622, 43.667501065394873 ], [ -0.081544730210783, 43.667301374664156 ], [ -0.080988712780761, 43.667130346431435 ], [ -0.079929120625256, 43.667031713512763 ], [ -0.079290193470063, 43.666862528321666 ], [ -0.078689428049252, 43.666599862317462 ], [ -0.07779945156588, 43.666527998063579 ], [ -0.076543054382104, 43.665759268086674 ], [ -0.075742306271851, 43.665746547925842 ], [ -0.075181115974411, 43.665452405701096 ], [ -0.0744529940572, 43.665194354388241 ], [ -0.073371375017491, 43.664543996282617 ], [ -0.072645830851662, 43.664375803161072 ], [ -0.071839980816204, 43.66424176660059 ], [ -0.071126089781012, 43.664349380274203 ], [ -0.071117024296008, 43.664134656270207 ], [ -0.070202965219054, 43.664430169034858 ], [ -0.069478796422081, 43.664294298080542 ], [ -0.068032780077804, 43.66398921734956 ], [ -0.067125232779996, 43.6644689093322 ], [ -0.066534123941941, 43.665462243309555 ], [ -0.066315167143327, 43.66626296014681 ], [ -0.066518268872351, 43.66708487959248 ], [ -0.064415404836078, 43.669244847992545 ], [ -0.063702588854376, 43.66932091305587 ], [ -0.062900603734884, 43.669338699503697 ], [ -0.061716393399932, 43.670253432106065 ], [ -0.060845636717561, 43.670609953983089 ], [ -0.05962575018795, 43.671708905096999 ], [ -0.057409719739762, 43.672186904680188 ], [ -0.057434087276011, 43.672767295050825 ], [ -0.056916324158342, 43.672503570946127 ], [ -0.05639083645577, 43.672055664782569 ], [ -0.055429404355324, 43.67223069606306 ], [ -0.054026667200232, 43.671985617370559 ], [ -0.051979966828581, 43.671479560243853 ], [ -0.050064656312442, 43.67106319229989 ], [ -0.049291864239197, 43.67074300809125 ], [ -0.04818100677845, 43.669388918620953 ], [ -0.047325266224453, 43.668091249444167 ], [ -0.045861555170425, 43.668399560518694 ], [ -0.046002992966868, 43.667722897150455 ], [ -0.046104940720071, 43.667138828370547 ], [ -0.045587243513106, 43.666874152766255 ], [ -0.042793657489481, 43.667639740883224 ], [ -0.040978005754643, 43.668628372546515 ], [ -0.040323932836043, 43.668122967850181 ], [ -0.039371497195022, 43.668572833143003 ], [ -0.038579661682964, 43.668774565452743 ], [ -0.037896211364445, 43.668574641136097 ], [ -0.036326631271153, 43.668364472585367 ], [ -0.034967420676668, 43.668148771942342 ], [ -0.034199870022037, 43.667951567249112 ], [ -0.032836837981839, 43.667613624706668 ], [ -0.03194309733922, 43.66744974235111 ], [ -0.030622199450041, 43.667141425125436 ], [ -0.029260475251797, 43.666833984812357 ], [ -0.027937110199142, 43.666465439299259 ], [ -0.027255028288465, 43.666296893668743 ], [ -0.026129317952776, 43.665585888267806 ], [ -0.025440953441353, 43.665295170072795 ], [ -0.024795818575114, 43.664941455685714 ], [ -0.025271896365258, 43.663217085217411 ], [ -0.024150091861865, 43.662628275943106 ], [ -0.023385180964922, 43.662492089447021 ], [ -0.020404234681019, 43.662801663917364 ], [ -0.019297705155746, 43.662581166231504 ], [ -0.01780362048643, 43.662123595815409 ], [ -0.014616124322483, 43.662560702158096 ], [ -0.013448107588594, 43.662861247800279 ], [ -0.012724057019516, 43.662724098966706 ], [ -0.011922108068389, 43.662680359656605 ], [ -0.011155968154412, 43.662513539583273 ], [ -0.010313244261644, 43.66256239655835 ], [ -0.009554650542934, 43.662578848284106 ], [ -0.008877638828371, 43.662500903673099 ], [ -0.00819691654438, 43.662362785681388 ], [ -0.007642422935073, 43.662221928688517 ], [ -0.007855908845955, 43.661268597210238 ], [ -0.007215948844718, 43.661097217408567 ], [ -0.007847625727774, 43.660012529302961 ], [ -0.007408040058489, 43.659593113442341 ], [ -0.007390464022711, 43.659165453358447 ], [ -0.007536119592318, 43.658611060325512 ], [ -0.006362460402052, 43.657748029499224 ], [ -0.005593894107997, 43.657520076442779 ], [ -0.005916612934761, 43.657145298826244 ], [ -0.007821575919183, 43.654286706967021 ], [ -0.007792661809365, 43.653583227079913 ], [ -0.0074780580458, 43.653099957673405 ], [ -0.007629974306347, 43.65269830200257 ], [ -0.011818520146888, 43.653005821914199 ], [ -0.012263139696875, 43.653577979445359 ], [ -0.01320374602408, 43.653864195052257 ], [ -0.014418202165633, 43.654694789564388 ], [ -0.014903671460027, 43.655235475762701 ], [ -0.01562643195872, 43.655373534592634 ], [ -0.016224208843281, 43.655543982002179 ], [ -0.01762469265855, 43.656768863986102 ], [ -0.019972285022219, 43.65846319559958 ], [ -0.021541558095606, 43.658704173613415 ], [ -0.02245322427986, 43.658317405180867 ], [ -0.022522143008836, 43.657917534743085 ], [ -0.022981434501496, 43.656805038939098 ], [ -0.024130248082248, 43.656014716251079 ], [ -0.024324124885423, 43.655612118265822 ], [ -0.024544867264718, 43.654811465846805 ], [ -0.024560334615254, 43.654197841059194 ], [ -0.024594789227677, 43.65398306808077 ], [ -0.017705340569773, 43.652601802126988 ], [ -0.017240109880436, 43.652551676397927 ], [ -0.017088622863784, 43.65194168797597 ], [ -0.016686057627711, 43.651399209640836 ], [ -0.016920754533178, 43.650934590583994 ], [ -0.016069803655996, 43.649758906604461 ], [ -0.01532190182037, 43.648979341082558 ], [ -0.014512633539201, 43.648813487947187 ], [ -0.013955738565472, 43.648611571082476 ], [ -0.0124237920182, 43.648277059406865 ], [ -0.011033665080249, 43.647265918891854 ], [ -0.010809517947312, 43.646934468138383 ], [ -0.012645799628345, 43.642392122106216 ], [ -0.013304090640561, 43.640939045425526 ], [ -0.014212186676992, 43.639479637122051 ], [ -0.014414903721095, 43.639261213073375 ], [ -0.014097827271648, 43.638747448416403 ], [ -0.013624462906795, 43.638136365291992 ], [ -0.013609989246393, 43.638145672138677 ], [ -0.013623188919404, 43.638135493742666 ], [ -0.013608730959586, 43.638115125550328 ], [ -0.013873781187184, 43.637967286818338 ], [ -0.014867587854711, 43.637297337074052 ], [ -0.013756836485528, 43.634256899568179 ], [ -0.00819766041976, 43.627163978732632 ], [ -0.003849263685784, 43.621795416099751 ], [ -0.004079239965938, 43.618288884237259 ], [ -0.005225425210996, 43.613586346581435 ], [ -0.007746122417064, 43.609634525657619 ], [ -0.010232394439007, 43.607442253552172 ], [ -0.010126763339178, 43.597949811200742 ], [ -0.008841347676515, 43.597137856628784 ], [ -0.000577934507647, 43.59398982419679 ], [ 0.004488815156473, 43.590549251527911 ], [ 0.003401939019966, 43.579668958510524 ], [ 0.002967381090549, 43.575593454638678 ], [ 0.004769948713937, 43.570306517746715 ], [ 0.00958990573059, 43.565883089467924 ], [ 0.012221543471548, 43.558216757993172 ], [ 0.013928922648991, 43.555236779287185 ], [ 0.017268647242823, 43.552513045990516 ], [ 0.021113163660439, 43.546140468495544 ], [ 0.027237748063916, 43.540425318753634 ], [ 0.027065445420863, 43.538082941737031 ], [ 0.031112064766715, 43.533020905192885 ], [ 0.03188155138173, 43.531560039591419 ], [ 0.034453920178334, 43.527522029025121 ], [ 0.034225198984906, 43.526543382719026 ], [ 0.035201408334103, 43.52227621007998 ], [ 0.03783572629422, 43.516681287501441 ], [ 0.037937022821387, 43.507524925542093 ], [ 0.038040145056536, 43.506280935546272 ], [ 0.037857044394848, 43.502846882027313 ], [ 0.035606099017001, 43.4989003203384 ], [ 0.033009303617499, 43.49027183078595 ], [ 0.035141163125818, 43.48538030569388 ], [ 0.040029557618512, 43.475416306265281 ], [ 0.04136542530612, 43.475444740945392 ], [ 0.047927196431437, 43.465256268175011 ], [ 0.05008123581926, 43.464912653762802 ], [ 0.055299549744844, 43.46151582785653 ], [ 0.058693117074963, 43.456910534442393 ], [ 0.060315093798717, 43.449735077020229 ], [ 0.078473504192353, 43.443686786176251 ], [ 0.07987625958678, 43.440528978470482 ], [ 0.081199713320928, 43.434839552760721 ], [ 0.081416457481823, 43.43065268667867 ], [ 0.081911921832874, 43.424273487081365 ], [ 0.081996246901401, 43.422131917863496 ], [ 0.08759090972127, 43.415817955016152 ], [ 0.086996466167591, 43.410544363224204 ], [ 0.09359717095832, 43.400001471887073 ], [ 0.094715138810524, 43.399472740359684 ], [ 0.09492014301879, 43.396218935235133 ], [ 0.094718896815778, 43.391375304434746 ], [ 0.096947641845357, 43.382041322541077 ], [ 0.09032100865126, 43.376273685043522 ], [ 0.091384246039654, 43.374079797587022 ], [ 0.094397273074026, 43.372127901848117 ], [ 0.094411847920771, 43.368794690910654 ], [ 0.090253577990893, 43.368499447936188 ], [ 0.09300836310414, 43.366244647076506 ], [ 0.095484537380123, 43.357528277632269 ], [ 0.097039486538589, 43.351910464266069 ], [ 0.097413031175055, 43.349190699467108 ], [ 0.09709304753254, 43.343728089379063 ], [ 0.097929973098382, 43.33595222710273 ], [ 0.099490471335052, 43.330139535394608 ], [ 0.09865159842668, 43.324277874258399 ], [ 0.100261825105555, 43.324695215368571 ], [ 0.101309680747606, 43.310888226432851 ], [ 0.100880691302973, 43.301333305360501 ], [ 0.097856705235036, 43.29480335509799 ], [ 0.093250064498169, 43.291822632152481 ], [ 0.088011477146096, 43.289374156961287 ], [ 0.087532498862749, 43.288000438390497 ], [ 0.08790604283286, 43.285281752077715 ], [ 0.089139734615509, 43.281019595315854 ], [ 0.089656966670807, 43.279467151148459 ], [ 0.086718714983245, 43.274734823652587 ], [ 0.087906458608294, 43.271642170975831 ], [ 0.088287547129066, 43.268727715074498 ], [ 0.087412606371627, 43.263839014200613 ], [ 0.088561965343442, 43.261720019903144 ], [ 0.087770972040091, 43.254690078798916 ], [ 0.086322544551026, 43.241441212561298 ], [ 0.087278777158103, 43.240067926098426 ], [ 0.09263297729258, 43.232581448557994 ], [ 0.093796738073745, 43.230072651628376 ], [ 0.094952791901895, 43.227758749397459 ], [ 0.096640506343202, 43.225456828324504 ], [ 0.097152532635209, 43.223767697258531 ], [ 0.099529316683171, 43.219672441385022 ], [ 0.097702829759577, 43.214630278419456 ], [ 0.096538288713292, 43.212979013255122 ], [ 0.096000091061281, 43.207714717266548 ], [ 0.096717969604796, 43.200866764662926 ], [ 0.096970508449991, 43.197917435594682 ], [ 0.090538135263109, 43.197782167787544 ], [ 0.09050382742858, 43.205261906294936 ], [ 0.090435338119943, 43.207014190292291 ], [ 0.09022226088164, 43.212465058925062 ], [ 0.088770630512158, 43.215552027203671 ], [ 0.088936890757086, 43.218087679481727 ], [ 0.090708716837755, 43.220392646893806 ], [ 0.088710707069869, 43.222549543357019 ], [ 0.088032386629843, 43.224932699811312 ], [ 0.08695940318347, 43.227787605599389 ], [ 0.08579542541947, 43.230295425322595 ], [ 0.080963600110002, 43.237986694323766 ], [ 0.080300630105044, 43.240592197967104 ], [ 0.079813249848831, 43.24692559752598 ], [ 0.079850364077069, 43.252771146255554 ], [ 0.078092249366532, 43.25682521055635 ], [ 0.077680085020366, 43.26051832649447 ], [ 0.078981618265377, 43.261324144816179 ], [ 0.078505271491703, 43.264210487836095 ], [ 0.077131201091118, 43.267715313936272 ], [ 0.077852305513916, 43.269677560189827 ], [ 0.077683752389666, 43.273961046249731 ], [ 0.078901334033213, 43.276909074316187 ], [ 0.077917089559444, 43.28838410550761 ], [ 0.072722271864489, 43.291587498178828 ], [ 0.071778346868306, 43.29526861974707 ], [ 0.072405360062289, 43.306387581427025 ], [ 0.073333429377655, 43.309913979523074 ], [ 0.087925589655395, 43.3187934555732 ], [ 0.085944495697812, 43.328493305284994 ], [ 0.083253415966985, 43.340134542080328 ], [ 0.087162041005502, 43.343129925748833 ], [ 0.08917557339778, 43.345430248993154 ], [ 0.089955699801099, 43.351988494795926 ], [ 0.088030243617165, 43.356983567631453 ], [ 0.086071886360936, 43.361270431459907 ], [ 0.084409364111639, 43.366456182894048 ], [ 0.082721661873253, 43.370833199914571 ], [ 0.08418044298079, 43.371716886065812 ], [ 0.08450263853521, 43.375496777272595 ], [ 0.085342013531415, 43.378379485927098 ], [ 0.086275614841124, 43.380371438800047 ], [ 0.087348640185824, 43.387950106578437 ], [ 0.08815703504226, 43.392133056715267 ], [ 0.086825423124305, 43.393458284831667 ], [ 0.086210431166337, 43.395808080477877 ], [ 0.085233730765138, 43.400960689366663 ], [ 0.083297256931197, 43.40267331706449 ], [ 0.080427065164114, 43.407678417667242 ], [ 0.075694819782396, 43.412451123380713 ], [ 0.073663402017129, 43.41533217366721 ], [ 0.072964422355643, 43.413952740571148 ], [ 0.071574844112639, 43.415287392891884 ], [ 0.072688408754701, 43.427423707844518 ], [ 0.073223525993913, 43.434418827858813 ], [ 0.068530818669976, 43.431396441402711 ], [ 0.063439732534362, 43.431678483626563 ], [ 0.057415615658334, 43.435254514441382 ], [ 0.05445385886569, 43.441870137065429 ], [ 0.052537797954836, 43.447403820140231 ], [ 0.051221778680339, 43.449737809166713 ], [ 0.045989925192564, 43.453524302363931 ], [ 0.037248467322881, 43.464780064632357 ], [ 0.03511542638044, 43.462543471495529 ], [ 0.031409005244765, 43.466218031601791 ], [ 0.031045579451587, 43.466996973342887 ], [ 0.030891348744479, 43.466168304269942 ], [ 0.031252595347401, 43.464983824440019 ], [ 0.031692383259986, 43.463718306770488 ], [ 0.029504645821601, 43.462660941823721 ], [ 0.031107610410667, 43.456083296982563 ], [ 0.029476228545986, 43.45543702193126 ], [ 0.029757901704256, 43.454174432920894 ], [ 0.029997676707596, 43.452910049330541 ], [ 0.030115370224244, 43.452071919902352 ], [ 0.030721260040546, 43.450571716282738 ], [ 0.031553319498973, 43.448663667545354 ], [ 0.032252863311767, 43.447440582873448 ], [ 0.033366672067552, 43.446378291542914 ], [ 0.034455141267547, 43.445392770392175 ], [ 0.035586716603255, 43.444377591185898 ], [ 0.038319671308989, 43.440568954860318 ], [ 0.041333233289416, 43.438675876033109 ], [ 0.043975644195081, 43.437142547254396 ], [ 0.044987872428725, 43.435926050160134 ], [ 0.0462859634403, 43.43443960581061 ], [ 0.047514972421112, 43.433074854263403 ], [ 0.048278676409071, 43.431807202657168 ], [ 0.051015356108161, 43.42997004010666 ], [ 0.051470981465996, 43.429062655859909 ], [ 0.053174892484476, 43.42629998853733 ], [ 0.054263206767764, 43.422700731206042 ], [ 0.054581918854063, 43.419933889988414 ], [ 0.056419542493579, 43.417519269018435 ], [ 0.054904354742015, 43.413451350157558 ], [ 0.055947223485131, 43.414359892799546 ], [ 0.057349647688275, 43.414694345153137 ], [ 0.055354553403364, 43.411375086259326 ], [ 0.053949614656351, 43.409249648264023 ], [ 0.055265154504737, 43.409378204586957 ], [ 0.053848361037325, 43.408108409462272 ], [ 0.052924429745874, 43.407065714012177 ], [ 0.05250596233743, 43.406551578898508 ], [ 0.050755006849274, 43.4044511321028 ], [ 0.050862428555321, 43.403582236282794 ], [ 0.050070646049716, 43.402166520714466 ], [ 0.049896171857865, 43.401780723668693 ], [ 0.049094052464509, 43.399853227065769 ], [ 0.049028758076539, 43.399111029435247 ], [ 0.048891727828473, 43.397541089592131 ], [ 0.048979968608132, 43.396411970221394 ], [ 0.049059259975584, 43.395198152141468 ], [ 0.049232058693378, 43.394544624002975 ], [ 0.049544946034517, 43.393006720029724 ], [ 0.04989818752078, 43.394657661427473 ], [ 0.050422798556797, 43.394393691204471 ], [ 0.050621703153399, 43.39357978796415 ], [ 0.051308512724776, 43.393205078349006 ], [ 0.052144420188805, 43.392986363155629 ], [ 0.052626154988311, 43.392498512753377 ], [ 0.053734435096297, 43.39070325895387 ], [ 0.054471607486672, 43.388258226025485 ], [ 0.055165235561484, 43.387431426841481 ], [ 0.05481380908895, 43.385422739200855 ], [ 0.054397741520599, 43.383242766998649 ], [ 0.053595884897227, 43.381033042073106 ], [ 0.053014577429976, 43.380125286109468 ], [ 0.052514421222576, 43.379779342121104 ], [ 0.052794402924886, 43.379341160960088 ], [ 0.052970959204434, 43.375684075383077 ], [ 0.05360439600214, 43.37293121489666 ], [ 0.052762348551216, 43.36910600804714 ], [ 0.052328446491687, 43.368676961858512 ], [ 0.05189897129966, 43.36841522530856 ], [ 0.051696311927539, 43.367471450741959 ], [ 0.051794073697225, 43.366564618650898 ], [ 0.05172651922388, 43.366188294940031 ], [ 0.051429504075876, 43.365478960235833 ], [ 0.051442862536281, 43.365143910665367 ], [ 0.051121789114854, 43.363462229210278 ], [ 0.050968139465296, 43.360486827055475 ], [ 0.051093122942434, 43.358402873476045 ], [ 0.051524164272295, 43.355996383287547 ], [ 0.051167974257866, 43.354949567287434 ], [ 0.050771165117006, 43.35387132193884 ], [ 0.050411348215658, 43.352916126458062 ], [ 0.050038572681823, 43.351761075521196 ], [ 0.050218133411374, 43.351428661288317 ], [ 0.051436167233208, 43.350354143902223 ], [ 0.052617133367823, 43.349064865214778 ], [ 0.054072641874075, 43.346725970296141 ], [ 0.054382145566978, 43.344180271199832 ], [ 0.053293377808431, 43.343652839710543 ], [ 0.053417707277577, 43.341056472879878 ], [ 0.053465098101076, 43.339866307274825 ], [ 0.053602427065266, 43.337468902436811 ], [ 0.053639680984914, 43.336285717388741 ], [ 0.053699410231192, 43.335032888903427 ], [ 0.053748077514589, 43.333810392812538 ], [ 0.053730308128898, 43.332679084637789 ], [ 0.053732417806792, 43.332626088927292 ], [ 0.055611582645694, 43.329593193888059 ], [ 0.053908330630641, 43.328732701648875 ], [ 0.052758089010896, 43.327653780639899 ], [ 0.05077088162751, 43.325516941741228 ], [ 0.048634536389204, 43.325517382175967 ], [ 0.048615054888612, 43.324462456320454 ], [ 0.04873524662998, 43.323517480877975 ], [ 0.048878223016675, 43.322556808899314 ], [ 0.049021158792521, 43.321597035734207 ], [ 0.049435522212761, 43.321178828077343 ], [ 0.049694215962528, 43.320465140662378 ], [ 0.049439984938595, 43.318442419790962 ], [ 0.048801083447372, 43.317144190628298 ], [ 0.047345042020039, 43.314820816136852 ], [ 0.046768922967768, 43.313524812073403 ], [ 0.046082173804719, 43.312348711186907 ], [ 0.045250317431899, 43.311169515604696 ], [ 0.044607895411764, 43.309963785431329 ], [ 0.044849011896246, 43.308118830301517 ], [ 0.044658683139826, 43.307151972783885 ], [ 0.044271597030998, 43.304270604307781 ], [ 0.044100383644672, 43.30328797440712 ], [ 0.044013384227229, 43.302323321552088 ], [ 0.044694853378551, 43.300977703455828 ], [ 0.04580801863618, 43.299823769993246 ], [ 0.046592916466422, 43.299061080337793 ], [ 0.048032041246261, 43.297601227454678 ], [ 0.049339559492174, 43.296322847437771 ], [ 0.050277976290437, 43.295349446892772 ], [ 0.051734705128865, 43.295266239072475 ], [ 0.052055231634864, 43.294294078417742 ], [ 0.052271818846579, 43.293335891283505 ], [ 0.052454878905424, 43.292385083151693 ], [ 0.052589988425925, 43.291371228916738 ], [ 0.052278303545549, 43.290019764957073 ], [ 0.050950048646545, 43.290526420891212 ], [ 0.050780395535382, 43.289811737695018 ], [ 0.050626616154142, 43.288914903432655 ], [ 0.050546050103112, 43.288064573997389 ], [ 0.050431593384183, 43.28778705943563 ], [ 0.050063106547424, 43.287060058129867 ], [ 0.049814483567621, 43.286474943437639 ], [ 0.049818742541795, 43.286368058139246 ], [ 0.049551730470392, 43.285719625015275 ], [ 0.050280328859402, 43.284757955049372 ], [ 0.050156784253317, 43.283133613247649 ], [ 0.049818069896908, 43.281660216014238 ], [ 0.049275904437961, 43.280044052352373 ], [ 0.049291552018967, 43.279126555411047 ], [ 0.049004425603244, 43.278983805747337 ], [ 0.049044224135724, 43.278510006286453 ], [ 0.04907465105254, 43.277746545514759 ], [ 0.049142819234763, 43.277610456533594 ], [ 0.049951115548391, 43.276220795546045 ], [ 0.048067126648947, 43.277312484716973 ], [ 0.047833606262742, 43.277399206444059 ], [ 0.047547799126216, 43.275619492974464 ], [ 0.047445952469822, 43.274533191874625 ], [ 0.047397102668799, 43.27362960763643 ], [ 0.048196031332355, 43.271980868827015 ], [ 0.048875825484605, 43.270665797453027 ], [ 0.050201265245183, 43.268890715605693 ], [ 0.051106550306212, 43.267687405600938 ], [ 0.051663942932963, 43.266292412400354 ], [ 0.05141823986651, 43.265110476087074 ], [ 0.050905043319505, 43.264870334466139 ], [ 0.050550293821581, 43.264327021949441 ], [ 0.050625715520498, 43.264039167521489 ], [ 0.050648246053413, 43.263473315033089 ], [ 0.050656721710421, 43.263260446786369 ], [ 0.052080807026439, 43.262647984062511 ], [ 0.052028460811763, 43.262387078429192 ], [ 0.04921172988979, 43.257512465656951 ], [ 0.048620932314443, 43.25502422556297 ], [ 0.0481752324903, 43.250994713563408 ], [ 0.048588914106315, 43.25002548694443 ], [ 0.048464606736173, 43.249472695594051 ], [ 0.049032373984172, 43.245190609824789 ], [ 0.049018226764409, 43.245051874157618 ], [ 0.049480509045505, 43.242891712108744 ], [ 0.049905280281243, 43.240622883958586 ], [ 0.050348421148113, 43.238385912402855 ], [ 0.051116554128384, 43.236446208623256 ], [ 0.051340069063413, 43.233454874672105 ], [ 0.052777109177785, 43.232003124321444 ], [ 0.052628181346394, 43.229998079008695 ], [ 0.052614462558308, 43.228209852439761 ], [ 0.052651671154329, 43.226253716549223 ], [ 0.052471061476782, 43.223407528633878 ], [ 0.052277599740172, 43.221966961843719 ], [ 0.052916791090699, 43.220635791666929 ], [ 0.051002938347434, 43.216222815340636 ], [ 0.044423210298395, 43.214554452634388 ], [ 0.042868733457754, 43.21476666449739 ], [ 0.042413532535466, 43.211516398771295 ], [ 0.042587543830027, 43.210328173980123 ], [ 0.036296277026694, 43.209856508681469 ], [ 0.034554000724464, 43.209513547290769 ], [ 0.035187313162569, 43.208336077327182 ], [ 0.035401974384281, 43.207118173102167 ], [ 0.036138388188743, 43.20542065035756 ], [ 0.036821948235291, 43.203998854258387 ], [ 0.037133483854174, 43.202477402578644 ], [ 0.037742021638092, 43.200840960964371 ], [ 0.037955427903633, 43.199713822768175 ], [ 0.037094620697868, 43.198228397422277 ], [ 0.035655686132119, 43.196638890858694 ], [ 0.034538464397347, 43.195300762519203 ], [ 0.033595608637943, 43.193812653356474 ], [ 0.024954353500062, 43.196774865013275 ], [ 0.028365686523307, 43.200241589982461 ], [ 0.029806899363394, 43.200792125447158 ], [ 0.031688891123215, 43.20177997897332 ], [ 0.03177859333213, 43.202668217181277 ], [ 0.030144946918754, 43.207982493440149 ], [ 0.032121975874213, 43.211815613636368 ], [ 0.032941107158604, 43.213269638217909 ], [ 0.034670030774969, 43.213948529069761 ], [ 0.035178505464385, 43.214815184859489 ], [ 0.036670406921092, 43.215092545980418 ], [ 0.037381594416166, 43.216115447392355 ], [ 0.039114319235874, 43.216702658415038 ], [ 0.039461951905759, 43.217413938056417 ], [ 0.041347065732204, 43.218372024478931 ], [ 0.041623494195458, 43.218743786614517 ], [ 0.043705287831819, 43.219980200125008 ], [ 0.046057144656752, 43.220764788538929 ], [ 0.044571576439859, 43.22553057706515 ], [ 0.043713881439043, 43.228141591657227 ], [ 0.046350457293682, 43.234341922649236 ], [ 0.047319043889013, 43.236288948344452 ], [ 0.047308089797943, 43.236563784130823 ], [ 0.046792162323923, 43.240037904376557 ], [ 0.046200853641855, 43.242317554456463 ], [ 0.045693017718242, 43.244537859578145 ], [ 0.045104010245626, 43.246726771811296 ], [ 0.043525542845679, 43.247548878608747 ], [ 0.043201700496282, 43.249376682945133 ], [ 0.040669672348298, 43.24993298832554 ], [ 0.040667194558686, 43.249994961677054 ], [ 0.039696864288805, 43.251257901290955 ], [ 0.037576329685359, 43.252007213260541 ], [ 0.037231284568938, 43.253314972820611 ], [ 0.036857778842474, 43.253244953914383 ], [ 0.036198066081766, 43.254056956352777 ], [ 0.035415485760848, 43.254804298170214 ], [ 0.035066899311284, 43.257241945678068 ], [ 0.037299946888317, 43.258909632106096 ], [ 0.039775234411851, 43.260827859517356 ], [ 0.039924067251346, 43.261258036786685 ], [ 0.041056084453271, 43.262230602966767 ], [ 0.041975595856461, 43.263289413800372 ], [ 0.042036260835098, 43.264910602913439 ], [ 0.042387918411165, 43.265529390665733 ], [ 0.044818460188368, 43.264389243837648 ], [ 0.044912788147587, 43.267233711733525 ], [ 0.044527627890232, 43.269578936876371 ], [ 0.044189094801613, 43.271772339301258 ], [ 0.044396219473829, 43.273886587652711 ], [ 0.044237033934036, 43.27580874393594 ], [ 0.04482365541409, 43.276830772821441 ], [ 0.045850215695271, 43.277311116648001 ], [ 0.046085137470354, 43.277713458534613 ], [ 0.045983268297961, 43.278169753477954 ], [ 0.044427111143538, 43.278381101428934 ], [ 0.044746836846339, 43.278754690361986 ], [ 0.046044062132399, 43.279790961095763 ], [ 0.045980292978696, 43.280340660858137 ], [ 0.045658817632077, 43.282106549114935 ], [ 0.045381559604732, 43.283812252741519 ], [ 0.045105494367023, 43.28545685478916 ], [ 0.045205643743558, 43.287170605906468 ], [ 0.045449135718213, 43.287359182161758 ], [ 0.04746524746367, 43.290306660940757 ], [ 0.048198624519118, 43.291850504515942 ], [ 0.04798226950925, 43.292060751964989 ], [ 0.047156336708437, 43.292836954537037 ], [ 0.045033475501532, 43.294625624399778 ], [ 0.042129862527808, 43.297131160377887 ], [ 0.041555780942443, 43.297883932548743 ], [ 0.041408633600117, 43.299439604775728 ], [ 0.041117697914989, 43.301512714544316 ], [ 0.041070046836809, 43.302703734261677 ], [ 0.040835580846735, 43.304349244302621 ], [ 0.040613556113631, 43.306760050010524 ], [ 0.040332369527852, 43.308587959302216 ], [ 0.040829510963192, 43.309760948935363 ], [ 0.040799250297986, 43.31153218976953 ], [ 0.040754492484687, 43.314772958058391 ], [ 0.040873881034833, 43.314927433885408 ], [ 0.040813991062425, 43.316423860395176 ], [ 0.040928458384939, 43.316701391958389 ], [ 0.043311439263997, 43.317822006966985 ], [ 0.04350865253508, 43.319140524832257 ], [ 0.045859505459528, 43.323196483693451 ], [ 0.04491401656673, 43.324857455009955 ], [ 0.044817610877355, 43.327270085841128 ], [ 0.044934523947898, 43.327487434581556 ], [ 0.044841775960818, 43.329808451607043 ], [ 0.04891089519497, 43.336987198337418 ], [ 0.046546999706758, 43.343754030873015 ], [ 0.04485250558216, 43.344207918691303 ], [ 0.046547357870703, 43.344762718899609 ], [ 0.046542478549281, 43.344884879429642 ], [ 0.045827813304912, 43.346032082020251 ], [ 0.044764947243657, 43.347446064373152 ], [ 0.044135443366074, 43.349573192086652 ], [ 0.044035021316626, 43.351067900809255 ], [ 0.044104376874026, 43.352444861144043 ], [ 0.044202161146614, 43.354189224567683 ], [ 0.044149609114197, 43.355503358392397 ], [ 0.044175873136718, 43.356941437818136 ], [ 0.044088829474277, 43.35807054245393 ], [ 0.044090411406648, 43.359078370554208 ], [ 0.044477490800186, 43.360921501802899 ], [ 0.044613159270916, 43.361719120059973 ], [ 0.044699612369215, 43.362699989290206 ], [ 0.045006378530338, 43.363409550533788 ], [ 0.045478489540392, 43.365223027788431 ], [ 0.04612869120642, 43.365725928168331 ], [ 0.045785953655751, 43.368012034733134 ], [ 0.044586446639374, 43.370768080010016 ], [ 0.044588335434805, 43.372816095732084 ], [ 0.045157673795864, 43.374295421224801 ], [ 0.045506336972101, 43.375006777031082 ], [ 0.045618864775992, 43.37641524795545 ], [ 0.046412238661, 43.377501965840359 ], [ 0.047441000239242, 43.379021619398877 ], [ 0.048268582973398, 43.379315209742359 ], [ 0.045290898193032, 43.382521667121665 ], [ 0.045016762042249, 43.384106221819764 ], [ 0.045482937473377, 43.386072436074947 ], [ 0.046171913160727, 43.387708049024241 ], [ 0.046684580401913, 43.38851279796345 ], [ 0.045687541158147, 43.390388562099425 ], [ 0.044056266601662, 43.392400963719091 ], [ 0.042410422825763, 43.395820935275154 ], [ 0.042052547566205, 43.396568508412713 ], [ 0.043687969651856, 43.396366883894608 ], [ 0.043455598614272, 43.397090161816784 ], [ 0.042807971652435, 43.398115667431291 ], [ 0.042281789962394, 43.399740722890847 ], [ 0.041723358116686, 43.401462188617842 ], [ 0.041381490945696, 43.403716908988976 ], [ 0.040853647308838, 43.40642708498747 ], [ 0.041862917563434, 43.407396185609933 ], [ 0.042193424770195, 43.408564798674881 ], [ 0.042698187252499, 43.41166379229913 ], [ 0.043736736064791, 43.413167538493681 ], [ 0.046584781435367, 43.413029414717087 ], [ 0.046358557892873, 43.414523329698298 ], [ 0.047215136267302, 43.415122321771562 ], [ 0.04611351522272, 43.418522517390912 ], [ 0.044757221472002, 43.419931274939835 ], [ 0.043211246588908, 43.421886207229235 ], [ 0.04086055837155, 43.424066730574395 ], [ 0.040192584844219, 43.42396079466738 ], [ 0.037946090190942, 43.424554833936504 ], [ 0.035822794434742, 43.425182026126329 ], [ 0.034553427412468, 43.425461501096144 ], [ 0.032381012297289, 43.428380203359531 ], [ 0.031094339678748, 43.429087227688981 ], [ 0.029961756280429, 43.430132889243815 ], [ 0.029041158309643, 43.431090474892386 ], [ 0.026989015372825, 43.432085849206082 ], [ 0.026250683533024, 43.432682295317697 ], [ 0.024263712886435, 43.435146311323862 ], [ 0.023556019747922, 43.438127755983146 ], [ 0.023548472164759, 43.441429018765668 ], [ 0.023515016682888, 43.444333238370803 ], [ 0.023496503062279, 43.444791374144188 ], [ 0.02358884401615, 43.446658957035652 ], [ 0.023788550197252, 43.44794623748394 ], [ 0.023779829930993, 43.449230845965808 ], [ 0.023824175971882, 43.450179435967136 ], [ 0.023756337326759, 43.450819929965959 ], [ 0.02368232435288, 43.451643706063052 ], [ 0.023230965355129, 43.453437597608492 ], [ 0.022657474082989, 43.455168630388869 ], [ 0.022051755896922, 43.458733124217922 ], [ 0.022480877446806, 43.46274061603706 ], [ 0.022914550946955, 43.463034935391683 ], [ 0.023308865853052, 43.465676854961544 ], [ 0.024222127253857, 43.469223612899697 ], [ 0.025352580708835, 43.470513780250378 ], [ 0.027363617855454, 43.471397517782393 ], [ 0.028272045562542, 43.472288194320839 ], [ 0.028503947434293, 43.472782269211393 ], [ 0.028765741527685, 43.473178081952859 ], [ 0.029004768128519, 43.47674005362127 ], [ 0.026779753537396, 43.485462345516126 ], [ 0.026366518447327, 43.49071062146168 ], [ 0.025648740249381, 43.493621878434439 ], [ 0.024099034602779, 43.497527723738251 ], [ 0.024665390077438, 43.505575340953222 ], [ 0.028197958678322, 43.510045003294913 ], [ 0.028802482574542, 43.514930325352871 ], [ 0.026380128319036, 43.521894465937301 ], [ 0.017415629879575, 43.525014680418792 ], [ 0.015169571134936, 43.530544710854137 ], [ 0.014770016634525, 43.537429912869683 ], [ 0.014580178061758, 43.542102338712844 ], [ 0.01346995564687, 43.543052247024384 ], [ -0.002592041334421, 43.549331449969394 ], [ -0.005940840069245, 43.558770309612555 ], [ -0.002749330967392, 43.563258032415426 ], [ -0.001403604557283, 43.566116882805076 ], [ -0.002910290047668, 43.570177336606612 ], [ -0.002453151223408, 43.574686753359501 ], [ -0.002588526774704, 43.578445122407814 ], [ -0.002665040960081, 43.58768086242376 ], [ -0.003933240004742, 43.58826125835909 ], [ -0.006889426210608, 43.589671874460663 ], [ -0.009518051065597, 43.594005633690628 ], [ -0.013876661088648, 43.595663475987095 ], [ -0.013994393872201, 43.599665078416436 ], [ -0.016153025263104, 43.603979276817256 ], [ -0.016187856650813, 43.607016056262175 ], [ -0.016131251495615, 43.609485629911234 ], [ -0.015857785375832, 43.611647899299363 ], [ -0.01593741298154, 43.613159547899158 ], [ -0.015105608087509, 43.617540652205896 ], [ -0.013098158915631, 43.622380741601894 ], [ -0.016856015260592, 43.62892540943367 ], [ -0.019862235883972, 43.633077333200845 ], [ -0.022279071295405, 43.636797830109835 ], [ -0.021068872638332, 43.640438248733034 ], [ -0.021889886874857, 43.641579466851979 ], [ -0.021082864520712, 43.642484609619807 ], [ -0.020961365927259, 43.643619399981567 ], [ -0.020910175092046, 43.644418141394638 ], [ -0.021158406882062, 43.645301180365898 ], [ -0.020973404791013, 43.645948169963397 ], [ -0.02103057974335, 43.646312914986538 ], [ -0.021802882480371, 43.646633295017672 ], [ -0.023077430257175, 43.646881566325462 ], [ -0.024429703802706, 43.646913207356882 ], [ -0.025586932321616, 43.647378030161683 ], [ -0.026175552161742, 43.648375025836252 ], [ -0.026278462486184, 43.649843043631343 ], [ -0.027574595032205, 43.65057998309949 ], [ -0.029076027334092, 43.651190121181976 ], [ -0.031155018824206, 43.651512429731135 ], [ -0.032800479889945, 43.65254740822612 ], [ -0.034275295020671, 43.653557327715582 ], [ -0.034531355072795, 43.654622723985291 ], [ -0.033827642935364, 43.654914215489072 ], [ -0.033901557067661, 43.655709333101143 ], [ -0.033049884908852, 43.656523829077017 ], [ -0.032403437605877, 43.657180951791489 ], [ -0.031646080668416, 43.658269442123803 ], [ -0.03100850447617, 43.659170959323106 ], [ -0.030581311286113, 43.660068769435917 ], [ -0.030048134453278, 43.661427516278906 ], [ -0.030388531189431, 43.661511794059358 ], [ -0.031449203369333, 43.661641458308324 ], [ -0.032196260012813, 43.662391271291256 ], [ -0.035255971267801, 43.662905161835432 ], [ -0.035403976987435, 43.662443296032315 ], [ -0.038457396650747, 43.662805260043172 ], [ -0.0408096325231, 43.662569252942006 ], [ -0.042528254949574, 43.662317452887827 ], [ -0.044624218580073, 43.661996171691897 ], [ -0.046206336865717, 43.661501818641774 ], [ -0.047885306611372, 43.661280481381176 ], [ -0.049519752411209, 43.661060999018382 ], [ -0.051539200045527, 43.66095529409337 ], [ -0.052870306212731, 43.661507727991626 ], [ -0.054160644419756, 43.662091622103787 ], [ -0.055315860548109, 43.662495038961346 ], [ -0.055781199471954, 43.662515325820308 ], [ -0.056519450545251, 43.662988199817235 ], [ -0.057770431933629, 43.663665547956413 ], [ -0.057638075873564, 43.664525477307748 ], [ -0.058095781229053, 43.664393048249856 ], [ -0.058816195973644, 43.664469726286285 ], [ -0.059417695823807, 43.66372080827302 ], [ -0.060338758473357, 43.66155745730817 ], [ -0.060715764043668, 43.660507755734422 ], [ -0.061178482420377, 43.660466027837707 ], [ -0.06133132459962, 43.660094841206082 ], [ -0.06192896703709, 43.659256069003995 ], [ -0.063649032684202, 43.660043448414513 ], [ -0.064789717760261, 43.659100885861996 ], [ -0.065978745077898, 43.658277739104847 ], [ -0.066164525870903, 43.657660314683227 ], [ -0.066362059963345, 43.657380752517746 ], [ -0.066446151549212, 43.657348309750574 ], [ -0.067087458812227, 43.657548088445523 ], [ -0.067181448335779, 43.656780725946241 ], [ -0.067505045970637, 43.656436311423164 ], [ -0.073373714772112, 43.65762316605457 ], [ -0.074479065529971, 43.657812563837396 ], [ -0.074923059071645, 43.65835391953371 ], [ -0.075732730572346, 43.658550794457902 ], [ -0.075939156115521, 43.658423891057318 ], [ -0.075969615027325, 43.658177711539587 ], [ -0.076547539370023, 43.658868950222299 ], [ -0.079314402581949, 43.659480755033741 ], [ -0.081834858739316, 43.661231981150074 ], [ -0.082598596293957, 43.661337208197935 ], [ -0.083148081969588, 43.661355495906513 ], [ -0.083337672139293, 43.660861151853062 ], [ -0.084116215143403, 43.660323056783064 ], [ -0.084568540818161, 43.660036858818394 ], [ -0.085525764561293, 43.65974025618101 ], [ -0.086389712588073, 43.659230807663825 ], [ -0.087256279695262, 43.658783343249056 ], [ -0.087491791495464, 43.658379688871769 ], [ -0.089961203760696, 43.659916046590084 ], [ -0.091277053223224, 43.660101453413915 ], [ -0.092481068796336, 43.660656259860531 ], [ -0.093959988839369, 43.660714772635934 ], [ -0.096135538197419, 43.661279184897303 ], [ -0.097137080080169, 43.662021946785906 ], [ -0.098339783889576, 43.662514670296666 ], [ -0.098751391641447, 43.662291377994677 ], [ -0.100486757095964, 43.662436656132741 ], [ -0.100542148349511, 43.661761847908842 ], [ -0.102099721274619, 43.662644917376859 ], [ -0.101905265395825, 43.662036890116234 ], [ -0.104315939049778, 43.656255023602938 ], [ -0.104701329503347, 43.655420791363916 ], [ -0.10684652439437, 43.656290524186787 ], [ -0.107908581904405, 43.656449984658138 ], [ -0.108927449583586, 43.65664188592973 ], [ -0.109571556184383, 43.65690340298935 ], [ -0.110979365539875, 43.657269044360248 ], [ -0.111777232146721, 43.657159264372318 ], [ -0.113009023821206, 43.657376884630317 ], [ -0.11320359013248, 43.657004673145686 ], [ -0.113729383980272, 43.65647208215325 ], [ -0.114263118576883, 43.656153337485371 ], [ -0.114550946811557, 43.654983147805289 ], [ -0.114784975674773, 43.654549787862372 ], [ -0.116133565785615, 43.651609153320372 ], [ -0.118180121716631, 43.652113990111523 ], [ -0.120342347907394, 43.652370658674016 ], [ -0.120578993813371, 43.652948017555673 ], [ -0.122026145368273, 43.652301827906754 ], [ -0.123383822551367, 43.65150567472179 ], [ -0.123846499484452, 43.651465476061247 ], [ -0.125847139509817, 43.651909163131556 ], [ -0.12572073577645, 43.650931823470678 ], [ -0.125945312174223, 43.650253149877692 ], [ -0.129393245951626, 43.651031620637873 ], [ -0.13080334052599, 43.650448206455145 ], [ -0.131685325725611, 43.650367833436704 ], [ -0.138613551419333, 43.650637586548385 ], [ -0.13895814818799, 43.650844630446656 ], [ -0.140667496196148, 43.652306409308572 ], [ -0.140812266592855, 43.652731154958325 ], [ -0.140639248989373, 43.653623613750277 ], [ -0.142944580394448, 43.653265040996018 ], [ -0.14381584835113, 43.65293751068684 ], [ -0.145176566662021, 43.653213859720942 ], [ -0.146874988342503, 43.653480641383041 ], [ -0.147844989432367, 43.653458368952194 ], [ -0.148318271586832, 43.653661529936457 ], [ -0.149731128207929, 43.653201004554042 ], [ -0.150314687654993, 43.653064387925049 ], [ -0.150349960933682, 43.652879222276987 ], [ -0.151226587902699, 43.65267561033707 ], [ -0.152205280469812, 43.651887801387389 ], [ -0.153250145424276, 43.651680301968419 ], [ -0.154397710649758, 43.651867914576897 ], [ -0.156188314537146, 43.652316782284188 ], [ -0.157091619791132, 43.652724027109677 ], [ -0.158820160698156, 43.652715643078089 ], [ -0.159245281002821, 43.651817333069033 ], [ -0.160661976297819, 43.65144740271063 ], [ -0.163350542422052, 43.652151503278368 ], [ -0.163874586303962, 43.651618699359894 ], [ -0.164300488424359, 43.651700582085859 ], [ -0.165386816352692, 43.652411086646197 ], [ -0.166568193858565, 43.653424243878241 ], [ -0.167723963481538, 43.653796782878416 ], [ -0.168707482608869, 43.654110348245531 ], [ -0.169974325927338, 43.655121492521474 ], [ -0.170950701175768, 43.656201408522868 ], [ -0.172148245243301, 43.657521698549033 ], [ -0.172355673232121, 43.658435975856577 ], [ -0.17194141853177, 43.659577804823655 ], [ -0.171475567029068, 43.660476218124373 ], [ -0.172198771261856, 43.660613231797491 ], [ -0.173650528429245, 43.66100852705766 ], [ -0.174329051277783, 43.661115087792702 ], [ -0.175661240106792, 43.661635437380134 ], [ -0.176354618916147, 43.662078880896139 ], [ -0.1769461740214, 43.662094816945334 ], [ -0.178400735458127, 43.662552037696798 ], [ -0.18042248913725, 43.663454694113916 ], [ -0.18134113301844, 43.663219283980069 ], [ -0.182377867828114, 43.663806683417008 ], [ -0.184059114540626, 43.663645222861433 ], [ -0.184930218153615, 43.664267933274246 ], [ -0.186269551756147, 43.664021776928571 ], [ -0.187383705300614, 43.664425663942339 ], [ -0.18672282503374, 43.663767493446741 ], [ -0.188166724286835, 43.664008999954966 ], [ -0.188976826112278, 43.664204130120531 ], [ -0.189687786033209, 43.664034649352857 ], [ -0.188987746772965, 43.663499713189665 ], [ -0.189104496405615, 43.663282951511235 ], [ -0.190784402384886, 43.664070192725923 ], [ -0.191424865658939, 43.664238690518488 ], [ -0.192638069556977, 43.664975654642681 ], [ -0.193099442263385, 43.66395493828572 ], [ -0.19365715930803, 43.664156833587043 ], [ -0.194198522046696, 43.66493916708967 ], [ -0.194757608455617, 43.665171601899019 ], [ -0.195167545622032, 43.665867074647394 ], [ -0.195789145425991, 43.666586371053121 ], [ -0.196238348474902, 43.667189191617986 ], [ -0.197135269318078, 43.667412807447491 ], [ -0.197204571283538, 43.667104517123846 ], [ -0.197883010391393, 43.667150681063681 ], [ -0.198603727165168, 43.667256104588589 ], [ -0.199850891106175, 43.667778159476413 ], [ -0.20171966593906, 43.668070683094442 ], [ -0.20385308223015, 43.668602476865928 ], [ -0.202062032279294, 43.670084325439781 ], [ -0.201517741404967, 43.670158247327642 ], [ -0.200368294590946, 43.669940586690728 ], [ -0.199306965856646, 43.669782002866157 ], [ -0.19859716053365, 43.66995062014967 ], [ -0.198199626962284, 43.670511216606556 ], [ -0.197605232922293, 43.672301297807842 ], [ -0.197043425723639, 43.672957468113282 ], [ -0.19871164539302, 43.674420266706889 ], [ -0.20067693179986, 43.674036959736142 ], [ -0.203182309949519, 43.67345748000011 ], [ -0.20447613816816, 43.675050389350346 ], [ -0.212309236063394, 43.676580298993493 ], [ -0.213342386173562, 43.677046995045579 ], [ -0.214251957107387, 43.677575950550853 ], [ -0.215130349196731, 43.678321473903218 ], [ -0.215833809780449, 43.678978485569935 ], [ -0.216223377308282, 43.679183338461819 ], [ -0.21828386822745, 43.679042984087751 ], [ -0.220455531259051, 43.678563612536884 ], [ -0.222268303495404, 43.677570169611762 ], [ -0.222384955459848, 43.677353369786907 ], [ -0.22597447541676, 43.676471622716349 ], [ -0.227681840649192, 43.676003096584488 ], [ -0.228272220700387, 43.675989105860864 ], [ -0.229679925799799, 43.67632356182807 ], [ -0.230805452021492, 43.676939891828845 ], [ -0.231844985439511, 43.6766094506089 ], [ -0.232461659337547, 43.677206362831718 ], [ -0.233614169295805, 43.677485671919293 ], [ -0.234375648248111, 43.677528739656488 ], [ -0.234421183028721, 43.678538515285325 ], [ -0.236455373842862, 43.677816565344848 ], [ -0.236830538855494, 43.678634138732399 ], [ -0.237926699949186, 43.679557772408607 ], [ -0.238445362518162, 43.679820631645221 ], [ -0.237486730307627, 43.681037762463632 ], [ -0.237584591451875, 43.681311533091929 ], [ -0.238013721283877, 43.681484791542694 ], [ -0.238065559007645, 43.683565538997911 ], [ -0.238909774502864, 43.683545453443863 ], [ -0.240228174230933, 43.683790171907297 ], [ -0.242404624666562, 43.684320210185916 ], [ -0.242817166516024, 43.684126013351708 ], [ -0.243805705282844, 43.684501760279915 ], [ -0.24538340550612, 43.684861646949798 ], [ -0.246619030833746, 43.685137942304507 ], [ -0.246796591585091, 43.686266884237341 ], [ -0.246971431389976, 43.687335635471158 ], [ -0.24727698824329, 43.687542387136972 ], [ -0.249636381656563, 43.690242553488005 ], [ -0.249451961946865, 43.691777659401247 ], [ -0.249272968290366, 43.693405270467238 ], [ -0.248280408037305, 43.694776210043969 ], [ -0.248170286125304, 43.696064918650421 ], [ -0.248422862402838, 43.696058887727382 ], [ -0.249959004003735, 43.696451189017885 ], [ -0.251105054609902, 43.696577590739338 ], [ -0.252455421931521, 43.697463549226498 ], [ -0.253138729931079, 43.697662152297909 ], [ -0.254951381962887, 43.697618775312826 ], [ -0.26101127710131, 43.699984562403095 ], [ -0.262992171791532, 43.700856166536973 ], [ -0.264376872512075, 43.70161884785248 ], [ -0.265363026422295, 43.701932414531406 ], [ -0.266987474299398, 43.702352039480083 ], [ -0.268013320369775, 43.702665527708113 ], [ -0.269580232900229, 43.704618125779632 ], [ -0.269542051988644, 43.706548195368391 ], [ -0.271249585584435, 43.707885820193489 ], [ -0.27191594624192, 43.708603657670174 ], [ -0.271913233655661, 43.709492304606847 ], [ -0.272310203357304, 43.709849685548313 ], [ -0.273912453666799, 43.710698752839988 ], [ -0.274203041085286, 43.71060090986353 ], [ -0.274696843947707, 43.71123115729872 ], [ -0.275321423846877, 43.711982362709378 ], [ -0.27597812133846, 43.712487260256673 ], [ -0.27693539456684, 43.713138693927554 ], [ -0.277648079422469, 43.713917441260023 ], [ -0.278653112833103, 43.714690024195555 ], [ -0.279785536106768, 43.715428042796738 ], [ -0.281312460593684, 43.716493782904635 ], [ -0.283058591004974, 43.717768254697333 ], [ -0.284151664079427, 43.718537763146564 ], [ -0.284300523054383, 43.719024325620587 ], [ -0.283804010581389, 43.720199246150926 ], [ -0.284646366970154, 43.721986628835751 ], [ -0.284303953589133, 43.722791773143989 ], [ -0.283950415235909, 43.723382232014494 ], [ -0.283195208257268, 43.724379936091026 ], [ -0.285233561888731, 43.726473858060885 ], [ -0.284669589877356, 43.727989491284006 ], [ -0.285250709696674, 43.72867875058936 ], [ -0.286744289443836, 43.729010438489837 ], [ -0.287377628891668, 43.730832558786886 ], [ -0.28819750589447, 43.731211126311806 ], [ -0.294261113187587, 43.733575141536612 ], [ -0.296528490983953, 43.734194599548466 ], [ -0.297866543054751, 43.734806037077774 ], [ -0.300705583528955, 43.735929562133123 ], [ -0.303186791255046, 43.73749255157685 ], [ -0.304820010751763, 43.738126395792577 ], [ -0.306175430291998, 43.739134851269171 ], [ -0.307526285474003, 43.739990503734504 ], [ -0.308984360989967, 43.741364280605239 ], [ -0.310428406857242, 43.742461365189811 ], [ -0.312181345386595, 43.7437973201909 ], [ -0.312847304070573, 43.744486176123139 ], [ -0.314576469553668, 43.745362178427399 ], [ -0.316381871573036, 43.746941430242295 ], [ -0.318093096979554, 43.748308002910065 ], [ -0.319857980206359, 43.749918777858667 ], [ -0.321032346692955, 43.750624805870203 ], [ -0.321570846228524, 43.751316742320647 ], [ -0.322932845549029, 43.751496484003347 ], [ -0.324761474417186, 43.751758288685657 ], [ -0.327362626001407, 43.752275397298739 ], [ -0.330357294498182, 43.753060682533189 ], [ -0.332927875583575, 43.753823057324695 ], [ -0.334852212809173, 43.754297300595177 ], [ -0.336840579812815, 43.755288901604288 ], [ -0.338091927307315, 43.756728590419939 ], [ -0.340742790195829, 43.75739796438171 ], [ -0.342055910259326, 43.757457255901166 ], [ -0.343637772737901, 43.757848072071745 ], [ -0.345873426712968, 43.757761274152728 ], [ -0.34730136225379, 43.758492236798531 ], [ -0.349270957004656, 43.759025374002512 ], [ -0.350592773319315, 43.759267833023529 ], [ -0.351906149638062, 43.759357581192425 ], [ -0.3546936664363, 43.760207617234798 ], [ -0.354670295090791, 43.760605749959247 ], [ -0.355145245882984, 43.760808920250518 ], [ -0.357321575625367, 43.761275618861909 ], [ -0.358123517983876, 43.761255681214728 ], [ -0.359305866767948, 43.762114924141699 ], [ -0.359868190718412, 43.762406744909384 ], [ -0.360875074279229, 43.762259363636034 ], [ -0.361397994158985, 43.76258363803624 ], [ -0.362843477965432, 43.762761710692402 ], [ -0.363209688191268, 43.762476458944441 ], [ -0.364376155821335, 43.762998753544174 ], [ -0.36478882432931, 43.763692733901998 ], [ -0.365375206034548, 43.764045989656815 ], [ -0.366269278973324, 43.764606537143223 ], [ -0.36714535687598, 43.764369717038683 ], [ -0.367444494051264, 43.763534762741067 ], [ -0.369462750522659, 43.765997445833655 ], [ -0.370827173310497, 43.766269183079409 ], [ -0.370986853551723, 43.766938882151635 ], [ -0.37088391437753, 43.76746223549172 ], [ -0.371020310641045, 43.767642316084853 ], [ -0.371579629409481, 43.767842411201372 ], [ -0.371469172484352, 43.76818156585216 ], [ -0.372234916684328, 43.768285655354298 ], [ -0.373025321240905, 43.768021247194596 ], [ -0.373741819549362, 43.768003332266645 ], [ -0.374638370829805, 43.768195877849145 ], [ -0.375482551575381, 43.768174757413377 ], [ -0.375594181400744, 43.767834669275643 ], [ -0.376400310948985, 43.766129819328498 ], [ -0.377141155040719, 43.765711915208058 ], [ -0.377976422992822, 43.764619750424849 ], [ -0.378566443939385, 43.764604970397542 ], [ -0.379110971029853, 43.764469001673916 ], [ -0.379671799780619, 43.763842420329098 ], [ -0.380935893295706, 43.76378014926879 ], [ -0.382399017276777, 43.764325397642033 ], [ -0.382890148062372, 43.764864439897984 ], [ -0.385752639988843, 43.765527429550879 ], [ -0.386603861085553, 43.765628370604908 ], [ -0.387607809047563, 43.765419651237139 ], [ -0.388100166638472, 43.765101459259483 ], [ -0.38848204879799, 43.7642643585814 ], [ -0.388674999284763, 43.763861947487065 ], [ -0.389080305810042, 43.763514458989668 ], [ -0.389801130711402, 43.763588072119411 ], [ -0.390996794604919, 43.763833219903645 ], [ -0.392047230163924, 43.763715033063875 ], [ -0.392481885495236, 43.763980221861644 ], [ -0.393372309651982, 43.764018959103531 ], [ -0.394460884327897, 43.764695808325264 ], [ -0.396013671078285, 43.764442596676254 ], [ -0.398098806264671, 43.764756981715571 ], [ -0.398949069535733, 43.764889331344726 ], [ -0.399903202206842, 43.764497364820102 ], [ -0.399965901662366, 43.764923924772461 ], [ -0.400087929197269, 43.764829098519257 ], [ -0.401357712010177, 43.764859090172152 ], [ -0.402013196621613, 43.765302153419334 ], [ -0.40227980360863, 43.766458420600493 ], [ -0.402715432438438, 43.765865458855728 ], [ -0.403195146568225, 43.764383612232791 ], [ -0.403901953215088, 43.763263002128269 ], [ -0.404721234816878, 43.762752075372894 ], [ -0.405848318008709, 43.762448324786781 ], [ -0.405943418624329, 43.760944718157688 ], [ -0.406674113780203, 43.761171776711002 ], [ -0.407953256459334, 43.7622727109094 ], [ -0.410174439461587, 43.761908820332863 ], [ -0.410300864730263, 43.761905615922529 ], [ -0.410574436208253, 43.762328624657734 ], [ -0.411908429922788, 43.762815590233011 ], [ -0.412750009270405, 43.763590269441984 ], [ -0.413536660257556, 43.764152264211212 ], [ -0.415212300775047, 43.764722267054879 ], [ -0.415935422581696, 43.765714904798166 ], [ -0.417244141345107, 43.765651077106043 ], [ -0.417895324885061, 43.766002411484884 ], [ -0.418730782144981, 43.765827365788255 ], [ -0.419897827162232, 43.766349064298247 ], [ -0.422641606718783, 43.765422050348825 ], [ -0.424096240891769, 43.765782572591007 ], [ -0.424547400983804, 43.766384518703724 ], [ -0.424885798881547, 43.766375896987078 ], [ -0.42574154827992, 43.766568163728458 ], [ -0.425869108120594, 43.767483273599368 ], [ -0.427586872414153, 43.768021436480716 ], [ -0.428470165769425, 43.76793684180744 ], [ -0.428896630191765, 43.767160508827189 ], [ -0.429081026892361, 43.768350304975677 ], [ -0.42946904646805, 43.768494213142006 ], [ -0.430837064433346, 43.767938495287204 ], [ -0.434822386485649, 43.769061748456451 ], [ -0.438790244635425, 43.769848902015404 ], [ -0.439224826874679, 43.770081531961303 ], [ -0.441077821856876, 43.772547210340491 ], [ -0.442725258104332, 43.773392769433045 ], [ -0.445337213497328, 43.774060642758698 ], [ -0.446039733357399, 43.775481786780894 ], [ -0.447593849680658, 43.776116494912493 ], [ -0.448645631696026, 43.776885521179075 ], [ -0.449017318776665, 43.777581168956274 ], [ -0.449662809672773, 43.777809240421163 ], [ -0.449992554699734, 43.777647851242357 ], [ -0.450888377816864, 43.776092989849971 ], [ -0.450659627472947, 43.775730981454835 ], [ -0.450021825391277, 43.774797521132029 ], [ -0.450397933225809, 43.774696103803862 ], [ -0.450736858148079, 43.773860760498664 ], [ -0.451455030284113, 43.772126969741301 ], [ -0.452191000043925, 43.771618715951142 ], [ -0.453440239333647, 43.769503357812745 ], [ -0.455953010745052, 43.7690104899362 ], [ -0.460963775608611, 43.768635709987706 ], [ -0.463880084557924, 43.767794931163571 ], [ -0.465306431542838, 43.767573671212993 ], [ -0.467567945509665, 43.76800540413462 ], [ -0.470699634938966, 43.769823159471841 ], [ -0.472145375254394, 43.769969200113458 ], [ -0.474196839226278, 43.770467408022355 ], [ -0.475701395489532, 43.770949187267568 ], [ -0.476218131687592, 43.772866096385577 ], [ -0.476991634109727, 43.773121266718505 ], [ -0.47767302427111, 43.773195325947846 ], [ -0.478466298824474, 43.773021811897785 ], [ -0.47987786425641, 43.77335303711223 ], [ -0.481112005412494, 43.773535042528771 ], [ -0.481366411604578, 43.773559011757328 ], [ -0.482129358590296, 43.773600339983957 ], [ -0.482714633231351, 43.773462786431779 ], [ -0.483073985922222, 43.773024377674886 ], [ -0.483546158302886, 43.772307785642077 ], [ -0.484671770001807, 43.772003246131298 ], [ -0.48617031941562, 43.771535168436053 ], [ -0.486855008002405, 43.771700832812748 ], [ -0.48903966468084, 43.770602280094828 ], [ -0.490408713201746, 43.770077251928278 ], [ -0.49154937451838, 43.770077177660198 ], [ -0.492314917898955, 43.769322306971048 ], [ -0.493361927777924, 43.769111475824367 ], [ -0.493950445900455, 43.769065524610028 ], [ -0.494950741817142, 43.768764148708748 ], [ -0.498242271788287, 43.76953533238872 ], [ -0.499320712829207, 43.769108639754066 ], [ -0.500048840318996, 43.769273983678282 ], [ -0.501520602702891, 43.769143704833411 ], [ -0.501833612820583, 43.769471922667016 ], [ -0.502586694597305, 43.770187093675972 ], [ -0.504408210506968, 43.769404466738294 ], [ -0.505542517759556, 43.769252394951337 ], [ -0.507182561690569, 43.769087042708151 ], [ -0.508612803280159, 43.769814987185377 ], [ -0.510089714259227, 43.768918975318883 ], [ -0.510651016005791, 43.769147997900326 ], [ -0.511136049833784, 43.769564320446626 ], [ -0.513208768511105, 43.768744358524778 ], [ -0.515092127568135, 43.768357504936851 ], [ -0.516367222988196, 43.768538930576042 ], [ -0.517880781490679, 43.768376744720179 ], [ -0.518920266161562, 43.76804262922839 ], [ -0.531861715173467, 43.770671990885504 ], [ -0.533181795960564, 43.770881715472413 ], [ -0.536003931401695, 43.771512179407821 ], [ -0.537282202802672, 43.771753546920159 ], [ -0.538369694522207, 43.771510620596416 ], [ -0.539410704755266, 43.771207749085789 ], [ -0.53987555198599, 43.771195413445042 ], [ -0.540264550989519, 43.770541931052847 ], [ -0.540000903481347, 43.769475800156563 ], [ -0.541700432964108, 43.768819005117685 ], [ -0.541835292121268, 43.768172266197652 ], [ -0.543017875050998, 43.767283608699699 ], [ -0.54394225661711, 43.76637031767703 ], [ -0.544478630231295, 43.766079907386526 ], [ -0.545747572053995, 43.765280674455603 ], [ -0.546429264902829, 43.765384876825379 ], [ -0.548241934278815, 43.765274573597885 ], [ -0.549221765337914, 43.765432888997665 ], [ -0.551091136280494, 43.764801104180236 ], [ -0.552495123801148, 43.764977771517863 ], [ -0.553362678202353, 43.764586735394992 ], [ -0.554493656397075, 43.76437306732398 ], [ -0.555338069348224, 43.764382020827519 ], [ -0.555492355523978, 43.764072065511094 ], [ -0.557277424737418, 43.764298768485077 ], [ -0.558154345665826, 43.764092745054541 ], [ -0.559168196635425, 43.764065659247315 ], [ -0.560855932737873, 43.763989065595979 ], [ -0.562229038321789, 43.764412003521969 ], [ -0.562949780362221, 43.764453890147607 ], [ -0.564389711205435, 43.764507106752163 ], [ -0.565868988812899, 43.764528666564779 ], [ -0.567521231702086, 43.764607638860831 ], [ -0.570377672025572, 43.764254900369664 ], [ -0.570976676626482, 43.764391751252134 ], [ -0.571934663267559, 43.76412137249168 ], [ -0.572883326665866, 43.764494400120547 ], [ -0.574285812427566, 43.764640243142665 ], [ -0.574935022861295, 43.764132558540474 ], [ -0.585973864763617, 43.763436930933459 ], [ -0.589221983660016, 43.762521711769701 ], [ -0.592685554880323, 43.763287203927106 ], [ -0.594439328571284, 43.763698549977853 ], [ -0.595514125311977, 43.763240394638473 ], [ -0.596509347947872, 43.762876135209417 ], [ -0.596961570321718, 43.762620119046176 ], [ -0.599958921519056, 43.764161712884494 ], [ -0.601446131197456, 43.764336394484495 ], [ -0.604648978037069, 43.764157762006462 ], [ -0.606034124164107, 43.763966337521218 ], [ -0.60661834807009, 43.76465571609009 ], [ -0.607172740709919, 43.765559994632575 ], [ -0.608020173206653, 43.766394240995403 ], [ -0.60951274453084, 43.767486208376077 ], [ -0.611132423615272, 43.7701687045898 ], [ -0.610946807835711, 43.77152218065293 ], [ -0.611352660679109, 43.772000499173181 ], [ -0.612129966582692, 43.772316687053731 ], [ -0.614638614049545, 43.771788736296436 ], [ -0.615985842932192, 43.770863284565188 ], [ -0.616070359276374, 43.76923818790091 ], [ -0.617983546989516, 43.769461312448868 ], [ -0.619119136853418, 43.769338594548941 ], [ -0.62075969220541, 43.768375396272511 ], [ -0.623438195542336, 43.767872286802287 ], [ -0.624865207926897, 43.767649793221672 ], [ -0.628092074039866, 43.767929488325002 ], [ -0.630645003663664, 43.768257227278895 ], [ -0.631950147608466, 43.767364206981711 ], [ -0.632479433434701, 43.767778797571872 ], [ -0.633583393735912, 43.767074778325757 ], [ -0.635853166708001, 43.766829038389538 ], [ -0.636405382183984, 43.766874161726264 ], [ -0.640055482567527, 43.766345777956822 ], [ -0.641883691309037, 43.765774701985961 ], [ -0.643391614223854, 43.765487668014416 ], [ -0.644277790054487, 43.765463296739632 ], [ -0.64540589409921, 43.762001332305914 ], [ -0.648429166951561, 43.760816133277594 ], [ -0.648546009939532, 43.759801807960443 ], [ -0.650384397949276, 43.760210824880161 ], [ -0.652296212807882, 43.759606677880676 ], [ -0.652914609915275, 43.760109566424489 ], [ -0.654954039373982, 43.759501851034926 ], [ -0.655465763256239, 43.759580377673537 ], [ -0.656298787015713, 43.759372962599507 ], [ -0.657545715867497, 43.759767608064479 ], [ -0.66031452468986, 43.758588200693723 ], [ -0.660583087989079, 43.758856939253171 ], [ -0.661222778624312, 43.758961584859712 ], [ -0.663443663484729, 43.759420969976667 ], [ -0.663877937145562, 43.759654527878801 ], [ -0.66674106386317, 43.760218403311335 ], [ -0.669308803646931, 43.760851569897639 ], [ -0.671236113352312, 43.761318942928455 ], [ -0.672016786251785, 43.761694882158181 ], [ -0.672277603024386, 43.762637589352558 ], [ -0.674289317107203, 43.76230554504771 ], [ -0.67436708595812, 43.762978064679622 ], [ -0.675483663818902, 43.76334464710682 ], [ -0.676905509092112, 43.763029847682716 ], [ -0.676691530553791, 43.76377075092352 ], [ -0.67758413367778, 43.763868270006178 ], [ -0.679014826632595, 43.763767295984735 ], [ -0.679442298592429, 43.763847156592512 ], [ -0.679273772039065, 43.764648872054558 ], [ -0.680224764757221, 43.765051501087207 ], [ -0.681657043655225, 43.764184007926353 ], [ -0.681710125444042, 43.763569916947098 ], [ -0.682492923586316, 43.76321166925473 ], [ -0.683354268640888, 43.762696499426077 ], [ -0.683159800096927, 43.762212548443266 ], [ -0.683859918201535, 43.761887180066537 ], [ -0.684139813389155, 43.760776496398364 ], [ -0.684931749899425, 43.759772978957443 ], [ -0.685853515754056, 43.759625829785541 ], [ -0.686287377286262, 43.759031701173321 ], [ -0.686604941670847, 43.758654914801951 ], [ -0.687243055680359, 43.758728866525487 ], [ -0.687699513528348, 43.757766174603773 ], [ -0.68821327292142, 43.757905661839374 ], [ -0.691112911540566, 43.758405807156983 ], [ -0.692998231162503, 43.75887486808319 ], [ -0.693939422321593, 43.759093235269482 ], [ -0.694847661675195, 43.758669316288312 ], [ -0.695458726584858, 43.759050733723569 ], [ -0.697050516656042, 43.75876149538032 ], [ -0.69802117295367, 43.758764002523193 ], [ -0.69881279416044, 43.758527729603905 ], [ -0.702340314318062, 43.757325968135596 ], [ -0.705083940721251, 43.756483440555876 ], [ -0.706682140049958, 43.756316221482066 ], [ -0.707546869717102, 43.755893415109661 ], [ -0.708449250655269, 43.756174817753759 ], [ -0.710646199535484, 43.754581061659685 ], [ -0.710782028770675, 43.75396552406194 ], [ -0.712533798070034, 43.752751278632971 ], [ -0.712246633556728, 43.752116157096616 ], [ -0.712440921889359, 43.751804831223765 ], [ -0.712780377339255, 43.751029732240568 ], [ -0.715431891480064, 43.750861515672675 ], [ -0.716247940340631, 43.751084111374503 ], [ -0.716697106054696, 43.751592314090345 ], [ -0.716562633619117, 43.752208721353071 ], [ -0.718221157009755, 43.751642011335967 ], [ -0.718353696036873, 43.751730032095438 ], [ -0.718873983312055, 43.751990634153977 ], [ -0.720211999201258, 43.752504339585315 ], [ -0.720955713694568, 43.75297363002727 ], [ -0.721516561314885, 43.753203389265074 ], [ -0.722881490803097, 43.753408644456144 ], [ -0.723910344777119, 43.753687247217805 ], [ -0.724315399467376, 43.755727771701551 ], [ -0.724088882201924, 43.756223548268849 ], [ -0.724927197156344, 43.75690424579642 ], [ -0.7249561907192, 43.756658737439409 ], [ -0.726003993736193, 43.758834030552435 ], [ -0.726177455588963, 43.758920886385006 ], [ -0.731350626738755, 43.760031279206856 ], [ -0.73171461192252, 43.759715110151809 ], [ -0.732676238841759, 43.75950345899227 ], [ -0.733948978988213, 43.758824188680599 ], [ -0.735502139063432, 43.758627233931939 ], [ -0.736454661197692, 43.758293461231645 ], [ -0.738132087330048, 43.758030871570746 ], [ -0.740566322752711, 43.757717978687246 ], [ -0.741411442600108, 43.757693975144186 ], [ -0.742235867573332, 43.757333202770042 ], [ -0.743722457797028, 43.757443884449053 ], [ -0.744448663619688, 43.757607655842676 ], [ -0.745004643790457, 43.757744777719516 ], [ -0.745861336743923, 43.75793451571419 ], [ -0.746784520563091, 43.757816490068301 ], [ -0.748054684039122, 43.757872098379309 ], [ -0.748778372202595, 43.757943253803383 ], [ -0.749587159091429, 43.758073153815246 ], [ -0.749872198871923, 43.757882415306291 ], [ -0.750372617884898, 43.756948764403695 ], [ -0.751147753161737, 43.756435494494184 ], [ -0.75200387074407, 43.755859636985882 ], [ -0.752494523231748, 43.755570370886325 ], [ -0.752957955908698, 43.755557157507333 ], [ -0.753751010966379, 43.75535192161982 ], [ -0.755406313900063, 43.756284367534491 ], [ -0.759988820484878, 43.756613201911811 ], [ -0.763791271557067, 43.757361794838367 ], [ -0.76627574160575, 43.757198917018037 ], [ -0.767223845339949, 43.757538804269508 ], [ -0.768185382216874, 43.758124792607155 ], [ -0.769724600337435, 43.758447719946531 ], [ -0.771095356032683, 43.758776357276375 ], [ -0.77499075776234, 43.759675735583222 ], [ -0.77535457935571, 43.760155578960571 ], [ -0.7765759172582, 43.763152212248677 ], [ -0.776835459550282, 43.763268003587818 ], [ -0.77888885011132, 43.763728969231089 ], [ -0.779532204700533, 43.763894893502879 ], [ -0.780416623957543, 43.763838870780269 ], [ -0.781367834586598, 43.764209139391923 ], [ -0.782218536102968, 43.764307907731983 ], [ -0.782354983951446, 43.764487503799863 ], [ -0.782774472177885, 43.765211321773769 ], [ -0.783129542453724, 43.76550697278315 ], [ -0.783762835867531, 43.765488739686255 ], [ -0.783816691388313, 43.765701299642728 ], [ -0.784586444920159, 43.765862655968306 ], [ -0.785364626729032, 43.766177600169094 ], [ -0.785345128978061, 43.765075221110713 ], [ -0.786099800663708, 43.76496171561223 ], [ -0.786850777682472, 43.766319199896614 ], [ -0.788691605567162, 43.766725837608163 ], [ -0.789190386920586, 43.767354686290624 ], [ -0.789314475666241, 43.768054616653494 ], [ -0.789432395155278, 43.768664762337728 ], [ -0.790512328698621, 43.769093317481016 ], [ -0.791344120930255, 43.768823714323453 ], [ -0.791773954764513, 43.768965144307636 ], [ -0.79255720596466, 43.769370756375231 ], [ -0.793468722618091, 43.769038559469209 ], [ -0.793660841919089, 43.769462134799468 ], [ -0.794132433260807, 43.7688052759963 ], [ -0.796597520972401, 43.769071398685526 ], [ -0.797311269158087, 43.769724586753661 ], [ -0.797626427370899, 43.769316035608888 ], [ -0.798259758482247, 43.769297717806005 ], [ -0.79898414679023, 43.769400011673945 ], [ -0.799646084065545, 43.769900846891922 ], [ -0.79991072230205, 43.769341712335496 ], [ -0.800505811346477, 43.77018363958183 ], [ -0.801199366025561, 43.770469437721751 ], [ -0.801630871009342, 43.770640469480583 ], [ -0.802483387933254, 43.770769618178647 ], [ -0.803002104102243, 43.770968706323551 ], [ -0.802400805475607, 43.771568188622389 ], [ -0.801245314923716, 43.772091051289543 ], [ -0.803213351946401, 43.772525256870168 ], [ -0.802599754001345, 43.772879495650557 ], [ -0.803118539340654, 43.77307948174294 ], [ -0.803840010386579, 43.773150342255796 ], [ -0.803351152122936, 43.773470383199893 ], [ -0.804037226614202, 43.773664618950832 ], [ -0.804719042611081, 43.77373662297429 ], [ -0.805261838520687, 43.773629126311945 ], [ -0.805777208232469, 43.773002430332461 ], [ -0.806314953271209, 43.773568005278285 ], [ -0.806870393212235, 43.773644560062287 ], [ -0.807731850401259, 43.773956936889107 ], [ -0.808315933437292, 43.774551746628845 ], [ -0.809256159831448, 43.771706784630062 ], [ -0.810782418071277, 43.771783923830114 ], [ -0.812232945306047, 43.772017980351784 ], [ -0.813444608771031, 43.77253425126159 ], [ -0.813658461250579, 43.773325119283506 ], [ -0.813999099242382, 43.774141090674341 ], [ -0.813879651252103, 43.775033411331627 ], [ -0.81405498692438, 43.775150666322041 ], [ -0.814597505480166, 43.77577814081689 ], [ -0.81436881392613, 43.776244508247764 ], [ -0.815019177736915, 43.776532378661805 ], [ -0.814866051047773, 43.777578621426933 ], [ -0.814552562256054, 43.778015967505418 ], [ -0.814175616476485, 43.778854600548868 ], [ -0.813958793422966, 43.779535638414039 ], [ -0.813815515762873, 43.779997723404385 ], [ -0.814285544475871, 43.780077624711836 ], [ -0.815717589938087, 43.779973911920955 ], [ -0.817033895797695, 43.780089463277093 ], [ -0.818136261717299, 43.78091475189315 ], [ -0.818169943590948, 43.782261448383892 ], [ -0.824707220818799, 43.783511340650932 ], [ -0.825827646405429, 43.783876307479865 ], [ -0.826375470204769, 43.784595343361168 ], [ -0.827193351739954, 43.784878259105511 ], [ -0.827003318768377, 43.78601647361868 ], [ -0.828283971305377, 43.786224699315895 ], [ -0.828907657888685, 43.78678856833973 ], [ -0.830271398678764, 43.786994345172651 ], [ -0.830827012894194, 43.78720482703465 ], [ -0.830830532194376, 43.787201125567684 ], [ -0.831505739265804, 43.787462989098408 ], [ -0.832216216464133, 43.787733713975307 ], [ -0.832226734910937, 43.78774420245005 ], [ -0.832346025004184, 43.787790196842998 ], [ -0.836560705393187, 43.787033550329511 ], [ -0.836748434599726, 43.786903901716101 ], [ -0.836982321687049, 43.786755807917046 ], [ -0.836616196392862, 43.785868662644042 ], [ -0.836759779640654, 43.785370545222129 ], [ -0.837191489468459, 43.785251746597808 ], [ -0.83764656454239, 43.785151154939967 ], [ -0.838054478813361, 43.785051042814921 ], [ -0.838579923901698, 43.784876413327297 ], [ -0.838790528176567, 43.784289062660484 ], [ -0.840159124723139, 43.784849039042491 ], [ -0.840697350140312, 43.784903438654872 ], [ -0.841614799762543, 43.785211219140642 ], [ -0.841844779378954, 43.785415897304361 ], [ -0.842207041339401, 43.785810123991567 ], [ -0.842668251055641, 43.786219441166537 ], [ -0.842773783078982, 43.786374687165058 ], [ -0.843187705346313, 43.78680428237989 ], [ -0.843495711595836, 43.787093936514175 ], [ -0.843830484167677, 43.78699594821888 ], [ -0.844140460605397, 43.786898686407362 ], [ -0.84453858424326, 43.786623402171351 ], [ -0.845413556895935, 43.786614816474255 ], [ -0.846046829924103, 43.7866142196225 ], [ -0.846601748993577, 43.786544846172667 ], [ -0.847135006941807, 43.786088349489397 ], [ -0.847375028675674, 43.786028219679764 ], [ -0.847427197412617, 43.78696054214268 ], [ -0.847805791125061, 43.787179736708509 ], [ -0.848164905209048, 43.787538950936529 ], [ -0.848030498183802, 43.788177165740947 ], [ -0.848502503889391, 43.788356727820421 ], [ -0.848804662467038, 43.788541278734002 ], [ -0.849170294132305, 43.788972272493488 ], [ -0.84974005369335, 43.789588895699723 ], [ -0.849971086243052, 43.789811521118011 ], [ -0.85066902487216, 43.790565621089485 ], [ -0.851081980430455, 43.790976325420544 ], [ -0.851599551350223, 43.791525200625088 ], [ -0.851300967431387, 43.792291505177978 ], [ -0.850234305889213, 43.792781697400748 ], [ -0.84952324919721, 43.793102186978153 ], [ -0.849357024311475, 43.793194340024336 ], [ -0.849719722233649, 43.793572339863637 ], [ -0.850472425165104, 43.793973062493613 ], [ -0.850578999153599, 43.79414626564845 ], [ -0.850754803412452, 43.794247258944679 ], [ -0.850944253147523, 43.794170615031476 ], [ -0.85149162169083, 43.79394309753458 ], [ -0.85188665602244, 43.794055635763087 ], [ -0.852544604174278, 43.793629631396996 ], [ -0.853020822050613, 43.793440185801572 ], [ -0.853484023560967, 43.793461644894705 ], [ -0.853738876973472, 43.793665569394399 ], [ -0.854032048621921, 43.794131970574391 ], [ -0.854472473220315, 43.794190082948667 ], [ -0.854960479406732, 43.794210805874869 ], [ -0.855273574236354, 43.794589349184335 ], [ -0.855216241826476, 43.794873535375707 ], [ -0.855349827682745, 43.795063033074442 ], [ -0.855587913146697, 43.794967855185746 ], [ -0.85587138091374, 43.794818259551732 ], [ -0.856475732727493, 43.794765375155727 ], [ -0.857421926273843, 43.79429756264917 ], [ -0.857703419186213, 43.794112932834395 ], [ -0.858353669027045, 43.794833307814855 ], [ -0.858996409052664, 43.795043783448847 ], [ -0.859306558474577, 43.795369322045303 ], [ -0.859574257853228, 43.795801373765855 ], [ -0.859641436901155, 43.796134973685305 ], [ -0.861168708119876, 43.797763345432543 ], [ -0.861942301961437, 43.79853314674434 ], [ -0.862536967032481, 43.798727028107152 ], [ -0.862519988096253, 43.799153978503256 ], [ -0.862606861641879, 43.799174807053561 ], [ -0.862750206860634, 43.799073411797295 ], [ -0.86296478723641, 43.798979810818864 ], [ -0.863027765829124, 43.798818708570529 ], [ -0.863173851079512, 43.798390647159074 ], [ -0.86363911771293, 43.798447990633285 ], [ -0.864848341025319, 43.7983061308217 ], [ -0.865408305356337, 43.79832468327983 ], [ -0.866037740830225, 43.798694756590251 ], [ -0.866953365193809, 43.798544450994022 ], [ -0.867480857126786, 43.79884645320405 ], [ -0.86803187226177, 43.798706012550404 ], [ -0.868835891915007, 43.798735327697258 ], [ -0.869309290751452, 43.798914763935407 ], [ -0.86990205485258, 43.798633627973302 ], [ -0.870163926379122, 43.798960566482315 ], [ -0.870802742885652, 43.798659170049056 ], [ -0.872081923703552, 43.798040125335774 ], [ -0.87218657131195, 43.797737432911021 ], [ -0.871851536142965, 43.797412664437495 ], [ -0.871512503554524, 43.797016938252789 ], [ -0.871392996295737, 43.796615615922612 ], [ -0.870875415480074, 43.796048832764704 ], [ -0.871970562100567, 43.795206713121239 ], [ -0.873027458143564, 43.794964004555091 ], [ -0.873890694501602, 43.794745013930019 ], [ -0.875042257505646, 43.794463494606212 ], [ -0.875643872130582, 43.794340408426997 ], [ -0.876584148119395, 43.794188389132287 ], [ -0.877544069803786, 43.793966503307992 ], [ -0.878181087539271, 43.793612933208578 ], [ -0.878489011072366, 43.793479645551159 ], [ -0.879085710296525, 43.793709362774443 ], [ -0.879854399126067, 43.793510221959068 ], [ -0.880164349458865, 43.793412856776563 ], [ -0.880939156886494, 43.794200483870441 ], [ -0.884733859758931, 43.798069833871409 ], [ -0.88440438100757, 43.799577610266702 ], [ -0.883696431617085, 43.79995131808824 ], [ -0.883544223360909, 43.80029052427858 ], [ -0.883354746326441, 43.800366327256896 ], [ -0.883486232730278, 43.800538762379666 ], [ -0.883713424951634, 43.800690361160264 ], [ -0.883610124076805, 43.800993926689223 ], [ -0.88377107145258, 43.801269851142877 ], [ -0.883269174539866, 43.801444001892229 ], [ -0.883499592668281, 43.801630593576171 ], [ -0.882808370578014, 43.802761340845834 ], [ -0.882239686737928, 43.803006745864806 ], [ -0.882230843652379, 43.803289512364117 ], [ -0.881918586627548, 43.803368957221672 ], [ -0.881950401305792, 43.803492170724532 ], [ -0.882914373171241, 43.803339396233753 ], [ -0.883378572638873, 43.802937844391892 ], [ -0.883944798589029, 43.802605235860973 ], [ -0.88534190176652, 43.801963635436977 ], [ -0.886142893004126, 43.801499881058731 ], [ -0.886975644546379, 43.801158434564108 ], [ -0.88729078375251, 43.801130171649362 ], [ -0.887537537471715, 43.800771953658412 ], [ -0.887902925873254, 43.800337331882361 ], [ -0.888245323520867, 43.799957374329963 ], [ -0.888457828563219, 43.799827795657322 ], [ -0.889009495190429, 43.799283264648288 ], [ -0.889612907191461, 43.798753385577797 ], [ -0.889701519686101, 43.798169546069197 ], [ -0.889938541886964, 43.798056329026828 ], [ -0.890512938244725, 43.797475125940778 ], [ -0.890594946902232, 43.797191080653384 ], [ -0.891021640199971, 43.796984045418021 ], [ -0.891123926086947, 43.796663408329366 ], [ -0.891465260891114, 43.796265478066069 ], [ -0.891781316373695, 43.795816117169423 ], [ -0.89201832464153, 43.795702895773104 ], [ -0.892130465769946, 43.795118354011365 ], [ -0.891866498051226, 43.794756440565621 ], [ -0.891453492565974, 43.794328788168173 ], [ -0.890911954528446, 43.793780803353997 ], [ -0.890165785168414, 43.793062567375529 ], [ -0.889648847179999, 43.792531839121835 ], [ -0.88913298819147, 43.792019970286049 ], [ -0.888509333677519, 43.791315173884286 ], [ -0.88781458229475, 43.790648476872221 ], [ -0.887930435195684, 43.789252313281025 ], [ -0.888582252500001, 43.789161848262104 ], [ -0.889004750897492, 43.788903663130171 ], [ -0.890078255843654, 43.788519038623342 ], [ -0.889657421820031, 43.788390312533657 ], [ -0.88917133424315, 43.787964830197325 ], [ -0.88890339624696, 43.787531955764372 ], [ -0.888602080387812, 43.787364581965647 ], [ -0.888662071710964, 43.787152270349658 ], [ -0.888925574036228, 43.78619256164226 ], [ -0.888981489775993, 43.785908396308287 ], [ -0.889331787816745, 43.785669452108245 ], [ -0.890233406429632, 43.78525485232047 ], [ -0.890610475387011, 43.785050194700034 ], [ -0.890266779523692, 43.784989351055323 ], [ -0.889860833870662, 43.78468474485922 ], [ -0.889986929845525, 43.784346308459931 ], [ -0.889854714674535, 43.784138817676137 ], [ -0.889463475584528, 43.784115374217293 ], [ -0.889597737708377, 43.783899052618139 ], [ -0.890079163629137, 43.782950849926287 ], [ -0.890206222148441, 43.782629478898251 ], [ -0.890603190062332, 43.782776005661603 ], [ -0.890839229471036, 43.782646620857264 ], [ -0.891546169379585, 43.782237805572962 ], [ -0.891732568892675, 43.782108997373669 ], [ -0.891649444882382, 43.781935134708142 ], [ -0.891319656134112, 43.781681348318607 ], [ -0.891217802953273, 43.781155366837666 ], [ -0.891541058810397, 43.780440387784367 ], [ -0.891832982145128, 43.78002683554439 ], [ -0.892531880960384, 43.779477002536332 ], [ -0.892961087852628, 43.778901012840599 ], [ -0.893174065615889, 43.778365652795742 ], [ -0.893882924017742, 43.777991851944307 ], [ -0.893993022695795, 43.777372287252781 ], [ -0.894503503826296, 43.776916225808925 ], [ -0.894866477561886, 43.776464559827048 ], [ -0.895442865496676, 43.775901265876598 ], [ -0.895994452748649, 43.775338708445496 ], [ -0.896754818453295, 43.775457277778912 ], [ -0.897750689705962, 43.775022706270377 ], [ -0.899474835416447, 43.774142631801148 ], [ -0.899949661575744, 43.773934121563208 ], [ -0.900552997850683, 43.77384592726046 ], [ -0.901261534087272, 43.773490079580462 ], [ -0.901448100425671, 43.773343255314046 ], [ -0.901862819380506, 43.773365951714972 ], [ -0.902424595112481, 43.77342023911222 ], [ -0.90302684849773, 43.773313169783258 ], [ -0.903476917657305, 43.77310628333997 ], [ -0.903530316758898, 43.773193755743748 ], [ -0.904046670266501, 43.773300674735779 ], [ -0.904784007012014, 43.773015017317149 ], [ -0.905436902283417, 43.772925313174689 ], [ -0.905978330593927, 43.773472319175013 ], [ -0.906728194876516, 43.773820552663778 ], [ -0.907170756054291, 43.774353418188667 ], [ -0.907138440609154, 43.774635987587182 ], [ -0.907473276247404, 43.774977743859274 ], [ -0.907786880923074, 43.775339028297623 ], [ -0.908225736026683, 43.775784731851687 ], [ -0.908844127441885, 43.776417591722698 ], [ -0.907961290502382, 43.777113392417718 ], [ -0.906306274151222, 43.777920461134116 ], [ -0.906305136998187, 43.777922294535927 ], [ -0.907294423523575, 43.778614242631804 ], [ -0.907415630505714, 43.778627709176824 ], [ -0.907546115551224, 43.778782149305982 ], [ -0.907948894104061, 43.778594653534455 ], [ -0.909177537401702, 43.777974868268913 ], [ -0.90943052290158, 43.778143631532387 ], [ -0.910370811993407, 43.778433058658138 ], [ -0.910525121412539, 43.778569687563369 ], [ -0.911017336470018, 43.779101053842027 ], [ -0.911223015555038, 43.779289224622573 ], [ -0.911792045272128, 43.779447612776153 ], [ -0.912464961040691, 43.78018588554729 ], [ -0.912961422426611, 43.780769299571432 ], [ -0.913608764873076, 43.781472345720374 ], [ -0.913762115572878, 43.781591905332995 ], [ -0.9142302717043, 43.781701124293512 ], [ -0.914544666601311, 43.782096558074038 ], [ -0.914853112837466, 43.782387804840774 ], [ -0.915090324109139, 43.782714476601107 ], [ -0.915400419789375, 43.782599909349152 ], [ -0.916464326907567, 43.782074052111284 ], [ -0.917224825133595, 43.782192478513117 ], [ -0.917653363734686, 43.782021266997383 ], [ -0.917934600614405, 43.781836482588766 ], [ -0.918344734639981, 43.782211937354774 ], [ -0.918584020331029, 43.782574527651832 ], [ -0.919050241135617, 43.782649595982036 ], [ -0.918970611272436, 43.782950687539781 ], [ -0.919362670495156, 43.783009988004828 ], [ -0.919648127239996, 43.782877254787095 ], [ -0.920225758847673, 43.782772630305793 ], [ -0.920486208806441, 43.782658640133199 ], [ -0.921136710681585, 43.782568915362241 ], [ -0.92158900386821, 43.782378980068252 ], [ -0.921791643999735, 43.782513242014431 ], [ -0.922028377699566, 43.782418854637534 ], [ -0.9226186006179, 43.782100609769486 ], [ -0.922830750097499, 43.781988965773884 ], [ -0.922996771865009, 43.781895802786536 ], [ -0.923103944020066, 43.781664056132584 ], [ -0.923132119782753, 43.78131052652364 ], [ -0.923346271939589, 43.781233909523074 ], [ -0.923626457333365, 43.781031147420244 ], [ -0.923637149675255, 43.780784308133853 ], [ -0.923921659011161, 43.780635397151052 ], [ -0.923767311857599, 43.780498787103674 ], [ -0.923611936336273, 43.780344213819376 ], [ -0.923717255207291, 43.780058540451343 ], [ -0.923536374413659, 43.77987054576537 ], [ -0.923199145122641, 43.779510912146378 ], [ -0.922866194731112, 43.779204231213569 ], [ -0.922869842410818, 43.778834345644533 ], [ -0.923600401001806, 43.778018840287139 ], [ -0.923861032825997, 43.7778868421168 ], [ -0.92428323614752, 43.777627623553464 ], [ -0.924697995382406, 43.777650232709739 ], [ -0.9249318771235, 43.777484848242153 ], [ -0.92501667086629, 43.77725287364791 ], [ -0.924787193326645, 43.777083438212316 ], [ -0.92447676931842, 43.776758091142945 ], [ -0.924589517883298, 43.776190588598325 ], [ -0.924782756174344, 43.775727728010381 ], [ -0.924861264329554, 43.775407772638452 ], [ -0.925287459937432, 43.775218606140378 ], [ -0.925995141567574, 43.774828429658861 ], [ -0.926080695672949, 43.774631519706176 ], [ -0.925904101425034, 43.774496483035172 ], [ -0.925459863152267, 43.773980833300719 ], [ -0.92527997394805, 43.773809907122128 ], [ -0.92526288407318, 43.773511722502377 ], [ -0.925509176346583, 43.773151628965344 ], [ -0.92578447868425, 43.772842843946925 ], [ -0.925766356811929, 43.772526696703565 ], [ -0.925798578646704, 43.772244122190074 ], [ -0.9260323835076, 43.772077837844662 ], [ -0.926830031564845, 43.772001639742157 ], [ -0.926966952385605, 43.771856264528914 ], [ -0.926840656830076, 43.771753903590714 ], [ -0.927523446123968, 43.771363566358978 ], [ -0.927677884544854, 43.771112398264407 ], [ -0.927688873528809, 43.770459788409234 ], [ -0.928156194990288, 43.770533881479949 ], [ -0.928606150893166, 43.770326891184325 ], [ -0.928839939688105, 43.770160601015398 ], [ -0.92904461472149, 43.770330773942312 ], [ -0.92928788027279, 43.769918580395192 ], [ -0.929828059601552, 43.77000756473123 ], [ -0.930012530559701, 43.769825664176317 ], [ -0.930407501014496, 43.769937016389861 ], [ -0.930881250758948, 43.769712204839692 ], [ -0.93108180518126, 43.769810522561272 ], [ -0.932159564763725, 43.769532403116074 ], [ -0.932522192819251, 43.76908061356658 ], [ -0.932760040622308, 43.768985268153671 ], [ -0.932896939057778, 43.768839885769331 ], [ -0.933054857401454, 43.768606598486542 ], [ -0.933341034688978, 43.768509793575255 ], [ -0.933584209771615, 43.768096692791808 ], [ -0.933818026485447, 43.767931290297462 ], [ -0.933923322827741, 43.767646507701258 ], [ -0.933999755813834, 43.767291520179562 ], [ -0.933773543489127, 43.767157094950271 ], [ -0.933927169572453, 43.766870853933469 ], [ -0.933591964052514, 43.766546283348603 ], [ -0.933645832473455, 43.766209071513437 ], [ -0.93343914620509, 43.76600388040567 ], [ -0.933124380069115, 43.766013378341022 ], [ -0.932657296767124, 43.765921306772533 ], [ -0.933131004235634, 43.76569648604341 ], [ -0.933118880102062, 43.765485423727945 ], [ -0.933347958421739, 43.764827132942109 ], [ -0.933584755112566, 43.764713823274931 ], [ -0.933794754278512, 43.764566233763446 ], [ -0.934232967087047, 43.764588095660216 ], [ -0.934705573317224, 43.764344407408878 ], [ -0.934942416920494, 43.764231992952453 ], [ -0.93540845752606, 43.764306091855175 ], [ -0.935573374598998, 43.764194948090989 ], [ -0.935783418332497, 43.764048252919061 ], [ -0.935937748867139, 43.763796176248782 ], [ -0.936366144468948, 43.763625791206515 ], [ -0.93659683606282, 43.763406495178117 ], [ -0.937353602551345, 43.763031852620124 ], [ -0.937826182521297, 43.762788151042166 ], [ -0.938273975285555, 43.762545196458312 ], [ -0.938849587531308, 43.761999677666786 ], [ -0.939557994162797, 43.761626480915261 ], [ -0.939197228269471, 43.761267613578084 ], [ -0.938860992128955, 43.7609250979555 ], [ -0.938547527089453, 43.760546805172204 ], [ -0.938606424517761, 43.760297609214184 ], [ -0.938294773957257, 43.7599723430693 ], [ -0.938137657483707, 43.759765663803428 ], [ -0.937828439030671, 43.759439423414257 ], [ -0.937490001380829, 43.759079876946608 ], [ -0.937264071132477, 43.758928357859361 ], [ -0.936794295030646, 43.758378444548512 ], [ -0.936539813199937, 43.757751850237931 ], [ -0.935965871701361, 43.757505577545246 ], [ -0.935503710590853, 43.756655833279943 ], [ -0.935195349726095, 43.756365548748526 ], [ -0.934883017944626, 43.756006107352597 ], [ -0.934573631639782, 43.755697858583531 ], [ -0.934187122610431, 43.755321761664298 ], [ -0.933794206629231, 43.755244553345115 ], [ -0.933490471054638, 43.754602347372959 ], [ -0.933309379958476, 43.754431474289511 ], [ -0.932737653212568, 43.754201314047371 ], [ -0.932499428045373, 43.75385672496661 ], [ -0.932683838183841, 43.753674821982926 ], [ -0.932146156093915, 43.753216011227387 ], [ -0.931858536725122, 43.752854018072433 ], [ -0.931138968444488, 43.752188364501507 ], [ -0.930804073255167, 43.751845788773494 ], [ -0.930620988916947, 43.751639884486067 ], [ -0.930928822458386, 43.751489350221696 ], [ -0.931982210254533, 43.750771115576562 ], [ -0.932713029880071, 43.750379293812649 ], [ -0.932408790971831, 43.750159954760541 ], [ -0.932098210909146, 43.749851737613248 ], [ -0.93183718939095, 43.749542024596472 ], [ -0.931270911345918, 43.748995006407405 ], [ -0.931190964187476, 43.748856167805108 ], [ -0.930747666132946, 43.748765175390631 ], [ -0.931478416969632, 43.74837246438976 ], [ -0.931547005155725, 43.747859375829577 ], [ -0.931935307943256, 43.747424810364009 ], [ -0.93240659438556, 43.747182070652769 ], [ -0.933086710656379, 43.747161545286652 ], [ -0.93319594364401, 43.746945923319622 ], [ -0.932853515174992, 43.746904076901053 ], [ -0.932636794598903, 43.746522854553817 ], [ -0.93184745741397, 43.745894403945471 ], [ -0.931378048900754, 43.745326472473963 ], [ -0.930864252451934, 43.744849846334105 ], [ -0.930347372853682, 43.744319330420232 ], [ -0.930161780866837, 43.74363667317283 ], [ -0.929873295081055, 43.743258511021317 ], [ -0.929549535742422, 43.743109030382236 ], [ -0.92910453051227, 43.742576342878849 ], [ -0.928550450094112, 43.742240372430182 ], [ -0.926024183350746, 43.742264310786368 ], [ -0.926464045903381, 43.741863301167044 ], [ -0.926375882632051, 43.74160235202482 ], [ -0.927172602898429, 43.741084427440192 ], [ -0.929282412025189, 43.74013915402567 ], [ -0.931366672670747, 43.739636349995358 ], [ -0.932784180541513, 43.739364156437297 ], [ -0.933627813352378, 43.739232527413485 ], [ -0.93416926858824, 43.738916586179961 ], [ -0.934577662299869, 43.738833178805621 ], [ -0.935071626892972, 43.738554654217019 ], [ -0.936039723926415, 43.738084566293402 ], [ -0.937032835005928, 43.7375966195088 ], [ -0.937343673741687, 43.737499955608072 ], [ -0.937584879549108, 43.737033828767999 ], [ -0.937731810108466, 43.737064474531401 ], [ -0.938051734062743, 43.737125877192035 ], [ -0.938509437050989, 43.737921749014149 ], [ -0.938685429108023, 43.738004595904471 ], [ -0.939002546769585, 43.737607244573255 ], [ -0.93885889824334, 43.737223827187691 ], [ -0.938648269370987, 43.73694859724197 ], [ -0.938413076233637, 43.736656116194951 ], [ -0.938006184749851, 43.736333738492092 ], [ -0.938100780526093, 43.736295791082846 ], [ -0.938055816267348, 43.73594537666856 ], [ -0.937433460688844, 43.735241750712127 ], [ -0.936139770574893, 43.733888151728088 ], [ -0.93523255235554, 43.732911525110644 ], [ -0.936713338620297, 43.732038181188649 ], [ -0.937899542170056, 43.731544389088391 ], [ -0.938680852085019, 43.731150997298649 ], [ -0.93906774818987, 43.730716449017073 ], [ -0.939700680735637, 43.730310443461057 ], [ -0.940825847554817, 43.730028988441468 ], [ -0.941289041916003, 43.729627210147022 ], [ -0.941920646372758, 43.729608091488572 ], [ -0.942697147741803, 43.729584581741143 ], [ -0.942883055270391, 43.729473690262658 ], [ -0.943316137252463, 43.729389500493859 ], [ -0.942839253710124, 43.729122343962821 ], [ -0.942233925951683, 43.728735818978613 ], [ -0.941667754838202, 43.728188863364657 ], [ -0.941461599954293, 43.727559934164667 ], [ -0.940949894876501, 43.727118388216958 ], [ -0.940195372469277, 43.726682388440381 ], [ -0.939655041811419, 43.726152635871053 ], [ -0.939286441928931, 43.725653673139867 ], [ -0.938803514400364, 43.725280522790769 ], [ -0.938072784222052, 43.723963013760105 ], [ -0.937600990555725, 43.722531512201584 ], [ -0.937888167110768, 43.722434661081863 ], [ -0.938442349304938, 43.722364821139884 ], [ -0.938772550255958, 43.722196492206791 ], [ -0.938731082446606, 43.721475312814761 ], [ -0.938919447769654, 43.721364353882798 ], [ -0.939276164061763, 43.721247401998511 ], [ -0.939054693859863, 43.720761083806053 ], [ -0.93856272121459, 43.720229867203969 ], [ -0.939547652134269, 43.72044658082082 ], [ -0.94255152088764, 43.719491972922654 ], [ -0.942396516696737, 43.719320331915043 ], [ -0.942659938662114, 43.719242180359792 ], [ -0.942528256572789, 43.719087826634805 ], [ -0.942324963471298, 43.718917647979985 ], [ -0.941938652664441, 43.718541588748266 ], [ -0.942020291554655, 43.718257520820487 ], [ -0.942332210128481, 43.717772151463485 ], [ -0.943024642561691, 43.718402540070592 ], [ -0.943357857946927, 43.718287185669652 ], [ -0.943485506246858, 43.717983729372243 ], [ -0.943793175805956, 43.717834060373882 ], [ -0.943998486517412, 43.718039262091189 ], [ -0.94374442960729, 43.718258381265478 ], [ -0.944075322964813, 43.718511959071108 ], [ -0.94461859271456, 43.718231894477888 ], [ -0.944511168290576, 43.718498752742086 ], [ -0.944678783691323, 43.718458586353997 ], [ -0.945718733189349, 43.717951141578098 ], [ -0.945712980253845, 43.71869084419572 ], [ -0.946554107384021, 43.718542988277228 ], [ -0.947035390479446, 43.718457320099844 ], [ -0.947466415182504, 43.718338986620957 ], [ -0.948371198561894, 43.718434795711808 ], [ -0.948952112990909, 43.718399176814764 ], [ -0.949366249010123, 43.718439690235407 ], [ -0.950371029834624, 43.718161783366007 ], [ -0.951330368729259, 43.717956320904115 ], [ -0.952788593941624, 43.717948917413473 ], [ -0.95427324955634, 43.717991072692087 ], [ -0.954580586618558, 43.71785757643115 ], [ -0.956042605965039, 43.717937282117312 ], [ -0.956486119143022, 43.717606209255074 ], [ -0.957006170458117, 43.717783821321831 ], [ -0.958530074494295, 43.717668180881979 ], [ -0.958987752940735, 43.717196316948097 ], [ -0.960449522950482, 43.717679025192133 ], [ -0.960841965661725, 43.717773236286 ], [ -0.961780013301718, 43.717586321956446 ], [ -0.962496501881003, 43.717793011416447 ], [ -0.963255135020189, 43.718298904279763 ], [ -0.963959945720816, 43.718753352039556 ], [ -0.964848223380177, 43.718991677027219 ], [ -0.965291396362686, 43.719083426125934 ], [ -0.965710848092508, 43.719193890509416 ], [ -0.965994856449334, 43.720348514723234 ], [ -0.966498570659625, 43.720649837812303 ], [ -0.965949154341779, 43.721635552558311 ], [ -0.966088687350715, 43.721966878015508 ], [ -0.966723596019272, 43.721171985773992 ], [ -0.96697441631751, 43.721304684150148 ], [ -0.966824959725421, 43.722085669108814 ], [ -0.96638260585868, 43.722414951412411 ], [ -0.967014121957885, 43.722395686622626 ], [ -0.967478872401314, 43.72245258168234 ], [ -0.967055046250393, 43.722694931994319 ], [ -0.96663211535757, 43.723359204406172 ], [ -0.966304073026886, 43.723563542131288 ], [ -0.966711033363638, 43.723885810588953 ], [ -0.967137711640306, 43.724120206867127 ], [ -0.968120048404154, 43.723455055779283 ], [ -0.968384169932747, 43.723816764958016 ], [ -0.968507085834498, 43.724288946316889 ], [ -0.968989696677735, 43.723798282294268 ], [ -0.969228336987458, 43.723720821905431 ], [ -0.969414565321849, 43.723573886076522 ], [ -0.968993385281271, 43.722600690611777 ], [ -0.968957632554021, 43.721984599381635 ], [ -0.96919212739623, 43.72224194761133 ], [ -0.969610036884446, 43.723180154249881 ], [ -0.970266587634713, 43.724446655577694 ], [ -0.970418860867417, 43.724548168283128 ], [ -0.971442850100841, 43.725027913545183 ], [ -0.972074942736959, 43.725466542918518 ], [ -0.972694735270893, 43.72609897771347 ], [ -0.972624755617063, 43.726559956869259 ], [ -0.972251998588163, 43.727681561917272 ], [ -0.972307445103749, 43.728208884599461 ], [ -0.972465836867931, 43.728415471769743 ], [ -0.972698039780887, 43.728653991473642 ], [ -0.971539597772551, 43.729641255643529 ], [ -0.970835122705052, 43.730050538670604 ], [ -0.970174817283041, 43.730387392844904 ], [ -0.969393931069342, 43.730763011656826 ], [ -0.969182115619517, 43.730875640664976 ], [ -0.968563027323893, 43.730683109279539 ], [ -0.968904123643558, 43.731130640541856 ], [ -0.969503805842733, 43.731394838096087 ], [ -0.970269774189299, 43.732022828237746 ], [ -0.970899893010673, 43.732832201705307 ], [ -0.970839078882496, 43.733045486292092 ], [ -0.970722498847832, 43.733964932202703 ], [ -0.970882739700802, 43.73422454822218 ], [ -0.970894997027179, 43.734435601519642 ], [ -0.970616251997191, 43.73465644085082 ], [ -0.970320805058655, 43.735423002887799 ], [ -0.969423581754374, 43.735890343021936 ], [ -0.9691429344938, 43.736057254932966 ], [ -0.969136566136256, 43.736375040708261 ], [ -0.969376249507267, 43.736314643207756 ], [ -0.969919316793996, 43.73605154986825 ], [ -0.970437803457724, 43.735771210381728 ], [ -0.971120064931074, 43.734956847503739 ], [ -0.972111881466976, 43.734046653395751 ], [ -0.971201858618195, 43.73636506811048 ], [ -0.971717016324994, 43.736048836262128 ], [ -0.972299386414834, 43.736013952014076 ], [ -0.972854609250504, 43.736771625070887 ], [ -0.973825262623046, 43.736777950053643 ], [ -0.974406542326559, 43.736724194380798 ], [ -0.974306694872306, 43.736287295743196 ], [ -0.975348988976625, 43.735797484142481 ], [ -0.97601031906578, 43.73547766096997 ], [ -0.976412513963359, 43.735289018815692 ], [ -0.976562950858368, 43.734931736500585 ], [ -0.976622772570916, 43.734296521286254 ], [ -0.977559543291402, 43.734531470947879 ], [ -0.978708185519323, 43.734654663119969 ], [ -0.97932038044975, 43.734301234930847 ], [ -0.977331950675049, 43.731473176790423 ], [ -0.978382285467085, 43.73112344038546 ], [ -0.979262555665775, 43.730814888323252 ], [ -0.980792831023816, 43.73080311246008 ], [ -0.980423038614116, 43.728224221779513 ], [ -0.981112298525504, 43.727938598211232 ], [ -0.981702481857806, 43.727656006019075 ], [ -0.982183941243358, 43.726742459195471 ], [ -0.983437409604702, 43.726580779519033 ], [ -0.984225476340523, 43.725905238122763 ], [ -0.984123898624143, 43.724162950031364 ], [ -0.985485205246153, 43.724192271595179 ], [ -0.986756299866765, 43.724312514673876 ], [ -0.988420942344647, 43.724947880453733 ], [ -0.989732003868159, 43.725348466777561 ], [ -0.99245586062038, 43.729969284522056 ], [ -0.993014241036766, 43.730374077842818 ], [ -0.99386786200992, 43.730841765744898 ], [ -0.994677215863729, 43.731803845679245 ], [ -0.995554350127836, 43.732269898909891 ], [ -0.996544965445019, 43.733402732344416 ], [ -0.996625050097534, 43.733541521150094 ], [ -0.996609771263285, 43.733683244898941 ], [ -0.996853327293289, 43.733710837334471 ], [ -0.997091971223277, 43.733633315032918 ], [ -0.997560949758759, 43.733336371334538 ], [ -0.997432434275181, 43.732794207314541 ], [ -0.998650049206361, 43.732421127268914 ], [ -0.998689145120455, 43.732262475048778 ], [ -0.998171748569097, 43.731732287557882 ], [ -0.998227252897811, 43.731430077530433 ], [ -0.998032685148213, 43.731031202175089 ], [ -0.997542422306593, 43.730095311202419 ], [ -0.99710724794587, 43.729316070792613 ], [ -0.995998619711562, 43.72822196775045 ], [ -0.995290111138742, 43.72690501605252 ], [ -0.99558610383729, 43.726578314933775 ], [ -0.996303946242179, 43.726379883148162 ], [ -0.996651513178999, 43.726086679910111 ], [ -0.996267948522131, 43.725764697345397 ], [ -0.993407375989578, 43.722944881336183 ], [ -1.000517213103786, 43.728206079652061 ], [ -1.000930623159376, 43.727787573761724 ], [ -1.001404714905924, 43.728002385700371 ], [ -1.00188172961936, 43.727441561850839 ], [ -1.002931654240464, 43.727109588354267 ], [ -1.004281059500758, 43.728161106850557 ], [ -1.002997317338788, 43.725732818226902 ], [ -1.005725996788427, 43.728345045822373 ], [ -1.006261592349396, 43.727535874199113 ], [ -1.007107754108894, 43.727473762779049 ], [ -1.00798701343292, 43.727552775959495 ], [ -1.008872656411063, 43.728141718275403 ], [ -1.009691049514438, 43.72802916140941 ], [ -1.010314091877234, 43.727885747966994 ], [ -1.011159304240681, 43.727807439534629 ], [ -1.011908925981302, 43.727749174666577 ], [ -1.012987975765701, 43.727892147007886 ], [ -1.01368594952617, 43.727799478979939 ], [ -1.014050570192359, 43.72859883574548 ], [ -1.014677548097803, 43.728543446767617 ], [ -1.015140516327654, 43.728547112973047 ], [ -1.015458255080276, 43.729013224988506 ], [ -1.015323490109291, 43.729210833951441 ], [ -1.015658170991374, 43.729500977817743 ], [ -1.016016045096799, 43.729805697896936 ], [ -1.016281557354827, 43.730185253441455 ], [ -1.016585884195989, 43.730423251742181 ], [ -1.017189764296662, 43.73033347510767 ], [ -1.01753326562707, 43.730393914176631 ], [ -1.018284978042438, 43.730370629981294 ], [ -1.018674662283727, 43.730393646293791 ], [ -1.019278411646573, 43.730322755932512 ], [ -1.019333622659166, 43.730038535250344 ], [ -1.020065819594561, 43.729663155826884 ], [ -1.021342655373151, 43.729077446597479 ], [ -1.023014430513346, 43.728162771155198 ], [ -1.02376910094589, 43.727769573966555 ], [ -1.02488028602868, 43.727258239451466 ], [ -1.025351009607706, 43.727015099437395 ], [ -1.025512515569418, 43.726850835976279 ], [ -1.026167588790224, 43.726830495934067 ], [ -1.026898514230657, 43.726456007751963 ], [ -1.027183312604529, 43.726341894980429 ], [ -1.028118437737988, 43.726946242601656 ], [ -1.028295062691582, 43.726660043471711 ], [ -1.028907697808632, 43.7259005400674 ], [ -1.029394365278743, 43.725108960160981 ], [ -1.03013285380617, 43.723624866674299 ], [ -1.030800767094116, 43.723003989093492 ], [ -1.031203371257392, 43.721987387884212 ], [ -1.031833886568942, 43.721175128289687 ], [ -1.032376872990181, 43.720875725556269 ], [ -1.032721166942455, 43.720971178956248 ], [ -1.033270240387886, 43.72079574262645 ], [ -1.035718468292848, 43.719468018991677 ], [ -1.037817202484371, 43.718398551780894 ], [ -1.038390178816671, 43.718627215117621 ], [ -1.039458289724798, 43.718629005335579 ], [ -1.039823192744824, 43.718653615572563 ], [ -1.040451447665786, 43.718580039574817 ], [ -1.041236118236233, 43.718696818699847 ], [ -1.041467610580665, 43.718919024295424 ], [ -1.042436009061439, 43.718870812899084 ], [ -1.042958191760746, 43.718661076428518 ], [ -1.043476386545634, 43.718363289590897 ], [ -1.043564594108568, 43.718219280387444 ], [ -1.043972679112924, 43.718135462214157 ], [ -1.044547897166677, 43.717607361524614 ], [ -1.04546454133634, 43.717084788118605 ], [ -1.046256743085936, 43.716513911215863 ], [ -1.046567764436605, 43.71602824286262 ], [ -1.046990189344285, 43.715768519942628 ], [ -1.046930383287522, 43.715576050118827 ], [ -1.04638899519037, 43.715064834160998 ], [ -1.046053401063118, 43.714739725655171 ], [ -1.046584844091602, 43.713454521380683 ], [ -1.047505617165499, 43.713002878113535 ], [ -1.048466109139265, 43.712426723827264 ], [ -1.04904920474103, 43.712408490742774 ], [ -1.049196873989745, 43.712034089580165 ], [ -1.049687225288964, 43.712124919817818 ], [ -1.050201952041525, 43.711791219129012 ], [ -1.050722973423216, 43.711563485419511 ], [ -1.051314894670628, 43.711297541775082 ], [ -1.051714586659518, 43.711073599891883 ], [ -1.052209821326925, 43.710829571210482 ], [ -1.052494088051364, 43.710291639554541 ], [ -1.053554364744576, 43.709747403381286 ], [ -1.054194539929519, 43.708688182149722 ], [ -1.055619794780392, 43.70894223723576 ], [ -1.056948855728721, 43.708830405329643 ], [ -1.058150894965724, 43.709022146263067 ], [ -1.05962953368983, 43.709380642281687 ], [ -1.060928151678874, 43.709569323262699 ], [ -1.062153906958915, 43.709742282096002 ], [ -1.063277526902709, 43.709866251108259 ], [ -1.064501809121212, 43.710409015797211 ], [ -1.065880020130704, 43.710330619803628 ], [ -1.066909357732049, 43.710474609708818 ], [ -1.067862442032153, 43.710567004555053 ], [ -1.068848605398874, 43.710818501525345 ], [ -1.069875647423466, 43.710944541523233 ], [ -1.072054614968646, 43.711210655352026 ], [ -1.073154710477152, 43.711334364601548 ], [ -1.074208681058275, 43.711495505133975 ], [ -1.074938750872027, 43.71150849072631 ], [ -1.075782970259377, 43.711832778451559 ], [ -1.076322546803012, 43.712309721038395 ], [ -1.076605023392513, 43.712159558276994 ], [ -1.077126803342109, 43.711966759857837 ], [ -1.077623174937239, 43.711722575835033 ], [ -1.0786939513465, 43.711336107656692 ], [ -1.079899079221804, 43.711597693157344 ], [ -1.080426282168676, 43.711474886262913 ], [ -1.081365313860209, 43.711745753934082 ], [ -1.081862906361891, 43.712328364717401 ], [ -1.082073165233046, 43.712587146426181 ], [ -1.082458281796363, 43.712556090370718 ], [ -1.082584075199327, 43.712606101561519 ], [ -1.082891871172336, 43.712877996598742 ], [ -1.083077770973016, 43.712730866770194 ], [ -1.083420443435629, 43.712385341743442 ], [ -1.084583547501228, 43.711925718459909 ], [ -1.085097043364643, 43.711574789537963 ], [ -1.085725326698304, 43.711132055640988 ], [ -1.086032585404498, 43.71098198378165 ], [ -1.086503884945701, 43.710754745623717 ], [ -1.086493309156389, 43.710578732332408 ], [ -1.086213396182031, 43.710358150763412 ], [ -1.085929172380962, 43.710086420109093 ], [ -1.085364071747774, 43.709557246896459 ], [ -1.084991122679956, 43.709005803082093 ], [ -1.084911722884619, 43.708902144306307 ], [ -1.084906872440719, 43.708408345291986 ], [ -1.085582374531053, 43.707947024900754 ], [ -1.086232401067197, 43.70743342149207 ], [ -1.087101302698791, 43.706929986768863 ], [ -1.088214752262898, 43.70647189231159 ], [ -1.089191835420978, 43.706159359473027 ], [ -1.090014311219065, 43.70570955407571 ], [ -1.090729509040876, 43.705476375211823 ], [ -1.090890608243194, 43.705330016592782 ], [ -1.091186152315686, 43.704985958196758 ], [ -1.091703602622996, 43.704723044981641 ], [ -1.091939888633832, 43.704610292761487 ], [ -1.092277476231111, 43.704140736617191 ], [ -1.092472902627758, 43.7037818512485 ], [ -1.091358107269117, 43.703412281390094 ], [ -1.092814972688784, 43.702995446006121 ], [ -1.093180385217288, 43.702596984006604 ], [ -1.09356693671354, 43.702178956502316 ], [ -1.093604666564602, 43.702002313322417 ], [ -1.093974201301912, 43.70156952815605 ], [ -1.093957071936241, 43.701511588539383 ], [ -1.093877168123516, 43.70135846750842 ], [ -1.09355675759767, 43.700773899938831 ], [ -1.093081367258788, 43.700581126381131 ], [ -1.092417904690602, 43.700189170819264 ], [ -1.090868561871654, 43.699953928237193 ], [ -1.090902613750818, 43.699901565455328 ], [ -1.090812137987415, 43.699593124504538 ], [ -1.090399591481457, 43.6992696889277 ], [ -1.089508060611871, 43.698651908553813 ], [ -1.088107361936452, 43.697298962853203 ], [ -1.087777697405782, 43.696559023016896 ], [ -1.088150166601339, 43.696236832990493 ], [ -1.088427259562319, 43.695503786737177 ], [ -1.088191458508891, 43.695149559499207 ], [ -1.08816042599187, 43.694633200458931 ], [ -1.088130905145039, 43.694141986033557 ], [ -1.087905903898708, 43.69334835245278 ], [ -1.087635683039471, 43.693019506545077 ], [ -1.087751667933452, 43.69257677252417 ], [ -1.087334222372507, 43.692150016166764 ], [ -1.087887998150482, 43.691874274928843 ], [ -1.088276140028687, 43.691215092942194 ], [ -1.088911223802124, 43.690497709215087 ], [ -1.09032519000004, 43.689702576913284 ], [ -1.091532634289212, 43.689638243419843 ], [ -1.092008379574456, 43.689261483982115 ], [ -1.093605496186338, 43.688564872238992 ], [ -1.094895644375616, 43.688083106885259 ], [ -1.095758776465114, 43.688210486662342 ], [ -1.096684379157539, 43.688181125391985 ], [ -1.097388498866176, 43.688056216031868 ], [ -1.09781665055556, 43.688042629023862 ], [ -1.099416316507401, 43.687965758024419 ], [ -1.10045184029832, 43.687415532444085 ], [ -1.100677218392898, 43.687020592703568 ], [ -1.101071326709907, 43.687059358194482 ], [ -1.101487344111139, 43.686865297187587 ], [ -1.102051556545674, 43.686743901926803 ], [ -1.103216866835355, 43.685982587901982 ], [ -1.104255408148002, 43.685483512875351 ], [ -1.104354069366574, 43.685351714983469 ], [ -1.10509829504146, 43.685275863449007 ], [ -1.105189145091045, 43.685014752709172 ], [ -1.106163024815825, 43.684595091660711 ], [ -1.106444523578617, 43.684534851004464 ], [ -1.106452696595435, 43.684095524866002 ], [ -1.106854210863043, 43.684236601799121 ], [ -1.107381601908044, 43.684142441586225 ], [ -1.107364455273048, 43.683858673938076 ], [ -1.108329012074208, 43.683880155143335 ], [ -1.10831804826856, 43.683698759492898 ], [ -1.108898131660602, 43.683266416579151 ], [ -1.109262580713966, 43.683409564419705 ], [ -1.109592770807079, 43.68298607476661 ], [ -1.109814590946233, 43.683107670952154 ], [ -1.109984999424846, 43.68297358246479 ], [ -1.110402139703759, 43.682778550397323 ], [ -1.110394373673586, 43.682650136896036 ], [ -1.111023426737995, 43.682474443653994 ], [ -1.111240576326847, 43.68251880920829 ], [ -1.111281104985008, 43.682000175004866 ], [ -1.111531430388384, 43.682019190176092 ], [ -1.111770727199051, 43.681855911721122 ], [ -1.112167958798227, 43.681946720410956 ], [ -1.112834171566334, 43.681770731680288 ], [ -1.113276588620617, 43.681420129268076 ], [ -1.113817344016661, 43.681506355850594 ], [ -1.114285047097227, 43.681594009863275 ], [ -1.11472283202451, 43.681167072136439 ], [ -1.115255756058859, 43.681123980481168 ], [ -1.115742206058616, 43.680927615747564 ], [ -1.116653875527776, 43.680690687171989 ], [ -1.117294775902153, 43.680670231393897 ], [ -1.119535449080249, 43.680598685341785 ], [ -1.120018721354047, 43.680350218034086 ], [ -1.120229661359269, 43.68029219462229 ], [ -1.119749610044322, 43.679428494494807 ], [ -1.119984189290642, 43.679187971110004 ], [ -1.120506319102707, 43.679559973021952 ], [ -1.120795909222222, 43.679654188986326 ], [ -1.121461671457314, 43.67945116827466 ], [ -1.121758765460968, 43.679648610835841 ], [ -1.121874593568841, 43.679800562006648 ], [ -1.122030590846763, 43.680001614023389 ], [ -1.122268666396116, 43.679839250154217 ], [ -1.122617143084798, 43.679698548727814 ], [ -1.12327544826681, 43.679393185758791 ], [ -1.123961642900513, 43.679526895141485 ], [ -1.124460590300796, 43.679537028605978 ], [ -1.12494852202506, 43.67936576639282 ], [ -1.125209747997126, 43.679564347316472 ], [ -1.126356218382464, 43.680846669365323 ], [ -1.126693909553836, 43.68112017718412 ], [ -1.12685472920083, 43.681400245341109 ], [ -1.127114543989127, 43.681004143487165 ], [ -1.126929758299421, 43.680880496838412 ], [ -1.126361965561743, 43.680329138885085 ], [ -1.126368347890823, 43.679862873032334 ], [ -1.126316465684388, 43.679580218011601 ], [ -1.126082077204631, 43.679252119078647 ], [ -1.126682386376327, 43.679155529161292 ], [ -1.126637068103947, 43.679001326013804 ], [ -1.126946884696274, 43.678836655141815 ], [ -1.126846517550469, 43.678347714474377 ], [ -1.128468991956646, 43.677468013333772 ], [ -1.127994078113735, 43.677302375465437 ], [ -1.128192390113409, 43.677036902383058 ], [ -1.127889011018847, 43.676736209724062 ], [ -1.128364408566886, 43.676359294244385 ], [ -1.128259394116147, 43.675794027242681 ], [ -1.12972745447817, 43.675332227468594 ], [ -1.130082220066615, 43.67529566838153 ], [ -1.130216279536072, 43.675135719296946 ], [ -1.131046816814152, 43.675910764697605 ], [ -1.131222144457841, 43.675879053060484 ], [ -1.13198017689734, 43.675441776911903 ], [ -1.13213396969534, 43.676808039546941 ], [ -1.132038797913291, 43.677586661145654 ], [ -1.132790755814852, 43.677639929193802 ], [ -1.133416182697853, 43.677956373750149 ], [ -1.1344857558117, 43.677973351261869 ], [ -1.134563856062073, 43.678075215045205 ], [ -1.133039932702749, 43.678821388558625 ], [ -1.133019502552172, 43.67905597488874 ], [ -1.132086494044725, 43.679551952061146 ], [ -1.131894127996679, 43.679894619717317 ], [ -1.131533051605815, 43.679827916707062 ], [ -1.131323763854523, 43.679912901639021 ], [ -1.130849428224406, 43.679125539918076 ], [ -1.130263049619288, 43.67886001372834 ], [ -1.130014370231543, 43.678867981422407 ], [ -1.128279145904728, 43.679646947610784 ], [ -1.128002151906314, 43.679760186338171 ], [ -1.12838733378814, 43.680264299391077 ], [ -1.128856257472122, 43.680922283316008 ], [ -1.128728459003763, 43.681185499823378 ], [ -1.12673179880574, 43.682335404927343 ], [ -1.126738073753545, 43.682438673556838 ], [ -1.126892912659371, 43.682640656552785 ], [ -1.127053682999698, 43.682919826742335 ], [ -1.128644447443551, 43.684473125646988 ], [ -1.128403896028057, 43.684635583332685 ], [ -1.127585820928517, 43.684067050036369 ], [ -1.126865159977213, 43.6845300894269 ], [ -1.126178718235607, 43.683801678623006 ], [ -1.12521374639818, 43.684324709093715 ], [ -1.124411863248263, 43.684634675760357 ], [ -1.123059106155547, 43.684651841490563 ], [ -1.122869918755423, 43.684476143641085 ], [ -1.122490130461828, 43.684101399243715 ], [ -1.121726559538419, 43.683244966723514 ], [ -1.121262279402666, 43.683234611539504 ], [ -1.12086378705007, 43.683143875656079 ], [ -1.119986398696889, 43.683353652129803 ], [ -1.11939224133108, 43.683552576376286 ], [ -1.11889952059895, 43.683645688704992 ], [ -1.117672025601957, 43.683970094599538 ], [ -1.116172386492509, 43.684509208395745 ], [ -1.115307754411243, 43.684950669374714 ], [ -1.114235012688388, 43.685477036389074 ], [ -1.113509496240618, 43.685861861671043 ], [ -1.113077927674669, 43.685798243483752 ], [ -1.11228063117846, 43.686185348444162 ], [ -1.111695532947099, 43.686514401162796 ], [ -1.110935339014913, 43.686900313525094 ], [ -1.110375869057234, 43.687099881028921 ], [ -1.109809421278823, 43.687143114888855 ], [ -1.10872595864069, 43.687514113588023 ], [ -1.10822417998641, 43.688073523893614 ], [ -1.106977399057703, 43.688655740979868 ], [ -1.106120163016794, 43.68920125887847 ], [ -1.105150814037396, 43.689697251294554 ], [ -1.104178023003976, 43.69011596747908 ], [ -1.104303109514736, 43.691612738207112 ], [ -1.10336897701594, 43.692056309515259 ], [ -1.102460105454081, 43.692343416628972 ], [ -1.101336106596681, 43.69144880894553 ], [ -1.100571118889021, 43.691757421357885 ], [ -1.099626682737962, 43.692071725933999 ], [ -1.098688235631573, 43.691868488939924 ], [ -1.098733382519772, 43.692617428201061 ], [ -1.098009353810001, 43.692433470807146 ], [ -1.097337079623318, 43.692532180164839 ], [ -1.096783065792592, 43.692782786304669 ], [ -1.096402931990156, 43.692976589705673 ], [ -1.096063613364714, 43.693271665986899 ], [ -1.096169909626106, 43.693863013816319 ], [ -1.095605283323876, 43.693958297498924 ], [ -1.095389144909439, 43.694507686745759 ], [ -1.09577980453453, 43.695064825481715 ], [ -1.095731336779047, 43.695454145112961 ], [ -1.096400711337719, 43.695924166824561 ], [ -1.096589469669722, 43.696072932765261 ], [ -1.097047557602472, 43.69657574514158 ], [ -1.097504415984139, 43.697078595035343 ], [ -1.098758345598417, 43.698358707463882 ], [ -1.099027031569147, 43.698660586532668 ], [ -1.099401200717997, 43.698984309080011 ], [ -1.099627772742823, 43.699184054695685 ], [ -1.099899554242035, 43.699537118529157 ], [ -1.100383092026818, 43.699885257548047 ], [ -1.100348436775093, 43.699886357968275 ], [ -1.100393979537283, 43.700065758160569 ], [ -1.100994522988648, 43.700564933624037 ], [ -1.10141825514976, 43.701093115470556 ], [ -1.102312537050061, 43.701712516308071 ], [ -1.101852976670175, 43.702399217856389 ], [ -1.101589746020042, 43.702743180527165 ], [ -1.101334702553979, 43.703243436504444 ], [ -1.100567985595865, 43.703526009151282 ], [ -1.100513313510453, 43.703812061571334 ], [ -1.100499303633911, 43.704175999644214 ], [ -1.100581929655572, 43.704353323231146 ], [ -1.1019035002071, 43.70557908084146 ], [ -1.101329368329814, 43.706114665321465 ], [ -1.100974364072836, 43.70674675820981 ], [ -1.099938215440385, 43.707271812837043 ], [ -1.099245082004569, 43.707603324099203 ], [ -1.098367848170754, 43.707864194856604 ], [ -1.097358521422785, 43.708258810640274 ], [ -1.096923537462592, 43.708737771897326 ], [ -1.096633893207202, 43.708644388091635 ], [ -1.096305304722816, 43.709119072710891 ], [ -1.095747134527323, 43.70934461053195 ], [ -1.096574285389804, 43.710042670743022 ], [ -1.09599042081967, 43.710397687035986 ], [ -1.09639391873498, 43.711186559143691 ], [ -1.096337371815905, 43.711421384525096 ], [ -1.096090392014883, 43.711480501048555 ], [ -1.096017848644613, 43.712026243312351 ], [ -1.095814611998806, 43.71221443430197 ], [ -1.094791310482662, 43.712996355119358 ], [ -1.093999452347302, 43.713461422164841 ], [ -1.092574028604941, 43.714075215047366 ], [ -1.09020755383525, 43.715623914638485 ], [ -1.089023214878882, 43.716102265216534 ], [ -1.08779581504021, 43.717020136651904 ], [ -1.086551922351199, 43.717705482883375 ], [ -1.085388870083658, 43.718518721270009 ], [ -1.083825209473108, 43.719188948004401 ], [ -1.082327721313862, 43.719804877156392 ], [ -1.081576492679959, 43.719751217943717 ], [ -1.081048106487311, 43.719276641301697 ], [ -1.079774385431344, 43.718825582544703 ], [ -1.0785170524184, 43.718709593606846 ], [ -1.077445171104171, 43.71866601969537 ], [ -1.076435793220998, 43.718464811151833 ], [ -1.075964993812828, 43.718350089200833 ], [ -1.075341002747896, 43.718059346553311 ], [ -1.074877953491589, 43.718073937296076 ], [ -1.07390643407495, 43.717924597206476 ], [ -1.072731478923237, 43.71796160082306 ], [ -1.072290415705795, 43.71774245793442 ], [ -1.071541048169465, 43.717739956419685 ], [ -1.069619522750559, 43.717800423773269 ], [ -1.068984778634487, 43.717329138635485 ], [ -1.068311842094267, 43.717401587536784 ], [ -1.067656293134499, 43.717163079312549 ], [ -1.066600218420508, 43.71740411600473 ], [ -1.06511894954796, 43.717088974609467 ], [ -1.064939515143274, 43.716472901015358 ], [ -1.063728679964361, 43.716510934966159 ], [ -1.062365762669327, 43.716993695372445 ], [ -1.061719249522338, 43.716885328674124 ], [ -1.061482977749572, 43.717124873282316 ], [ -1.061371895250043, 43.717050983171042 ], [ -1.060645074004682, 43.71621995275077 ], [ -1.059968360268312, 43.715646466950226 ], [ -1.059434757373763, 43.715663205510303 ], [ -1.058195370992346, 43.715804641932372 ], [ -1.057485036714768, 43.715853004025853 ], [ -1.056630079676075, 43.715285086202307 ], [ -1.055804079553832, 43.71518231041064 ], [ -1.054942125537773, 43.715079754973509 ], [ -1.054670494939444, 43.714725676321493 ], [ -1.053412733440471, 43.714558130309271 ], [ -1.053171582630439, 43.714695240366765 ], [ -1.052961101655699, 43.715347828615066 ], [ -1.052399289128077, 43.715494975281388 ], [ -1.052176509148202, 43.715941011476971 ], [ -1.051843664271733, 43.716934822410643 ], [ -1.050932347367942, 43.717817172977519 ], [ -1.050272599636228, 43.718716838907191 ], [ -1.050133936428413, 43.719368075334806 ], [ -1.048851829075674, 43.720002885342417 ], [ -1.047503705616422, 43.720717118793047 ], [ -1.046676994073882, 43.721209008306793 ], [ -1.04556512105603, 43.721682807055082 ], [ -1.044712670947533, 43.721762513496088 ], [ -1.044558838382445, 43.722180288517031 ], [ -1.043851451043567, 43.722279750617496 ], [ -1.043517560692168, 43.722652760792563 ], [ -1.042615625498024, 43.72306959029374 ], [ -1.042085291041968, 43.723163515042586 ], [ -1.041631942772799, 43.723928025479296 ], [ -1.040065555534119, 43.723976881541283 ], [ -1.03968748593099, 43.723626083646174 ], [ -1.039069796066095, 43.723439305829906 ], [ -1.03887740025218, 43.723186184681978 ], [ -1.038228331878883, 43.723076856480063 ], [ -1.037844711285324, 43.72321837120024 ], [ -1.036427639737087, 43.723986794029116 ], [ -1.036586541172914, 43.724240063081687 ], [ -1.03697628869006, 43.724201829650291 ], [ -1.037165647434199, 43.724403764915948 ], [ -1.03743716221291, 43.724756991889272 ], [ -1.037440194531464, 43.724808181340059 ], [ -1.03734748122574, 43.72504409709726 ], [ -1.036770951268707, 43.725552405083945 ], [ -1.036545335385971, 43.725974203325677 ], [ -1.035855928536645, 43.726357362502426 ], [ -1.035529868960446, 43.72688485451549 ], [ -1.035326379693521, 43.72707293403564 ], [ -1.034748322746797, 43.727556086239879 ], [ -1.03438448950158, 43.728032566999914 ], [ -1.033849730357827, 43.7286187337954 ], [ -1.033415598538178, 43.729123490949306 ], [ -1.033133065048877, 43.729779180712349 ], [ -1.032364165857114, 43.730036130191579 ], [ -1.03186429123997, 43.730646393748358 ], [ -1.031264571016395, 43.730743321167211 ], [ -1.03046732899704, 43.731129797895932 ], [ -1.029381383698566, 43.73206867204194 ], [ -1.02879712268039, 43.732448516264839 ], [ -1.028293863820924, 43.732981491907765 ], [ -1.027866596597379, 43.732994766042907 ], [ -1.027753441527987, 43.733515619588182 ], [ -1.027207461451086, 43.733325643341715 ], [ -1.02593026388138, 43.733443580105799 ], [ -1.025495357982643, 43.733327522555889 ], [ -1.025608480294185, 43.732805773367907 ], [ -1.025319375647033, 43.73276346427626 ], [ -1.024825416269504, 43.732235367629109 ], [ -1.02461424005558, 43.732294105445547 ], [ -1.02408200783573, 43.732336714192868 ], [ -1.020926235794069, 43.733883136540847 ], [ -1.020037006729373, 43.733910699812014 ], [ -1.01956589702074, 43.733769649000102 ], [ -1.019076240956597, 43.733966564003786 ], [ -1.018393944648471, 43.733884234775189 ], [ -1.017620617242659, 43.73408903038208 ], [ -1.016945641747841, 43.73410993244903 ], [ -1.01571365614129, 43.734406290486199 ], [ -1.01513609556389, 43.734269415160917 ], [ -1.014321996315656, 43.734371981521051 ], [ -1.013062974933045, 43.734230085650843 ], [ -1.012719675541275, 43.734447636519022 ], [ -1.01210314249575, 43.734259767156267 ], [ -1.011578725674591, 43.734456822484972 ], [ -1.009904034683572, 43.734483389391869 ], [ -1.009523222012221, 43.734675097530392 ], [ -1.007496078149571, 43.734763798966071 ], [ -1.006704562674199, 43.734659576699542 ], [ -1.00629870771419, 43.735058979388214 ], [ -1.006126186183027, 43.735142578880975 ], [ -1.004583258690187, 43.734983254961286 ], [ -1.004356877623128, 43.734783305455764 ], [ -1.003860381498537, 43.734230004389325 ], [ -1.003393891555202, 43.734167016483369 ], [ -1.002218681510131, 43.734797958588871 ], [ -1.001526172069953, 43.735154895541825 ], [ -1.000315003458369, 43.735786924454942 ], [ -1.000223644683332, 43.736048854809091 ], [ -0.999703695192408, 43.736323088354673 ], [ -0.998838953830334, 43.736790578385673 ], [ -0.998348808363383, 43.736959521328664 ], [ -0.997321734064064, 43.737664121382061 ], [ -0.996809326040507, 43.738067666147842 ], [ -0.995912849475769, 43.738587391838792 ], [ -0.994976150750054, 43.739056163994206 ], [ -0.994622425671149, 43.739118326710972 ], [ -0.993926214114842, 43.73877715495194 ], [ -0.993473816655453, 43.73899799706097 ], [ -0.993076429494582, 43.738907647368052 ], [ -0.992515392356856, 43.738458845374716 ], [ -0.992453515331883, 43.737994700040474 ], [ -0.9920289442485, 43.737439135478688 ], [ -0.991757598041289, 43.737084893444035 ], [ -0.991776929542491, 43.736799992994548 ], [ -0.991154404876511, 43.736508723750418 ], [ -0.99085323771088, 43.736259761758767 ], [ -0.990905447680612, 43.7359216689145 ], [ -0.990716550245409, 43.735746631921224 ], [ -0.990322128237468, 43.735706565409934 ], [ -0.990130190444721, 43.735479438171566 ], [ -0.989605456249917, 43.735651202774257 ], [ -0.988767487710648, 43.735962139391077 ], [ -0.988695651997499, 43.735964344912489 ], [ -0.988334388576415, 43.735897161778091 ], [ -0.987987714345208, 43.736037360645788 ], [ -0.987476521996061, 43.735846119439437 ], [ -0.986927861107244, 43.736224636606032 ], [ -0.987046432207122, 43.736427929379126 ], [ -0.986290808224998, 43.736917159275691 ], [ -0.985895195057433, 43.736878012713383 ], [ -0.985710763379334, 43.736779304820502 ], [ -0.98538243246856, 43.73725542051362 ], [ -0.984880299991252, 43.737219537153102 ], [ -0.984140926929566, 43.737370865424438 ], [ -0.98340936947475, 43.737677597110924 ], [ -0.983253351203619, 43.738044958510329 ], [ -0.982995616008366, 43.737923301108346 ], [ -0.982662780349709, 43.737726570445076 ], [ -0.982164867380106, 43.737741827989794 ], [ -0.981848625681311, 43.73782979125027 ], [ -0.980921879764141, 43.737832089384497 ], [ -0.979217117636171, 43.737961665416201 ], [ -0.978893340641431, 43.73792029402675 ], [ -0.978445110380211, 43.738192226933094 ], [ -0.977663829346914, 43.738242227294762 ], [ -0.977605527811073, 43.738477032982487 ], [ -0.974005616176379, 43.740371222575689 ], [ -0.973876693908319, 43.740608184509114 ], [ -0.973032511636027, 43.740814820767874 ], [ -0.972837469074937, 43.741131175616509 ], [ -0.972098287962927, 43.741308504997548 ], [ -0.972002525355461, 43.741518360446541 ], [ -0.971093769416385, 43.741831318335031 ], [ -0.970231513121296, 43.741727188989941 ], [ -0.969544762326941, 43.741568212957809 ], [ -0.970081816652022, 43.741008403136398 ], [ -0.968825184213792, 43.740865019025541 ], [ -0.968549308999136, 43.741029084493626 ], [ -0.967944837695791, 43.741047527139287 ], [ -0.967514525693386, 43.741009371458659 ], [ -0.967190687775916, 43.740967066917868 ], [ -0.966763074351269, 43.740954017422794 ], [ -0.966479963105462, 43.741014833275557 ], [ -0.96620853882017, 43.740635341660031 ], [ -0.965842810466715, 43.741111634445062 ], [ -0.965208393978035, 43.740613650974005 ], [ -0.964094280593706, 43.740466767954487 ], [ -0.964370437039861, 43.74032879671838 ], [ -0.964353985656165, 43.740044995191042 ], [ -0.964236997697, 43.739867722141526 ], [ -0.96347365417306, 43.738985891613524 ], [ -0.962752508274045, 43.73823232705886 ], [ -0.96260133653288, 43.738107376368866 ], [ -0.962760235675243, 43.737766052013782 ], [ -0.962540025825962, 43.737670194997712 ], [ -0.961896677091945, 43.73701682123248 ], [ -0.961478340618256, 43.73656352140307 ], [ -0.961605848881962, 43.736301427977097 ], [ -0.962181544983692, 43.735765674871629 ], [ -0.962462209651, 43.735705844033092 ], [ -0.962601407905802, 43.735624230771727 ], [ -0.962586423499062, 43.735365576852637 ], [ -0.961926907365312, 43.735075271893422 ], [ -0.96147263722874, 43.735243852080352 ], [ -0.961349385829682, 43.73555799749618 ], [ -0.961223707953691, 43.735873116372268 ], [ -0.960947783017691, 43.736036263794574 ], [ -0.96064173963307, 43.735657815453919 ], [ -0.960307486578587, 43.735434971441514 ], [ -0.959941789094124, 43.735290456689114 ], [ -0.959791921851619, 43.735166362756175 ], [ -0.959243190073876, 43.734924852023589 ], [ -0.95867798948913, 43.734398639227059 ], [ -0.958066655237636, 43.73371818181235 ], [ -0.957654399557955, 43.733369048450662 ], [ -0.958138823992658, 43.73312129446451 ], [ -0.95826607161255, 43.732833122922884 ], [ -0.958715811020712, 43.732586421433872 ], [ -0.958528530416859, 43.73243737379471 ], [ -0.956822291892863, 43.733161336682173 ], [ -0.956879647367144, 43.731685910181241 ], [ -0.957299517036864, 43.73092280508272 ], [ -0.958193263584381, 43.730352209839438 ], [ -0.959696786556053, 43.729814330761229 ], [ -0.960013385051374, 43.729132630338732 ], [ -0.960613043874241, 43.729011810903465 ], [ -0.95937791441298, 43.728634654784777 ], [ -0.958096162256553, 43.728673657000712 ], [ -0.956848868138543, 43.728686405013192 ], [ -0.958938769588525, 43.727820311508104 ], [ -0.957402294529323, 43.726522034424093 ], [ -0.956485366375947, 43.725489199022299 ], [ -0.957721985886796, 43.725271650843965 ], [ -0.957939515503286, 43.724721626626412 ], [ -0.955779434262669, 43.724994248246794 ], [ -0.9545907125435, 43.725418144131403 ], [ -0.954407662394051, 43.72532024427499 ], [ -0.955031315945671, 43.724370122464585 ], [ -0.955775154172538, 43.723675450207345 ], [ -0.956620949509886, 43.72289940000249 ], [ -0.956907340607239, 43.722296002976506 ], [ -0.956967164837958, 43.722086357936824 ], [ -0.955889520667991, 43.72258516263436 ], [ -0.955700507882558, 43.722383983831214 ], [ -0.955027368401288, 43.722455729406356 ], [ -0.954610645284621, 43.722650130667397 ], [ -0.953669355606237, 43.723040405714478 ], [ -0.953096999899359, 43.72303170453872 ], [ -0.952534588689514, 43.72315225159975 ], [ -0.951236484232275, 43.723529051073996 ], [ -0.950975611660589, 43.72332914641828 ], [ -0.95026659621602, 43.723402850806487 ], [ -0.949951783983768, 43.72351496883693 ], [ -0.949605619285215, 43.723707208760409 ], [ -0.949276847390899, 43.724803093192818 ], [ -0.949469824768251, 43.725030253396397 ], [ -0.949988467465997, 43.725376183656259 ], [ -0.950591126654452, 43.725952577674498 ], [ -0.950572883179893, 43.726238329001838 ], [ -0.951046449596874, 43.726404788158291 ], [ -0.951317705175251, 43.726784313799023 ], [ -0.951782573376433, 43.726821480476936 ], [ -0.952382225328771, 43.72670070678587 ], [ -0.951572229103299, 43.727475635627364 ], [ -0.951776125613935, 43.727934578239008 ], [ -0.952084810926969, 43.728339056895194 ], [ -0.952071033888942, 43.728702045955231 ], [ -0.951634811088329, 43.728559647469659 ], [ -0.950696461755481, 43.729002886566285 ], [ -0.950387631840123, 43.729219186552989 ], [ -0.950591260277085, 43.729652049317778 ], [ -0.950345341011526, 43.729711694817638 ], [ -0.949783122474125, 43.729858310850467 ], [ -0.949733627983368, 43.730247574424745 ], [ -0.950361620348023, 43.730617177864723 ], [ -0.949667334292977, 43.730947737236654 ], [ -0.949196687544773, 43.730832463614917 ], [ -0.948630051569097, 43.730902734663381 ], [ -0.94824755467223, 43.731068181841572 ], [ -0.947389876582748, 43.731663689017076 ], [ -0.946512554611056, 43.731897214052779 ], [ -0.945872519541724, 43.731942704971402 ], [ -0.945346131987796, 43.732087311555098 ], [ -0.945215608494044, 43.732298192767345 ], [ -0.944450991126777, 43.732657839092909 ], [ -0.943975630001578, 43.732439222416019 ], [ -0.943570411220071, 43.732662920179713 ] ], [ [ -0.01490243684755, 43.637391898099146 ], [ -0.014856518735264, 43.637689643438058 ], [ -0.014434712417687, 43.637698813407852 ], [ -0.015060773115105, 43.637899219984369 ], [ -0.015025286929397, 43.637729137202101 ], [ -0.01490243684755, 43.637391898099146 ] ], [ [ -0.825619669996189, 43.792646846996284 ], [ -0.825622099847556, 43.792645876463368 ], [ -0.825626959550044, 43.792643935397336 ], [ -0.825619669996189, 43.792646846996284 ] ] ] ] } },
{ "type": "Feature", "properties": { "fid": 4, "id": 4, "nom": "ISO 90" }, "geometry": { "type": "MultiPolygon", "coordinates": [ [ [ [ -1.134436945163423, 43.678006407837216 ], [ -1.13404497354627, 43.678185432714315 ], [ -1.130737205639233, 43.679522320133231 ], [ -1.129273080863362, 43.683332820612996 ], [ -1.129275719297176, 43.683335435314284 ], [ -1.129275828508516, 43.683337231289158 ], [ -1.128476490192503, 43.683321442986504 ], [ -1.128917655314616, 43.684011808640371 ], [ -1.129551407996656, 43.684974023415457 ], [ -1.129167618629453, 43.685288627835504 ], [ -1.127924555513837, 43.684581651414533 ], [ -1.127304811763975, 43.684726554988892 ], [ -1.125505149825073, 43.685264607178262 ], [ -1.123684712616169, 43.685297641794129 ], [ -1.12288490161343, 43.685192752770398 ], [ -1.121830770915963, 43.684860256003326 ], [ -1.122028308036677, 43.684356389853505 ], [ -1.121030639805381, 43.683891620239237 ], [ -1.12035518250509, 43.684078751807803 ], [ -1.117826534365702, 43.684739830915369 ], [ -1.113861743237314, 43.686233016022967 ], [ -1.111313543506825, 43.687516275482821 ], [ -1.110208916340314, 43.688131790342453 ], [ -1.10962097803054, 43.687860802024133 ], [ -1.106859915652995, 43.689440443996894 ], [ -1.106897408753317, 43.690060964044179 ], [ -1.105127110335057, 43.690988216422234 ], [ -1.104759828345687, 43.691537934320912 ], [ -1.102593477110624, 43.69256051174802 ], [ -1.101271658416517, 43.69239467094993 ], [ -1.100691193266475, 43.692247558322116 ], [ -1.099381709016488, 43.692368316172441 ], [ -1.099554182426541, 43.692576075740007 ], [ -1.099097494727954, 43.692775018623799 ], [ -1.097820409087121, 43.69296040871685 ], [ -1.09700016805347, 43.693566758522792 ], [ -1.09699182193569, 43.694354284681154 ], [ -1.096401755955485, 43.694994714645489 ], [ -1.097156765629141, 43.695219088594385 ], [ -1.097460128021186, 43.695500075933644 ], [ -1.09789223656239, 43.696024402677239 ], [ -1.099401514123945, 43.697385476578383 ], [ -1.100683133805691, 43.698753763051215 ], [ -1.101833552488332, 43.699837391089979 ], [ -1.102508483774372, 43.700603215896074 ], [ -1.102503961504284, 43.701473403081089 ], [ -1.103195956218322, 43.701576477837371 ], [ -1.102744691682331, 43.702626413107986 ], [ -1.102522397673088, 43.70366907234056 ], [ -1.101970474965805, 43.703976321315963 ], [ -1.102098179393632, 43.704222391347585 ], [ -1.102689211495373, 43.70548753959698 ], [ -1.102215467162765, 43.706165697033981 ], [ -1.102127757296221, 43.706582362810508 ], [ -1.101492016005638, 43.707433014300804 ], [ -1.100166551256655, 43.708178697747272 ], [ -1.099192317994097, 43.708126846534981 ], [ -1.098146593671971, 43.708781749376371 ], [ -1.097390541442981, 43.709510229326625 ], [ -1.096777863494646, 43.709777989734974 ], [ -1.097150694187657, 43.710263719925379 ], [ -1.098397984313148, 43.712354734150686 ], [ -1.098211448179014, 43.712716949623925 ], [ -1.096161330632004, 43.712822461649978 ], [ -1.095275122670067, 43.713265337229011 ], [ -1.095000340261938, 43.713439599246932 ], [ -1.093555899526172, 43.714149380483562 ], [ -1.092594524565771, 43.715075075308604 ], [ -1.091532207650219, 43.715622468074692 ], [ -1.088593477998141, 43.71712446752607 ], [ -1.087877470483385, 43.717924490191905 ], [ -1.08641364828049, 43.718893010068214 ], [ -1.085216395295539, 43.718930853635179 ], [ -1.085072831297253, 43.719390658044162 ], [ -1.083803936013664, 43.720136144067816 ], [ -1.082351639877262, 43.720720054519447 ], [ -1.081296650408746, 43.720255806808922 ], [ -1.080748070534189, 43.71969279200755 ], [ -1.079121154573357, 43.719247473631007 ], [ -1.078040273043445, 43.719322954145021 ], [ -1.076849840693562, 43.719433368186081 ], [ -1.075737318419266, 43.71902216749784 ], [ -1.075308897972048, 43.718538116207547 ], [ -1.073924707748255, 43.718333399525008 ], [ -1.072339910063242, 43.718590245674683 ], [ -1.071417534444195, 43.718453731568808 ], [ -1.070787341150654, 43.718432177962228 ], [ -1.06964496942056, 43.719014258474466 ], [ -1.068522889928531, 43.717840316075652 ], [ -1.067965708901888, 43.718064775223809 ], [ -1.067724315590411, 43.71786542776826 ], [ -1.066853978964753, 43.717644464409446 ], [ -1.065827448078726, 43.718629539241988 ], [ -1.064757832004791, 43.717917271613466 ], [ -1.064206971763056, 43.717312864111321 ], [ -1.062285373405991, 43.71766291553454 ], [ -1.06159324595176, 43.717975251750886 ], [ -1.060331967324499, 43.716523086710062 ], [ -1.058816634251607, 43.716030784766311 ], [ -1.058250509237995, 43.716376036360757 ], [ -1.058015672836131, 43.716015412884985 ], [ -1.056286217727414, 43.715738525392169 ], [ -1.055268410963176, 43.715935064882608 ], [ -1.053984380514592, 43.715701768110257 ], [ -1.053166170481026, 43.716125964102027 ], [ -1.053051905655474, 43.71708234541304 ], [ -1.051666226424233, 43.717788811448628 ], [ -1.05150111216702, 43.718870944132263 ], [ -1.051260754634603, 43.719334623642219 ], [ -1.05085035008618, 43.719546302385396 ], [ -1.049166438879745, 43.720934156372365 ], [ -1.048360448047146, 43.720835194210707 ], [ -1.046757822234013, 43.72175531224233 ], [ -1.044818353965481, 43.72276959889529 ], [ -1.044457719820474, 43.72340256687184 ], [ -1.042455001587416, 43.724335110290937 ], [ -1.039797419091596, 43.724831878088466 ], [ -1.039354064902207, 43.724447125503559 ], [ -1.039101032122209, 43.724133814263652 ], [ -1.038018727729306, 43.723726686882316 ], [ -1.037970910086479, 43.724280603843525 ], [ -1.038588546889559, 43.72486416576961 ], [ -1.038017195975637, 43.725606246202489 ], [ -1.037053913337832, 43.726538678857587 ], [ -1.036016504365135, 43.727560683966395 ], [ -1.035552146438684, 43.728204048545329 ], [ -1.034627296993626, 43.729179348275352 ], [ -1.034039800065075, 43.729859829075558 ], [ -1.032850226267613, 43.73101699800003 ], [ -1.031015511308351, 43.731902706785533 ], [ -1.030872715855043, 43.732362405124782 ], [ -1.030046311574234, 43.732885642860815 ], [ -1.029321569625468, 43.733197879274599 ], [ -1.028819868130758, 43.733421305635488 ], [ -1.028636817679364, 43.733956028763444 ], [ -1.025952229238727, 43.734214856498689 ], [ -1.024853871740517, 43.733999729950249 ], [ -1.025060990454554, 43.733619918417141 ], [ -1.02456010712787, 43.732890498342456 ], [ -1.023176823108969, 43.733586614069118 ], [ -1.021621159334254, 43.734432011250988 ], [ -1.019357564120076, 43.734613739730321 ], [ -1.018600430628791, 43.73456701986121 ], [ -1.017999280844087, 43.735040897129942 ], [ -1.016373031878205, 43.734773655947784 ], [ -1.015215786019755, 43.734906645306722 ], [ -1.012287464123542, 43.735094399159976 ], [ -1.01028855251507, 43.73511480119231 ], [ -1.00928309263395, 43.735191752474655 ], [ -1.008878771534425, 43.735448063958067 ], [ -1.008129564705528, 43.73534614364462 ], [ -1.007295631113919, 43.735745273705412 ], [ -1.006877646335567, 43.735980406227554 ], [ -1.005556126156, 43.735302325460012 ], [ -1.004779094886343, 43.735698779999133 ], [ -1.004086917090534, 43.735595972152332 ], [ -1.003365614362936, 43.73499651942786 ], [ -1.003060273346422, 43.735184977021987 ], [ -1.002645253538133, 43.735407405377238 ], [ -1.002361725338886, 43.735629377310033 ], [ -1.001872204461115, 43.735829807195415 ], [ -1.000841328374429, 43.736764884419934 ], [ -1.000396878689145, 43.736993608887481 ], [ -0.99974896394255, 43.737434632193974 ], [ -0.999294672698184, 43.737686147806976 ], [ -0.998790709940873, 43.73787351237538 ], [ -0.997918998734241, 43.738603923937461 ], [ -0.997562966477409, 43.73900805642031 ], [ -0.997055811830623, 43.739459125238646 ], [ -0.995961569381717, 43.739907562870997 ], [ -0.995712545467039, 43.739956610873982 ], [ -0.995061115735329, 43.740211473624882 ], [ -0.992870329362441, 43.740794368846728 ], [ -0.992340025574593, 43.738982465474002 ], [ -0.991918221739029, 43.738622950504151 ], [ -0.991061279182205, 43.73765420839036 ], [ -0.989965642806188, 43.736485860807825 ], [ -0.988873231966002, 43.737348032856964 ], [ -0.987521400431026, 43.737188895999431 ], [ -0.986773563322957, 43.737620309449539 ], [ -0.985609645767663, 43.738236323502143 ], [ -0.985222541281196, 43.739449298162135 ], [ -0.984300831156709, 43.739517148179388 ], [ -0.983113144202715, 43.739556254660066 ], [ -0.982302565415065, 43.738379994449758 ], [ -0.981168979279603, 43.738537982285742 ], [ -0.979848888475042, 43.738455151253213 ], [ -0.978681849996219, 43.738955122889649 ], [ -0.977461410630439, 43.739646551798252 ], [ -0.975854708575522, 43.74052432089276 ], [ -0.974013998451814, 43.741326445348776 ], [ -0.972904445817381, 43.741899270418976 ], [ -0.97271014074574, 43.742484612351241 ], [ -0.972082120050595, 43.74250379710741 ], [ -0.970288102067164, 43.742103333960422 ], [ -0.968721087885062, 43.742214140208077 ], [ -0.966951893116627, 43.741748987124936 ], [ -0.966200334419993, 43.741606361784889 ], [ -0.963563739416594, 43.74073304794841 ], [ -0.963605611890146, 43.740235141944581 ], [ -0.962380936050244, 43.738822145931209 ], [ -0.960804899727577, 43.737254293786805 ], [ -0.960828333105076, 43.736673281076143 ], [ -0.960700031552126, 43.736428872985492 ], [ -0.959623657261497, 43.735967707079858 ], [ -0.959323946507252, 43.735655639449099 ], [ -0.957580434622564, 43.733870623369889 ], [ -0.956409799199848, 43.733408696884183 ], [ -0.956771754742931, 43.732416135539516 ], [ -0.956774684513084, 43.731823154864529 ], [ -0.957236036117512, 43.730897745262489 ], [ -0.958345532036378, 43.730325085156672 ], [ -0.959565397949151, 43.729666283215799 ], [ -0.959878458845888, 43.72915922950213 ], [ -0.958023200247513, 43.728677676016247 ], [ -0.95682203082602, 43.728672826225385 ], [ -0.958408281631095, 43.727463985328889 ], [ -0.957881230407365, 43.72703827690178 ], [ -0.957272031372434, 43.7265862751781 ], [ -0.956953711356652, 43.726015663233056 ], [ -0.956408745229821, 43.725494228014028 ], [ -0.954641631286801, 43.725547949589817 ], [ -0.95434358736569, 43.725349181832939 ], [ -0.954971039282035, 43.724335967512452 ], [ -0.955942574109581, 43.723352773578121 ], [ -0.955086912179819, 43.723378787195998 ], [ -0.953207086879362, 43.723477298475004 ], [ -0.951512501516026, 43.723819362534371 ], [ -0.951106560957299, 43.723706633061703 ], [ -0.949795194584661, 43.723746439265732 ], [ -0.949448996334422, 43.72466921586016 ], [ -0.949866806996952, 43.724987617217131 ], [ -0.950747484588526, 43.725416122404255 ], [ -0.951715102276107, 43.726340402294568 ], [ -0.952361343077266, 43.726575386037013 ], [ -0.95295640212786, 43.729038626767647 ], [ -0.952258767116802, 43.729804750202497 ], [ -0.951423285136168, 43.730203486305278 ], [ -0.951242705772121, 43.731072661534988 ], [ -0.951300580050668, 43.731172568445388 ], [ -0.950857830120055, 43.731390236339003 ], [ -0.949733421129336, 43.731512530110471 ], [ -0.948266626695928, 43.731915101186189 ], [ -0.947482200131602, 43.732189001130862 ], [ -0.946152908764692, 43.732932849991187 ], [ -0.94548473055356, 43.733243696936384 ], [ -0.945248391641854, 43.733319234294534 ], [ -0.944746477798865, 43.733307451646645 ], [ -0.945173848063411, 43.733791125573411 ], [ -0.945841125937902, 43.734476253400864 ], [ -0.946612754380038, 43.735357044257384 ], [ -0.946607121634782, 43.73586193613091 ], [ -0.947156913383934, 43.736466948978801 ], [ -0.948395137119986, 43.737132953579618 ], [ -0.94861501973105, 43.737954892944735 ], [ -0.949714656622108, 43.739207184035962 ], [ -0.949601045428481, 43.740205682848959 ], [ -0.946660932811086, 43.741745133178753 ], [ -0.946456830991041, 43.74216517462704 ], [ -0.945508403780459, 43.742567285105025 ], [ -0.945531332970909, 43.7426421639179 ], [ -0.944017471532404, 43.743482444444609 ], [ -0.943873899703256, 43.743984318344161 ], [ -0.943735576518729, 43.744017297113523 ], [ -0.942106200587532, 43.744037836247031 ], [ -0.940755759384591, 43.744161472907521 ], [ -0.939827756765645, 43.74319449578676 ], [ -0.93953096263232, 43.742996545395776 ], [ -0.939561914789758, 43.743534519263164 ], [ -0.940635280173475, 43.744655445712432 ], [ -0.941306142316765, 43.745358494325785 ], [ -0.940122837927678, 43.747330415985317 ], [ -0.939584885781321, 43.747470842831987 ], [ -0.939440439427057, 43.747979934758547 ], [ -0.940682319993515, 43.749094871079521 ], [ -0.940803396416662, 43.750012488238092 ], [ -0.940870313517081, 43.751368993083105 ], [ -0.939978684124488, 43.751769333777105 ], [ -0.940644867476482, 43.752411355021287 ], [ -0.940939387865036, 43.752568888069668 ], [ -0.940987007429266, 43.753396061765493 ], [ -0.941783963139629, 43.754325621367634 ], [ -0.94368758026261, 43.75563463563229 ], [ -0.943805139495382, 43.755693155155932 ], [ -0.945199661511714, 43.757040051685195 ], [ -0.946727102505256, 43.758731987977768 ], [ -0.946939903845445, 43.759473187243444 ], [ -0.947575270415312, 43.759578089393152 ], [ -0.947959388441381, 43.761265975569884 ], [ -0.94868158580305, 43.761907159694985 ], [ -0.945971696614223, 43.763175089129369 ], [ -0.943566011439989, 43.764424743422765 ], [ -0.942346403654405, 43.765082446214095 ], [ -0.942146997685728, 43.765586013003841 ], [ -0.941979707118149, 43.766108401232657 ], [ -0.940304045753561, 43.767341288846239 ], [ -0.940200686659324, 43.767551344970556 ], [ -0.940973985387834, 43.76806687936125 ], [ -0.941478969676203, 43.76888112859973 ], [ -0.942439983086814, 43.769680679449849 ], [ -0.942169598347305, 43.771926418858058 ], [ -0.941551901485925, 43.772152036237877 ], [ -0.940472214180211, 43.772267461638926 ], [ -0.940486672250901, 43.773510413232124 ], [ -0.940793717954368, 43.773926688135973 ], [ -0.940655102073458, 43.774430215144115 ], [ -0.939846650593499, 43.77531117605465 ], [ -0.939332449790779, 43.776321791752657 ], [ -0.940762820669154, 43.777314109577169 ], [ -0.938788610317098, 43.777788551415753 ], [ -0.938029514727765, 43.77752178340166 ], [ -0.938361060274695, 43.778299007624497 ], [ -0.937780227653505, 43.779145184285554 ], [ -0.937002178326931, 43.779542063476065 ], [ -0.936034002708398, 43.779612686451117 ], [ -0.934996967689021, 43.780472620548068 ], [ -0.932704216344595, 43.781370425818331 ], [ -0.931675371510677, 43.781401452363802 ], [ -0.930476745369261, 43.780443414951627 ], [ -0.930119111444049, 43.78120004738782 ], [ -0.928970303177176, 43.781109605052443 ], [ -0.929005969657551, 43.781731124620734 ], [ -0.929105719801638, 43.782473973132156 ], [ -0.929138965997013, 43.783053280180617 ], [ -0.929938463475453, 43.784023363437164 ], [ -0.929907580362599, 43.784480444367922 ], [ -0.928579358764222, 43.783277070167777 ], [ -0.928187344913779, 43.783565086778559 ], [ -0.927914103756615, 43.783629097685512 ], [ -0.928346501311651, 43.784196383623915 ], [ -0.928653005925358, 43.784560528580705 ], [ -0.92787002701831, 43.784873815658699 ], [ -0.92657258158692, 43.786155371614129 ], [ -0.924389965063269, 43.78700919190986 ], [ -0.92207898054535, 43.787617607874303 ], [ -0.91800233821481, 43.788361769257591 ], [ -0.914498623776881, 43.78809352600512 ], [ -0.913258346168069, 43.787425350658573 ], [ -0.910765978612765, 43.786837862792147 ], [ -0.910013914496793, 43.786693945155797 ], [ -0.907702939305699, 43.784277275124282 ], [ -0.906915139044656, 43.784507780004716 ], [ -0.904031970650203, 43.784097380637732 ], [ -0.902876089262379, 43.78388271526466 ], [ -0.902169885685443, 43.782536287501742 ], [ -0.901059815769046, 43.781118250314265 ], [ -0.900220331881888, 43.780439765552956 ], [ -0.899908807766633, 43.7809879810628 ], [ -0.899011656526551, 43.783335062432023 ], [ -0.897745336266218, 43.785196524416371 ], [ -0.897322547048453, 43.786824982186197 ], [ -0.896906347858531, 43.787542755139434 ], [ -0.895949452344344, 43.788426899128837 ], [ -0.896184235742238, 43.788930922800141 ], [ -0.896858562917187, 43.789739428602239 ], [ -0.898977108214657, 43.791790501027485 ], [ -0.900104184343092, 43.793111799759799 ], [ -0.900149737192073, 43.7942836442299 ], [ -0.900075677525253, 43.794990318129543 ], [ -0.900183610033186, 43.79579592421581 ], [ -0.899372984134009, 43.795715756579042 ], [ -0.898565597796315, 43.796609858639393 ], [ -0.898422680209156, 43.797110756215233 ], [ -0.897423481733079, 43.798083448008484 ], [ -0.897062477431132, 43.798353328219079 ], [ -0.89691254826726, 43.798731174331714 ], [ -0.896448558463289, 43.799615018896809 ], [ -0.895943352190823, 43.799795626217922 ], [ -0.895800505604396, 43.800298317826154 ], [ -0.895882130138811, 43.800751132168536 ], [ -0.895271111715946, 43.801059048990275 ], [ -0.894152563749956, 43.801507143603217 ], [ -0.893452060415073, 43.802273863312131 ], [ -0.893014537331872, 43.802618884460159 ], [ -0.89257958567702, 43.802768592523528 ], [ -0.891452422165208, 43.80332847741964 ], [ -0.889897298449928, 43.804161997448297 ], [ -0.888792703337197, 43.804857936306163 ], [ -0.886948687278124, 43.805658618818761 ], [ -0.884945369848526, 43.806630445601158 ], [ -0.883743675952546, 43.807214953974025 ], [ -0.883359604622246, 43.806925859929891 ], [ -0.8830023674295, 43.807681416114356 ], [ -0.8829129182017, 43.80818610303573 ], [ -0.881177830353088, 43.807819241768897 ], [ -0.880753875835725, 43.809240746173408 ], [ -0.879747168057054, 43.808815361670135 ], [ -0.877853752640919, 43.808856206506981 ], [ -0.877939839997711, 43.808247259851449 ], [ -0.877758208736505, 43.808044814044045 ], [ -0.876969503561365, 43.807915240834788 ], [ -0.877088458579891, 43.807360202863308 ], [ -0.876909218085723, 43.807199970718408 ], [ -0.876179013850555, 43.806434374583354 ], [ -0.875519874172662, 43.805914984744007 ], [ -0.874116600767962, 43.804382081641002 ], [ -0.874324028796882, 43.803831626566286 ], [ -0.875761574263772, 43.803089989439478 ], [ -0.875498353905174, 43.802476100571219 ], [ -0.874903306392626, 43.802078968602338 ], [ -0.874715650303297, 43.802319345440665 ], [ -0.873873222718234, 43.802732957135035 ], [ -0.871474702719357, 43.803174616685311 ], [ -0.868519012540957, 43.803648886721035 ], [ -0.865415890813886, 43.804307365941298 ], [ -0.864225998634075, 43.804508037672662 ], [ -0.863090870294065, 43.804666594351914 ], [ -0.860830165833519, 43.804778261666804 ], [ -0.858128656711898, 43.803942006826432 ], [ -0.857636204386792, 43.803334833126108 ], [ -0.856995979517309, 43.802661834810337 ], [ -0.856717863068522, 43.802243576256693 ], [ -0.856384936940268, 43.802043754422833 ], [ -0.855814547178518, 43.801441568320108 ], [ -0.855229540911586, 43.800844308490021 ], [ -0.85465431602722, 43.80024405920269 ], [ -0.853437529919104, 43.799853416248638 ], [ -0.852396234089783, 43.801706795786956 ], [ -0.851010690050135, 43.802494269055934 ], [ -0.849952521910652, 43.801986462937343 ], [ -0.848768947556785, 43.800281262239913 ], [ -0.846823824454015, 43.799259675601682 ], [ -0.846073098650716, 43.799117073473646 ], [ -0.846161652680877, 43.798657439383689 ], [ -0.845612384348639, 43.79805278592594 ], [ -0.843906391076054, 43.796196435472019 ], [ -0.842549364228383, 43.795449021970683 ], [ -0.842685792467435, 43.794823349080318 ], [ -0.842174047741336, 43.793844218736083 ], [ -0.841677186662034, 43.793153444569647 ], [ -0.842635405164587, 43.792877041352256 ], [ -0.842487725662049, 43.79230108531533 ], [ -0.841012843676177, 43.793154924415582 ], [ -0.84014223867632, 43.792287067099124 ], [ -0.838870409735122, 43.791038702135864 ], [ -0.837955996961922, 43.790029966517999 ], [ -0.837160971282581, 43.790136912579143 ], [ -0.834017308829625, 43.790795685332427 ], [ -0.83063099988476, 43.791112384990868 ], [ -0.827726235720127, 43.791468903774856 ], [ -0.825782386589251, 43.791127971711411 ], [ -0.823204793991593, 43.791562091700463 ], [ -0.823045093879322, 43.791392212189542 ], [ -0.822581057494336, 43.790661717210988 ], [ -0.822063511411783, 43.790063230418646 ], [ -0.819465065833631, 43.788956757733494 ], [ -0.818734945469435, 43.788890743983437 ], [ -0.817601460815782, 43.789142344745194 ], [ -0.815955372799633, 43.788883442603193 ], [ -0.812423965881945, 43.788417496751798 ], [ -0.810505663651106, 43.788691816654406 ], [ -0.807441353479342, 43.790138301701241 ], [ -0.803671317372919, 43.790816147551922 ], [ -0.802749369236159, 43.790536967353759 ], [ -0.796127979618717, 43.791034379935468 ], [ -0.802640791161422, 43.788568981093235 ], [ -0.802774074634482, 43.786595793163542 ], [ -0.801903642434671, 43.785087999851271 ], [ -0.80172439047927, 43.783999220970479 ], [ -0.802691706827165, 43.782919527377906 ], [ -0.801586420909581, 43.782600669879336 ], [ -0.799141475591247, 43.782102849620564 ], [ -0.797478264708807, 43.782632258163417 ], [ -0.794543854721347, 43.78201623863638 ], [ -0.792347341991004, 43.780547578692008 ], [ -0.793414671838654, 43.77907194510486 ], [ -0.793519925414972, 43.777667270716627 ], [ -0.792547130959315, 43.777564911449005 ], [ -0.791865830275342, 43.777276902330648 ], [ -0.790363345044452, 43.777408422304518 ], [ -0.787752491502555, 43.77831497353786 ], [ -0.786308294747765, 43.778400674161261 ], [ -0.783597151882203, 43.778566915176903 ], [ -0.781300295115856, 43.778544844112609 ], [ -0.780954728294575, 43.777766706519728 ], [ -0.780650772071249, 43.776637415575543 ], [ -0.775417051361642, 43.778145348635171 ], [ -0.777622911092077, 43.77650494409162 ], [ -0.777771703768695, 43.77588892133069 ], [ -0.777874809059328, 43.77448343836825 ], [ -0.777639765425241, 43.772388663555347 ], [ -0.77641194487504, 43.770935056917736 ], [ -0.775729505680945, 43.769510760134303 ], [ -0.774486683651409, 43.769983660842705 ], [ -0.774573289347828, 43.768229609178832 ], [ -0.774029198422422, 43.768245227381001 ], [ -0.772859932612141, 43.766746727550057 ], [ -0.772373015461744, 43.766672534562389 ], [ -0.770170681497288, 43.766167133623618 ], [ -0.764682857899607, 43.770790022629029 ], [ -0.763689960782286, 43.771431970153955 ], [ -0.763855377091462, 43.770024732234177 ], [ -0.763735152133936, 43.77002817153938 ], [ -0.762581584794973, 43.769930720533971 ], [ -0.762008884992499, 43.770515654445006 ], [ -0.761529185574761, 43.770574349124729 ], [ -0.760531563440959, 43.769989323687838 ], [ -0.759575571656023, 43.77019206420259 ], [ -0.758627944151163, 43.769430168813841 ], [ -0.757576936455862, 43.767884954774566 ], [ -0.756774604525675, 43.767557009664287 ], [ -0.756272259718378, 43.767221397618911 ], [ -0.755612686931115, 43.767327481699432 ], [ -0.754878016089395, 43.768267846066912 ], [ -0.754116125946119, 43.768684507027551 ], [ -0.753751971645511, 43.767555981842349 ], [ -0.752499386172846, 43.768949207815915 ], [ -0.751955056208383, 43.770058650907089 ], [ -0.751673061517752, 43.76932270700631 ], [ -0.750632388847232, 43.770184498087076 ], [ -0.750161194949121, 43.769278515692449 ], [ -0.749474068155355, 43.769998881628489 ], [ -0.74907393738844, 43.770403405044142 ], [ -0.747582122433026, 43.770752635935708 ], [ -0.746361873704792, 43.770523767853035 ], [ -0.744985598356254, 43.77078331320476 ], [ -0.744132045032231, 43.770632155112061 ], [ -0.743162983380155, 43.770571534974046 ], [ -0.742689426210787, 43.769665590311888 ], [ -0.741903720775227, 43.769643830515221 ], [ -0.741615482074619, 43.769914703265201 ], [ -0.740947668514757, 43.769846406778122 ], [ -0.739755865605016, 43.770142928493492 ], [ -0.73789266592249, 43.770328041961235 ], [ -0.736233276792226, 43.769804752338096 ], [ -0.735326745218249, 43.770925271662854 ], [ -0.734424820967954, 43.76990009271227 ], [ -0.73373165308382, 43.77048918217114 ], [ -0.732718436583937, 43.770737384839265 ], [ -0.732110069999787, 43.770666450767656 ], [ -0.730699581801339, 43.770269171119239 ], [ -0.729574883101179, 43.769600205159094 ], [ -0.728722627860489, 43.769448890860708 ], [ -0.726211047880348, 43.768819109108613 ], [ -0.725635269477203, 43.768222751646285 ], [ -0.724927875676144, 43.768548601245001 ], [ -0.724075584585444, 43.768442232330628 ], [ -0.723017653453053, 43.767858577907639 ], [ -0.720197414013723, 43.764830055182806 ], [ -0.719375023203697, 43.763013578328248 ], [ -0.717496349147562, 43.761796316280019 ], [ -0.715981157777366, 43.761708568423913 ], [ -0.715250338788706, 43.761596912949912 ], [ -0.714448608767796, 43.762408430536645 ], [ -0.713201836070885, 43.762836647728406 ], [ -0.712101260445344, 43.763700637357971 ], [ -0.71133783119407, 43.764116132999575 ], [ -0.710942183597807, 43.764608541380049 ], [ -0.710213693026274, 43.764540865437347 ], [ -0.709995432020674, 43.764985102447099 ], [ -0.708774266693841, 43.76475674552362 ], [ -0.707959563084417, 43.765304997687075 ], [ -0.706388173889312, 43.765305052776796 ], [ -0.704525024188988, 43.765489592356403 ], [ -0.703733450102488, 43.765379563132015 ], [ -0.702727195912697, 43.765758628152746 ], [ -0.701217633203658, 43.765800953810071 ], [ -0.698923719355831, 43.765822050875315 ], [ -0.697527514927716, 43.765685730509858 ], [ -0.695852212549449, 43.765995300511179 ], [ -0.693711314216585, 43.76548664801242 ], [ -0.693621314101002, 43.766057701910803 ], [ -0.693250942494894, 43.767074692602009 ], [ -0.692305320220642, 43.767451963488789 ], [ -0.692116011659317, 43.768419810257619 ], [ -0.691720030747147, 43.768956233547222 ], [ -0.690715974315538, 43.769379202366352 ], [ -0.689153735939055, 43.769553268437662 ], [ -0.68845203477031, 43.769966874493171 ], [ -0.686655087594568, 43.770279693681793 ], [ -0.68508947382365, 43.770367434414794 ], [ -0.684358652025099, 43.770256468318422 ], [ -0.683634791727564, 43.770276642486643 ], [ -0.682891107769707, 43.769946526936408 ], [ -0.681271715873011, 43.770167049817921 ], [ -0.679866212342643, 43.769856240080401 ], [ -0.678408175921434, 43.769678212753966 ], [ -0.676111618628651, 43.769698896315496 ], [ -0.675162223386803, 43.770031139989698 ], [ -0.674432664733843, 43.769920072592114 ], [ -0.67342256836148, 43.770254886672063 ], [ -0.672990639795925, 43.770091463855266 ], [ -0.671497280670935, 43.770395598838988 ], [ -0.671004621359982, 43.770233853775366 ], [ -0.668933769260215, 43.769898185860107 ], [ -0.666915421812523, 43.769427887012974 ], [ -0.666486923017091, 43.769352502359617 ], [ -0.665137137184667, 43.767812942451897 ], [ -0.664232091057436, 43.766655967782988 ], [ -0.663560849605084, 43.766543214522457 ], [ -0.662860889500402, 43.765861823519259 ], [ -0.662928147253804, 43.764853342454742 ], [ -0.660967591951566, 43.765476117416412 ], [ -0.660410067990286, 43.76636771808873 ], [ -0.658275085446101, 43.765988648223647 ], [ -0.657689920236252, 43.766355649388338 ], [ -0.65678514499357, 43.766380643782334 ], [ -0.656042906952505, 43.766050310843184 ], [ -0.655036323747133, 43.766428933470195 ], [ -0.655063893434192, 43.766953520166112 ], [ -0.654727233046979, 43.76744408204172 ], [ -0.655419147754133, 43.767950330303222 ], [ -0.655271413471338, 43.76861109427351 ], [ -0.65408155087195, 43.768951587407265 ], [ -0.654602744046742, 43.769681148039986 ], [ -0.654356629795665, 43.770737738520054 ], [ -0.653352264623113, 43.771160361925553 ], [ -0.652642167261856, 43.772624658980824 ], [ -0.651362809436243, 43.772397261131516 ], [ -0.649006587093275, 43.772418112745804 ], [ -0.645832692532671, 43.772943584379469 ], [ -0.642033233698679, 43.773092144644465 ], [ -0.640112376582494, 43.773320330881894 ], [ -0.638773328330912, 43.773137603797259 ], [ -0.638437730676671, 43.773628083243729 ], [ -0.635836422002864, 43.773568116359968 ], [ -0.634515668772637, 43.773735664962551 ], [ -0.634893444662521, 43.77517000907919 ], [ -0.634000969773038, 43.775457145054013 ], [ -0.63093108873616, 43.775673471105826 ], [ -0.628522053254429, 43.775826655846046 ], [ -0.6270513722572, 43.775428790453539 ], [ -0.626151021970526, 43.775541561136208 ], [ -0.625208109648202, 43.776005416503587 ], [ -0.624556254928343, 43.776241819628765 ], [ -0.623490734741029, 43.776664030970899 ], [ -0.622755421791287, 43.776465515667361 ], [ -0.62278727639006, 43.777078146281262 ], [ -0.620509749600783, 43.777446153563872 ], [ -0.619147503766337, 43.777964572452014 ], [ -0.618320221603116, 43.778337955776358 ], [ -0.6180104118401, 43.779353008255647 ], [ -0.614889837256452, 43.779745669256521 ], [ -0.613429225249157, 43.779565936392999 ], [ -0.610153113012841, 43.779305116577426 ], [ -0.605261323849694, 43.778168714518806 ], [ -0.604162775859919, 43.777979032095153 ], [ -0.601816393856638, 43.776991986212792 ], [ -0.600975203231145, 43.77591913312029 ], [ -0.600299318030732, 43.77453684900172 ], [ -0.599948451547704, 43.773582938329263 ], [ -0.599534632756812, 43.772587554544344 ], [ -0.600038004645738, 43.771829991299192 ], [ -0.598879112951334, 43.77159871671217 ], [ -0.598906033004485, 43.770941318471237 ], [ -0.598394527463962, 43.770385758286011 ], [ -0.599399332834282, 43.769964542438785 ], [ -0.598947328165985, 43.769407373491831 ], [ -0.596692408727699, 43.769030347057594 ], [ -0.596474484916835, 43.769474323016169 ], [ -0.595005219297828, 43.769120074795914 ], [ -0.594217359148658, 43.769054127103736 ], [ -0.593724931119741, 43.768892031234842 ], [ -0.593505745187962, 43.76933603469692 ], [ -0.591788263951035, 43.768813043088436 ], [ -0.59143760139656, 43.7690420055145 ], [ -0.591066653571809, 43.76887661578845 ], [ -0.589055726920576, 43.768536019415215 ], [ -0.587597837393673, 43.768401753196265 ], [ -0.587034680372938, 43.768022048326955 ], [ -0.586786345140243, 43.769035332197198 ], [ -0.585837506988669, 43.769411741809968 ], [ -0.583188146342742, 43.769570402766185 ], [ -0.582027158231726, 43.76929583021569 ], [ -0.581192989962992, 43.769536878190834 ], [ -0.580383488545177, 43.770259408129952 ], [ -0.57997769132045, 43.770576171784036 ], [ -0.578508499912229, 43.770221699805745 ], [ -0.578118423950788, 43.770845675217572 ], [ -0.576002988279314, 43.770815288542217 ], [ -0.573913093767409, 43.771308604276513 ], [ -0.57108584458399, 43.771558998189327 ], [ -0.569945973418926, 43.771721803238641 ], [ -0.5689797681551, 43.770520744878418 ], [ -0.567506923956954, 43.771260955411208 ], [ -0.567864655478416, 43.7735280909652 ], [ -0.566659503402748, 43.773604455286005 ], [ -0.564932541041673, 43.771723898554988 ], [ -0.563843870402107, 43.772891845237943 ], [ -0.562580800291684, 43.771830906682155 ], [ -0.560485362265419, 43.772193676195663 ], [ -0.560234724891048, 43.772024966659288 ], [ -0.559035266761973, 43.772188349027822 ], [ -0.557822463285705, 43.772089411604988 ], [ -0.5563250073446, 43.77234887508645 ], [ -0.555683568910019, 43.771622083094336 ], [ -0.553966518651341, 43.772323644784386 ], [ -0.553740202170433, 43.771411262041418 ], [ -0.55309794600243, 43.771865557603775 ], [ -0.551376481051783, 43.772480840434362 ], [ -0.550671511609806, 43.772849537946172 ], [ -0.549925855668142, 43.774839363782412 ], [ -0.54983002588679, 43.775324062943469 ], [ -0.549360198526681, 43.776781216363858 ], [ -0.548114103691487, 43.777251556520305 ], [ -0.548020439843184, 43.777779374170379 ], [ -0.547647686969144, 43.778752689139566 ], [ -0.545948041547774, 43.77857841399706 ], [ -0.544457988599534, 43.779012920088356 ], [ -0.543664355291181, 43.778858602291301 ], [ -0.542089427832279, 43.778769106691009 ], [ -0.540865477287049, 43.778451687241478 ], [ -0.539956055546264, 43.778388569976194 ], [ -0.539273892475351, 43.778056754534362 ], [ -0.536618361754829, 43.778127174516776 ], [ -0.535335838774059, 43.777853524136418 ], [ -0.534794072308789, 43.7778678764722 ], [ -0.533926549645891, 43.777453684628696 ], [ -0.532776643666785, 43.777396875941299 ], [ -0.531575708703974, 43.777559089746013 ], [ -0.53125023626534, 43.7770864568406 ], [ -0.529996492688281, 43.77738317950373 ], [ -0.529079211477979, 43.777187950107013 ], [ -0.528051739621322, 43.777171031765583 ], [ -0.526883024436096, 43.776764744713041 ], [ -0.524088748928873, 43.776444534990553 ], [ -0.52409529582308, 43.776574792401689 ], [ -0.52370790566377, 43.776103773054942 ], [ -0.522479692625891, 43.775698110750717 ], [ -0.521902351138951, 43.776239555090164 ], [ -0.519765714740535, 43.775813738300805 ], [ -0.517957952379079, 43.775905436557458 ], [ -0.51688728063612, 43.776239462259745 ], [ -0.5132607836448, 43.776204438241301 ], [ -0.511914549124544, 43.775844937684163 ], [ -0.511124168241699, 43.775777552908494 ], [ -0.509684031050539, 43.775947606399626 ], [ -0.509016427786845, 43.775877881801989 ], [ -0.506768401040625, 43.775630140777174 ], [ -0.504978982870146, 43.776114227087639 ], [ -0.502838175503637, 43.775601836801329 ], [ -0.50249800258571, 43.776048808134753 ], [ -0.501311069245941, 43.775247844255922 ], [ -0.500607650607338, 43.775704318851332 ], [ -0.498987393608408, 43.775922120307833 ], [ -0.497249017862093, 43.776186161707471 ], [ -0.496301904202639, 43.776560826524673 ], [ -0.495770714462044, 43.776837363613431 ], [ -0.494455049568769, 43.777090313316364 ], [ -0.494127848291276, 43.777799574149562 ], [ -0.493519750911288, 43.77772820006475 ], [ -0.492569159209605, 43.778058846378244 ], [ -0.491345500171132, 43.777740868389479 ], [ -0.490029856185305, 43.779219789372227 ], [ -0.488616186923156, 43.778775406718978 ], [ -0.488279263469259, 43.779265422638545 ], [ -0.485202081657685, 43.779345567880725 ], [ -0.484702422777241, 43.780234690495547 ], [ -0.484149459209207, 43.780073677044676 ], [ -0.483207453250302, 43.780579419346147 ], [ -0.48224940650119, 43.780736562740621 ], [ -0.481582631632763, 43.780708923601559 ], [ -0.480514067599215, 43.779862380671617 ], [ -0.478104454819113, 43.780012224827118 ], [ -0.477345799574242, 43.779331209150214 ], [ -0.476915605967151, 43.77916697272159 ], [ -0.475669153283433, 43.778411354433018 ], [ -0.475206359833088, 43.778818240162671 ], [ -0.474220192412853, 43.778405759460803 ], [ -0.472548498314226, 43.778842174201984 ], [ -0.471787797383567, 43.778117999458438 ], [ -0.470233704365115, 43.777238964952744 ], [ -0.467331151300146, 43.77718275704715 ], [ -0.467793147104716, 43.776733650854993 ], [ -0.466180529841228, 43.775899251545738 ], [ -0.466698934913567, 43.775360541379904 ], [ -0.465357035882306, 43.775132584783741 ], [ -0.464072801506686, 43.774814971706398 ], [ -0.462876772486666, 43.776290453056134 ], [ -0.462422519679476, 43.776872462331085 ], [ -0.461527630149248, 43.778339253138178 ], [ -0.460807350573655, 43.77967200395473 ], [ -0.461235050678984, 43.780973329446859 ], [ -0.460663520150715, 43.781645609697996 ], [ -0.459098766018406, 43.782999237648696 ], [ -0.458298245978196, 43.783939163541213 ], [ -0.457819565250917, 43.785264767918214 ], [ -0.457271503042913, 43.786416756830164 ], [ -0.45519278570205, 43.789623044277896 ], [ -0.453120306476399, 43.789238334028639 ], [ -0.451471621190706, 43.788886763179406 ], [ -0.450189353818089, 43.788613900835138 ], [ -0.448846293911159, 43.788341686066339 ], [ -0.447379572097884, 43.788028555274934 ], [ -0.445819522042879, 43.788244004161946 ], [ -0.442830046530154, 43.78766405348933 ], [ -0.441776840813767, 43.787122569654258 ], [ -0.440819390537372, 43.787321602910957 ], [ -0.43969792665424, 43.785380442793041 ], [ -0.439659491201969, 43.784592574904863 ], [ -0.440012826121562, 43.783183022068677 ], [ -0.440975255851318, 43.780620013242931 ], [ -0.440206385774652, 43.779720435336756 ], [ -0.4397911964209, 43.779861495215719 ], [ -0.438849884381525, 43.779141724944651 ], [ -0.437810523467802, 43.778905681185705 ], [ -0.437294126571919, 43.778218198142476 ], [ -0.436898045418859, 43.777528534485135 ], [ -0.436287834477481, 43.777411921418711 ], [ -0.434993124357381, 43.776876559627567 ], [ -0.433935907213111, 43.776246964237131 ], [ -0.43394014890826, 43.776334105522722 ], [ -0.432785744856846, 43.776232280457492 ], [ -0.431779890153751, 43.775381879892485 ], [ -0.428440733868512, 43.775073136753186 ], [ -0.425951385697713, 43.774830785828783 ], [ -0.425983635774025, 43.774216520531752 ], [ -0.423454760263322, 43.774412266347838 ], [ -0.423119619114427, 43.773721007461482 ], [ -0.421246757247559, 43.77372460034357 ], [ -0.421146990234739, 43.77289512487301 ], [ -0.420665597305688, 43.772950546292442 ], [ -0.419215541422375, 43.772944248129591 ], [ -0.418939921690465, 43.77225056577845 ], [ -0.417491970202073, 43.772287366201738 ], [ -0.417318825494994, 43.771197108269028 ], [ -0.416315672753518, 43.771704707987034 ], [ -0.415597199739425, 43.771811101699946 ], [ -0.41345727277158, 43.771295152477308 ], [ -0.411498461058103, 43.770776369276284 ], [ -0.410970234919542, 43.771095580079141 ], [ -0.410205798542701, 43.771509821922194 ], [ -0.409250623928915, 43.771752594484006 ], [ -0.409828209536024, 43.772481821887141 ], [ -0.409034192860778, 43.772283366813284 ], [ -0.408601318623248, 43.773344910781958 ], [ -0.40664579854772, 43.772869129623331 ], [ -0.404181021558764, 43.773106877363496 ], [ -0.403381538203953, 43.772820371563277 ], [ -0.403413670129223, 43.772250196859346 ], [ -0.400791686985713, 43.771747983745449 ], [ -0.399136829091288, 43.772489547944602 ], [ -0.397472867824808, 43.770561706737517 ], [ -0.395212119424815, 43.770006176272588 ], [ -0.39413130563829, 43.771433874003584 ], [ -0.392907550019987, 43.77234077395822 ], [ -0.391732712116406, 43.773026060124579 ], [ -0.390974025040273, 43.773615413269731 ], [ -0.389903892787327, 43.773948153355683 ], [ -0.388433694213861, 43.773547086131394 ], [ -0.388102287085975, 43.772898810603664 ], [ -0.385659177991316, 43.773616802015674 ], [ -0.383561313038434, 43.773976184057084 ], [ -0.381206180876092, 43.773991186712294 ], [ -0.380406843595017, 43.773705409776312 ], [ -0.378661495008951, 43.775106426735249 ], [ -0.379306216859212, 43.773426277230627 ], [ -0.374896930064361, 43.77471855156395 ], [ -0.374465013189104, 43.774510786971646 ], [ -0.373526275382868, 43.775102717805552 ], [ -0.372726961040506, 43.774816884045123 ], [ -0.371262289193322, 43.774503594762756 ], [ -0.369032770796701, 43.774602441506069 ], [ -0.367506094293998, 43.774289750398175 ], [ -0.366893203828824, 43.774086471003237 ], [ -0.36527043698074, 43.774259151779155 ], [ -0.363034889555883, 43.773000753168567 ], [ -0.362715017496946, 43.772615659367823 ], [ -0.361593759787955, 43.771898831655569 ], [ -0.361693272037053, 43.771458322460546 ], [ -0.361925272978258, 43.769963958428917 ], [ -0.360293069151197, 43.769961409349499 ], [ -0.359562046230253, 43.769804203736527 ], [ -0.358259204116904, 43.770361881454129 ], [ -0.356885261962342, 43.770702744287192 ], [ -0.356659215181533, 43.771014173356555 ], [ -0.355113813751358, 43.772847858897698 ], [ -0.354162543987592, 43.773178189005819 ], [ -0.353765381612593, 43.77244330501204 ], [ -0.347791268782819, 43.771278231699604 ], [ -0.343333054583519, 43.770249857754983 ], [ -0.33854595092128, 43.769930985848859 ], [ -0.336984704514066, 43.770143998942928 ], [ -0.335583160170686, 43.769872752072153 ], [ -0.333840952718328, 43.770091080299537 ], [ -0.333442009274623, 43.769312101990067 ], [ -0.330850791583323, 43.768150872034958 ], [ -0.326946338988005, 43.767327671973511 ], [ -0.323473667771852, 43.766712299960851 ], [ -0.312107962822838, 43.766465388892136 ], [ -0.311306988755587, 43.766134184104267 ], [ -0.31017896753295, 43.763973435221011 ], [ -0.312105863391399, 43.762525955521632 ], [ -0.303869590263025, 43.76075630589829 ], [ -0.301488634200055, 43.760200887229018 ], [ -0.299156397517403, 43.759383401629186 ], [ -0.29724958954097, 43.758640973519327 ], [ -0.294998012503669, 43.756988584110765 ], [ -0.293548478307342, 43.755666560717934 ], [ -0.292089684326584, 43.754169360248518 ], [ -0.291814952270641, 43.753432211635285 ], [ -0.291020573090882, 43.751919782340508 ], [ -0.290358506585966, 43.750665869986015 ], [ -0.290005730560574, 43.749580742123662 ], [ -0.28954402752947, 43.748715910893139 ], [ -0.287736995857881, 43.747489732593174 ], [ -0.285331397364474, 43.74641022613929 ], [ -0.281870196604696, 43.744656451831695 ], [ -0.280279742073847, 43.742899675953247 ], [ -0.274914841351663, 43.737818927696871 ], [ -0.273244117249397, 43.735627796934281 ], [ -0.270477985452977, 43.734512604332132 ], [ -0.2700262278045, 43.733910091948445 ], [ -0.270401874107409, 43.732849665730143 ], [ -0.270008128456214, 43.732159416825745 ], [ -0.267300455143544, 43.731042744755875 ], [ -0.267518049060982, 43.730512271930543 ], [ -0.267712425822864, 43.729501185429733 ], [ -0.262260437077054, 43.725122629391855 ], [ -0.263987599876138, 43.724600003303166 ], [ -0.264735305433798, 43.722480194300033 ], [ -0.26554418321818, 43.721673805213925 ], [ -0.26585991094283, 43.720658913519763 ], [ -0.266423192370569, 43.719770280279583 ], [ -0.267041844843859, 43.718791274580212 ], [ -0.267986797330684, 43.718332353452638 ], [ -0.269474151192628, 43.717858573838399 ], [ -0.268916363252984, 43.717564407805746 ], [ -0.266621003775994, 43.716175208786169 ], [ -0.264597977892783, 43.715480037310535 ], [ -0.261368684026435, 43.714813775765172 ], [ -0.258056085076308, 43.71362328354919 ], [ -0.254769323367334, 43.711689196841562 ], [ -0.250111923318571, 43.708778681609481 ], [ -0.24187228236431, 43.702715657078343 ], [ -0.24052365153138, 43.702223441471851 ], [ -0.239060334259378, 43.701908413497058 ], [ -0.237501858633055, 43.702120852803994 ], [ -0.234635164522477, 43.701444305606856 ], [ -0.23529442579761, 43.699984282942623 ], [ -0.226362391107383, 43.695906204729368 ], [ -0.220453036429098, 43.693288554748541 ], [ -0.216863936043158, 43.691272411189921 ], [ -0.217535330100106, 43.691431043890617 ], [ -0.218073589104836, 43.689973999534409 ], [ -0.218912647411206, 43.688509852253787 ], [ -0.215561396745619, 43.686400829420776 ], [ -0.211910185904454, 43.685698141454857 ], [ -0.210560164709043, 43.68651863740142 ], [ -0.207962185234367, 43.685090445336193 ], [ -0.206801021753826, 43.683367634787132 ], [ -0.203758831214349, 43.682782569033193 ], [ -0.203978753541947, 43.682295365547873 ], [ -0.202576763434791, 43.681977527271187 ], [ -0.201514877537939, 43.681171454191926 ], [ -0.20179478328546, 43.680639681531773 ], [ -0.198116910761663, 43.679324727915535 ], [ -0.187656672803465, 43.677337087617488 ], [ -0.186605415870849, 43.676792332459769 ], [ -0.183887793080987, 43.675324119093133 ], [ -0.182770029311544, 43.674562343939634 ], [ -0.180624323113928, 43.673780407639029 ], [ -0.179582572130907, 43.670696601686487 ], [ -0.179671071339225, 43.669950811265046 ], [ -0.179239422110046, 43.669742314658016 ], [ -0.177175071437207, 43.669395492324803 ], [ -0.17630602259984, 43.668847312422265 ], [ -0.175160572741122, 43.668829840811249 ], [ -0.16961750460885, 43.668958366293275 ], [ -0.167914649053228, 43.668603895670245 ], [ -0.164595971443057, 43.668550257449382 ], [ -0.161334044706718, 43.668406176309347 ], [ -0.157761857557097, 43.668050618800471 ], [ -0.154357739924713, 43.667429378541989 ], [ -0.150942174739772, 43.666543901945033 ], [ -0.148068784191294, 43.665646771264264 ], [ -0.145360269457376, 43.664351892838475 ], [ -0.144042973502305, 43.663200426085425 ], [ -0.145784341794128, 43.661629885891934 ], [ -0.147586808978665, 43.660099282056294 ], [ -0.149153690091636, 43.658707156436812 ], [ -0.150971295244012, 43.657527771802918 ], [ -0.15064578433091, 43.656965103107758 ], [ -0.145919418638646, 43.657818274724924 ], [ -0.142726613890041, 43.659248522829728 ], [ -0.139927613743917, 43.658655246660722 ], [ -0.134532609475291, 43.660748951593618 ], [ -0.133164968350957, 43.662575164775937 ], [ -0.13126085578496, 43.664543995838166 ], [ -0.130511568365872, 43.665348863231088 ], [ -0.128220265944571, 43.6653570173765 ], [ -0.125582073091832, 43.665679675407574 ], [ -0.122813195923219, 43.665787610767765 ], [ -0.120204203058341, 43.665408926680605 ], [ -0.117513227077214, 43.664505956833203 ], [ -0.116496112235172, 43.664704382259643 ], [ -0.115674039426162, 43.66520413539866 ], [ -0.113350860081735, 43.664469886993523 ], [ -0.113102709507497, 43.665700333362139 ], [ -0.112240631866715, 43.666682983250205 ], [ -0.112133744686949, 43.666992059108885 ], [ -0.110041828892401, 43.66743326719422 ], [ -0.108667580499927, 43.669127112735836 ], [ -0.107680351765587, 43.670025323007899 ], [ -0.106268520722391, 43.670844980058568 ], [ -0.104446560685386, 43.67053537293409 ], [ -0.102922912705695, 43.670132679478961 ], [ -0.100076279100114, 43.669846994683716 ], [ -0.099013544958754, 43.66895185149059 ], [ -0.097106771236231, 43.66807478653822 ], [ -0.096596127681052, 43.667429794229648 ], [ -0.095353449926004, 43.666582729952751 ], [ -0.093564376699166, 43.665615731616739 ], [ -0.091255707155403, 43.665186443696939 ], [ -0.090413586333127, 43.665249400570197 ], [ -0.08908942882294, 43.665279093579883 ], [ -0.088027620494108, 43.665827170817494 ], [ -0.084401635390942, 43.667046845495918 ], [ -0.081735889432197, 43.668157710512965 ], [ -0.08189305067195, 43.667628120928235 ], [ -0.081164148429695, 43.667469950165795 ], [ -0.079706297868797, 43.667239925756178 ], [ -0.078426653721438, 43.666917775852866 ], [ -0.077570935446566, 43.666631117594726 ], [ -0.0763928468452, 43.665868732108436 ], [ -0.075727071001585, 43.665796347556252 ], [ -0.074996933714782, 43.665637264655309 ], [ -0.074444420919675, 43.665431054076478 ], [ -0.073208857883879, 43.664713981107674 ], [ -0.071625531061634, 43.664355351521806 ], [ -0.070681209580328, 43.66481430994466 ], [ -0.069518033699943, 43.664402237194672 ], [ -0.068000907652901, 43.664173376605 ], [ -0.067113702926613, 43.665988032598314 ], [ -0.067563977685294, 43.666678561132592 ], [ -0.066625730601674, 43.66731270633403 ], [ -0.065037719422088, 43.669667185014141 ], [ -0.064303855361564, 43.669419983163266 ], [ -0.063472721852213, 43.669745971483358 ], [ -0.062626184051948, 43.66967661530262 ], [ -0.061576962069973, 43.670531699285632 ], [ -0.060571811774113, 43.670991915626125 ], [ -0.059518834996985, 43.671758933819504 ], [ -0.058689451613485, 43.67212801092451 ], [ -0.057736303224492, 43.672411691337693 ], [ -0.057400544299055, 43.673030624411545 ], [ -0.053993571545228, 43.672319078382884 ], [ -0.051380444616831, 43.671806636358482 ], [ -0.049122154483883, 43.671157714970768 ], [ -0.04756285857561, 43.669922315569359 ], [ -0.045463388982039, 43.668742852704028 ], [ -0.045452763799424, 43.667035383618483 ], [ -0.042886252563998, 43.667661984801327 ], [ -0.04100488779881, 43.668797742594613 ], [ -0.039251290736439, 43.66866090234231 ], [ -0.038364806684722, 43.669118303166563 ], [ -0.037865704294325, 43.66873447990406 ], [ -0.034281570311124, 43.668069378786967 ], [ -0.032098707538094, 43.667766472434813 ], [ -0.030755060068484, 43.667357937569314 ], [ -0.029232606480637, 43.666998259036433 ], [ -0.027836857286689, 43.666766183377767 ], [ -0.027043787578038, 43.66652002758245 ], [ -0.025925817276698, 43.665756693975453 ], [ -0.025136453404757, 43.66559947028739 ], [ -0.02468787118165, 43.66499686742474 ], [ -0.023725936134281, 43.663572753264518 ], [ -0.02382425960144, 43.663045444150711 ], [ -0.020201691842467, 43.662905892816958 ], [ -0.018681204567945, 43.662589192391835 ], [ -0.017281972110651, 43.662268933951061 ], [ -0.014103660310652, 43.662688739432404 ], [ -0.013214677222043, 43.663057857703322 ], [ -0.011816039255947, 43.662781579227136 ], [ -0.011144981679499, 43.662577624573231 ], [ -0.0101953427935, 43.662948033746268 ], [ -0.009526100097776, 43.662788092929375 ], [ -0.008679731288279, 43.662718315346197 ], [ -0.008127449666484, 43.662510868408894 ], [ -0.00727935122599, 43.66239885286663 ], [ -0.006925269776811, 43.661136785913996 ], [ -0.007203879954404, 43.660562427152819 ], [ -0.006980051773141, 43.659516057262906 ], [ -0.007367902743305, 43.658676752681849 ], [ -0.006244390185348, 43.657737996858152 ], [ -0.005332118227412, 43.657539231851487 ], [ -0.007478100200104, 43.654035167974939 ], [ -0.007255529893594, 43.652988776968044 ], [ -0.0075958311847, 43.652500309521947 ], [ -0.011888110349989, 43.652801082305032 ], [ -0.012458869363918, 43.653489200652295 ], [ -0.013249844434051, 43.653690538888888 ], [ -0.014429852651582, 43.654496702475328 ], [ -0.014873991445505, 43.655056271759108 ], [ -0.016271180476086, 43.65533163760135 ], [ -0.018081519089941, 43.65682456730319 ], [ -0.019930213966281, 43.657834637602107 ], [ -0.021291065497191, 43.658636793719467 ], [ -0.02229453123783, 43.658133821236461 ], [ -0.022156953763541, 43.657742050180715 ], [ -0.022658586027412, 43.656724852516646 ], [ -0.023766945906602, 43.655824808370973 ], [ -0.023614939148687, 43.65508444622165 ], [ -0.024083000312448, 43.654723527014255 ], [ -0.024244340936608, 43.654282971781527 ], [ -0.020287319313601, 43.653318931770954 ], [ -0.01664373105997, 43.652654575303053 ], [ -0.016173661420806, 43.65152635720375 ], [ -0.016387874182374, 43.650865250670506 ], [ -0.01600619363475, 43.650348394313617 ], [ -0.0156178738133, 43.649700392020456 ], [ -0.015044099560901, 43.648969194262051 ], [ -0.012187010328493, 43.64833075981592 ], [ -0.010339834390358, 43.647406868085049 ], [ -0.012840302254384, 43.64083132093446 ], [ -0.012839414300737, 43.640809758586705 ], [ -0.013356265822039, 43.637997416314825 ], [ -0.01162202312983, 43.636109828126926 ], [ -0.009533930753763, 43.632960183188942 ], [ -0.011171965994035, 43.632513687355399 ], [ -0.00793039146292, 43.627678734576804 ], [ -0.002797694233368, 43.62153581826923 ], [ -0.004106124341645, 43.613089941923 ], [ -0.007405378752367, 43.608810143916102 ], [ -0.009545533760482, 43.60388730054536 ], [ -0.008838952487646, 43.599398508253344 ], [ -0.007351615416232, 43.598249218821351 ], [ -0.005387718712648, 43.596459216448928 ], [ -0.003455516193397, 43.595469684771821 ], [ -0.000522088494739, 43.594287767358878 ], [ 0.006383547286802, 43.590983969771017 ], [ 0.004203789934309, 43.579840930651294 ], [ 0.006066758355631, 43.574710816908933 ], [ 0.008211582014235, 43.570788077054111 ], [ 0.011225386495671, 43.56580231410603 ], [ 0.013806229482061, 43.563332960867946 ], [ 0.015492491115435, 43.558439957343701 ], [ 0.017853701139557, 43.557287586999244 ], [ 0.021911269116883, 43.551002248758998 ], [ 0.025418036244393, 43.546027679316353 ], [ 0.029167871917618, 43.543221583452237 ], [ 0.031873629525224, 43.541716641280743 ], [ 0.033077998184391, 43.540538378015746 ], [ 0.036438095044101, 43.539167772790265 ], [ 0.038493751937203, 43.537407855665535 ], [ 0.038664337356555, 43.533411192726263 ], [ 0.039311243879272, 43.529368932695625 ], [ 0.036148682750639, 43.527597718437889 ], [ 0.036125631349982, 43.527218689450734 ], [ 0.037810276845602, 43.525610051236853 ], [ 0.039058819951206, 43.52335192507892 ], [ 0.041316573389006, 43.520635117620714 ], [ 0.041514326868471, 43.515709385702721 ], [ 0.041670434822422, 43.512220491010446 ], [ 0.0420045980525, 43.510388882850833 ], [ 0.041927154344405, 43.509548352396088 ], [ 0.041800243402676, 43.507139597649747 ], [ 0.04135331920269, 43.505318360828397 ], [ 0.037850438270678, 43.50000012554144 ], [ 0.038217377584543, 43.490870224479174 ], [ 0.037249627741764, 43.486160737611897 ], [ 0.039962064070102, 43.480326668485041 ], [ 0.041052630534832, 43.477825199311802 ], [ 0.044393254381584, 43.472006240809947 ], [ 0.050132608688971, 43.468754662112957 ], [ 0.051687620674822, 43.468082729481381 ], [ 0.05229882692263, 43.468449020017225 ], [ 0.053307987968473, 43.468308553255653 ], [ 0.056886146709265, 43.465775988773458 ], [ 0.057864299969123, 43.461949468639041 ], [ 0.060939674683689, 43.455161607664735 ], [ 0.062772502476574, 43.451553614984036 ], [ 0.064458954683653, 43.451129740112634 ], [ 0.066367480025855, 43.450737488021083 ], [ 0.073656573061957, 43.450740576583925 ], [ 0.076487605511534, 43.450078004604642 ], [ 0.077591450720383, 43.447216024919911 ], [ 0.081337446523273, 43.440080357479552 ], [ 0.081625674415978, 43.436960353474483 ], [ 0.082451090015371, 43.433574683231846 ], [ 0.08288383619889, 43.430134057204242 ], [ 0.08433025264095, 43.426917814044046 ], [ 0.089290135560325, 43.422453287680433 ], [ 0.090509402221183, 43.416587272886176 ], [ 0.089940780791068, 43.41008255679106 ], [ 0.092011216445753, 43.407721687948559 ], [ 0.093300862506072, 43.404262098219746 ], [ 0.095593701888804, 43.400461970226232 ], [ 0.095997777408381, 43.398547356108402 ], [ 0.097070815462168, 43.392197388847237 ], [ 0.097319147573705, 43.390038609406446 ], [ 0.097639075484631, 43.386078792239637 ], [ 0.097916774051382, 43.383198725051784 ], [ 0.09849507293504, 43.381046819147777 ], [ 0.096851587815165, 43.377341087350267 ], [ 0.095374034472199, 43.376487751339035 ], [ 0.095170840719124, 43.374845526468903 ], [ 0.095744812831284, 43.372962363002685 ], [ 0.096479516427061, 43.370623152348053 ], [ 0.09537950517686, 43.367997642465738 ], [ 0.095229301099199, 43.363425786466465 ], [ 0.096816046660593, 43.35554853354413 ], [ 0.097916507952298, 43.351754303444338 ], [ 0.098154540996273, 43.350611243027444 ], [ 0.098009391332209, 43.348366145548702 ], [ 0.097991837952511, 43.345534869732489 ], [ 0.09929102443798, 43.333957832419259 ], [ 0.101194966076491, 43.326468497200125 ], [ 0.101669911963929, 43.316555568655914 ], [ 0.102325894637615, 43.308153135296031 ], [ 0.102271691048991, 43.302465225233149 ], [ 0.101168829904142, 43.298328709837847 ], [ 0.100178391839565, 43.296837437726985 ], [ 0.100048720723605, 43.296375378516316 ], [ 0.098063294069192, 43.293198540612948 ], [ 0.096126184403537, 43.291626394860749 ], [ 0.092463231179697, 43.288783059526374 ], [ 0.092645744387644, 43.286947629151591 ], [ 0.092902994583375, 43.285088590811768 ], [ 0.089107221293737, 43.276194315568198 ], [ 0.090211093518475, 43.273513391515856 ], [ 0.090248070651471, 43.272568486386646 ], [ 0.089722847873899, 43.266501413532502 ], [ 0.089004637915361, 43.262727983739971 ], [ 0.088972971020863, 43.258227308207012 ], [ 0.087527612930276, 43.248940901945836 ], [ 0.087522923668818, 43.244853442474835 ], [ 0.089477754068011, 43.23785049157339 ], [ 0.091776695385905, 43.234958234527568 ], [ 0.093433687386698, 43.232538843203081 ], [ 0.094026402820145, 43.231715240586233 ], [ 0.095259667937661, 43.230416001172294 ], [ 0.096635153820187, 43.229282416271111 ], [ 0.096935378378325, 43.227288631982127 ], [ 0.097760025950158, 43.227008288205482 ], [ 0.098233743984664, 43.225260822460534 ], [ 0.100215028601174, 43.220306055483505 ], [ 0.098629538641749, 43.212292719457764 ], [ 0.098066544765797, 43.2122971655984 ], [ 0.096952151466846, 43.207878398640609 ], [ 0.09780396731498, 43.204528063013207 ], [ 0.097351985716846, 43.200108754746843 ], [ 0.0975541600436, 43.197915226622861 ], [ 0.089622905363471, 43.197749534535689 ], [ 0.089040189662999, 43.203131497773356 ], [ 0.089070706690703, 43.206372599821556 ], [ 0.088332059690566, 43.213255176776656 ], [ 0.087053987587165, 43.216206431657646 ], [ 0.086537576006189, 43.219131392763259 ], [ 0.08713030850474, 43.220064274509049 ], [ 0.087853302159507, 43.223824207377191 ], [ 0.085398673455698, 43.228437173657518 ], [ 0.084487759350983, 43.229504851098739 ], [ 0.081114095802617, 43.233622063190445 ], [ 0.080116592003263, 43.237140114091623 ], [ 0.079286228315891, 43.241376315741093 ], [ 0.07889794244048, 43.250096629712772 ], [ 0.077785256075308, 43.254718872190466 ], [ 0.076098494363783, 43.260391585202612 ], [ 0.077209069491616, 43.262392580100048 ], [ 0.077128229306187, 43.264446733915001 ], [ 0.074190393571751, 43.267614803431762 ], [ 0.073395274678114, 43.270498031887833 ], [ 0.075333588699135, 43.276346864920249 ], [ 0.075148805377712, 43.277570931830795 ], [ 0.076186612745895, 43.279990236383696 ], [ 0.074820636411337, 43.284400501006552 ], [ 0.073748051690982, 43.289041681699459 ], [ 0.071210874586959, 43.292217298539917 ], [ 0.067673615388241, 43.322390265283779 ], [ 0.070344408090462, 43.330205658481923 ], [ 0.074235865780066, 43.331729516232244 ], [ 0.077348162219505, 43.332155398305375 ], [ 0.078070715344419, 43.334695811020353 ], [ 0.07913262825569, 43.337001515132656 ], [ 0.07894738700805, 43.338953824092499 ], [ 0.08182543590075, 43.342215457651555 ], [ 0.085192228955505, 43.344048857469886 ], [ 0.08866733157321, 43.345858341823757 ], [ 0.089176334107115, 43.349715752797835 ], [ 0.084057269094577, 43.362592085678848 ], [ 0.080711148729918, 43.372259182019803 ], [ 0.081965939541237, 43.373848845075791 ], [ 0.083533175546241, 43.375925105151076 ], [ 0.08509175431429, 43.37979290033261 ], [ 0.085331852730772, 43.380677157791219 ], [ 0.086614745633551, 43.385608112079382 ], [ 0.08659833874552, 43.388599711294191 ], [ 0.086009785006411, 43.392568292162011 ], [ 0.08504425076558, 43.395681222034078 ], [ 0.084034800284978, 43.397995795319723 ], [ 0.084144001981493, 43.399827606005253 ], [ 0.078829533236698, 43.407446264694819 ], [ 0.075629050990491, 43.409181724846434 ], [ 0.070355766928251, 43.409070937182847 ], [ 0.069861475985548, 43.424208605567912 ], [ 0.067347002526236, 43.421706666521338 ], [ 0.066524560986687, 43.420612279756064 ], [ 0.063072043257801, 43.420994417378267 ], [ 0.061490453759609, 43.42047734755667 ], [ 0.062490568617219, 43.420356406895507 ], [ 0.061570202423646, 43.417973370358624 ], [ 0.060702123753843, 43.416231557612257 ], [ 0.059542697029584, 43.413444281199851 ], [ 0.058297053755052, 43.411866191282485 ], [ 0.056010002376902, 43.409438925504318 ], [ 0.054035349419238, 43.407531586544238 ], [ 0.052488096524512, 43.405206226912746 ], [ 0.051744606385508, 43.403752888004171 ], [ 0.051181991001995, 43.402217073937202 ], [ 0.051035410499275, 43.40150282067308 ], [ 0.051820103507182, 43.401860203103048 ], [ 0.052256152051758, 43.40168514622686 ], [ 0.052138978308142, 43.400727878040556 ], [ 0.052657260286516, 43.400469154699834 ], [ 0.053396023901291, 43.400555839061418 ], [ 0.053631923798084, 43.400019615408894 ], [ 0.054401588199816, 43.398340332912724 ], [ 0.055132524214166, 43.396177444381351 ], [ 0.055851859567568, 43.395295437702835 ], [ 0.056147180623348, 43.3932653727421 ], [ 0.056502148932863, 43.390696254157604 ], [ 0.056308677680014, 43.388712487874947 ], [ 0.056389294121614, 43.387647043865812 ], [ 0.056158475924472, 43.386601978023052 ], [ 0.055512426661351, 43.385150747446701 ], [ 0.054936412596163, 43.383458260035788 ], [ 0.053767693955101, 43.380927901754873 ], [ 0.052703948154527, 43.379693458996158 ], [ 0.052893074331624, 43.379370224161391 ], [ 0.053960079180723, 43.379037730879439 ], [ 0.054182087421687, 43.375908436890263 ], [ 0.055106585371884, 43.374788966469112 ], [ 0.054949884073988, 43.373277087825031 ], [ 0.054239257991717, 43.371069316624364 ], [ 0.053667149307196, 43.369747316956548 ], [ 0.053277014880549, 43.369240088940465 ], [ 0.052316868203372, 43.3683800400295 ], [ 0.051874999841885, 43.366234598579787 ], [ 0.051514809890817, 43.365471780542627 ], [ 0.051549799616411, 43.365088643201076 ], [ 0.05113319620087, 43.363299749551985 ], [ 0.051051499862372, 43.360435554982921 ], [ 0.051131439600619, 43.358430657191754 ], [ 0.052412545311335, 43.357631656797111 ], [ 0.053756088375691, 43.354768944140034 ], [ 0.053948471356879, 43.352381665988162 ], [ 0.054209308508162, 43.348769603440616 ], [ 0.055000946956918, 43.346551468378493 ], [ 0.055034369011642, 43.345711611177542 ], [ 0.054765548586663, 43.344140753467777 ], [ 0.053440849041169, 43.343599331181238 ], [ 0.053413630030142, 43.34230329638595 ], [ 0.053521986657698, 43.341066775990029 ], [ 0.05358870696328, 43.339886010392121 ], [ 0.053638560883158, 43.338633867537531 ], [ 0.053665863307811, 43.337453167190432 ], [ 0.053696597573825, 43.336186237442718 ], [ 0.053782424090555, 43.335020265982855 ], [ 0.053771527415376, 43.333809092205307 ], [ 0.05380336583414, 43.332514321116221 ], [ 0.054872578853472, 43.331113897352772 ], [ 0.055477039606398, 43.330158502180808 ], [ 0.056584699145957, 43.327788874408697 ], [ 0.054280139831798, 43.325918669328658 ], [ 0.052861179339733, 43.324848434132122 ], [ 0.052003965727505, 43.323834160023658 ], [ 0.051139445118965, 43.323004015906442 ], [ 0.04950260052142, 43.322954849057027 ], [ 0.050004221528098, 43.322139344406317 ], [ 0.05021319855938, 43.320819582736135 ], [ 0.049490358983448, 43.318383258862781 ], [ 0.048819534639919, 43.317144582916875 ], [ 0.047429341088404, 43.314836993615586 ], [ 0.047434431035585, 43.314709446843978 ], [ 0.046912927974093, 43.313587209829322 ], [ 0.046351020601299, 43.31252164529176 ], [ 0.045406588863266, 43.311263640914092 ], [ 0.044774755549081, 43.31003925876341 ], [ 0.044948095042354, 43.30813442587209 ], [ 0.044770898488212, 43.307177737085794 ], [ 0.044557340692543, 43.306176224103204 ], [ 0.044495995786833, 43.305277741257655 ], [ 0.04435877968052, 43.30430662324661 ], [ 0.044281746624249, 43.303308021376772 ], [ 0.044086739623672, 43.302335672726805 ], [ 0.044704593380381, 43.301011172801715 ], [ 0.045880198346427, 43.299896325831796 ], [ 0.047016945001889, 43.298767156279368 ], [ 0.048135201862546, 43.297637583308905 ], [ 0.049172914687591, 43.296520671032233 ], [ 0.050766553201595, 43.299118405376625 ], [ 0.051411105849679, 43.298076717165387 ], [ 0.051906849191751, 43.296877243375164 ], [ 0.052403801451762, 43.295677794646991 ], [ 0.052835491774983, 43.294633378784795 ], [ 0.053019304344893, 43.29391092096472 ], [ 0.0526203703862, 43.291226242646445 ], [ 0.052297747132331, 43.289995007056213 ], [ 0.051052559824145, 43.290424320365702 ], [ 0.050781889036741, 43.288909214618982 ], [ 0.050698152043109, 43.287582370344438 ], [ 0.050630320403276, 43.287339108725796 ], [ 0.050332830391502, 43.28699207891205 ], [ 0.05007807289802, 43.286529991572515 ], [ 0.050538038221393, 43.28622693491193 ], [ 0.050748977584202, 43.285348644549131 ], [ 0.050692787037886, 43.283824619778891 ], [ 0.049342644180307, 43.280036482592642 ], [ 0.049437943098253, 43.279126972842626 ], [ 0.049546718940757, 43.277848281795052 ], [ 0.050062756854697, 43.276135971947689 ], [ 0.048036259150127, 43.274198766061332 ], [ 0.048537523484726, 43.272857419138845 ], [ 0.049651726758681, 43.271785313103351 ], [ 0.049773886608174, 43.271189214245396 ], [ 0.050251789377522, 43.268950221466916 ], [ 0.051043102485743, 43.268168788427751 ], [ 0.051823338624407, 43.268128742139815 ], [ 0.051886491530403, 43.267407335215061 ], [ 0.05186083234407, 43.266692131488675 ], [ 0.05153874623619, 43.265018649227329 ], [ 0.051001786902349, 43.264324937314541 ], [ 0.050990097480864, 43.264124225258847 ], [ 0.052390353908083, 43.263214601252514 ], [ 0.052039760019076, 43.262195844798697 ], [ 0.051439592594803, 43.261143914787645 ], [ 0.050524639470968, 43.259658292094407 ], [ 0.049818554231086, 43.258333521641418 ], [ 0.049377561611301, 43.257640946834059 ], [ 0.049221663583345, 43.257139619105203 ], [ 0.048663044051985, 43.255047595330304 ], [ 0.048525555984853, 43.253621657994152 ], [ 0.048318939594115, 43.250968108975897 ], [ 0.04867870113907, 43.250086727864584 ], [ 0.048532122165722, 43.249506494528262 ], [ 0.048750005408986, 43.247988349389018 ], [ 0.048980569208856, 43.246583740730458 ], [ 0.049146292159581, 43.244892793939727 ], [ 0.049664492802035, 43.242625052283188 ], [ 0.050182616790511, 43.240358210758991 ], [ 0.050799507993644, 43.238079989659525 ], [ 0.051594065143946, 43.236217253571958 ], [ 0.052046253621084, 43.233193927390467 ], [ 0.053588363192352, 43.231603272047003 ], [ 0.053242814232258, 43.229503259915539 ], [ 0.053115448671957, 43.227821386943077 ], [ 0.053072318328557, 43.225968716372897 ], [ 0.053011054660691, 43.224572308270254 ], [ 0.053114256618869, 43.222965458549218 ], [ 0.052992335291146, 43.221610911932586 ], [ 0.054966644263317, 43.219929670094551 ], [ 0.052911569757309, 43.218262574594185 ], [ 0.052232119523868, 43.215259276688315 ], [ 0.045223802821705, 43.212845645266114 ], [ 0.043533290533909, 43.213265305854065 ], [ 0.043719057917891, 43.209595465790166 ], [ 0.043827910448506, 43.208345624241851 ], [ 0.040363943812627, 43.20831385770731 ], [ 0.036599949667999, 43.208532639308103 ], [ 0.03601014279855, 43.20718154260765 ], [ 0.036758408826061, 43.206016417639688 ], [ 0.037994826035357, 43.204319705112397 ], [ 0.038884225340619, 43.202972418614202 ], [ 0.039335885819246, 43.201386544652166 ], [ 0.039760313387396, 43.199559185780842 ], [ 0.039965096413456, 43.198339275523949 ], [ 0.038883300958078, 43.196664867046309 ], [ 0.03743163825666, 43.19502477646045 ], [ 0.036243643787879, 43.194073472404014 ], [ 0.033865090441098, 43.193709667998561 ], [ 0.024472371275287, 43.196967636712159 ], [ 0.027252121994485, 43.199946177970219 ], [ 0.031180674537823, 43.201952443140847 ], [ 0.029836302086119, 43.207804173310265 ], [ 0.030318303065262, 43.208868040101109 ], [ 0.032397878219563, 43.212841790877192 ], [ 0.032846205183824, 43.213307154215151 ], [ 0.033069813295459, 43.21355375632227 ], [ 0.034451337979554, 43.214039125224971 ], [ 0.03519844419603, 43.214838983580641 ], [ 0.036527447435162, 43.215194656257374 ], [ 0.037538287362713, 43.218618662778951 ], [ 0.041391030583372, 43.218686682418429 ], [ 0.042989609995606, 43.219589176108308 ], [ 0.043614173370102, 43.220015110073113 ], [ 0.045466335989286, 43.220909496137587 ], [ 0.044129283020719, 43.225679346852054 ], [ 0.043530683217518, 43.22795789829992 ], [ 0.044324052775769, 43.230039637030224 ], [ 0.045234738596205, 43.232109492153192 ], [ 0.046066340725448, 43.234191139550795 ], [ 0.0469171666104, 43.236316340822896 ], [ 0.046562164192183, 43.239855015724736 ], [ 0.04605999023991, 43.242150048420051 ], [ 0.045446317540285, 43.244372590545986 ], [ 0.045012180595351, 43.246470416822653 ], [ 0.043266702099573, 43.247287159820601 ], [ 0.04280666365711, 43.249014971468753 ], [ 0.040291892004158, 43.249601300615815 ], [ 0.039031170374333, 43.250899379024005 ], [ 0.037051908644718, 43.251683163386019 ], [ 0.036689789884848, 43.252956396161501 ], [ 0.03634475251076, 43.252820463473427 ], [ 0.035647712798307, 43.253673913319048 ], [ 0.034859346867184, 43.254412137636173 ], [ 0.034468816202801, 43.256852480249904 ], [ 0.03612074848349, 43.259394097164424 ], [ 0.038540446069682, 43.261225764918777 ], [ 0.039394391614405, 43.261769900715535 ], [ 0.040603501048021, 43.262721646186151 ], [ 0.041387276854328, 43.263606763909976 ], [ 0.042335832884352, 43.265663120332952 ], [ 0.043539978683291, 43.266742377268884 ], [ 0.041985536635709, 43.269072532162077 ], [ 0.042932426898119, 43.271727554218891 ], [ 0.043568706539279, 43.274830815909596 ], [ 0.045015012588687, 43.277153080557042 ], [ 0.044069101108017, 43.277888033396707 ], [ 0.044524068934198, 43.278695105050083 ], [ 0.045633100327035, 43.279730065344133 ], [ 0.045395770011903, 43.281761138735618 ], [ 0.045113731816064, 43.28346314360811 ], [ 0.044735092064075, 43.285149607161479 ], [ 0.04479827869998, 43.28698752589743 ], [ 0.047112251652891, 43.290055527268585 ], [ 0.04774094595351, 43.291847955371537 ], [ 0.046271301492957, 43.293027566674006 ], [ 0.044715055823605, 43.294432752810735 ], [ 0.043204858021459, 43.295638432279844 ], [ 0.041727623252473, 43.297003014876154 ], [ 0.041213947210766, 43.297660884568792 ], [ 0.041041665370024, 43.299536951959922 ], [ 0.040969936543383, 43.301329766352403 ], [ 0.040800511016186, 43.303133982770888 ], [ 0.040612432366762, 43.304881168365867 ], [ 0.040404743966414, 43.306656705066118 ], [ 0.040234673743726, 43.308476198337935 ], [ 0.040638042566127, 43.309623813431386 ], [ 0.040669171464038, 43.311275901241537 ], [ 0.040811201411796, 43.313571331347454 ], [ 0.040725143467281, 43.314737271305439 ], [ 0.040853732927635, 43.314938690572681 ], [ 0.040718684726756, 43.316375079228301 ], [ 0.040863464187082, 43.316633480138449 ], [ 0.043292879835379, 43.317824308184221 ], [ 0.043446263858529, 43.31885331799716 ], [ 0.044010484206096, 43.320816139443515 ], [ 0.043234198531478, 43.321724650765425 ], [ 0.043316699423739, 43.32307938427482 ], [ 0.043914737053857, 43.323704340180093 ], [ 0.044848819013409, 43.324763470443294 ], [ 0.044826258748269, 43.327269370951143 ], [ 0.044973919592182, 43.327456808899825 ], [ 0.044803122189137, 43.329789648395511 ], [ 0.044914335172687, 43.329934057764703 ], [ 0.048844172573261, 43.337023537640796 ], [ 0.048816564350732, 43.33722162883199 ], [ 0.048466066771214, 43.338196780243088 ], [ 0.048460403540823, 43.33833870135404 ], [ 0.04813184061861, 43.339257682367176 ], [ 0.04796706216221, 43.339467240794988 ], [ 0.047714781333682, 43.340387843889204 ], [ 0.046982099545579, 43.342635940379118 ], [ 0.046607865002365, 43.343710375755684 ], [ 0.044795936709742, 43.34411321775891 ], [ 0.043059656207354, 43.345087610390785 ], [ 0.041938970291652, 43.347298649736537 ], [ 0.041746668827909, 43.348163888965168 ], [ 0.041498703798741, 43.349496324670191 ], [ 0.041445653967046, 43.349836816502012 ], [ 0.041218790752602, 43.351626400407582 ], [ 0.042693542152813, 43.352298832344992 ], [ 0.042502502113608, 43.353163204535846 ], [ 0.042216339542801, 43.354495732513961 ], [ 0.041757791147281, 43.356194979894823 ], [ 0.041575203054481, 43.356816800405419 ], [ 0.041292072972782, 43.357580319541981 ], [ 0.04111393018197, 43.359598405249201 ], [ 0.040851888905283, 43.360788508833025 ], [ 0.041152242175431, 43.361564471654816 ], [ 0.041796082303777, 43.362532054655006 ], [ 0.042631812281932, 43.363631383494941 ], [ 0.043615267666824, 43.364365254945028 ], [ 0.044928466177775, 43.365204129537425 ], [ 0.045652053496555, 43.365689715501162 ], [ 0.04583044034196, 43.366590731952208 ], [ 0.045682015625607, 43.367868676988451 ], [ 0.044587850313839, 43.369839419677589 ], [ 0.043706277179653, 43.371884807164783 ], [ 0.043407228247299, 43.37249067417806 ], [ 0.042712080837242, 43.373786646097308 ], [ 0.041411239674101, 43.376050546108324 ], [ 0.040595942869762, 43.377913034671593 ], [ 0.040691822897577, 43.379395781175049 ], [ 0.041369001042503, 43.380520519122939 ], [ 0.041760490622526, 43.381454864458526 ], [ 0.042034542517768, 43.382428961264054 ], [ 0.042490311366228, 43.383236112729378 ], [ 0.042486912513137, 43.384275322621654 ], [ 0.042708775108408, 43.386061034904849 ], [ 0.041808017775983, 43.387592682773082 ], [ 0.041140842668175, 43.388646521362098 ], [ 0.039830122769722, 43.390654901010393 ], [ 0.039206621523231, 43.393077103915402 ], [ 0.039039715366385, 43.394810492773765 ], [ 0.039362413599611, 43.395986130968126 ], [ 0.039304520922604, 43.396937882579302 ], [ 0.037694698939454, 43.39812893724288 ], [ 0.035409158827325, 43.400087709314029 ], [ 0.034993614064564, 43.400733338852639 ], [ 0.034230573652855, 43.401741949500284 ], [ 0.033552764952726, 43.403052661057508 ], [ 0.033240987472993, 43.403998989517106 ], [ 0.034103617953566, 43.404900297570542 ], [ 0.033267307082657, 43.406747954979451 ], [ 0.033835677748216, 43.407700514508427 ], [ 0.033027278169545, 43.408822335335209 ], [ 0.032592472246219, 43.409454064542928 ], [ 0.032795764139084, 43.411665594672606 ], [ 0.032441413105371, 43.412228019909151 ], [ 0.032906832542614, 43.414729262447231 ], [ 0.032022764296679, 43.416318776596157 ], [ 0.030665433693662, 43.417500774774574 ], [ 0.028613879412024, 43.418524940562101 ], [ 0.026780337580555, 43.420379983880835 ], [ 0.025883397303044, 43.422282060000079 ], [ 0.025096474518232, 43.424360012966538 ], [ 0.024361179134219, 43.426593712779386 ], [ 0.024000538926445, 43.42779612498375 ], [ 0.023330825582597, 43.430358495936559 ], [ 0.023003050411312, 43.431662311226148 ], [ 0.022618543766406, 43.434430404290374 ], [ 0.022626593822046, 43.436154109330204 ], [ 0.022600391383973, 43.437748513093986 ], [ 0.022594587224309, 43.441279978426529 ], [ 0.022464427974648, 43.444011296616722 ], [ 0.02268511169876, 43.446793307768075 ], [ 0.022785907132402, 43.448176468234315 ], [ 0.022811250333585, 43.449472597447198 ], [ 0.022786519402019, 43.45008434587465 ], [ 0.022735893791492, 43.45133658954461 ], [ 0.022608901109063, 43.453043034534282 ], [ 0.022427909628257, 43.454619752799893 ], [ 0.022312848878846, 43.455542449311068 ], [ 0.022176311461924, 43.456507841977242 ], [ 0.022154517584669, 43.457504469245279 ], [ 0.022124182828491, 43.458742770565614 ], [ 0.022207580561328, 43.460068029216529 ], [ 0.022290909492979, 43.461395085854384 ], [ 0.022290590847029, 43.462349021264991 ], [ 0.022325624223656, 43.46294767318787 ], [ 0.022791955985609, 43.46301432301258 ], [ 0.022936134574538, 43.464271658658312 ], [ 0.023055310949667, 43.465170617256078 ], [ 0.023274350304698, 43.466072617547617 ], [ 0.023655395676744, 43.467761209331258 ], [ 0.023962012878874, 43.468879074067686 ], [ 0.024306912630424, 43.469996860343961 ], [ 0.024581163146256, 43.470999844778824 ], [ 0.025138587167148, 43.472663445858302 ], [ 0.025492925584773, 43.47403767794443 ], [ 0.025676013429021, 43.47485349287922 ], [ 0.025702820636084, 43.475167855099379 ], [ 0.025758682068186, 43.476229997149048 ], [ 0.025802451148622, 43.479303185576718 ], [ 0.024734951710765, 43.49346743449405 ], [ 0.022182134909837, 43.503512561208467 ], [ 0.021084070401929, 43.514310952196503 ], [ 0.017524088541126, 43.516615435005903 ], [ 0.016526291803151, 43.521292898756442 ], [ 0.01440435578657, 43.523890752428855 ], [ 0.010048658989904, 43.533792808402346 ], [ 0.003238290653908, 43.535815501297137 ], [ -0.004361794774325, 43.540691682845022 ], [ -0.01044451368571, 43.550755307930032 ], [ -0.009597639995291, 43.556112101947633 ], [ -0.008035443157802, 43.558534236263448 ], [ -0.00343428732494, 43.564404035828403 ], [ -0.002217766215657, 43.56525402988111 ], [ -0.003636083346033, 43.569329872448719 ], [ -0.003783919173003, 43.57655971453557 ], [ -0.006429701190981, 43.58727109624563 ], [ -0.014939839202399, 43.592640605569564 ], [ -0.016572429765458, 43.602356963775307 ], [ -0.016647141986459, 43.611223374688052 ], [ -0.015512518236006, 43.62029690451088 ], [ -0.014092982702813, 43.622493102588237 ], [ -0.019580937891002, 43.631151913497661 ], [ -0.022786470401945, 43.636613209677236 ], [ -0.021689400421788, 43.639964310939121 ], [ -0.02286012291516, 43.641926994031536 ], [ -0.022667716530723, 43.643112791557002 ], [ -0.021428785471123, 43.645940941506609 ], [ -0.021867811860301, 43.646346819649501 ], [ -0.023115162459201, 43.646626257548839 ], [ -0.024144612486642, 43.646756666618614 ], [ -0.024275653743633, 43.646272711859268 ], [ -0.026593921490827, 43.646965763525017 ], [ -0.027912084225057, 43.648205791837846 ], [ -0.028043804207859, 43.649232548520963 ], [ -0.029763703802432, 43.650005159935169 ], [ -0.031631833527784, 43.650707956172575 ], [ -0.033809735095833, 43.651622451849775 ], [ -0.035646453987433, 43.653770966434777 ], [ -0.03557007667549, 43.654822967278164 ], [ -0.034568320806436, 43.654647992008456 ], [ -0.033888112719459, 43.654968644054861 ], [ -0.033938718793073, 43.655471116214677 ], [ -0.035127528311993, 43.655795769341381 ], [ -0.035102351075847, 43.656649712292513 ], [ -0.032334432568587, 43.659664402159969 ], [ -0.031138484440189, 43.660631201071475 ], [ -0.030891088904176, 43.661205842937427 ], [ -0.031558582206995, 43.661322526433537 ], [ -0.033348603077223, 43.66231208141506 ], [ -0.035001047750826, 43.662166164773922 ], [ -0.036367051088843, 43.662399697082925 ], [ -0.037913702946818, 43.662628348859123 ], [ -0.039384535183758, 43.662463869244696 ], [ -0.042232876463877, 43.662095535475338 ], [ -0.04414321141821, 43.661659642301771 ], [ -0.04616608844524, 43.660301293738478 ], [ -0.047385990299697, 43.659202503654065 ], [ -0.04792111968037, 43.6597374607395 ], [ -0.049735702057138, 43.659916872752234 ], [ -0.05219149785289, 43.660234973791205 ], [ -0.054263261391539, 43.660757545954915 ], [ -0.055809600200639, 43.661686475586926 ], [ -0.057341319053416, 43.662265894352849 ], [ -0.058459920466811, 43.663094541713534 ], [ -0.058826471087594, 43.662473128169857 ], [ -0.059347687005105, 43.661258370877128 ], [ -0.060301257407373, 43.660252555506538 ], [ -0.060225566655146, 43.659925101597814 ], [ -0.061687758768976, 43.658821675914474 ], [ -0.063700075417845, 43.658666440585819 ], [ -0.065513919857037, 43.657357321543543 ], [ -0.066284268334799, 43.657033565639075 ], [ -0.066865458537816, 43.657217594673014 ], [ -0.067334118270919, 43.65620090524736 ], [ -0.068729769503999, 43.656432469863837 ], [ -0.070098792602892, 43.656707773879077 ], [ -0.072379122577391, 43.657182194115627 ], [ -0.073747931056797, 43.657480838653747 ], [ -0.074386720845452, 43.657620379888655 ], [ -0.074926684863111, 43.658263911826545 ], [ -0.075541336479149, 43.658535277818743 ], [ -0.075787033416105, 43.657960562749928 ], [ -0.076296444825595, 43.658584086501079 ], [ -0.077785923165959, 43.65892315518456 ], [ -0.079187849466621, 43.659241677052499 ], [ -0.081453126878762, 43.660788179059466 ], [ -0.082183220117801, 43.660947217843045 ], [ -0.082974582370393, 43.661148946044975 ], [ -0.083162971232596, 43.660597075808163 ], [ -0.08399206683386, 43.660228712862335 ], [ -0.084176099458414, 43.659632874071697 ], [ -0.085127987367191, 43.659327401598645 ], [ -0.086079865085118, 43.659021920825658 ], [ -0.086967359198904, 43.65862974506625 ], [ -0.087154784831575, 43.658056306915661 ], [ -0.092520252814103, 43.659511501522488 ], [ -0.094063655409811, 43.659630614425637 ], [ -0.095278798655741, 43.659864997512344 ], [ -0.097639595660782, 43.660097877764798 ], [ -0.099359162126621, 43.660802878735261 ], [ -0.099773524471215, 43.661340310261068 ], [ -0.100460608172286, 43.661216023394466 ], [ -0.10070542177723, 43.660597200483807 ], [ -0.101359651682603, 43.658284804598544 ], [ -0.10168539875245, 43.657444732902555 ], [ -0.101579525820629, 43.657054134950521 ], [ -0.10195274276356, 43.656629358160515 ], [ -0.104072175577836, 43.656144516341946 ], [ -0.104358870666278, 43.655087692880237 ], [ -0.106967260726483, 43.656188876562133 ], [ -0.110950848053644, 43.655594331433811 ], [ -0.111953818443935, 43.655791060035064 ], [ -0.112993000291391, 43.655417715441189 ], [ -0.113590490433278, 43.654593934048144 ], [ -0.115169325654268, 43.65346464029642 ], [ -0.115490130104204, 43.652514924901524 ], [ -0.115954448169788, 43.651389294015758 ], [ -0.118393118758857, 43.652056099035683 ], [ -0.119978636162184, 43.651056977378879 ], [ -0.119825355501803, 43.650315855139553 ], [ -0.121383199647163, 43.650084425808757 ], [ -0.120324873016044, 43.649319801030956 ], [ -0.126175001807958, 43.64940619412242 ], [ -0.126918984412432, 43.649514253405648 ], [ -0.129685161977638, 43.650708418168847 ], [ -0.130938212123393, 43.651562039649839 ], [ -0.132565384262978, 43.651702070395451 ], [ -0.134466967638834, 43.650657746141157 ], [ -0.137972613271918, 43.651107288682134 ], [ -0.139139070608284, 43.651845892017427 ], [ -0.140764971931568, 43.651927375580954 ], [ -0.140802166454239, 43.651928322363119 ], [ -0.141309666347537, 43.652321378257831 ], [ -0.14298153983353, 43.652633792338165 ], [ -0.146040674552391, 43.652978202965308 ], [ -0.147469154660659, 43.653274551336658 ], [ -0.148806610429388, 43.653528007981599 ], [ -0.149716624182753, 43.65298191074659 ], [ -0.14984856719652, 43.65274146530556 ], [ -0.151343620473089, 43.652803316064741 ], [ -0.152592606205071, 43.651625289355259 ], [ -0.152798134250132, 43.651425413656057 ], [ -0.154707860746603, 43.651313103345302 ], [ -0.15875571251166, 43.651525565149129 ], [ -0.160342180401328, 43.65127132868669 ], [ -0.163205433230176, 43.651948917853723 ], [ -0.163319675080863, 43.651645013891098 ], [ -0.164437660153522, 43.651693813529235 ], [ -0.165452829655962, 43.652334918161785 ], [ -0.16657276561576, 43.653161543124327 ], [ -0.172316076558481, 43.654889147772231 ], [ -0.174052242788703, 43.656008968847246 ], [ -0.175129578497145, 43.657888685783881 ], [ -0.177045999897554, 43.659638290197528 ], [ -0.17879788486849, 43.660406949740739 ], [ -0.178822966821697, 43.660975627974075 ], [ -0.181202679356814, 43.661598353644138 ], [ -0.185098488554907, 43.661770222400939 ], [ -0.184692017749534, 43.66142986372337 ], [ -0.184282084248009, 43.661067101666013 ], [ -0.183532657029838, 43.660449648466731 ], [ -0.184036276115247, 43.660241867171621 ], [ -0.187547789134356, 43.661975707627818 ], [ -0.189304680555841, 43.662153238609562 ], [ -0.192992637984505, 43.663753290892167 ], [ -0.193722323697781, 43.663866629573889 ], [ -0.194591263261091, 43.664438054525966 ], [ -0.199145959582002, 43.66722001651592 ], [ -0.199403645082213, 43.667276030429107 ], [ -0.200753878380275, 43.668248916742925 ], [ -0.20144678755447, 43.673852531727348 ], [ -0.203916486710601, 43.675253286768125 ], [ -0.206522547982739, 43.675486156229773 ], [ -0.209201196546559, 43.675817980746437 ], [ -0.215109886903552, 43.676978354522213 ], [ -0.215591333861391, 43.676883363827173 ], [ -0.21624300531586, 43.676965121343841 ], [ -0.219123382746389, 43.676072449879904 ], [ -0.219543695722342, 43.67599597237561 ], [ -0.222624475162775, 43.67581614019354 ], [ -0.225705494983051, 43.675917705944173 ], [ -0.228223537352178, 43.675595451326977 ], [ -0.22929299243931, 43.675241842162563 ], [ -0.231710434459323, 43.676015483941903 ], [ -0.232934051080657, 43.67710341522659 ], [ -0.233637278493538, 43.677283671180966 ], [ -0.23469366350939, 43.676667711733081 ], [ -0.235064795265934, 43.677533949903541 ], [ -0.236737011589369, 43.677165941536501 ], [ -0.237040573285955, 43.678538310726935 ], [ -0.237213792749119, 43.678669991775756 ], [ -0.23729171831623, 43.679106117554056 ], [ -0.236410024585512, 43.681616460601255 ], [ -0.239056288909391, 43.683881019843753 ], [ -0.242638799273737, 43.684839848491883 ], [ -0.246277170586498, 43.687001457958274 ], [ -0.24820358957205, 43.687998718342094 ], [ -0.250524896934081, 43.690431769788574 ], [ -0.250542881264343, 43.690445729611184 ], [ -0.250504974852723, 43.690866633804596 ], [ -0.251700753116081, 43.691954147143157 ], [ -0.255124147362083, 43.694957932109439 ], [ -0.258827184017607, 43.697453076570362 ], [ -0.26074434212029, 43.698479136950304 ], [ -0.260791179383201, 43.699506884734838 ], [ -0.26465553186442, 43.701559090300904 ], [ -0.266055059364299, 43.701831240126786 ], [ -0.266537524598037, 43.701945552285757 ], [ -0.268244820676165, 43.703580911763261 ], [ -0.270555348627362, 43.707533795781458 ], [ -0.272252430149014, 43.70899397360219 ], [ -0.272276993038292, 43.709232615338976 ], [ -0.272858991103915, 43.709515384789519 ], [ -0.273550754851255, 43.710110286768824 ], [ -0.274564121615406, 43.710607492519351 ], [ -0.274766280574137, 43.710879625262848 ], [ -0.280469010784856, 43.712842896043831 ], [ -0.281113085581489, 43.713746494776139 ], [ -0.281508902488675, 43.714481613207042 ], [ -0.283314754017648, 43.715707865831121 ], [ -0.284820912016798, 43.716940446961345 ], [ -0.287049268048293, 43.718156415107238 ], [ -0.28964866382361, 43.719537824837673 ], [ -0.291701154855773, 43.720888380595341 ], [ -0.291060652284421, 43.721385096135947 ], [ -0.291549587908859, 43.722817652829789 ], [ -0.290204602294208, 43.72376945954953 ], [ -0.297609629617303, 43.728580350571576 ], [ -0.297052853089933, 43.729601214495595 ], [ -0.300845522833975, 43.733272919344053 ], [ -0.304552332680933, 43.735109123577544 ], [ -0.310793596414507, 43.739509572589562 ], [ -0.313362020526646, 43.740191488167973 ], [ -0.315984599402647, 43.7407829770071 ], [ -0.318486313869668, 43.741335093737504 ], [ -0.32129812145206, 43.742098104706528 ], [ -0.324413540806793, 43.742852688775677 ], [ -0.327580366710717, 43.743431434531004 ], [ -0.330452293984498, 43.744148664801003 ], [ -0.333254939887891, 43.746006196114003 ], [ -0.336508311823157, 43.750960057615657 ], [ -0.337136092964443, 43.752782997638157 ], [ -0.338891859629744, 43.754185041916791 ], [ -0.339193099305827, 43.755446699321681 ], [ -0.341237002084593, 43.75653489011777 ], [ -0.343710810118934, 43.756473730421654 ], [ -0.345533859999463, 43.756690358314728 ], [ -0.347238374223174, 43.756998036317832 ], [ -0.352258306124101, 43.758406233275707 ], [ -0.353339076668991, 43.759561273093382 ], [ -0.354738413407951, 43.759789166033841 ], [ -0.356360884985444, 43.759618441396746 ], [ -0.359111678768678, 43.760293887473317 ], [ -0.361303936190242, 43.760677361403232 ], [ -0.363888016103434, 43.761707622889311 ], [ -0.364709100571404, 43.762431000359292 ], [ -0.367333278514515, 43.763022154682048 ], [ -0.368423962959244, 43.764351303257385 ], [ -0.369456947581729, 43.76577092951905 ], [ -0.370916429114056, 43.765953944823416 ], [ -0.371436016181848, 43.766727982298583 ], [ -0.371948607302811, 43.767328598863166 ], [ -0.373108538573567, 43.767605418888955 ], [ -0.374875508920968, 43.767911115249895 ], [ -0.37558073846351, 43.767500409260364 ], [ -0.375495002452961, 43.766977274564304 ], [ -0.375761124992418, 43.764956742970689 ], [ -0.376159668689949, 43.764465561790189 ], [ -0.376657969267894, 43.763489776303487 ], [ -0.377695555701414, 43.763726434371748 ], [ -0.378784671729179, 43.763742325573546 ], [ -0.379488539107868, 43.763330728082543 ], [ -0.380826475034322, 43.763515755559204 ], [ -0.38254099064047, 43.763998032534261 ], [ -0.382930960117066, 43.764601674765998 ], [ -0.383604961888642, 43.76476015341369 ], [ -0.384276488323959, 43.764918690128745 ], [ -0.385798378542511, 43.765186286559747 ], [ -0.38633713246652, 43.765085504970301 ], [ -0.386867556751389, 43.763539506068653 ], [ -0.388960844585996, 43.76309292056839 ], [ -0.390974508287021, 43.763523468394354 ], [ -0.392045677959397, 43.76319068902869 ], [ -0.393382411858777, 43.763375592782914 ], [ -0.394690248734838, 43.764173739253181 ], [ -0.395464432145687, 43.763936556826955 ], [ -0.396308542020572, 43.763915274350417 ], [ -0.397535600973465, 43.764322361381055 ], [ -0.398450064922787, 43.764473782585171 ], [ -0.399060892369891, 43.764633760474382 ], [ -0.399889452612508, 43.764262952855006 ], [ -0.401471300913916, 43.764485642563265 ], [ -0.402149140508379, 43.764774332122634 ], [ -0.402856166326706, 43.764405673055037 ], [ -0.403008574403027, 43.763833361065416 ], [ -0.404868674966693, 43.761535872797687 ], [ -0.408616896988538, 43.762935895686972 ], [ -0.411977344565189, 43.764602877242673 ], [ -0.416392416514164, 43.766618955642407 ], [ -0.419078387530891, 43.767342228796956 ], [ -0.426695069275761, 43.767214863116529 ], [ -0.426731914031608, 43.767257997879796 ], [ -0.427023686064019, 43.767209182638055 ], [ -0.428680447908359, 43.767181315776895 ], [ -0.429634610285828, 43.767278395757288 ], [ -0.430685832056408, 43.767814631269765 ], [ -0.431300122073722, 43.768017517558526 ], [ -0.436361289698596, 43.768982810391179 ], [ -0.439171744851483, 43.769654739148379 ], [ -0.440382417842787, 43.770937867449746 ], [ -0.443273270845622, 43.773227603052852 ], [ -0.445410105252577, 43.773698078614729 ], [ -0.446263220704764, 43.775076677679934 ], [ -0.448555931475761, 43.776244692304012 ], [ -0.449513124526346, 43.776044693988446 ], [ -0.449442503593768, 43.774601932863597 ], [ -0.450276813057185, 43.773135010817043 ], [ -0.451373814984932, 43.770874276571043 ], [ -0.451579109528753, 43.770124222300041 ], [ -0.452333814566637, 43.76949225623467 ], [ -0.454111486034099, 43.768789875141685 ], [ -0.454847029482662, 43.76903358324617 ], [ -0.456251068774766, 43.768078138850171 ], [ -0.457250445780882, 43.767527082368552 ], [ -0.45820534478707, 43.767283887867428 ], [ -0.458939086131764, 43.767440364244827 ], [ -0.460284699112533, 43.767798723360293 ], [ -0.46227543671598, 43.767747332452572 ], [ -0.463831815934306, 43.767444478515564 ], [ -0.465456299514686, 43.767315241377659 ], [ -0.466188821624783, 43.767471700756012 ], [ -0.467525896053766, 43.767655691066743 ], [ -0.470705029340088, 43.769630528379878 ], [ -0.471368213942174, 43.769613349061444 ], [ -0.472772613218402, 43.769927757962314 ], [ -0.47417822324848, 43.770241218258015 ], [ -0.475705026567906, 43.770595591519452 ], [ -0.477326293018944, 43.771605022948492 ], [ -0.479530579191809, 43.772204406877286 ], [ -0.480166890861185, 43.771618490765512 ], [ -0.481989746516443, 43.771833757015756 ], [ -0.483273969044299, 43.772150258928072 ], [ -0.483811674495892, 43.77200494170949 ], [ -0.486064746491916, 43.771158329001452 ], [ -0.487467074798428, 43.770202511380923 ], [ -0.488789077035488, 43.770079906610462 ], [ -0.490164398793803, 43.769781391947397 ], [ -0.491584030975417, 43.769175873148789 ], [ -0.49343279942895, 43.768689558307635 ], [ -0.494989988644037, 43.768430307795889 ], [ -0.496212517026151, 43.768704191810137 ], [ -0.498347426273838, 43.769129604464389 ], [ -0.499295687234552, 43.768755789680817 ], [ -0.499724868254312, 43.768874987074163 ], [ -0.501651763891386, 43.768737292171963 ], [ -0.502540455538038, 43.769633310057365 ], [ -0.503603586473804, 43.769124220574234 ], [ -0.504855178134258, 43.768785583234937 ], [ -0.505407764320041, 43.768989674670799 ], [ -0.50714052517839, 43.768593416999472 ], [ -0.509159630518013, 43.76910890943212 ], [ -0.51044568816086, 43.768243989229525 ], [ -0.51083828120282, 43.768847139990491 ], [ -0.513412008875031, 43.76834143131029 ], [ -0.515029834993454, 43.768080295956487 ], [ -0.516434392220439, 43.768393240760695 ], [ -0.517936340322916, 43.768222364564991 ], [ -0.518822390894953, 43.767848214983651 ], [ -0.520278029729508, 43.767942082755013 ], [ -0.521017249196407, 43.768228428695828 ], [ -0.521746530771033, 43.768341426057873 ], [ -0.522423127628493, 43.768542161614498 ], [ -0.523090661316616, 43.768611803328248 ], [ -0.524189685586651, 43.768845457612564 ], [ -0.525351624969643, 43.769120616406852 ], [ -0.52675414073718, 43.76939120666465 ], [ -0.528832951181987, 43.769904761210931 ], [ -0.531704347058385, 43.770529534103588 ], [ -0.532828907005196, 43.770061702565265 ], [ -0.536164916555659, 43.770324144297106 ], [ -0.537314779516962, 43.771562884173584 ], [ -0.536775164853268, 43.770438398173084 ], [ -0.536806005468869, 43.769869084063522 ], [ -0.537367720122051, 43.76902213519724 ], [ -0.538342055814997, 43.767989732261746 ], [ -0.539498517353541, 43.766951587863616 ], [ -0.545132543348465, 43.76487515507818 ], [ -0.545985479641605, 43.765027878169043 ], [ -0.548337961899369, 43.764965280560581 ], [ -0.549839769339471, 43.764794861283882 ], [ -0.550787528915081, 43.764418800912729 ], [ -0.55157527456035, 43.764485063867546 ], [ -0.553139980736846, 43.764356099164004 ], [ -0.554147249340082, 43.763979321481919 ], [ -0.554974743325568, 43.763606431552432 ], [ -0.557233601039606, 43.764071459422567 ], [ -0.557336061650844, 43.763718808437808 ], [ -0.558338574900478, 43.76366414772162 ], [ -0.560539448081562, 43.764086579693291 ], [ -0.562738723498142, 43.763843360902463 ], [ -0.564829137509905, 43.763972717424814 ], [ -0.566414639789867, 43.764276575921322 ], [ -0.566882463164212, 43.764640046212762 ], [ -0.574077264853174, 43.766217327582368 ], [ -0.578684367972232, 43.765900095831043 ], [ -0.582511867480887, 43.765677430691312 ], [ -0.588967924942864, 43.764002012857404 ], [ -0.592726851222308, 43.762980244399671 ], [ -0.592756919969999, 43.762985728383903 ], [ -0.59428550409891, 43.763338396588722 ], [ -0.595998233703225, 43.762591320383571 ], [ -0.596947966173466, 43.762259771629772 ], [ -0.602075405794353, 43.763302848575556 ], [ -0.605223562781528, 43.763436023436959 ], [ -0.608660620697203, 43.763299488189993 ], [ -0.611011068954238, 43.764373509721338 ], [ -0.612325293778993, 43.765257094501749 ], [ -0.612612308790035, 43.766125444990998 ], [ -0.611292005270592, 43.767473808661066 ], [ -0.615838238521951, 43.768926969312403 ], [ -0.616840605383727, 43.768461576462478 ], [ -0.618497223028899, 43.767759745529425 ], [ -0.622483976166151, 43.76778230179832 ], [ -0.624028148380098, 43.767258867618239 ], [ -0.625613193396423, 43.767521404839357 ], [ -0.627726287414065, 43.767507706498677 ], [ -0.63023777341428, 43.768183817357439 ], [ -0.632217395341463, 43.766728994674992 ], [ -0.63249324191342, 43.767377215988724 ], [ -0.634207935630186, 43.76667444795509 ], [ -0.635945336694815, 43.766407315503784 ], [ -0.636618773887473, 43.766563356764316 ], [ -0.638297775482192, 43.766342766423584 ], [ -0.639736268990348, 43.766127855661274 ], [ -0.64169140966169, 43.765373384522803 ], [ -0.643306304207605, 43.76506721958981 ], [ -0.644046103883101, 43.76535272602105 ], [ -0.644838663151437, 43.763185469385753 ], [ -0.645366615726747, 43.76172534840024 ], [ -0.6485684430003, 43.759448562149004 ], [ -0.650531371620854, 43.760007970304557 ], [ -0.652539782859492, 43.759163671606807 ], [ -0.653118302194602, 43.759805291860516 ], [ -0.65471683605186, 43.759191752984471 ], [ -0.656393236339725, 43.758926868926224 ], [ -0.657623278805902, 43.759330975173583 ], [ -0.660584363568653, 43.758197522639485 ], [ -0.663267482599991, 43.75869180101256 ], [ -0.666835105476849, 43.759907244664269 ], [ -0.668972193341297, 43.760329260579582 ], [ -0.671295986110989, 43.760878290087597 ], [ -0.67289033072175, 43.761315294674944 ], [ -0.676555383567115, 43.762089632427411 ], [ -0.67877989888766, 43.763034381351254 ], [ -0.680128072379874, 43.763390874017041 ], [ -0.680243160838531, 43.764438376428956 ], [ -0.681344474335761, 43.763532422888019 ], [ -0.682126971135265, 43.762372662840583 ], [ -0.683025122022447, 43.761077436748671 ], [ -0.684410780593894, 43.757579945402604 ], [ -0.687592767169946, 43.757228508429201 ], [ -0.689448778826269, 43.756914015535685 ], [ -0.692316639739005, 43.757447399463743 ], [ -0.694783939905632, 43.758428212236254 ], [ -0.695573055934121, 43.758494292382608 ], [ -0.697326242219049, 43.758532478684032 ], [ -0.698921917273724, 43.757874275018686 ], [ -0.700285434527644, 43.75735479257493 ], [ -0.703550146867131, 43.756299790653117 ], [ -0.704912345078584, 43.755780285385732 ], [ -0.707664542379679, 43.755308977770326 ], [ -0.70869410086759, 43.755323226568031 ], [ -0.709221576350493, 43.755045721730539 ], [ -0.708930838707377, 43.754134519315869 ], [ -0.710152977316552, 43.753017061496138 ], [ -0.711306581812199, 43.753703383797117 ], [ -0.71345429398697, 43.753556586545237 ], [ -0.719457607691325, 43.752552608247939 ], [ -0.723213256213463, 43.754755857362788 ], [ -0.724661621862852, 43.755011811234922 ], [ -0.724730581343484, 43.755878868294026 ], [ -0.725242608064607, 43.755892288023361 ], [ -0.725319956476835, 43.756084414185658 ], [ -0.728211946185314, 43.756437155673211 ], [ -0.728598225598457, 43.756604348619618 ], [ -0.729783042366008, 43.757749294590838 ], [ -0.731368916757729, 43.75915005570679 ], [ -0.732743830736996, 43.75889251687196 ], [ -0.733086791275835, 43.75853195872395 ], [ -0.734426873618299, 43.75836534454151 ], [ -0.738498141306722, 43.758489175093025 ], [ -0.738872132096363, 43.757623941360862 ], [ -0.740690845954603, 43.757266441497059 ], [ -0.742308426300047, 43.757022578030984 ], [ -0.743653234144193, 43.757334301711943 ], [ -0.744266187635192, 43.75749229764665 ], [ -0.745795608004201, 43.757843726402818 ], [ -0.746801435692824, 43.757464263985533 ], [ -0.747397807333349, 43.757315949764674 ], [ -0.747883722185151, 43.756251382608347 ], [ -0.750150031005352, 43.755704656714457 ], [ -0.750825186558998, 43.75549920282085 ], [ -0.752536739619287, 43.75687449333806 ], [ -0.754950573374869, 43.757239259104082 ], [ -0.75509309240247, 43.757669702599351 ], [ -0.756690609761176, 43.75840496843211 ], [ -0.75873105587311, 43.758520324582413 ], [ -0.761810623695272, 43.757911435597265 ], [ -0.764321179405176, 43.757839617727093 ], [ -0.767557417432123, 43.757920579878295 ], [ -0.768532964022673, 43.758239878759582 ], [ -0.769489430387436, 43.758095515633933 ], [ -0.770232845286792, 43.758459237352163 ], [ -0.772239638096212, 43.758707548459419 ], [ -0.77371213803173, 43.759103404259086 ], [ -0.773819640675738, 43.759117411141531 ], [ -0.774598213865943, 43.759714895092905 ], [ -0.775544822773217, 43.761683064112887 ], [ -0.776381897762442, 43.761874029160523 ], [ -0.776824439886637, 43.762998434170825 ], [ -0.778900492430047, 43.763420064417964 ], [ -0.780588507194629, 43.76332833907351 ], [ -0.780979103469544, 43.763842481949617 ], [ -0.782444544404217, 43.764151165826569 ], [ -0.783026890324561, 43.764834310168062 ], [ -0.784465971083109, 43.76466152808171 ], [ -0.785320781161946, 43.764812332379734 ], [ -0.786149135563695, 43.764480793712181 ], [ -0.7869947689085, 43.765595348548963 ], [ -0.787554401853361, 43.765885989072849 ], [ -0.789294013556091, 43.766755243837366 ], [ -0.790029094920898, 43.768047496300106 ], [ -0.791318012526474, 43.767309491396141 ], [ -0.792804655123128, 43.769062234978534 ], [ -0.793750300569035, 43.767590117403756 ], [ -0.794997654301823, 43.767203224250679 ], [ -0.796713390319996, 43.767635834017206 ], [ -0.797384363650943, 43.768842631690212 ], [ -0.799747452679067, 43.76899198147116 ], [ -0.801052725738624, 43.769655914558832 ], [ -0.802303292530488, 43.770407782666766 ], [ -0.803705908537743, 43.770629844037927 ], [ -0.803436095448863, 43.771207131952103 ], [ -0.80354137594677, 43.772035346763005 ], [ -0.804028329940394, 43.772108501888759 ], [ -0.80557818653631, 43.771713619928263 ], [ -0.80619389656427, 43.771915279231003 ], [ -0.807486664596441, 43.770170269146583 ], [ -0.809578321148477, 43.768663848845272 ], [ -0.812245131445925, 43.768805008986583 ], [ -0.814247698400761, 43.768966317638309 ], [ -0.814704240539064, 43.769566598593165 ], [ -0.815734041251318, 43.769623914802118 ], [ -0.816371507530981, 43.770218027330941 ], [ -0.81654864832471, 43.771219574162224 ], [ -0.816935659465292, 43.773880257469536 ], [ -0.818213358357509, 43.77401850478779 ], [ -0.816980328790913, 43.775761916438093 ], [ -0.817196221679084, 43.777462265165425 ], [ -0.818981517725972, 43.7791628202773 ], [ -0.822309135499003, 43.780865197248481 ], [ -0.823067419289661, 43.781238943605388 ], [ -0.825748208763147, 43.783474679531011 ], [ -0.82743798372282, 43.784521152536627 ], [ -0.828110965144822, 43.78577092438136 ], [ -0.830217500032978, 43.786672941843044 ], [ -0.83234697170826, 43.787695704703815 ], [ -0.832387701765494, 43.787624340520146 ], [ -0.832405757611136, 43.787324225580591 ], [ -0.83458494862906, 43.785984780735234 ], [ -0.835497393391507, 43.785958085022955 ], [ -0.836503332398227, 43.785514800558261 ], [ -0.83837312284948, 43.784174436478708 ], [ -0.841299052956308, 43.784337906007835 ], [ -0.843167969592139, 43.785028922463916 ], [ -0.844110208832769, 43.78653520925613 ], [ -0.845401178825789, 43.786082577290813 ], [ -0.84739731051239, 43.785982581841104 ], [ -0.848939188335649, 43.786973701296006 ], [ -0.848747008067776, 43.787600119637524 ], [ -0.849272959567803, 43.787833872596586 ], [ -0.849974666944469, 43.788190210196312 ], [ -0.850528644366903, 43.788791098774972 ], [ -0.851438680340189, 43.789717992105679 ], [ -0.85187254920692, 43.790834320683295 ], [ -0.852907612040635, 43.791221322366198 ], [ -0.852921225774563, 43.79166356101603 ], [ -0.85455075236508, 43.792153613835652 ], [ -0.854474940048644, 43.792861190107622 ], [ -0.856401280685127, 43.793549405855444 ], [ -0.857489790218669, 43.793559627696631 ], [ -0.859324139494946, 43.794665255296501 ], [ -0.860496327674526, 43.795169603701616 ], [ -0.860234412539713, 43.795592078714073 ], [ -0.861372815082184, 43.796511267807851 ], [ -0.862057320028387, 43.79748612308078 ], [ -0.863003758142056, 43.798038492784478 ], [ -0.865519955669423, 43.797903033273954 ], [ -0.867357638112449, 43.798158237020445 ], [ -0.869298355615101, 43.798059486566032 ], [ -0.870333282236891, 43.798153037890657 ], [ -0.871009135973488, 43.797847845596451 ], [ -0.870862931647978, 43.797391531807072 ], [ -0.870662575700454, 43.796899932818683 ], [ -0.869697454297274, 43.796017097544372 ], [ -0.872122141554363, 43.794370918990175 ], [ -0.872793818686416, 43.794102725442215 ], [ -0.876370915884932, 43.793623408042727 ], [ -0.877651213629867, 43.793005161326242 ], [ -0.88068483094287, 43.792975459385225 ], [ -0.881990946363698, 43.793670837456972 ], [ -0.884470162282902, 43.79624229735731 ], [ -0.885383158879615, 43.797209328916544 ], [ -0.885491600149548, 43.79732576540443 ], [ -0.885436663369569, 43.800149734753383 ], [ -0.884995528256853, 43.800453443506129 ], [ -0.884624367120462, 43.800962001245729 ], [ -0.884595450511471, 43.801460391140765 ], [ -0.883835386564771, 43.802186528630948 ], [ -0.88538233566865, 43.801230082425306 ], [ -0.887217915285879, 43.800304618680876 ], [ -0.887510934850441, 43.799425901534285 ], [ -0.88818613021011, 43.799197992997591 ], [ -0.888924965074982, 43.798099082138691 ], [ -0.890747007668348, 43.795930581574524 ], [ -0.891391589293318, 43.795207832104666 ], [ -0.889524802037956, 43.79356387746266 ], [ -0.887596458681811, 43.791839854750172 ], [ -0.886597483684064, 43.791371131631045 ], [ -0.887332309468586, 43.789194528488885 ], [ -0.888312092458913, 43.788295388532568 ], [ -0.887864775018971, 43.787480082553351 ], [ -0.888267765786072, 43.78551937427315 ], [ -0.888608351031027, 43.784473703483613 ], [ -0.889838712850428, 43.781951260066542 ], [ -0.890336700648729, 43.781645838094491 ], [ -0.891249347223404, 43.779588077752969 ], [ -0.892101854868594, 43.778484866341444 ], [ -0.892806823737587, 43.777801697620411 ], [ -0.893644519717316, 43.777444752260109 ], [ -0.894330590760615, 43.776429253732815 ], [ -0.895121283933498, 43.775245089788399 ], [ -0.894798674114772, 43.77459254269948 ], [ -0.895744406516067, 43.774149588252982 ], [ -0.898095095472827, 43.774244997995261 ], [ -0.900200566818184, 43.773062932161558 ], [ -0.902113271208472, 43.772509165786452 ], [ -0.903438792710856, 43.77267647402406 ], [ -0.90466131393501, 43.772059622269644 ], [ -0.905464311113649, 43.772076989436336 ], [ -0.906123976001323, 43.772847177989298 ], [ -0.907908053717543, 43.773827523787105 ], [ -0.908926861317923, 43.774667917973133 ], [ -0.908790041326442, 43.775251414525819 ], [ -0.90958442069517, 43.776139910162286 ], [ -0.909665003000404, 43.77655135405292 ], [ -0.909337044632501, 43.776809490737108 ], [ -0.909421202107704, 43.777305398818747 ], [ -0.909786871466587, 43.77770830473353 ], [ -0.910726371106019, 43.778136304681865 ], [ -0.911424628927074, 43.778361898166239 ], [ -0.911664714917532, 43.778522046143706 ], [ -0.913602532594824, 43.779971841803992 ], [ -0.914304876677435, 43.780681331358387 ], [ -0.915368997961246, 43.781789325769253 ], [ -0.916023561089167, 43.781748993123649 ], [ -0.916666205104722, 43.781978023596444 ], [ -0.918002824147402, 43.781357594538477 ], [ -0.918773971369358, 43.781423507622925 ], [ -0.918873555378972, 43.781579763285052 ], [ -0.91935577697412, 43.782021426294982 ], [ -0.919926053639186, 43.781962009079507 ], [ -0.920562797938208, 43.782109321690442 ], [ -0.921455038822652, 43.78170913195315 ], [ -0.92200637208685, 43.781579196801722 ], [ -0.922233226088936, 43.781312363671006 ], [ -0.922763203018937, 43.780592863972331 ], [ -0.922654953112867, 43.780350501215644 ], [ -0.922607759377124, 43.77985168787658 ], [ -0.921736316651635, 43.779421740934716 ], [ -0.923421459559045, 43.777257680331317 ], [ -0.923534701806679, 43.777088729923179 ], [ -0.923849583602755, 43.776581725684743 ], [ -0.924774006973772, 43.774773413283562 ], [ -0.924920089417857, 43.77431107202834 ], [ -0.924504423748281, 43.774033877910242 ], [ -0.924896639408711, 43.77190869194844 ], [ -0.926175922115914, 43.771289882339367 ], [ -0.927532432726721, 43.771000718504247 ], [ -0.927657209341356, 43.770167441651978 ], [ -0.929545789847119, 43.769199148959736 ], [ -0.929729852188224, 43.76944281696673 ], [ -0.930980513960345, 43.76893277461059 ], [ -0.931947354732563, 43.769209514865615 ], [ -0.932836940684031, 43.767773756883464 ], [ -0.933162315585395, 43.767473338310694 ], [ -0.932121926204461, 43.766261346789527 ], [ -0.9320207294956, 43.76614204081713 ], [ -0.932703847807258, 43.764462398444522 ], [ -0.933699155711523, 43.763852962748018 ], [ -0.934095337658072, 43.763748337005104 ], [ -0.934842823038507, 43.76385982727561 ], [ -0.935443677552914, 43.763385540873628 ], [ -0.93647709573656, 43.762986356012377 ], [ -0.936681146078042, 43.76301618012009 ], [ -0.937343730022417, 43.762622789896461 ], [ -0.93743045713596, 43.762123538312615 ], [ -0.93864525252107, 43.761382365914208 ], [ -0.937824244259845, 43.760531777237006 ], [ -0.937253206282428, 43.760056000475274 ], [ -0.936278176476178, 43.759008524815677 ], [ -0.936127366120357, 43.758350007664255 ], [ -0.935325749049254, 43.757338673853269 ], [ -0.931560158995081, 43.753515291052658 ], [ -0.930038319882485, 43.75178071127123 ], [ -0.931542390779821, 43.750200489430476 ], [ -0.931363018986223, 43.750080844320685 ], [ -0.929944215274443, 43.749253640267568 ], [ -0.930945091224544, 43.747772269760617 ], [ -0.931145824221265, 43.747269590802027 ], [ -0.93167532044765, 43.746549167056223 ], [ -0.930923786813433, 43.746406296664183 ], [ -0.931128018319174, 43.7459862831778 ], [ -0.928942428167294, 43.743731017800364 ], [ -0.928446031233302, 43.743081119205662 ], [ -0.928423629784108, 43.742690434822414 ], [ -0.928139858590342, 43.741918068356348 ], [ -0.926206392598755, 43.741567871712888 ], [ -0.927069189967446, 43.740968786114337 ], [ -0.929190598125913, 43.740117630959176 ], [ -0.930882299642484, 43.739693247323572 ], [ -0.931390417016568, 43.73959604781323 ], [ -0.932096753618084, 43.738953058424961 ], [ -0.932947514182078, 43.738621491282032 ], [ -0.933628090465217, 43.73874039559967 ], [ -0.933843003681973, 43.738485595948966 ], [ -0.93618149110942, 43.737420819111883 ], [ -0.937222423260527, 43.736642629002134 ], [ -0.937488247046787, 43.736302612964494 ], [ -0.935912965249777, 43.734734401853174 ], [ -0.934538266055845, 43.73270397973922 ], [ -0.936401746334113, 43.731322461115937 ], [ -0.938577299105525, 43.730385807157752 ], [ -0.939735673288235, 43.729646324950309 ], [ -0.940687442199828, 43.729326932382406 ], [ -0.941405435167028, 43.728890452442833 ], [ -0.941365014624482, 43.72818813082705 ], [ -0.939757787352993, 43.727076189485651 ], [ -0.938975552301137, 43.726395409617616 ], [ -0.937775830647813, 43.725033603435676 ], [ -0.938195668739342, 43.724741110606033 ], [ -0.93863272124513, 43.723108487426103 ], [ -0.939288868613509, 43.721446743971207 ], [ -0.94157906622129, 43.719642873425741 ], [ -0.946307352069713, 43.718867153724339 ], [ -0.943666262622482, 43.718214866222858 ], [ -0.945444644270015, 43.717736332013786 ], [ -0.945128093566349, 43.717494919138304 ], [ -0.945698030171849, 43.717268920433597 ], [ -0.946025554872995, 43.717420931714202 ], [ -0.946200068439791, 43.717887967145607 ], [ -0.946980122955158, 43.717864314294779 ], [ -0.947486074260475, 43.7180990780599 ], [ -0.947871843000099, 43.717948827709399 ], [ -0.947975388885661, 43.717959181766474 ], [ -0.948034341709476, 43.717884520139812 ], [ -0.948536486589812, 43.717687552794935 ], [ -0.94887834660107, 43.717765347882015 ], [ -0.95045652426921, 43.717386370318884 ], [ -0.950959589319002, 43.717205557575959 ], [ -0.951957689882255, 43.717671866668276 ], [ -0.952841733176407, 43.717258154035299 ], [ -0.954109024592028, 43.717316810737763 ], [ -0.955405352463896, 43.717341281971052 ], [ -0.956273422256493, 43.71720962402172 ], [ -0.958792651724412, 43.716975536971916 ], [ -0.960209527516927, 43.717089847818315 ], [ -0.961978766163896, 43.717077348026486 ], [ -0.963838602521523, 43.717600964540942 ], [ -0.964640747463163, 43.718536467587043 ], [ -0.965747398852549, 43.71913969464039 ], [ -0.966633768561071, 43.720499965215303 ], [ -0.966961686192107, 43.721234897331925 ], [ -0.967686066631046, 43.721875860694638 ], [ -0.968692840568101, 43.722509100285023 ], [ -0.967491246207099, 43.723457149853878 ], [ -0.966830431122338, 43.72389116508927 ], [ -0.967016983127598, 43.724134686243438 ], [ -0.968126945050344, 43.723424256027236 ], [ -0.969039230485003, 43.72371130017634 ], [ -0.969261919154996, 43.723444493306303 ], [ -0.968692163452822, 43.721514071740003 ], [ -0.968910082218768, 43.721485827274741 ], [ -0.969035157581864, 43.721503601468463 ], [ -0.969961133205794, 43.723672357482307 ], [ -0.970697442063016, 43.724560353083803 ], [ -0.971927433759142, 43.725319002692494 ], [ -0.972846728481112, 43.726152812473742 ], [ -0.973081377006387, 43.727223467484251 ], [ -0.973808227901153, 43.727947093057431 ], [ -0.973730365358999, 43.72857115852355 ], [ -0.97278079660463, 43.730227718856966 ], [ -0.971908781972981, 43.730657423297252 ], [ -0.970576337864307, 43.73131980618917 ], [ -0.969606624780312, 43.731349413858148 ], [ -0.970270321905423, 43.731989522939337 ], [ -0.97106283900714, 43.732796635822659 ], [ -0.971045523351757, 43.733502522615318 ], [ -0.971878173526956, 43.733825270989151 ], [ -0.972224589640705, 43.734128680883252 ], [ -0.971615426440737, 43.735432050589097 ], [ -0.972359768175549, 43.735451598156466 ], [ -0.973096266586381, 43.736339585085148 ], [ -0.973423703196172, 43.736081263249744 ], [ -0.975030317437758, 43.735203533022151 ], [ -0.975602827798449, 43.735105953557976 ], [ -0.976132058067474, 43.7343070332279 ], [ -0.977411686434994, 43.733888214761841 ], [ -0.977332478011338, 43.731205052063999 ], [ -0.978324388002035, 43.7309173833481 ], [ -0.979285654365304, 43.730721512608625 ], [ -0.978080373197486, 43.727598690263314 ], [ -0.980504739827802, 43.728114655826055 ], [ -0.981010262892246, 43.727975912411409 ], [ -0.981561848635386, 43.727627026486104 ], [ -0.982098024015965, 43.726673116796491 ], [ -0.983379099418641, 43.726453011374637 ], [ -0.984082225712599, 43.725767479430232 ], [ -0.984102062478261, 43.724150124237894 ], [ -0.985418285241711, 43.72419342483969 ], [ -0.986622944898461, 43.724280619504007 ], [ -0.988433515404411, 43.724929500471248 ], [ -0.989714510318736, 43.725346305001892 ], [ -0.990959427952715, 43.727120046326419 ], [ -0.99255834620566, 43.730024614522328 ], [ -0.99442124188189, 43.730078894541229 ], [ -0.996519292385506, 43.732264497908496 ], [ -0.996998100314918, 43.732623137864465 ], [ -0.997669588967045, 43.732394635505898 ], [ -0.997208281835822, 43.731805135782125 ], [ -0.997947282044342, 43.731267754512196 ], [ -0.997536411555878, 43.730119788172793 ], [ -0.995753622320856, 43.727978490573818 ], [ -0.995083923188789, 43.72685827749627 ], [ -0.99502341075113, 43.726523651894595 ], [ -0.99623249096216, 43.726388380175962 ], [ -0.993441045217812, 43.723075201424805 ], [ -0.993452610149287, 43.722827429532209 ], [ -0.999224962636893, 43.726752388874075 ], [ -1.001007884517926, 43.725951600554225 ], [ -1.002994367007615, 43.725724811858434 ], [ -1.00123492108764, 43.721188790694747 ], [ -1.005034133890762, 43.725454955718369 ], [ -1.006974559793468, 43.725395059805344 ], [ -1.008567119332748, 43.725263102776012 ], [ -1.009409638458365, 43.725245170421999 ], [ -1.01040203069127, 43.725371050663838 ], [ -1.01287071960404, 43.72543417450013 ], [ -1.01398653792945, 43.728037599054424 ], [ -1.015356160476089, 43.727995214475776 ], [ -1.01610766255515, 43.72813749758609 ], [ -1.016466473957308, 43.728416095069669 ], [ -1.017135783933849, 43.729100742687358 ], [ -1.018315265280223, 43.729726397469911 ], [ -1.0191759144959, 43.729783405271661 ], [ -1.01950061729631, 43.729482736114598 ], [ -1.019999938890928, 43.729218940292427 ], [ -1.023111990049898, 43.727713486736057 ], [ -1.025936588936382, 43.72621686650632 ], [ -1.027324030149354, 43.725510686708247 ], [ -1.028372540459183, 43.725850591928868 ], [ -1.029296983209976, 43.725035511367288 ], [ -1.029243170543381, 43.724124874053281 ], [ -1.029621821915119, 43.722828313046101 ], [ -1.029883438165909, 43.722406311871765 ], [ -1.030770277108256, 43.721921682392384 ], [ -1.031300721033338, 43.721242096776294 ], [ -1.031827504720942, 43.720479848818016 ], [ -1.033992598459449, 43.71950286375781 ], [ -1.035354620368862, 43.719251722936377 ], [ -1.037683026673391, 43.718059942265725 ], [ -1.038073098520205, 43.717881338241774 ], [ -1.038771419499509, 43.717985530847976 ], [ -1.039225326323043, 43.717732955383369 ], [ -1.040603452846465, 43.717942798562376 ], [ -1.042140161632009, 43.718086495386778 ], [ -1.043307983984228, 43.717511116702632 ], [ -1.045412066190128, 43.716409840211959 ], [ -1.046011523422638, 43.715893570336121 ], [ -1.045340837038032, 43.715210044420388 ], [ -1.046107129790116, 43.712699292530502 ], [ -1.047450583205389, 43.712243439367462 ], [ -1.049150986582478, 43.711345442997803 ], [ -1.050271913985742, 43.711257298458527 ], [ -1.051520422471406, 43.710540746741529 ], [ -1.053237765880713, 43.709658348485533 ], [ -1.053267673262471, 43.709202155816591 ], [ -1.054265537206299, 43.708672462597221 ], [ -1.055650697483492, 43.708919675666529 ], [ -1.056845352779016, 43.70884174721369 ], [ -1.058169845650665, 43.709007156479657 ], [ -1.059613487488507, 43.709236290902169 ], [ -1.060362061910663, 43.709352260870915 ], [ -1.060713581230798, 43.70950677857747 ], [ -1.063269788640967, 43.709819708598609 ], [ -1.064751550653677, 43.710167241834505 ], [ -1.067052859618954, 43.710426911399423 ], [ -1.069237822866347, 43.710690193061978 ], [ -1.070559870369175, 43.71081324340831 ], [ -1.07282906179656, 43.711488576870529 ], [ -1.073138078053568, 43.711346584862277 ], [ -1.073845383155251, 43.711290116009913 ], [ -1.074790469644672, 43.711434886909785 ], [ -1.074943487809048, 43.711504742507813 ], [ -1.076222130347863, 43.711627293133112 ], [ -1.076270569715219, 43.711711240352862 ], [ -1.076914793383106, 43.711699027334618 ], [ -1.077015820473638, 43.711770519398399 ], [ -1.077472628185697, 43.711756114785437 ], [ -1.078087194199725, 43.711476710658204 ], [ -1.078536032583096, 43.711391474201363 ], [ -1.078701432828602, 43.711316077550507 ], [ -1.080384214831022, 43.71075283076717 ], [ -1.080772918806198, 43.710575011122081 ], [ -1.082182975790837, 43.711234081120182 ], [ -1.08313592223661, 43.712356540586221 ], [ -1.083676212038776, 43.712307082517476 ], [ -1.084010396385213, 43.712171461441365 ], [ -1.084747207889499, 43.711305129187515 ], [ -1.085159371603008, 43.711146346144524 ], [ -1.08553046251527, 43.710964567021918 ], [ -1.085569859341056, 43.710546745425077 ], [ -1.085381656289573, 43.710262980688334 ], [ -1.084915905414615, 43.709653287805899 ], [ -1.084406001120005, 43.709258225069185 ], [ -1.085489988771352, 43.707317434737092 ], [ -1.087267370126253, 43.706473969233706 ], [ -1.089096617152872, 43.705545157111672 ], [ -1.089815711653386, 43.705149909434759 ], [ -1.090760012435554, 43.704705239184293 ], [ -1.091128833327873, 43.704507316565454 ], [ -1.091535969107722, 43.70430727950734 ], [ -1.091563081848642, 43.703809769198905 ], [ -1.091338794269664, 43.703441684343197 ], [ -1.092583929056613, 43.702741843624707 ], [ -1.092860137158825, 43.701809069572171 ], [ -1.093314978495455, 43.701598516651558 ], [ -1.093010463530713, 43.701277964449524 ], [ -1.091908764540801, 43.701022253056834 ], [ -1.091591779885549, 43.700494254926483 ], [ -1.090817983288873, 43.699978922716625 ], [ -1.090038093921227, 43.699341415574068 ], [ -1.08936950425885, 43.69869858138393 ], [ -1.088646526789272, 43.698058364741613 ], [ -1.087806036308566, 43.697381374464904 ], [ -1.087591697274027, 43.696682771511242 ], [ -1.087434109946251, 43.695525313648936 ], [ -1.087684185127497, 43.695353652267762 ], [ -1.08815801242748, 43.694675563791648 ], [ -1.087599467127701, 43.692994560409936 ], [ -1.087652071584471, 43.692570026787486 ], [ -1.087189478967138, 43.692114107817304 ], [ -1.087787482109676, 43.691831569608425 ], [ -1.087850261187109, 43.691452600008397 ], [ -1.088595027505647, 43.690559001171351 ], [ -1.090369356759554, 43.689674186653264 ], [ -1.092771019129966, 43.688769464156316 ], [ -1.093630700411955, 43.687871287535927 ], [ -1.09407239312558, 43.687608962916336 ], [ -1.095253628195752, 43.687501330991992 ], [ -1.096675175535609, 43.687678472126883 ], [ -1.097090454967413, 43.68747185582869 ], [ -1.097391232756986, 43.687710635443452 ], [ -1.098201357844542, 43.687349328348645 ], [ -1.099606120236861, 43.687515267500274 ], [ -1.099995211992596, 43.686956779347788 ], [ -1.102203981264709, 43.686886613263624 ], [ -1.104529436399087, 43.68577170862757 ], [ -1.10584679379534, 43.683710825256654 ], [ -1.106120440002424, 43.683335931456689 ], [ -1.106163247945243, 43.683305778302653 ], [ -1.107470174406179, 43.683454031517428 ], [ -1.10962980559692, 43.682347889177855 ], [ -1.110137784205136, 43.68183056231544 ], [ -1.113748422670491, 43.682006102864989 ], [ -1.118755445899735, 43.681759955164225 ], [ -1.11926264370193, 43.681251605153193 ], [ -1.1194480329023, 43.679933878195307 ], [ -1.11922438748794, 43.679680099906228 ], [ -1.119288723765724, 43.679678045076095 ], [ -1.119182905865359, 43.678852774701781 ], [ -1.119731634426424, 43.678682293793713 ], [ -1.120686093754458, 43.678763366878727 ], [ -1.121310111179734, 43.678996250051426 ], [ -1.12388513886807, 43.678246325835332 ], [ -1.126132244160899, 43.678588310899343 ], [ -1.125787412769795, 43.677605143076811 ], [ -1.126303765302822, 43.676718578649243 ], [ -1.128008763701667, 43.675463754454569 ], [ -1.128054028443325, 43.675433513593632 ], [ -1.128227664526688, 43.675496332706693 ], [ -1.130144486155426, 43.675035450319527 ], [ -1.132063248144536, 43.67466804308782 ], [ -1.132501529138889, 43.675066968037868 ], [ -1.132010338758575, 43.677526391548902 ], [ -1.132851303402779, 43.677616394042545 ], [ -1.133397521434639, 43.678016354700887 ], [ -1.134436945163423, 43.678006407837216 ] ] ], [ [ [ -0.944878582493992, 43.717383724985062 ], [ -0.943486294844933, 43.716941890197894 ], [ -0.944538513119232, 43.716820042564017 ], [ -0.944878582493992, 43.717383724985062 ] ] ] ] } },
{ "type": "Feature", "properties": { "fid": 5, "id": 5, "nom": "ISO 75" }, "geometry": { "type": "MultiPolygon", "coordinates": [ [ [ [ -0.825034929801464, 43.792918504656292 ], [ -0.825479746380558, 43.792609543655736 ], [ -0.824899623948622, 43.792897259789761 ], [ -0.825100779447654, 43.79231561083057 ], [ -0.823723161955009, 43.792018404236188 ], [ -0.823121708479062, 43.791362989574559 ], [ -0.822154411101337, 43.790045287825912 ], [ -0.820884304485755, 43.789289688705907 ], [ -0.819639441911294, 43.788988567085859 ], [ -0.818733534392872, 43.788798120564614 ], [ -0.817255283977879, 43.789057952382144 ], [ -0.815812175973893, 43.788764354035493 ], [ -0.813634658489503, 43.788394018117394 ], [ -0.812320320128881, 43.788048051328133 ], [ -0.810576742488355, 43.788315498199317 ], [ -0.810422430150695, 43.788511603603354 ], [ -0.807283092036412, 43.789948566639644 ], [ -0.80548165686363, 43.790361551482107 ], [ -0.802700916518386, 43.790514079895914 ], [ -0.798495418713211, 43.790660065287398 ], [ -0.802695391318887, 43.788590790918043 ], [ -0.802745019174931, 43.786474282655391 ], [ -0.80193667048349, 43.785056455718227 ], [ -0.801710090781353, 43.785158377865024 ], [ -0.801902718187699, 43.783855512860534 ], [ -0.803208093566291, 43.783456953494074 ], [ -0.803511238508735, 43.78294257207579 ], [ -0.801398440460324, 43.782524244240761 ], [ -0.799282951167595, 43.782056473804097 ], [ -0.798166580685812, 43.78225699668441 ], [ -0.796859055833336, 43.782030306157459 ], [ -0.795697291061313, 43.782015302153368 ], [ -0.794674060891674, 43.781516775871935 ], [ -0.793952079916804, 43.781032031837938 ], [ -0.793298574101516, 43.780618177083674 ], [ -0.792978633844561, 43.780218978896983 ], [ -0.792867608561462, 43.780006271176532 ], [ -0.793482140368156, 43.77914736573095 ], [ -0.793456994928871, 43.778690176273884 ], [ -0.793861947849935, 43.778174684682625 ], [ -0.793515213278334, 43.777920204827566 ], [ -0.793594569629792, 43.777557158727056 ], [ -0.793360150420925, 43.777516247465286 ], [ -0.792556346018182, 43.7773712236487 ], [ -0.791885130502294, 43.777221467520661 ], [ -0.79026923572551, 43.777412936537331 ], [ -0.788607318933712, 43.777942171532686 ], [ -0.787047731358726, 43.777938546911109 ], [ -0.78443755359321, 43.778134286701402 ], [ -0.782458306190565, 43.778334300452578 ], [ -0.780966346253018, 43.777729487525733 ], [ -0.780636663948183, 43.776583843541374 ], [ -0.776195068028616, 43.77784232420013 ], [ -0.776728902452458, 43.77729711064211 ], [ -0.777643721049865, 43.776431476283392 ], [ -0.777815754509205, 43.775945231865805 ], [ -0.778000846744803, 43.774472619608446 ], [ -0.777890609629518, 43.773683215547543 ], [ -0.777753906022637, 43.77236469242203 ], [ -0.776445383131128, 43.770888215634272 ], [ -0.775773081430862, 43.769513107267564 ], [ -0.774569638763529, 43.76995698971502 ], [ -0.774769896497333, 43.768147497022326 ], [ -0.774003710873101, 43.76807413119846 ], [ -0.772967216599469, 43.766733753464528 ], [ -0.772261354788966, 43.766537196382806 ], [ -0.770182892416316, 43.766140694657004 ], [ -0.765968623743636, 43.769144703225614 ], [ -0.764900842563628, 43.770234117416621 ], [ -0.764567817696134, 43.770820303075858 ], [ -0.764064290570118, 43.770715060489977 ], [ -0.763889787251255, 43.769949979156344 ], [ -0.763020475015366, 43.769806616509065 ], [ -0.762654843614358, 43.769817073021748 ], [ -0.761895672326557, 43.770488304228316 ], [ -0.761316000791598, 43.770192707887304 ], [ -0.76067709712105, 43.770017550913437 ], [ -0.759516985942887, 43.77005069887759 ], [ -0.758505577602422, 43.769143087709999 ], [ -0.757640603298889, 43.767868743228107 ], [ -0.756992784567165, 43.767551681457867 ], [ -0.756304921141246, 43.767114311165486 ], [ -0.75597358468533, 43.766521925807425 ], [ -0.755487460668599, 43.767330155136726 ], [ -0.75515296075559, 43.767867771354076 ], [ -0.754185062073784, 43.768376672612575 ], [ -0.75380332627098, 43.767450162429796 ], [ -0.752580942427668, 43.76878225407502 ], [ -0.752007294088566, 43.76980886905168 ], [ -0.7517468630245, 43.769287318338435 ], [ -0.750695345089998, 43.770086446212275 ], [ -0.750154023429035, 43.769260727756659 ], [ -0.749524729201864, 43.769902979826924 ], [ -0.749134709140902, 43.770058922657 ], [ -0.748015403226653, 43.769585204049413 ], [ -0.746607998456567, 43.769338276363548 ], [ -0.745373322768888, 43.769805207183595 ], [ -0.74450143381342, 43.769613191866945 ], [ -0.743467452453459, 43.769499544427653 ], [ -0.742891488902447, 43.768673878125334 ], [ -0.742494875675476, 43.76868514710636 ], [ -0.742188354188977, 43.768549018448581 ], [ -0.741773870879972, 43.768849566548525 ], [ -0.74104897660655, 43.768942122945489 ], [ -0.740318956155819, 43.768962851393461 ], [ -0.739460154712512, 43.76901241917539 ], [ -0.738218974045827, 43.769359803929383 ], [ -0.736432800967378, 43.768832918584437 ], [ -0.735597567602854, 43.769963113161076 ], [ -0.73546744649801, 43.769990191359334 ], [ -0.734806586021316, 43.768831338856344 ], [ -0.733779174459605, 43.769437097376894 ], [ -0.733127749239208, 43.769672355175274 ], [ -0.732297185244828, 43.769647298439018 ], [ -0.729831150916209, 43.768804003157754 ], [ -0.72908296817533, 43.768464429392637 ], [ -0.72875334901416, 43.768498042219946 ], [ -0.727682056069743, 43.768335823107194 ], [ -0.725364272795057, 43.76777701019752 ], [ -0.72442811462392, 43.767634331149921 ], [ -0.722844359824944, 43.76657434584159 ], [ -0.720606370926911, 43.764402006195638 ], [ -0.720742706702526, 43.763219690284174 ], [ -0.72021352320296, 43.762633689773956 ], [ -0.719331623552189, 43.762898754629965 ], [ -0.718100741668612, 43.762188595394633 ], [ -0.71753043777637, 43.76148319704712 ], [ -0.715949391932857, 43.761671680448963 ], [ -0.715281259702402, 43.761571753202475 ], [ -0.714134031816415, 43.762444274831893 ], [ -0.713190321536765, 43.762783895955074 ], [ -0.712077857361391, 43.763703994571131 ], [ -0.711237048958463, 43.764088381464795 ], [ -0.710962797621121, 43.764553086652469 ], [ -0.710258533809627, 43.764404666135903 ], [ -0.709989299551809, 43.764916905969855 ], [ -0.708748199959707, 43.764663920683311 ], [ -0.707768316036049, 43.764955032290388 ], [ -0.707070491208284, 43.764926955262567 ], [ -0.70616016950991, 43.765288965058531 ], [ -0.705391470938913, 43.765165711407626 ], [ -0.704491507727881, 43.765071324520541 ], [ -0.703807795997811, 43.765330698784204 ], [ -0.702620647815093, 43.765436864962965 ], [ -0.701526180213462, 43.765442364770848 ], [ -0.700861815511232, 43.765413309661547 ], [ -0.699911508405806, 43.765631552987379 ], [ -0.698940788716829, 43.76546713566141 ], [ -0.697493482404636, 43.76569927757599 ], [ -0.696858798520206, 43.765598299660446 ], [ -0.695880129767548, 43.765913556686236 ], [ -0.694541160108916, 43.76566314834762 ], [ -0.69373519303613, 43.765468888250979 ], [ -0.693597235723498, 43.766025090584066 ], [ -0.693220858086703, 43.767045847413641 ], [ -0.692245913646256, 43.767385255383012 ], [ -0.691836040979639, 43.76843033278405 ], [ -0.691631073607162, 43.768940727502347 ], [ -0.690755297237716, 43.769325028468778 ], [ -0.689951918106794, 43.769180143541284 ], [ -0.689109640123198, 43.769564394984307 ], [ -0.688201658476734, 43.769950473433219 ], [ -0.686618944818233, 43.770113379263833 ], [ -0.685040179902704, 43.77035081710757 ], [ -0.684337151494488, 43.77022558224845 ], [ -0.683566002548964, 43.770079751653277 ], [ -0.682862933667083, 43.7699302198507 ], [ -0.681280393328958, 43.770143419112806 ], [ -0.679873077808644, 43.769845254073417 ], [ -0.678463345653073, 43.769548038056392 ], [ -0.677057435785583, 43.769299275188345 ], [ -0.676016752434769, 43.769688939274836 ], [ -0.675135777507092, 43.769953611561 ], [ -0.674466237788644, 43.769850771929022 ], [ -0.67358910094245, 43.770188190632432 ], [ -0.6728179325368, 43.770041385362369 ], [ -0.672183191590916, 43.769962753622629 ], [ -0.671272525657836, 43.770300184417472 ], [ -0.670502648654392, 43.770154226533727 ], [ -0.67000610260465, 43.769542796647855 ], [ -0.669142150024214, 43.769519082921519 ], [ -0.668596388454918, 43.769221165039333 ], [ -0.667465873538014, 43.769156252116254 ], [ -0.667065490546195, 43.769119671772081 ], [ -0.666742748575935, 43.76867253158629 ], [ -0.666212743277383, 43.768061114102565 ], [ -0.66579720752434, 43.767737085651291 ], [ -0.665300693482455, 43.767101347914846 ], [ -0.664800480281422, 43.766442322073722 ], [ -0.664388705427469, 43.766189251165564 ], [ -0.663543703976421, 43.766500509776129 ], [ -0.663012569891968, 43.765866621090922 ], [ -0.663356026310699, 43.764823507310886 ], [ -0.663022555612726, 43.764784161200389 ], [ -0.660870445843484, 43.765469808767492 ], [ -0.660449890585942, 43.766322537924523 ], [ -0.659082613889937, 43.766167832971973 ], [ -0.658343725364553, 43.765995747093932 ], [ -0.657367399014541, 43.766335773741808 ], [ -0.656763634240539, 43.766207621241556 ], [ -0.656027302259638, 43.766084025818095 ], [ -0.655081910873508, 43.766398888920257 ], [ -0.654947327358715, 43.766979227119279 ], [ -0.654606900282659, 43.767468993003106 ], [ -0.655240901266552, 43.768148658474296 ], [ -0.655035607026139, 43.768658983872427 ], [ -0.654024475152939, 43.768975651650209 ], [ -0.654556812681382, 43.769633838975167 ], [ -0.65441847499933, 43.77016660390386 ], [ -0.654147459508014, 43.770702130467548 ], [ -0.653271450442413, 43.771087027460794 ], [ -0.652654258406627, 43.772571250879203 ], [ -0.651216097645661, 43.772345532275899 ], [ -0.650539077479344, 43.772099719816005 ], [ -0.648927896966254, 43.772385197181528 ], [ -0.647279385906744, 43.772574524547984 ], [ -0.645737528438968, 43.772880534513114 ], [ -0.645029598373988, 43.772684115200441 ], [ -0.643384844870044, 43.77292185606931 ], [ -0.641735030758362, 43.773086845838421 ], [ -0.640024582940605, 43.773350628565694 ], [ -0.638716598558746, 43.77307349288634 ], [ -0.638442980093239, 43.773562270938612 ], [ -0.637071835004147, 43.773335425574139 ], [ -0.635973476486346, 43.773245012478291 ], [ -0.634753814387022, 43.773398996888879 ], [ -0.634322438856291, 43.77341082180547 ], [ -0.63484155534017, 43.775079676037009 ], [ -0.633964035778639, 43.775439266460694 ], [ -0.633259885223228, 43.775291243091928 ], [ -0.632554451843492, 43.775142350844533 ], [ -0.631991590237268, 43.77513258007022 ], [ -0.631683190759521, 43.775574615625295 ], [ -0.631141339247388, 43.775372657972909 ], [ -0.630252576062461, 43.775493241756635 ], [ -0.629362569478298, 43.775613852188833 ], [ -0.628591417808556, 43.775442444376019 ], [ -0.627152063821107, 43.775193050907497 ], [ -0.626202643716877, 43.77546008920951 ], [ -0.62533130535249, 43.775915692316154 ], [ -0.624486061889952, 43.776252732842693 ], [ -0.623510525644053, 43.776614914271718 ], [ -0.62277413134201, 43.776491092158047 ], [ -0.622569755802894, 43.777001325263058 ], [ -0.621931292317662, 43.776874823756174 ], [ -0.620145125016914, 43.77759643157232 ], [ -0.619199344254516, 43.777910984438201 ], [ -0.618322922024077, 43.778270415237991 ], [ -0.617915353220729, 43.77933940717211 ], [ -0.617212427412584, 43.779238922322357 ], [ -0.616266556569268, 43.77955255169632 ], [ -0.614827181227346, 43.779279604639896 ], [ -0.613249062326162, 43.779587031365374 ], [ -0.611805947864505, 43.77926557023109 ], [ -0.611158796021495, 43.778923347706318 ], [ -0.608417700035934, 43.778516591321875 ], [ -0.607008097300182, 43.77816986962862 ], [ -0.606843231181714, 43.778198634542136 ], [ -0.604096027855227, 43.777672296214824 ], [ -0.603559233144283, 43.776917740125228 ], [ -0.60296174076077, 43.776910556794945 ], [ -0.602080299017734, 43.776525161001906 ], [ -0.602225369688725, 43.776137119421612 ], [ -0.601269596937346, 43.775634092767717 ], [ -0.601056369510034, 43.775351116177255 ], [ -0.601263411117203, 43.774840857030377 ], [ -0.600745270190909, 43.774446504025725 ], [ -0.600255651492818, 43.773305649997994 ], [ -0.599875194050008, 43.772379528386779 ], [ -0.600142939087291, 43.77179476445653 ], [ -0.599473594601876, 43.771668970895654 ], [ -0.599364513627957, 43.771479422659944 ], [ -0.598939419358817, 43.770962902935146 ], [ -0.598412621942001, 43.770399661074975 ], [ -0.599422871851586, 43.770035868524729 ], [ -0.599478639919163, 43.769817567162718 ], [ -0.599560472503489, 43.769478920077077 ], [ -0.598821721065272, 43.769306428300581 ], [ -0.598151169223394, 43.769180660374374 ], [ -0.597382652576353, 43.769056640903514 ], [ -0.596646459114123, 43.768933540377319 ], [ -0.59643818396599, 43.769396145534074 ], [ -0.595028889475508, 43.769073557857183 ], [ -0.593623273026288, 43.768846204482038 ], [ -0.59344599001782, 43.769260289506093 ], [ -0.591948754259398, 43.768530748134786 ], [ -0.591270757020616, 43.768863006359204 ], [ -0.590629913636458, 43.76868691520486 ], [ -0.5898639600372, 43.768612248662457 ], [ -0.589093022111531, 43.768440560914605 ], [ -0.588555082426954, 43.768310255126714 ], [ -0.587785405072071, 43.768187099475917 ], [ -0.587049191250937, 43.768038748183365 ], [ -0.586669599598508, 43.769033983486544 ], [ -0.585794405751774, 43.76944258886482 ], [ -0.584988762177505, 43.769271807663216 ], [ -0.583063853423272, 43.769228328263395 ], [ -0.58200281188764, 43.769208331139851 ], [ -0.581123852245037, 43.769544136727582 ], [ -0.580310620568697, 43.76985477808757 ], [ -0.580009213137435, 43.770440392854532 ], [ -0.578568956403745, 43.770166101541164 ], [ -0.577755655921896, 43.770475825581656 ], [ -0.576110687553258, 43.7707368332659 ], [ -0.575270345903815, 43.770542624993652 ], [ -0.57376047724983, 43.770824254469936 ], [ -0.573519734890576, 43.771311070783746 ], [ -0.57130208592875, 43.771393979169986 ], [ -0.569776257851504, 43.771388129342085 ], [ -0.569172994787181, 43.770634303153841 ], [ -0.568964897759281, 43.770448281359791 ], [ -0.567344316522798, 43.771187952411154 ], [ -0.567271291715042, 43.772992574741323 ], [ -0.566306924099339, 43.772946444335759 ], [ -0.564885940163425, 43.771735040969929 ], [ -0.563751362174733, 43.772270045063131 ], [ -0.562598894925721, 43.771796240523003 ], [ -0.560944037990888, 43.771840493055663 ], [ -0.560251088962628, 43.771931877677687 ], [ -0.558599829979348, 43.772071348325397 ], [ -0.557931813685272, 43.77194526527478 ], [ -0.556253190183216, 43.772230255018876 ], [ -0.555821086410161, 43.771568039812507 ], [ -0.55399840700362, 43.772242736384456 ], [ -0.553820662313271, 43.771333556101709 ], [ -0.552559461139488, 43.771992353747969 ], [ -0.551649285867634, 43.772353034650145 ], [ -0.550772568783942, 43.772712816411108 ], [ -0.549914135141872, 43.774755120296312 ], [ -0.549777230413587, 43.775311076424529 ], [ -0.549124952611847, 43.776842350673334 ], [ -0.548115500615708, 43.777205643412294 ], [ -0.547597028420724, 43.778781922500343 ], [ -0.546120889021516, 43.778437089152689 ], [ -0.544806526184904, 43.778663634313538 ], [ -0.543772736894242, 43.77854718434326 ], [ -0.543035264166006, 43.778398566131635 ], [ -0.54243044793914, 43.778246419807068 ], [ -0.541551115591616, 43.778581906813692 ], [ -0.540813661721443, 43.778408985912627 ], [ -0.540113290245201, 43.778355612583184 ], [ -0.539516488449405, 43.777698603499942 ], [ -0.538737611868777, 43.778032301447872 ], [ -0.537397765819505, 43.777779085793611 ], [ -0.535720848179889, 43.777414249958234 ], [ -0.535117285736895, 43.777286317675134 ], [ -0.534913329853244, 43.777844927889426 ], [ -0.534233076772451, 43.777525624558464 ], [ -0.532798975582255, 43.77737199773135 ], [ -0.532028091312721, 43.77719990330425 ], [ -0.531392289055892, 43.777097090877788 ], [ -0.530654885261936, 43.776924101096434 ], [ -0.530227144918403, 43.77698398875696 ], [ -0.529315101226862, 43.776670785805585 ], [ -0.529007072731153, 43.777135885988685 ], [ -0.528328127339252, 43.776841698892241 ], [ -0.526896474102215, 43.776711317795076 ], [ -0.526387281288677, 43.776484596137827 ], [ -0.525523174278362, 43.776482229156414 ], [ -0.524784622068227, 43.776285843061515 ], [ -0.524414140992527, 43.776175986253023 ], [ -0.52344487916089, 43.776032455378967 ], [ -0.522788571295727, 43.775520853939597 ], [ -0.521762442052159, 43.77619736919921 ], [ -0.519651932218537, 43.775772660326723 ], [ -0.518001679161628, 43.775935768116355 ], [ -0.517333660462649, 43.77585800974969 ], [ -0.515893593176512, 43.77555859762586 ], [ -0.514981958640509, 43.775895615126046 ], [ -0.513335287128904, 43.776130518373101 ], [ -0.511860612028068, 43.775833761948576 ], [ -0.511222389342363, 43.775681423163739 ], [ -0.509609225679437, 43.775916288736191 ], [ -0.508906560988792, 43.775790814857103 ], [ -0.50746175386502, 43.77542035507129 ], [ -0.506865456598144, 43.775435999078098 ], [ -0.504973902005728, 43.776062188733228 ], [ -0.502760685942447, 43.775591273555669 ], [ -0.502484709019376, 43.776031166184019 ], [ -0.501282451904442, 43.775221608295311 ], [ -0.500477077557337, 43.775699640948403 ], [ -0.498930737786031, 43.775955984714777 ], [ -0.497249439679377, 43.776144773400645 ], [ -0.496306570239918, 43.776504935195369 ], [ -0.495425753500855, 43.776840080209119 ], [ -0.49444590244666, 43.777131030064496 ], [ -0.494170982119147, 43.777618546417884 ], [ -0.493572290659369, 43.777586505345496 ], [ -0.492661608023886, 43.777945794237795 ], [ -0.491220467234434, 43.777647883145036 ], [ -0.489933238768047, 43.779099076383403 ], [ -0.488555383811242, 43.778750905785429 ], [ -0.488212288291835, 43.779191609534422 ], [ -0.485295163406852, 43.779219912815108 ], [ -0.484744020772451, 43.780147255474006 ], [ -0.484077237960948, 43.780069259794381 ], [ -0.483265641784599, 43.780425889577295 ], [ -0.482283181235433, 43.780691608851477 ], [ -0.481685748482374, 43.780660368209467 ], [ -0.481021362298864, 43.780003910823432 ], [ -0.480416734153099, 43.779827131002293 ], [ -0.479714085576581, 43.77970146766706 ], [ -0.478137707628303, 43.780006863956629 ], [ -0.477671864124922, 43.779297558603581 ], [ -0.476835414727605, 43.779151963544557 ], [ -0.476270285054805, 43.778492903533959 ], [ -0.475700404762082, 43.778340382736516 ], [ -0.47475372671975, 43.778651879087015 ], [ -0.474145541265975, 43.778427484160694 ], [ -0.472554893019893, 43.778468716601594 ], [ -0.471942017779452, 43.778123898413959 ], [ -0.470396152158961, 43.777059356659535 ], [ -0.470005321277293, 43.777214295524622 ], [ -0.468770870322862, 43.777077144929137 ], [ -0.467892725629593, 43.776739170102196 ], [ -0.467185779352196, 43.775844470652196 ], [ -0.466832203114773, 43.775420059398684 ], [ -0.465489289170741, 43.775095884823159 ], [ -0.464117605852638, 43.77484259787537 ], [ -0.462755825579962, 43.776128069896643 ], [ -0.462065771930464, 43.776938341667417 ], [ -0.46123553453988, 43.77828112952561 ], [ -0.460814328901092, 43.779157313165214 ], [ -0.460475740333663, 43.779694053274142 ], [ -0.460706782457805, 43.781010349086095 ], [ -0.459855357527605, 43.781898529816758 ], [ -0.458812398480019, 43.782982335854626 ], [ -0.458041942571342, 43.784155353522038 ], [ -0.457500845098439, 43.785322454984048 ], [ -0.457211059583456, 43.78617185223051 ], [ -0.456964630886043, 43.786538900672923 ], [ -0.455159965511445, 43.789637381902224 ], [ -0.448688670981368, 43.788241394111964 ], [ -0.447315549707638, 43.787988822529236 ], [ -0.445803313800902, 43.788242621184757 ], [ -0.442819347944443, 43.787622951165254 ], [ -0.442362695335782, 43.786432935988756 ], [ -0.441599533347149, 43.787101927587457 ], [ -0.440775864337761, 43.787218377010731 ], [ -0.440850466375049, 43.78671185138527 ], [ -0.441091267608387, 43.786201967341498 ], [ -0.44100559811896, 43.785794894028484 ], [ -0.439790485047569, 43.785369077660143 ], [ -0.440241975258539, 43.784444532643121 ], [ -0.440270819615354, 43.784323262280367 ], [ -0.439910479100861, 43.783731632876894 ], [ -0.440172303140738, 43.783678153615007 ], [ -0.440537438660707, 43.78299418421571 ], [ -0.441072974127364, 43.781731974470681 ], [ -0.441646510633446, 43.780587521036949 ], [ -0.440984429172897, 43.780604486977168 ], [ -0.440638818074421, 43.779627504390596 ], [ -0.439849857451131, 43.779791631919068 ], [ -0.439377525754847, 43.778939322564284 ], [ -0.438551648657666, 43.779008141165107 ], [ -0.437914870381281, 43.778856237378449 ], [ -0.437383813969898, 43.778173627392398 ], [ -0.436886099177137, 43.777512649489836 ], [ -0.436147737807414, 43.777339049014792 ], [ -0.435687164853447, 43.776726588028545 ], [ -0.435189584696095, 43.776042213883251 ], [ -0.434528735077235, 43.776083396170165 ], [ -0.43442013595553, 43.775917969363967 ], [ -0.433510331326279, 43.776301915292457 ], [ -0.432873553041992, 43.776149083841631 ], [ -0.43163881027991, 43.775339609472411 ], [ -0.430933966070134, 43.775165118933053 ], [ -0.429531319573578, 43.77496076088665 ], [ -0.428795431896862, 43.774811334888803 ], [ -0.42819635582306, 43.774105235598654 ], [ -0.427418054824656, 43.774462388876394 ], [ -0.426625700888867, 43.774530262914446 ], [ -0.425977256734179, 43.774161815075558 ], [ -0.42453769405412, 43.773886376448495 ], [ -0.423977108632298, 43.773972612957678 ], [ -0.423099277748591, 43.773634276296349 ], [ -0.422425645037868, 43.773411265060851 ], [ -0.421700223290923, 43.773502584876375 ], [ -0.421093218124066, 43.772605063431619 ], [ -0.420213324171753, 43.772915277614167 ], [ -0.41963181795067, 43.772569377059696 ], [ -0.419184204552942, 43.772220069582019 ], [ -0.418480654599326, 43.77207065278462 ], [ -0.417807058465779, 43.771847613114524 ], [ -0.417304975647178, 43.771090423116505 ], [ -0.417178265481751, 43.771190785351685 ], [ -0.416170265986405, 43.771623850713027 ], [ -0.414094185800531, 43.771196239645086 ], [ -0.413385863333749, 43.770973155165102 ], [ -0.412859885384492, 43.770362267004032 ], [ -0.41191191216393, 43.770650753817137 ], [ -0.410783876034936, 43.769934592957995 ], [ -0.410570507455005, 43.770348359699149 ], [ -0.411070040346465, 43.771080457543754 ], [ -0.410125583299199, 43.771416511065702 ], [ -0.409247918513691, 43.771799435442361 ], [ -0.409844325384837, 43.772481413597681 ], [ -0.409006979798895, 43.772311040257108 ], [ -0.408624249644174, 43.773305652894642 ], [ -0.407148982060035, 43.772982319305392 ], [ -0.405811053606116, 43.772752633966846 ], [ -0.405542323028274, 43.772662290215088 ], [ -0.404198621131475, 43.773008390454038 ], [ -0.403428228760356, 43.772836281220926 ], [ -0.403699202902659, 43.772277158325387 ], [ -0.402996817057098, 43.772150998789193 ], [ -0.400924302910964, 43.771769819547131 ], [ -0.399624403162328, 43.771658727777442 ], [ -0.398494096439055, 43.7709182137799 ], [ -0.397444567765651, 43.770463479713086 ], [ -0.395199108564924, 43.769967827395433 ], [ -0.394074528670548, 43.771414616823165 ], [ -0.393162197695264, 43.771749710683288 ], [ -0.39295338034445, 43.772235282269634 ], [ -0.391828797800128, 43.772984964706794 ], [ -0.390894449669414, 43.773560749553361 ], [ -0.390016700389038, 43.773919231445305 ], [ -0.388574995289678, 43.773594803086119 ], [ -0.388078051659213, 43.77291111286025 ], [ -0.386307412361199, 43.773363961983883 ], [ -0.385421683195836, 43.773530121942443 ], [ -0.384594659928788, 43.773574273151873 ], [ -0.3826511038223, 43.77386410296964 ], [ -0.382644236958063, 43.773720361745859 ], [ -0.380805865430054, 43.773405781649863 ], [ -0.378822645884962, 43.774945884179338 ], [ -0.379444805943092, 43.773391323709134 ], [ -0.375126024655254, 43.774629171177558 ], [ -0.374489337479823, 43.774500284635423 ], [ -0.373547987944848, 43.774933077184485 ], [ -0.371335948274728, 43.774460379763269 ], [ -0.369053292778167, 43.774564152234177 ], [ -0.36690709928128, 43.774065437066966 ], [ -0.365257655449811, 43.774251375351447 ], [ -0.364404865766502, 43.773046675362863 ], [ -0.363602185998696, 43.772897577081068 ], [ -0.362863043013318, 43.772701018665138 ], [ -0.361597095483227, 43.77189065362851 ], [ -0.361839650670863, 43.77140430927988 ], [ -0.362101224593768, 43.769931694790777 ], [ -0.360211049006975, 43.769906784960462 ], [ -0.35950640031005, 43.769756118359119 ], [ -0.358728834323714, 43.770136135623815 ], [ -0.357975628675144, 43.770323059815574 ], [ -0.356742309206285, 43.770881688824588 ], [ -0.355141095394678, 43.772821097484446 ], [ -0.354230763818142, 43.773203478993764 ], [ -0.353729692589299, 43.77242350359991 ], [ -0.345627733171881, 43.770773237795147 ], [ -0.343116237026026, 43.770257916756236 ], [ -0.341707208088678, 43.769933866251456 ], [ -0.34158356575363, 43.770128502288891 ], [ -0.338589819166406, 43.769913713271862 ], [ -0.337040717042969, 43.770121030813151 ], [ -0.335631641714028, 43.76979510461323 ], [ -0.333987783063044, 43.77009915540895 ], [ -0.333521582974066, 43.769341622084511 ], [ -0.333031042945451, 43.768752881616692 ], [ -0.330439340174438, 43.767951429054612 ], [ -0.327253826561136, 43.767188797799811 ], [ -0.324478553285073, 43.766704721406242 ], [ -0.319358607705816, 43.766397682096795 ], [ -0.317199681625967, 43.766354326987774 ], [ -0.315795552566003, 43.76607659703641 ], [ -0.315481003366929, 43.764306126295203 ], [ -0.315980075889679, 43.763644526404519 ], [ -0.317277181174048, 43.763011954336214 ], [ -0.308151234706321, 43.761409213469577 ], [ -0.305241527893296, 43.760879369585403 ], [ -0.302819028966123, 43.760097439229746 ], [ -0.300386294966352, 43.759146615320454 ], [ -0.298576943044622, 43.757989906261194 ], [ -0.297956287934999, 43.757475240975552 ], [ -0.295681336283923, 43.75558509141689 ], [ -0.295018470369576, 43.754182817028195 ], [ -0.294340272537037, 43.752421148586322 ], [ -0.294286092300166, 43.752322629454454 ], [ -0.294306929486319, 43.752397674057171 ], [ -0.292891067583591, 43.749786877903766 ], [ -0.292855901371823, 43.749723873283898 ], [ -0.291681597422328, 43.748688364759573 ], [ -0.288626963598125, 43.747849520967826 ], [ -0.283852596969137, 43.745681509714338 ], [ -0.281952435407923, 43.744718321791758 ], [ -0.281853631823533, 43.743999390083019 ], [ -0.277958396437542, 43.740729711488079 ], [ -0.276158025096451, 43.739042708167233 ], [ -0.275116036673101, 43.73798676111187 ], [ -0.273349470318878, 43.735626158152641 ], [ -0.270582174555559, 43.734539776697751 ], [ -0.270123686453019, 43.733925734599872 ], [ -0.270537577987051, 43.732833808266797 ], [ -0.270075856220337, 43.732148793200793 ], [ -0.26737675842233, 43.731084081095126 ], [ -0.267585385572963, 43.730574509558082 ], [ -0.268002498943694, 43.729579652391642 ], [ -0.263831849332643, 43.726050848216779 ], [ -0.265394877514434, 43.725436805775246 ], [ -0.266085811132024, 43.723160957362467 ], [ -0.266841430325325, 43.722301874977468 ], [ -0.267873009557061, 43.720210295937129 ], [ -0.268193259672721, 43.719241156928199 ], [ -0.269103796390071, 43.718138198738011 ], [ -0.269814366817944, 43.717760448328455 ], [ -0.269041840978715, 43.717515520555729 ], [ -0.268108039086292, 43.716671883467086 ], [ -0.26621021846768, 43.715732696511132 ], [ -0.260958853523549, 43.714608656940086 ], [ -0.25743712472642, 43.71296358404782 ], [ -0.25373316487184, 43.710168873434462 ], [ -0.249231733083411, 43.70804154045851 ], [ -0.241627035019118, 43.702528135523714 ], [ -0.240517640483524, 43.702145340501126 ], [ -0.239248731107446, 43.701935408944266 ], [ -0.237597672647143, 43.70204662628371 ], [ -0.234722025744359, 43.701418859519386 ], [ -0.235000759319737, 43.701003032719711 ], [ -0.235415124908241, 43.69991216534401 ], [ -0.220305062716512, 43.693084301563104 ], [ -0.221363552725796, 43.691594263396617 ], [ -0.222160430098345, 43.690158064824971 ], [ -0.215529849755364, 43.686277464709207 ], [ -0.214392909799296, 43.686015579017614 ], [ -0.211856010464283, 43.685595094119371 ], [ -0.210936839949219, 43.684271326666554 ], [ -0.210299560612406, 43.684069584851976 ], [ -0.206692926560423, 43.683361181619574 ], [ -0.205320163113864, 43.683032798206902 ], [ -0.203882930276391, 43.682731092387719 ], [ -0.204025064214857, 43.682222332066374 ], [ -0.202655742135217, 43.681942399203045 ], [ -0.201559994700925, 43.681127228399902 ], [ -0.201869131613919, 43.68063973646867 ], [ -0.20173364407253, 43.680546686007681 ], [ -0.198002555095622, 43.679288735141093 ], [ -0.191087022740077, 43.6779126282566 ], [ -0.189971041310836, 43.677362221650299 ], [ -0.186889835219545, 43.675800045628193 ], [ -0.185663031112213, 43.675011163969387 ], [ -0.183441743864438, 43.674174386462525 ], [ -0.182838268721146, 43.673274731421763 ], [ -0.182200015880818, 43.671559304734423 ], [ -0.181035620945328, 43.670721260404179 ], [ -0.181246035933458, 43.670211849249569 ], [ -0.179505850369304, 43.669772092554737 ], [ -0.177102687819011, 43.669299148858848 ], [ -0.176384059334809, 43.668762763550205 ], [ -0.175260221772778, 43.66881403807654 ], [ -0.172147395680458, 43.668765744593756 ], [ -0.170210131360317, 43.668377174722039 ], [ -0.168450407106362, 43.668250656138227 ], [ -0.165170547355186, 43.668206029724317 ], [ -0.161455177540836, 43.668004088231136 ], [ -0.157788604788393, 43.667415992883278 ], [ -0.154209534173049, 43.666560467024532 ], [ -0.15115046032396, 43.665525601716887 ], [ -0.14844650287257, 43.66419472242778 ], [ -0.146901320516357, 43.662931614395646 ], [ -0.148320960564306, 43.661313559107256 ], [ -0.149941454582639, 43.659787093992399 ], [ -0.15140250697928, 43.658383877433437 ], [ -0.152932163371299, 43.657050106642444 ], [ -0.152129810813173, 43.656828455195388 ], [ -0.150545505711712, 43.656937731854462 ], [ -0.147978434365329, 43.657261108964818 ], [ -0.146254323221492, 43.657203566653074 ], [ -0.143972076165634, 43.657953769991195 ], [ -0.142703638020103, 43.659232862142957 ], [ -0.139997792137459, 43.658645546663664 ], [ -0.136385963798336, 43.65932889135447 ], [ -0.134317971706368, 43.659711575940051 ], [ -0.132120579122293, 43.66093980793481 ], [ -0.130774618787429, 43.66272502653171 ], [ -0.129053480758337, 43.664229207098238 ], [ -0.128493548856553, 43.665059421237586 ], [ -0.126308528275405, 43.665061516616824 ], [ -0.12386817434187, 43.665260923172781 ], [ -0.121348586108509, 43.665174301693483 ], [ -0.118882369350812, 43.664773458285474 ], [ -0.115399147354508, 43.663794887962581 ], [ -0.11506421602861, 43.664475143746465 ], [ -0.112803326940659, 43.66423857681626 ], [ -0.112325220571278, 43.665450844795828 ], [ -0.111677331211109, 43.666546448562485 ], [ -0.111456207338083, 43.666791561111445 ], [ -0.109155587446103, 43.667132257078102 ], [ -0.10859205823455, 43.667914781996771 ], [ -0.107905690904183, 43.668866447224275 ], [ -0.106912635787313, 43.669657766599329 ], [ -0.105956086435154, 43.670521094986739 ], [ -0.105125190169104, 43.670442723702138 ], [ -0.103785739557591, 43.670088943796813 ], [ -0.102182653797838, 43.669740190453716 ], [ -0.100300029260178, 43.669806884049898 ], [ -0.098972272027755, 43.66897166549775 ], [ -0.098581751048211, 43.668355452576371 ], [ -0.097109968292657, 43.668004570664081 ], [ -0.096586057037568, 43.66736797029963 ], [ -0.095359890446911, 43.666530426975456 ], [ -0.093465513419679, 43.665563095975045 ], [ -0.091429968923704, 43.665177137867609 ], [ -0.089940395481702, 43.665161992057151 ], [ -0.089048963443529, 43.665230540513178 ], [ -0.086314732592852, 43.666299890576575 ], [ -0.081788494924755, 43.668083693443926 ], [ -0.081933947217562, 43.667599329347468 ], [ -0.081665274435321, 43.667485730288604 ], [ -0.07913039071307, 43.667037857697345 ], [ -0.07769111091038, 43.666660810261469 ], [ -0.076531642366411, 43.665870133271504 ], [ -0.074999522630778, 43.665639904845314 ], [ -0.074359932311029, 43.665366390547682 ], [ -0.073137946550375, 43.664648115057751 ], [ -0.07243663574574, 43.664496466966661 ], [ -0.071703850597673, 43.664391377807284 ], [ -0.070856199709042, 43.664675526042629 ], [ -0.070121229763331, 43.664547993014168 ], [ -0.069420066506405, 43.664370243477819 ], [ -0.068688387421051, 43.664291188313285 ], [ -0.0679525813358, 43.664114199572772 ], [ -0.067677848902533, 43.66464907519542 ], [ -0.067308967929627, 43.665330824424039 ], [ -0.066842058007876, 43.666038131044338 ], [ -0.067364602587578, 43.666650617057904 ], [ -0.066692588218315, 43.667194316238984 ], [ -0.065038280529182, 43.669562857042841 ], [ -0.064335617559337, 43.669409386522361 ], [ -0.063489821777015, 43.669740196655006 ], [ -0.062689246059046, 43.669614965974581 ], [ -0.061600798986093, 43.67047991260128 ], [ -0.060722536590222, 43.670834801252077 ], [ -0.059535822665264, 43.671750464299258 ], [ -0.058690764635967, 43.672129780476354 ], [ -0.05774388017996, 43.672415120851781 ], [ -0.057466718150687, 43.672924845013668 ], [ -0.054061521263314, 43.672255527714881 ], [ -0.051859359638075, 43.671823944541721 ], [ -0.051157979591222, 43.671671259366036 ], [ -0.050455365613369, 43.671518596965882 ], [ -0.049720798181244, 43.671342354500347 ], [ -0.049082019662258, 43.671116334272227 ], [ -0.048597253898084, 43.670573970826432 ], [ -0.04817291014375, 43.669935851072516 ], [ -0.047559493820024, 43.669515921406905 ], [ -0.045508242770315, 43.668719383761704 ], [ -0.045439075945087, 43.667063562189021 ], [ -0.042815146615584, 43.667650059514422 ], [ -0.040974286969756, 43.668747157013989 ], [ -0.039347228979552, 43.668614732083618 ], [ -0.038402099439206, 43.668972703456028 ], [ -0.037763354884028, 43.668745718413923 ], [ -0.036328608825639, 43.668441765710689 ], [ -0.034959911024431, 43.668206489225227 ], [ -0.03419302695107, 43.668055132136907 ], [ -0.033525193460585, 43.667902499495334 ], [ -0.032857059199518, 43.667772350913502 ], [ -0.032091194141273, 43.667645236930952 ], [ -0.030654224089445, 43.667316079987927 ], [ -0.029284100843486, 43.66698544287118 ], [ -0.027849175164625, 43.666704764781386 ], [ -0.027147652977715, 43.666575311237239 ], [ -0.025924533030948, 43.665785498285281 ], [ -0.025254505996357, 43.665608583936923 ], [ -0.024665790983568, 43.664972170197672 ], [ -0.024115901396425, 43.663687443634146 ], [ -0.023817268611301, 43.662876537066133 ], [ -0.020210663581522, 43.662883216160715 ], [ -0.018742473017953, 43.662603146032254 ], [ -0.017536081074469, 43.662243622018387 ], [ -0.014179777880524, 43.662702373026526 ], [ -0.013135512860033, 43.663060476232651 ], [ -0.012595973198294, 43.66283209216018 ], [ -0.01173514008359, 43.66280221937798 ], [ -0.011001564120139, 43.662674258362031 ], [ -0.010283056446389, 43.662882284655105 ], [ -0.00955147857788, 43.662802829935963 ], [ -0.008754998283746, 43.662771538087263 ], [ -0.007949894655697, 43.662500328069378 ], [ -0.007348744317751, 43.662369473005512 ], [ -0.007770133910885, 43.661351388006715 ], [ -0.007034591815849, 43.661174884130347 ], [ -0.007453984198735, 43.660108285178772 ], [ -0.007032375719705, 43.659493342046403 ], [ -0.007276197851622, 43.659006963953637 ], [ -0.007252493996005, 43.658430162163782 ], [ -0.005490364028644, 43.657411710740007 ], [ -0.007671380744161, 43.654097523872878 ], [ -0.007291690028009, 43.652904364169402 ], [ -0.007537475595663, 43.652466503702165 ], [ -0.011923148679849, 43.652900137669334 ], [ -0.012409615056201, 43.653465990644534 ], [ -0.013143800094241, 43.65364158541572 ], [ -0.014366994916803, 43.654383864472244 ], [ -0.014991857437809, 43.655091478185078 ], [ -0.015660528882283, 43.655269379993946 ], [ -0.016321273150924, 43.655255011580941 ], [ -0.017974176876325, 43.656804422394018 ], [ -0.020418384752961, 43.658288915361283 ], [ -0.021160641686831, 43.658657621109555 ], [ -0.022145100740342, 43.658443723437955 ], [ -0.022247703728132, 43.657720288204537 ], [ -0.022734374168207, 43.656700718633147 ], [ -0.023825388602373, 43.655860402554232 ], [ -0.023928736127411, 43.655185509729044 ], [ -0.024486149593543, 43.654260609010564 ], [ -0.016675099155897, 43.652604434600995 ], [ -0.016295230148397, 43.651411307826038 ], [ -0.01660578762327, 43.650924356921472 ], [ -0.015070821648829, 43.648986598234352 ], [ -0.012266840487056, 43.648374887722419 ], [ -0.010308463284372, 43.647457006909114 ], [ -0.011926953913171, 43.643337542652105 ], [ -0.012281319578292, 43.642320905096767 ], [ -0.013014930374516, 43.640862597770152 ], [ -0.013667176028112, 43.63902298067169 ], [ -0.013319098399544, 43.638598012542815 ], [ -0.01329141960585, 43.637925987454658 ], [ -0.014486384176009, 43.637150057216878 ], [ -0.014469069001242, 43.637000261736894 ], [ -0.010952866054358, 43.631912363867606 ], [ -0.006676778361113, 43.625908360184781 ], [ -0.003155130403222, 43.621770873235114 ], [ -0.005207220670287, 43.611694796781549 ], [ -0.007282094664845, 43.609846011055872 ], [ -0.009830405547459, 43.607386236769962 ], [ -0.009397549828496, 43.597937766392747 ], [ -0.000549495636515, 43.594201750877346 ], [ 0.006068041434184, 43.590894440544211 ], [ 0.003608880534495, 43.579871248175237 ], [ 0.008421937309012, 43.56966234256646 ], [ 0.011153665251707, 43.565225298381151 ], [ 0.01348198167015, 43.563157842795668 ], [ 0.014041386705355, 43.557518587273449 ], [ 0.018347549730579, 43.553282515982801 ], [ 0.020830176650976, 43.549127700738239 ], [ 0.025843291111383, 43.543703471633989 ], [ 0.030953074740245, 43.539964325683528 ], [ 0.037519867220213, 43.536978011765278 ], [ 0.037327863709434, 43.53348703992333 ], [ 0.035748555330046, 43.527561318054431 ], [ 0.039413753541385, 43.522298499269027 ], [ 0.03917055870019, 43.520540910762449 ], [ 0.039820020230519, 43.516707345253394 ], [ 0.041044003861236, 43.510961878646363 ], [ 0.040048015071714, 43.506971951020169 ], [ 0.038578946359854, 43.502371337520074 ], [ 0.037840820348994, 43.500177946414901 ], [ 0.03723809666099, 43.494649016519332 ], [ 0.035878349447611, 43.487405541822255 ], [ 0.036140282977863, 43.485006906755046 ], [ 0.037677525480874, 43.483717088132209 ], [ 0.040029057398036, 43.47859642044498 ], [ 0.044365936566041, 43.471886979491771 ], [ 0.045849211084668, 43.469341684570509 ], [ 0.04885153069354, 43.468563860220691 ], [ 0.053696777560712, 43.467103010863823 ], [ 0.05628569509737, 43.464272606080229 ], [ 0.05780477741031, 43.461615549346583 ], [ 0.059817557829778, 43.456379549620593 ], [ 0.060517869880677, 43.454565605876972 ], [ 0.062681969079074, 43.451409651705006 ], [ 0.063785491368492, 43.450003389647598 ], [ 0.072895386021005, 43.449113461188425 ], [ 0.077055043901793, 43.448238713317082 ], [ 0.080570172290846, 43.440828505685019 ], [ 0.082051311530879, 43.434516625465342 ], [ 0.082726380589769, 43.431250986655641 ], [ 0.083018129256115, 43.426722263021581 ], [ 0.084571654627452, 43.424951241123175 ], [ 0.08803471440034, 43.420816010181625 ], [ 0.089955890320379, 43.418090620419818 ], [ 0.089946291776355, 43.414122950594077 ], [ 0.088518881639412, 43.410871022992538 ], [ 0.089304590308047, 43.409420184783869 ], [ 0.091556740358775, 43.406701704347036 ], [ 0.092851070923352, 43.403122649317154 ], [ 0.093778729981547, 43.40049702054835 ], [ 0.095600273847087, 43.400293988807704 ], [ 0.097246413102336, 43.38770504240577 ], [ 0.097658996202767, 43.381342297029022 ], [ 0.097259111559161, 43.37892822571289 ], [ 0.093138872907297, 43.374966831354357 ], [ 0.095118306400438, 43.374676318349898 ], [ 0.096260817969225, 43.370732776022706 ], [ 0.094476754328252, 43.367135581839719 ], [ 0.094956837927083, 43.366265454179988 ], [ 0.09510155552259, 43.363573260104488 ], [ 0.09531454882166, 43.360584026107873 ], [ 0.096272041806174, 43.356985493993541 ], [ 0.098037784445332, 43.350572855412572 ], [ 0.097656073698081, 43.344544395157143 ], [ 0.099096645718682, 43.333668815325588 ], [ 0.100086663956054, 43.330260704712671 ], [ 0.10085964302403, 43.326163071878149 ], [ 0.101218267667134, 43.322206070231104 ], [ 0.101989797843769, 43.310745938476138 ], [ 0.101660616565004, 43.304123682354884 ], [ 0.10110786171174, 43.299167061510708 ], [ 0.09605852342627, 43.291625884166123 ], [ 0.090711138059779, 43.289471029056479 ], [ 0.092375887396713, 43.284817796146498 ], [ 0.089992772230737, 43.279594626513138 ], [ 0.088288198526074, 43.275715137127186 ], [ 0.089721001781685, 43.272739954823365 ], [ 0.089553755779168, 43.268338885822864 ], [ 0.08921558334196, 43.265005779925502 ], [ 0.088929790801434, 43.261875136324235 ], [ 0.088856441705637, 43.25821947771864 ], [ 0.08742321062784, 43.248969280004985 ], [ 0.087318571986762, 43.245142210500241 ], [ 0.087618582031049, 43.243007282713634 ], [ 0.087491703809635, 43.240721395699367 ], [ 0.089708326615638, 43.237456199739405 ], [ 0.093216631031393, 43.232619706419563 ], [ 0.096376161293398, 43.228642394366396 ], [ 0.098140656030917, 43.223959083539427 ], [ 0.099619007954255, 43.221377704575723 ], [ 0.100021764353749, 43.219745619233059 ], [ 0.099037057913775, 43.216470237893539 ], [ 0.09808517656777, 43.214373976299377 ], [ 0.096883171766937, 43.211130012030559 ], [ 0.096567251100759, 43.207728347412306 ], [ 0.09773050610303, 43.204426756100254 ], [ 0.097083583544773, 43.202015063438253 ], [ 0.097412567830316, 43.197891599806887 ], [ 0.089696138832306, 43.197730393135529 ], [ 0.089440632739382, 43.199929088331338 ], [ 0.089127667303476, 43.203847937875992 ], [ 0.089226527542251, 43.20974037952044 ], [ 0.088808166568481, 43.212016589531217 ], [ 0.087352959236862, 43.216825736520242 ], [ 0.08706459519217, 43.219231422621469 ], [ 0.08776583645121, 43.221851099718307 ], [ 0.087954070804013, 43.223918903330777 ], [ 0.08555804205621, 43.228291296089544 ], [ 0.084130925541004, 43.230360315273657 ], [ 0.081040376073571, 43.234090643264729 ], [ 0.079616384625546, 43.243424682944607 ], [ 0.079446027780249, 43.247759270557047 ], [ 0.078313346889316, 43.253267423895728 ], [ 0.077369680229162, 43.256373145977847 ], [ 0.076255128992336, 43.260380496716053 ], [ 0.07827512801844, 43.262650504141163 ], [ 0.077811991043049, 43.264480881825932 ], [ 0.073693501669456, 43.270359581596331 ], [ 0.074904529125686, 43.273029741748196 ], [ 0.075772053410622, 43.276053143759093 ], [ 0.075387060836225, 43.277487847110635 ], [ 0.076597088044478, 43.28015797871641 ], [ 0.075332862527533, 43.283017009059826 ], [ 0.074641046952066, 43.288051848065592 ], [ 0.073588665890581, 43.289713440011361 ], [ 0.071724286937706, 43.292086078521557 ], [ 0.069187909354779, 43.311430435796147 ], [ 0.069091213142284, 43.320043255965267 ], [ 0.071494406158564, 43.326093658281962 ], [ 0.073580520018325, 43.327459954734778 ], [ 0.078624687068146, 43.329008788680163 ], [ 0.078407134096931, 43.334533862304674 ], [ 0.081893303658497, 43.342180920035005 ], [ 0.08888999613698, 43.345708366023082 ], [ 0.089624718859107, 43.35087852139101 ], [ 0.088583354215829, 43.353277769081075 ], [ 0.087235893498368, 43.356882466705123 ], [ 0.083627666074594, 43.365120986531267 ], [ 0.081074721149977, 43.372132845744531 ], [ 0.082354518631119, 43.372366418752513 ], [ 0.083412971510445, 43.373998702308853 ], [ 0.08474749548489, 43.378548656795914 ], [ 0.086372229482056, 43.383529008194358 ], [ 0.086662333821202, 43.385463465110938 ], [ 0.08708686190218, 43.390379192112697 ], [ 0.086157002284046, 43.39249225391449 ], [ 0.08538333405788, 43.394895366857099 ], [ 0.084337964304024, 43.397559811713265 ], [ 0.084451527380347, 43.400002154530831 ], [ 0.08264520648481, 43.402668667264216 ], [ 0.080066951466974, 43.406521905469965 ], [ 0.07760240051303, 43.409296838382765 ], [ 0.071784018560961, 43.410497182599762 ], [ 0.070936002675978, 43.411079915191848 ], [ 0.071299934811527, 43.421333113695567 ], [ 0.07061032530573, 43.427664138011146 ], [ 0.067465800464327, 43.423750918981405 ], [ 0.062348036667136, 43.423883088647486 ], [ 0.060060569052703, 43.424366134960685 ], [ 0.060237471581255, 43.423484300608592 ], [ 0.061365318301153, 43.423688828082888 ], [ 0.060677689997841, 43.420011557499457 ], [ 0.060245607333862, 43.417477889992256 ], [ 0.061259121849272, 43.417421976892165 ], [ 0.060319627740359, 43.415615719896643 ], [ 0.059435335626913, 43.414159454116309 ], [ 0.057330910762746, 43.410827136131367 ], [ 0.055471371739653, 43.408937542192767 ], [ 0.053807429847986, 43.407464723497171 ], [ 0.053401966693015, 43.406964353158173 ], [ 0.051884710020492, 43.404939002965065 ], [ 0.051073533420271, 43.403019417758706 ], [ 0.05063022910426, 43.401676729628036 ], [ 0.050329651078271, 43.400310997613339 ], [ 0.05021534239079, 43.399622602111691 ], [ 0.051023285367802, 43.399860012229823 ], [ 0.051439812857582, 43.399648583366535 ], [ 0.05145537791062, 43.398794823995999 ], [ 0.052050284057405, 43.398562003791106 ], [ 0.052835925899153, 43.398461787047701 ], [ 0.053157119252207, 43.397950748688487 ], [ 0.054036172256365, 43.396403252277167 ], [ 0.054972349467979, 43.394286972208768 ], [ 0.05580684237875, 43.393360657006049 ], [ 0.056084804192319, 43.391332925156249 ], [ 0.056275690159552, 43.388736063444327 ], [ 0.055703493576057, 43.385707697591805 ], [ 0.054770940432246, 43.383280342748577 ], [ 0.054040409468222, 43.381569294808919 ], [ 0.053034853289487, 43.380111331625265 ], [ 0.052641674648914, 43.379740685820963 ], [ 0.05287175376524, 43.379317628592489 ], [ 0.054063675866074, 43.377427075693724 ], [ 0.054123426853025, 43.375926972139091 ], [ 0.054907366188526, 43.373199770187313 ], [ 0.054147698481327, 43.370892966094566 ], [ 0.05334670915889, 43.369593982340604 ], [ 0.052547685277812, 43.368710381451692 ], [ 0.052259660740341, 43.368393210715404 ], [ 0.05176177904266, 43.366169264839343 ], [ 0.051488513114189, 43.365451444148789 ], [ 0.051485709917196, 43.365089081080036 ], [ 0.051127295750664, 43.363385929828297 ], [ 0.05099998563632, 43.360367934464861 ], [ 0.051148516870934, 43.358404049498731 ], [ 0.052705519834414, 43.355380460540012 ], [ 0.053904348373804, 43.352468832975603 ], [ 0.054176471218036, 43.348759018188154 ], [ 0.054855789434119, 43.345525328464582 ], [ 0.05462428690591, 43.344162031519566 ], [ 0.053385105049091, 43.343669169671891 ], [ 0.053392831243743, 43.343475149718692 ], [ 0.053411850555828, 43.342595433241463 ], [ 0.053473656769402, 43.341043275871641 ], [ 0.053538081130084, 43.339827400737079 ], [ 0.053585933363626, 43.338625559230508 ], [ 0.053652777922488, 43.337410636947254 ], [ 0.05366620746565, 43.33620716868591 ], [ 0.053730121693553, 43.33500387366422 ], [ 0.053779038598459, 43.33377508995661 ], [ 0.053771433820916, 43.332635906553534 ], [ 0.054736791749673, 43.331091240242529 ], [ 0.055355902506275, 43.330262913789085 ], [ 0.05627997162091, 43.32839192980348 ], [ 0.054170201527928, 43.326639122064734 ], [ 0.052724516960791, 43.325559327978539 ], [ 0.051824965688671, 43.324556739087278 ], [ 0.05104589157096, 43.323621429161904 ], [ 0.049171745430084, 43.323038612925238 ], [ 0.049573369125913, 43.32232256926104 ], [ 0.050084203616204, 43.321491977945591 ], [ 0.050199058166171, 43.320834565037181 ], [ 0.049479062206037, 43.318450442414559 ], [ 0.048821099370171, 43.317167090811232 ], [ 0.048089170514404, 43.315948687006617 ], [ 0.047425256835672, 43.31484679557618 ], [ 0.046854830695879, 43.313593165136169 ], [ 0.046261077351835, 43.312492761054614 ], [ 0.045271913782093, 43.311060300392342 ], [ 0.044712306174504, 43.310000171259908 ], [ 0.044857334114635, 43.308126199418147 ], [ 0.044701728737413, 43.307152890004758 ], [ 0.044563920730767, 43.306165576733449 ], [ 0.044459665359683, 43.305232018471244 ], [ 0.044302880645068, 43.304257786461697 ], [ 0.044164234697472, 43.303322597322143 ], [ 0.044060304475162, 43.302350391856848 ], [ 0.044699925723403, 43.301004780643567 ], [ 0.045788220590259, 43.299888074028736 ], [ 0.046969130401803, 43.298762542556787 ], [ 0.048060108737886, 43.297607218532946 ], [ 0.04918562875572, 43.296479589174616 ], [ 0.051139122270496, 43.29813836002868 ], [ 0.051605262403865, 43.29712614189414 ], [ 0.052129753824979, 43.295946157370018 ], [ 0.052562430502362, 43.294908055906511 ], [ 0.052926263072019, 43.293774999990092 ], [ 0.052628918795289, 43.291413407947701 ], [ 0.052314424143929, 43.290008845813119 ], [ 0.050871638863193, 43.289745356363355 ], [ 0.0507773325237, 43.288992721004988 ], [ 0.050698985211808, 43.287839490043936 ], [ 0.050456798796444, 43.287277886382768 ], [ 0.050207005376553, 43.286845570412872 ], [ 0.049980501137167, 43.286322954574437 ], [ 0.050536338087195, 43.285713594783665 ], [ 0.050711707627832, 43.28486331521961 ], [ 0.050424811074886, 43.283200441566116 ], [ 0.049308284480477, 43.280095981507344 ], [ 0.049310755127478, 43.279138650327056 ], [ 0.049542230055328, 43.277744807108313 ], [ 0.050030380827952, 43.276176635090522 ], [ 0.04796868129463, 43.277220494001412 ], [ 0.047972945740036, 43.273596022151452 ], [ 0.04862659440597, 43.272289382838224 ], [ 0.049770353246345, 43.27112351618198 ], [ 0.050212101933285, 43.268958366851976 ], [ 0.051129958050198, 43.268149959600073 ], [ 0.05186566132604, 43.267467121654057 ], [ 0.051826106930168, 43.266637457015065 ], [ 0.051534121220345, 43.265103950292627 ], [ 0.051230225182125, 43.264735216519576 ], [ 0.050856090339478, 43.264338919017504 ], [ 0.050944855853418, 43.263901225311578 ], [ 0.052326387690647, 43.262998395730222 ], [ 0.051873304699894, 43.261928019077558 ], [ 0.050642607061088, 43.259908008779384 ], [ 0.049319698907477, 43.257549822013047 ], [ 0.04867437751384, 43.255102671632102 ], [ 0.048271975594263, 43.251004864073813 ], [ 0.048660987186908, 43.250068372233969 ], [ 0.0485246431161, 43.249509032168724 ], [ 0.048913356780731, 43.246851088910859 ], [ 0.048944665888717, 43.246528141958635 ], [ 0.049112108570701, 43.24497926204608 ], [ 0.04960393903151, 43.242632752743852 ], [ 0.050117498960852, 43.24041885066292 ], [ 0.050705220461326, 43.238101355602872 ], [ 0.051487698298766, 43.236202406486598 ], [ 0.051892038164935, 43.233207727277957 ], [ 0.053394020148669, 43.231698921194287 ], [ 0.053095178649203, 43.229661026997114 ], [ 0.052950572543491, 43.227949122972745 ], [ 0.053018523044673, 43.226023305201522 ], [ 0.052930042164172, 43.2246622746434 ], [ 0.052933365228456, 43.223032626498608 ], [ 0.052774392324889, 43.221682685125579 ], [ 0.053090064314413, 43.220667341695908 ], [ 0.052734647548996, 43.218446683408224 ], [ 0.051969478267487, 43.215466729543621 ], [ 0.044854904297366, 43.213282729999136 ], [ 0.04322918475302, 43.213648935869834 ], [ 0.043388472993693, 43.210119656437364 ], [ 0.043564090028447, 43.208828991898855 ], [ 0.040025846648507, 43.208779448800975 ], [ 0.036376562392821, 43.208894606166325 ], [ 0.035788591005731, 43.207497703200282 ], [ 0.036330969191891, 43.206319180056106 ], [ 0.03747120345521, 43.204570073970451 ], [ 0.038360889746914, 43.20330819241282 ], [ 0.038788912693054, 43.201699341609711 ], [ 0.039268134226825, 43.199884841988421 ], [ 0.039384630966873, 43.198722370022892 ], [ 0.03849801382388, 43.197021570519858 ], [ 0.037080171994221, 43.195334557390957 ], [ 0.035885834099793, 43.194234796481176 ], [ 0.033872131439443, 43.193717909134648 ], [ 0.024545228865365, 43.196927856608546 ], [ 0.027533599519867, 43.200034930324797 ], [ 0.029485884787064, 43.200800509471264 ], [ 0.031350515571965, 43.201914740499234 ], [ 0.031342734032527, 43.202108735230674 ], [ 0.029991588808461, 43.208007065402001 ], [ 0.030322144725185, 43.20855800122871 ], [ 0.030399299704375, 43.208870678609195 ], [ 0.032553288850223, 43.212980860046443 ], [ 0.032860244855614, 43.213232846326228 ], [ 0.033061250741334, 43.213522111065473 ], [ 0.034544476938136, 43.214045616367308 ], [ 0.035169905421499, 43.214784437762169 ], [ 0.036570808642752, 43.215124571437308 ], [ 0.036620198584904, 43.215241588020852 ], [ 0.037193722953744, 43.215927149440859 ], [ 0.037290015163654, 43.216162027748879 ], [ 0.038999308706924, 43.216781998534096 ], [ 0.039397128842201, 43.217436822056747 ], [ 0.041573513905139, 43.218764292403009 ], [ 0.043079083894211, 43.219626144249162 ], [ 0.043734312749328, 43.220053631232958 ], [ 0.045610660275171, 43.220896394427378 ], [ 0.045554462847755, 43.221011154782857 ], [ 0.044231282682555, 43.225772313856105 ], [ 0.043557614255301, 43.228022296157135 ], [ 0.044360407573329, 43.230083560808417 ], [ 0.045303936241831, 43.2321622064092 ], [ 0.046178020622395, 43.234226780670618 ], [ 0.047066858727809, 43.236354588944032 ], [ 0.046640841766142, 43.239916920527449 ], [ 0.046110071675261, 43.242158307549211 ], [ 0.045542475892075, 43.244397114148853 ], [ 0.045123290137733, 43.246459302526681 ], [ 0.04503121291273, 43.246548130589545 ], [ 0.043334840217257, 43.247366820939597 ], [ 0.042875170817686, 43.249116215174148 ], [ 0.040408025182059, 43.249710755198876 ], [ 0.039188568558427, 43.250991738640707 ], [ 0.037212326867308, 43.251700080124593 ], [ 0.03685763683758, 43.253064264836937 ], [ 0.036491560957051, 43.252900914338433 ], [ 0.03571310762652, 43.253791276363657 ], [ 0.03499509392688, 43.25446178983421 ], [ 0.034629117553347, 43.256964685675463 ], [ 0.037241076456074, 43.258936239761532 ], [ 0.038582461121156, 43.259960954818148 ], [ 0.039712654989125, 43.260916416225278 ], [ 0.039963039769891, 43.261298422962071 ], [ 0.041021654834548, 43.262291894566509 ], [ 0.041728268129166, 43.263199632849421 ], [ 0.041574389708688, 43.263972134248476 ], [ 0.0423549856893, 43.265645550373648 ], [ 0.043779905358447, 43.266802331027847 ], [ 0.043661609534937, 43.267084772857444 ], [ 0.042689747399071, 43.269704239563936 ], [ 0.043313329810295, 43.272293028684864 ], [ 0.043786911488436, 43.27503503699409 ], [ 0.04479876419706, 43.276776305128166 ], [ 0.0453960643719, 43.277346386306093 ], [ 0.044163504618993, 43.278019495661084 ], [ 0.044561996968693, 43.278700408519043 ], [ 0.045773424372082, 43.279851717329649 ], [ 0.045465253028514, 43.281839030687586 ], [ 0.045219370241443, 43.283529220962428 ], [ 0.044849994525779, 43.285230265705785 ], [ 0.044935243190168, 43.287070452545699 ], [ 0.045365625225232, 43.287416733996864 ], [ 0.047188897916114, 43.290108400014176 ], [ 0.047340493194837, 43.290318388451503 ], [ 0.047789255417577, 43.291932587180291 ], [ 0.046342254729226, 43.293130660778814 ], [ 0.044731148431411, 43.294430398984943 ], [ 0.043208538366024, 43.29573110439204 ], [ 0.041810054576368, 43.297034439895981 ], [ 0.041339425721446, 43.297723793657575 ], [ 0.041123373321258, 43.29955577648451 ], [ 0.041016495339123, 43.301365820106739 ], [ 0.040854809295261, 43.303161212097287 ], [ 0.04064369675306, 43.304930380459879 ], [ 0.040483722149532, 43.306713228678959 ], [ 0.040270887818784, 43.308494052128566 ], [ 0.040717679842581, 43.309694734636366 ], [ 0.040723996140246, 43.311351686764617 ], [ 0.040794871206925, 43.313087331373247 ], [ 0.040727611447271, 43.31476788945313 ], [ 0.040863537455989, 43.314939798889981 ], [ 0.040767328030592, 43.31645163201356 ], [ 0.040884303737804, 43.316635722921909 ], [ 0.043318990303067, 43.317787107589801 ], [ 0.043487810197299, 43.318891960990641 ], [ 0.043568084529221, 43.319101337312496 ], [ 0.044659722544668, 43.321052920843897 ], [ 0.045763143343432, 43.323173755268989 ], [ 0.044936535941702, 43.324786914614975 ], [ 0.044870964638898, 43.32732156568116 ], [ 0.044973837958351, 43.327428039580496 ], [ 0.044806705742531, 43.329792421793869 ], [ 0.044908767796718, 43.329950121141508 ], [ 0.048897312059351, 43.337049839294778 ], [ 0.048837662545922, 43.337217582473897 ], [ 0.048518550240559, 43.338116087513079 ], [ 0.048472314871054, 43.338348843675597 ], [ 0.048170609404903, 43.339273789826386 ], [ 0.04798339399326, 43.339490063156795 ], [ 0.047753826116347, 43.340366199419641 ], [ 0.047389201423126, 43.341509163197358 ], [ 0.047029307942588, 43.342564125726369 ], [ 0.046645154584803, 43.343732745307676 ], [ 0.04471234310158, 43.344170771956811 ], [ 0.041944540503456, 43.347282586478336 ], [ 0.041786584050035, 43.348120688755273 ], [ 0.04154293516499, 43.349345335587245 ], [ 0.042683336156769, 43.352307605038575 ], [ 0.042202753649393, 43.354588940214562 ], [ 0.042122553598507, 43.35480748858474 ], [ 0.042038862755474, 43.357329232901478 ], [ 0.041707205228289, 43.358966460139605 ], [ 0.041685320264722, 43.359974688688183 ], [ 0.041904074558228, 43.361157961659963 ], [ 0.042449986595505, 43.362140534240474 ], [ 0.043017474635334, 43.363046248610267 ], [ 0.044005961224785, 43.364023857243687 ], [ 0.045081205242515, 43.364681454974843 ], [ 0.045485255554702, 43.36520788845975 ], [ 0.045990523682283, 43.365853346394104 ], [ 0.045910957316355, 43.366549292212127 ], [ 0.04565937269082, 43.367941914956894 ], [ 0.044609274292205, 43.369796722761876 ], [ 0.044548033422074, 43.370003093234125 ], [ 0.043848164184076, 43.371541704432282 ], [ 0.043533733386876, 43.372285693749099 ], [ 0.042422269475754, 43.374345959288739 ], [ 0.041555322912133, 43.376514818410676 ], [ 0.041689838542292, 43.378018163865391 ], [ 0.042301071528316, 43.379158570822455 ], [ 0.042814074961896, 43.380074822169185 ], [ 0.043224245364013, 43.380912463966141 ], [ 0.043726221070001, 43.381673843446578 ], [ 0.043742628367661, 43.382619074881461 ], [ 0.042736508225907, 43.386014875862891 ], [ 0.042506399370141, 43.386436117256416 ], [ 0.041328876191056, 43.388352947436218 ], [ 0.041093918367673, 43.39067914531126 ], [ 0.041106440664726, 43.392581779651735 ], [ 0.041472512998143, 43.394090978232569 ], [ 0.039535732274239, 43.396767499758255 ], [ 0.037997185202438, 43.397964573623192 ], [ 0.040757399993465, 43.396431229508806 ], [ 0.041878383817334, 43.396792256285146 ], [ 0.043085391994962, 43.396790990485385 ], [ 0.042516341901069, 43.398317136389316 ], [ 0.041787061169474, 43.399625895938854 ], [ 0.035916810601955, 43.403809825950326 ], [ 0.035492941991256, 43.404201749781713 ], [ 0.034849740454547, 43.406492279146143 ], [ 0.034591022603402, 43.408971735536198 ], [ 0.034307932111386, 43.412486389461769 ], [ 0.033915567831337, 43.416478816512004 ], [ 0.034976119585525, 43.417523706183538 ], [ 0.035272590424969, 43.418954150902131 ], [ 0.034322606297734, 43.419606357402309 ], [ 0.031129367481875, 43.4204056845305 ], [ 0.029161686691504, 43.421243754872435 ], [ 0.027383040686003, 43.422164060719709 ], [ 0.025714118911562, 43.423939907726272 ], [ 0.024849743261923, 43.425980238731839 ], [ 0.023994431904337, 43.428252722636692 ], [ 0.023232161955591, 43.430876942361294 ], [ 0.023038502081662, 43.431700833442463 ], [ 0.022985150667574, 43.432166308304609 ], [ 0.022698726882534, 43.433972697353155 ], [ 0.022720168866117, 43.434296825358992 ], [ 0.022707288328838, 43.435073351699749 ], [ 0.022714288846702, 43.436212633891444 ], [ 0.022964575354643, 43.438353319402943 ], [ 0.023130793918883, 43.439949158422557 ], [ 0.02314428673472, 43.440531153584153 ], [ 0.023094273410256, 43.443508740901812 ], [ 0.02287673408669, 43.445807526981383 ], [ 0.022743758548744, 43.447784460873045 ], [ 0.022831698164388, 43.449546761586511 ], [ 0.022835520785333, 43.449910075298085 ], [ 0.022764223020564, 43.451215820518115 ], [ 0.022765466798102, 43.451642914755638 ], [ 0.022728123293089, 43.452108741005702 ], [ 0.022684193330157, 43.452340662591567 ], [ 0.022610772803549, 43.453271443874172 ], [ 0.022368023645717, 43.455337741399532 ], [ 0.022219114302637, 43.456395475011007 ], [ 0.022225735048487, 43.456628482319132 ], [ 0.022206085448939, 43.457572109139996 ], [ 0.022137888320033, 43.458800606911083 ], [ 0.02216892578208, 43.458918155454825 ], [ 0.022218473750321, 43.459890242097558 ], [ 0.022270639227943, 43.460797650667317 ], [ 0.022257560034129, 43.461121044763587 ], [ 0.022295107450148, 43.461535435169665 ], [ 0.022326169350767, 43.462934198502523 ], [ 0.022804290067254, 43.462984018409109 ], [ 0.023015431213781, 43.464813718468271 ], [ 0.023129907819793, 43.465462626778262 ], [ 0.023480014898967, 43.466908696781367 ], [ 0.023580574169605, 43.467505159147692 ], [ 0.023721586232205, 43.467986505136004 ], [ 0.024018525334515, 43.468977388940303 ], [ 0.02428533246043, 43.469889404565045 ], [ 0.024517579776953, 43.470709869752412 ], [ 0.024978762855828, 43.472066612019695 ], [ 0.025148054918505, 43.472704108534032 ], [ 0.025668323023446, 43.47479938186526 ], [ 0.025722955303126, 43.475188965996097 ], [ 0.025930025850284, 43.477122884552301 ], [ 0.026024858504883, 43.478290159328573 ], [ 0.026362115197528, 43.475655807083392 ], [ 0.027022061902748, 43.475332775484063 ], [ 0.026843456976386, 43.478074822229487 ], [ 0.026109857470249, 43.483950078825444 ], [ 0.025445568070977, 43.492231984759165 ], [ 0.023726770161015, 43.497723845703291 ], [ 0.023236998039733, 43.501923945507322 ], [ 0.022745943316581, 43.50996961168007 ], [ 0.026672931499905, 43.51498457461016 ], [ 0.025649043560018, 43.515803347873018 ], [ 0.018463826857099, 43.517814392278851 ], [ 0.017240209470363, 43.51947129584773 ], [ 0.016448172020518, 43.522700175903545 ], [ 0.015107046082106, 43.526942280116458 ], [ 0.013920126233321, 43.536112356596306 ], [ 0.010108504033096, 43.536390854270046 ], [ -0.003502813890506, 43.541869322908546 ], [ -0.004212685320418, 43.543056118742903 ], [ -0.006627904052707, 43.545528593667186 ], [ -0.010058298822485, 43.552548557819456 ], [ -0.009223082229771, 43.556414268106941 ], [ -0.007194584927252, 43.559344660353929 ], [ -0.003039806705333, 43.56385958578889 ], [ -0.002605825887961, 43.564373423731425 ], [ -0.001740175926868, 43.565941451220134 ], [ -0.002563263093424, 43.567380303256385 ], [ -0.003478366340473, 43.569524814868061 ], [ -0.003445746481568, 43.572773372998284 ], [ -0.003312972917269, 43.574422657161961 ], [ -0.003573729124843, 43.575897070466731 ], [ -0.00379034134931, 43.581183206348946 ], [ -0.003612991588241, 43.584914198566203 ], [ -0.003365464504047, 43.586963426804779 ], [ -0.004397280866892, 43.587903218112935 ], [ -0.008660109807237, 43.589503078099199 ], [ -0.010996790646975, 43.591487231279281 ], [ -0.014001465416448, 43.592143978362628 ], [ -0.014851853419059, 43.592727045124299 ], [ -0.015512043746752, 43.596680866622044 ], [ -0.01535893603046, 43.601012980935153 ], [ -0.016382484093587, 43.603962592432381 ], [ -0.016550528090916, 43.607589053760591 ], [ -0.016496196550396, 43.60972317233847 ], [ -0.016606873487008, 43.611207166216239 ], [ -0.015545264425778, 43.617277508205881 ], [ -0.013612363538214, 43.622604263283044 ], [ -0.020558626765556, 43.63288320961275 ], [ -0.022550062756867, 43.636824291733433 ], [ -0.021489421651525, 43.640338257728189 ], [ -0.021580603998962, 43.640387526261492 ], [ -0.022431116521073, 43.641762798591252 ], [ -0.022277876113391, 43.642847925301872 ], [ -0.022303254880214, 43.644240294460147 ], [ -0.022224488993994, 43.645539616653856 ], [ -0.021556642268023, 43.645409400522126 ], [ -0.021317938836288, 43.646015297221929 ], [ -0.021227916329698, 43.64623397668722 ], [ -0.021695315988304, 43.646367666172878 ], [ -0.022761033413659, 43.646536864157561 ], [ -0.024163298033204, 43.646819205884533 ], [ -0.02437351696124, 43.64633352293091 ], [ -0.026625057356473, 43.647149428348527 ], [ -0.027432409476302, 43.648284618482563 ], [ -0.027537047848863, 43.64919596481009 ], [ -0.027543042674227, 43.649340612335479 ], [ -0.028895198569442, 43.650054729521756 ], [ -0.030743828401538, 43.650735486118954 ], [ -0.03312678309764, 43.651548388879426 ], [ -0.034671822095722, 43.652907471129517 ], [ -0.035052581773521, 43.653308283540376 ], [ -0.035613640370282, 43.654857982206963 ], [ -0.035085583901755, 43.655710360686825 ], [ -0.034312924134941, 43.657024918015942 ], [ -0.033208054667568, 43.658273907986931 ], [ -0.032578218110648, 43.659033183319771 ], [ -0.03155781788909, 43.659991646325871 ], [ -0.030894759464228, 43.660727359220189 ], [ -0.030881033081614, 43.661232141434574 ], [ -0.031583468019609, 43.661384929674746 ], [ -0.033442198996734, 43.662328915734562 ], [ -0.034774862114059, 43.662564996917034 ], [ -0.035053110547037, 43.662077795751863 ], [ -0.036491992820483, 43.662455408654878 ], [ -0.03782684414915, 43.662713886093776 ], [ -0.039341742106282, 43.662536749709147 ], [ -0.041184006571843, 43.66227955820073 ], [ -0.041910675710211, 43.662240205617103 ], [ -0.043816743054633, 43.661909625519627 ], [ -0.045627142591403, 43.660860810674862 ], [ -0.047144024945109, 43.659962313660813 ], [ -0.049600247283295, 43.660172552545134 ], [ -0.052056930680821, 43.660334165828814 ], [ -0.053905152985236, 43.66099027442813 ], [ -0.055455947590521, 43.661700589751703 ], [ -0.056902006258297, 43.662245937838932 ], [ -0.057933771718768, 43.663160143043136 ], [ -0.059097891354831, 43.663302536728516 ], [ -0.059167641463491, 43.662604061351487 ], [ -0.059848886291458, 43.661483777677226 ], [ -0.060260233081444, 43.660248968087998 ], [ -0.060614938336315, 43.660024386898691 ], [ -0.061625746554052, 43.658849129246839 ], [ -0.064265815084983, 43.658718634916156 ], [ -0.06579168272302, 43.658012113555671 ], [ -0.065740286963076, 43.657556428378932 ], [ -0.06610006329537, 43.657453116920429 ], [ -0.066281805138543, 43.657063296140947 ], [ -0.066917503515754, 43.65721823705713 ], [ -0.067127649775325, 43.656709080844216 ], [ -0.067404393961286, 43.656222724623937 ], [ -0.073545973929635, 43.657479043075142 ], [ -0.074383701889872, 43.657724762274597 ], [ -0.074907276923879, 43.658361465455457 ], [ -0.075608768349061, 43.658489710301886 ], [ -0.075954108237669, 43.658074641460956 ], [ -0.076374645359514, 43.658617413988587 ], [ -0.077778250057028, 43.658946707497307 ], [ -0.07918286036996, 43.659299341824628 ], [ -0.081564002042049, 43.660832463275625 ], [ -0.082934242041671, 43.661161538785997 ], [ -0.083175650347595, 43.660603986492418 ], [ -0.084090038535531, 43.660319146087069 ], [ -0.084264819417529, 43.65973880171655 ], [ -0.085140873836452, 43.659310027047418 ], [ -0.08706551695526, 43.658666215003244 ], [ -0.087206646850135, 43.658110900007173 ], [ -0.091832435271414, 43.65947298567832 ], [ -0.093300699439142, 43.659776348835045 ], [ -0.094569958693185, 43.660059883975883 ], [ -0.096856886882608, 43.660128974287787 ], [ -0.098578352780128, 43.660907685576554 ], [ -0.099644134373977, 43.66181984181852 ], [ -0.099788421251369, 43.6613120972331 ], [ -0.10100121593016, 43.661837837215863 ], [ -0.102235850930766, 43.658181423977737 ], [ -0.102533178591839, 43.657430119309083 ], [ -0.102319834883644, 43.657075218118457 ], [ -0.102666370766706, 43.656634853238998 ], [ -0.104168326683409, 43.65619180744698 ], [ -0.104309483267115, 43.655612186230364 ], [ -0.104485882818665, 43.655103711909703 ], [ -0.106848977690386, 43.656203238804231 ], [ -0.110275167328681, 43.65583803267149 ], [ -0.111978903409782, 43.656231139431938 ], [ -0.113417516652234, 43.655814577039067 ], [ -0.114280140056836, 43.654330111219309 ], [ -0.115169479965724, 43.653468233986693 ], [ -0.115974899054948, 43.6514328950555 ], [ -0.118583419984951, 43.652046384583578 ], [ -0.121248470184368, 43.650952593894715 ], [ -0.120990403602647, 43.65030917736977 ], [ -0.121152859677786, 43.650256925399759 ], [ -0.12260140529859, 43.65010440037787 ], [ -0.12154495899704, 43.649383809047009 ], [ -0.122973710955223, 43.649519497749331 ], [ -0.129184658022592, 43.650818749054558 ], [ -0.129273303113478, 43.650577519321907 ], [ -0.130406181809006, 43.649998630590915 ], [ -0.131045272379175, 43.650200780836187 ], [ -0.131285937707268, 43.64966651246116 ], [ -0.131812172807559, 43.650351449786363 ], [ -0.134791581195956, 43.650403926671757 ], [ -0.138505895446108, 43.650582495540014 ], [ -0.139242759415882, 43.650782361138134 ], [ -0.141161382787222, 43.652300494001572 ], [ -0.143096770883744, 43.652663525518612 ], [ -0.14605647376045, 43.653028200691956 ], [ -0.148695664889735, 43.653568327157473 ], [ -0.149830520683985, 43.653037746983692 ], [ -0.150005449242893, 43.652504942999045 ], [ -0.151827018333812, 43.651790386905262 ], [ -0.152343959531909, 43.651489821857503 ], [ -0.153763384482436, 43.651408592514542 ], [ -0.154940138512159, 43.651839235496048 ], [ -0.155510052727931, 43.652042837275069 ], [ -0.158764805063398, 43.651535247706434 ], [ -0.160442474755699, 43.65132746781191 ], [ -0.163282825780164, 43.651934539343429 ], [ -0.163455538456857, 43.651354099655052 ], [ -0.164259095228042, 43.651575637640896 ], [ -0.165417226179367, 43.652342036774044 ], [ -0.166679822534366, 43.653202232229816 ], [ -0.166789328677309, 43.653439810685867 ], [ -0.172281618341426, 43.654922321800747 ], [ -0.173132422576786, 43.655455657604548 ], [ -0.173864937099729, 43.657071794565333 ], [ -0.175226273240626, 43.658649950108149 ], [ -0.176575748284323, 43.660013433565574 ], [ -0.176967014592917, 43.660628462639167 ], [ -0.180342832408879, 43.662856707854722 ], [ -0.181067270092569, 43.662767908379195 ], [ -0.182453005910309, 43.661918182013572 ], [ -0.186451853182737, 43.662570533668621 ], [ -0.184733912398909, 43.661144705652156 ], [ -0.185050473114085, 43.660824368377035 ], [ -0.189386703079988, 43.663054233251913 ], [ -0.191213012468072, 43.66320403356989 ], [ -0.192991838719293, 43.663763202104136 ], [ -0.193661326242493, 43.663915719783695 ], [ -0.195632505470033, 43.665095372557495 ], [ -0.19855840977862, 43.666877653896726 ], [ -0.199206399910979, 43.66726986134455 ], [ -0.202012068208896, 43.6678767648025 ], [ -0.204153018636453, 43.668355315751114 ], [ -0.203074080345407, 43.673113780135552 ], [ -0.204480441306587, 43.674980140869799 ], [ -0.215165682079651, 43.677034596220501 ], [ -0.215628782571538, 43.677000293170124 ], [ -0.216522334628466, 43.676257952587612 ], [ -0.220281432909895, 43.675952464026658 ], [ -0.223198837818009, 43.676052570736815 ], [ -0.225624362885416, 43.676235293415594 ], [ -0.227523363752319, 43.67575773571901 ], [ -0.228113130416318, 43.675647531453713 ], [ -0.22979158813357, 43.675391000328595 ], [ -0.231675610141993, 43.676067572670625 ], [ -0.232948354081457, 43.677118364440901 ], [ -0.2336180013062, 43.677295820472182 ], [ -0.234653297186313, 43.676789182243013 ], [ -0.235022889324608, 43.677621282326982 ], [ -0.234847624405992, 43.678130875606307 ], [ -0.236693729881421, 43.677222729816101 ], [ -0.236920247388377, 43.678562756322222 ], [ -0.238082964588508, 43.67942365047255 ], [ -0.238817404280521, 43.679525788215848 ], [ -0.237557104144559, 43.680949751812349 ], [ -0.23822677010693, 43.681126281470689 ], [ -0.23820146807652, 43.682760990260036 ], [ -0.238894067874715, 43.683417220914578 ], [ -0.240261450832523, 43.683649081787721 ], [ -0.242369710367328, 43.684151065638119 ], [ -0.242645092838025, 43.683664252646174 ], [ -0.243840505578335, 43.684476648235858 ], [ -0.245212426822826, 43.684780287494412 ], [ -0.246825191945422, 43.684573626983507 ], [ -0.246930253531441, 43.686180953800836 ], [ -0.247286248365205, 43.687445935583796 ], [ -0.249819684692862, 43.689283960345435 ], [ -0.25024794084303, 43.690692006602866 ], [ -0.253691503103633, 43.694333892071171 ], [ -0.256583052985787, 43.695995030655261 ], [ -0.259890623447414, 43.698077814840794 ], [ -0.260638218225551, 43.698516758204221 ], [ -0.260751946774668, 43.699570781497471 ], [ -0.264519736434687, 43.701571346644741 ], [ -0.265289894080223, 43.701769587970915 ], [ -0.26602453973626, 43.701895828923398 ], [ -0.268101506136092, 43.702398092518017 ], [ -0.269678954061084, 43.7042829824615 ], [ -0.26959633740338, 43.706135875986121 ], [ -0.270739145089172, 43.707188507925146 ], [ -0.271419130713508, 43.707581345982042 ], [ -0.271908677369401, 43.708146950978808 ], [ -0.272191868297547, 43.70926884258143 ], [ -0.274158710415078, 43.710255719018882 ], [ -0.274652629947062, 43.710915643018204 ], [ -0.279305364457279, 43.713422332717187 ], [ -0.279961945413188, 43.714031538846356 ], [ -0.280549722793447, 43.71454617071641 ], [ -0.281808785660228, 43.715260422144816 ], [ -0.282940768294714, 43.716122534836074 ], [ -0.284980290218274, 43.717251373414804 ], [ -0.287367266015369, 43.718707229436333 ], [ -0.289687478202248, 43.720164656445064 ], [ -0.290750673663999, 43.720955513438703 ], [ -0.291032357237344, 43.721309334597422 ], [ -0.290684711468309, 43.722375450982106 ], [ -0.290050543895614, 43.723736320961187 ], [ -0.293737153269377, 43.726794725308601 ], [ -0.292956146146819, 43.727821910112858 ], [ -0.296281196027396, 43.730937591407489 ], [ -0.296467994763623, 43.732134646820505 ], [ -0.299948603431545, 43.73356367477686 ], [ -0.303236663135771, 43.735142992492143 ], [ -0.306093659435923, 43.73673093460777 ], [ -0.307331369311934, 43.737662198601789 ], [ -0.308553248402843, 43.738305126840459 ], [ -0.312549369264524, 43.74226831575745 ], [ -0.31368562415458, 43.742480668556851 ], [ -0.316104284867223, 43.743166188254612 ], [ -0.318375926666127, 43.74354406117763 ], [ -0.321084197559424, 43.744053285156838 ], [ -0.323957405479774, 43.744560191477014 ], [ -0.326799643937178, 43.745066884994323 ], [ -0.329266186178104, 43.7453911737921 ], [ -0.332767229876773, 43.746505699952415 ], [ -0.333757520412411, 43.748549070913946 ], [ -0.335215891659547, 43.750651051724994 ], [ -0.336828244568296, 43.753255597675832 ], [ -0.33845333078138, 43.753935933673745 ], [ -0.338765416943489, 43.754240330775559 ], [ -0.338897629934082, 43.755654567976009 ], [ -0.339745837814656, 43.756066248441677 ], [ -0.341778969179851, 43.756977508155693 ], [ -0.344059785306928, 43.756849156163319 ], [ -0.34914720899714, 43.757901447401046 ], [ -0.350630830380303, 43.75841782076234 ], [ -0.352311735812206, 43.75888071007244 ], [ -0.352738948737282, 43.75951860377193 ], [ -0.353441067403698, 43.759645087603701 ], [ -0.354044075833977, 43.759774927207054 ], [ -0.354882219274173, 43.759969979683127 ], [ -0.35493032894364, 43.760305175216402 ], [ -0.355442134390312, 43.760605467750715 ], [ -0.356953031960006, 43.760279204703849 ], [ -0.357517521989104, 43.761010809336931 ], [ -0.358217373406394, 43.761088749622637 ], [ -0.359098527966467, 43.760802399082507 ], [ -0.360124013355941, 43.762122451596937 ], [ -0.361207414576633, 43.761206837657333 ], [ -0.361565266005349, 43.762447255436527 ], [ -0.363208756561383, 43.762142788347212 ], [ -0.363800351058838, 43.762030908954671 ], [ -0.363872993735355, 43.762149624398695 ], [ -0.363914339913382, 43.762341075235838 ], [ -0.364617669047361, 43.762491743290106 ], [ -0.364837172434233, 43.763639360917516 ], [ -0.365643224547818, 43.763836032457867 ], [ -0.366071863456943, 43.764473844989304 ], [ -0.367050020185803, 43.764113054667 ], [ -0.367400969494679, 43.763167075608372 ], [ -0.369417792441169, 43.765808784605177 ], [ -0.370887916752705, 43.766058993316648 ], [ -0.371317784926738, 43.766721042464638 ], [ -0.371242633544838, 43.767228411216216 ], [ -0.371812250787713, 43.767358090524638 ], [ -0.372003491751496, 43.76788218865093 ], [ -0.373219163405444, 43.767635033406009 ], [ -0.374692860160622, 43.767958858238622 ], [ -0.375503759266568, 43.767577889618344 ], [ -0.37581303162982, 43.767114127801925 ], [ -0.376224314990799, 43.765301332590376 ], [ -0.376405475883531, 43.764936117886791 ], [ -0.377244286614298, 43.763762020717593 ], [ -0.378020343094562, 43.764031308594667 ], [ -0.379150501279525, 43.764074950697591 ], [ -0.379520790376664, 43.763512508489093 ], [ -0.380952929973174, 43.7636690894605 ], [ -0.382393181983274, 43.763969360658074 ], [ -0.382825485442415, 43.764679875541397 ], [ -0.384331548959859, 43.764954185480967 ], [ -0.385806479064126, 43.765277827550236 ], [ -0.38682466724028, 43.765107434276658 ], [ -0.387290765896835, 43.76377352177974 ], [ -0.388851216953773, 43.763110068908865 ], [ -0.390996070640823, 43.763584988237284 ], [ -0.391941750171653, 43.763249071987843 ], [ -0.392432928268609, 43.763813256242777 ], [ -0.393380886323747, 43.763524941111356 ], [ -0.394025359882453, 43.764542181620783 ], [ -0.394547894884355, 43.764336530829361 ], [ -0.39549004143696, 43.763953000997624 ], [ -0.396160006916722, 43.764104308310323 ], [ -0.397568079269659, 43.76440429231198 ], [ -0.398302702702158, 43.764506284131066 ], [ -0.39897268215926, 43.764657574127455 ], [ -0.399882533510788, 43.764273921136144 ], [ -0.401290716066982, 43.764575653578774 ], [ -0.402027522961637, 43.764748622673672 ], [ -0.402590374312196, 43.765407195651676 ], [ -0.40293618796235, 43.764340688078256 ], [ -0.403022754836799, 43.764050672231662 ], [ -0.403388224918494, 43.763392921566854 ], [ -0.404471026400735, 43.762452587442134 ], [ -0.405243624153899, 43.761951831986678 ], [ -0.405097042371653, 43.761691099038984 ], [ -0.4053045269083, 43.760485070454386 ], [ -0.406707855506055, 43.760713097141611 ], [ -0.407829994792769, 43.762006893364457 ], [ -0.41028952392362, 43.761439082344602 ], [ -0.410754451214796, 43.762124380476841 ], [ -0.412161398731347, 43.76242600271496 ], [ -0.412788822341948, 43.763057701242303 ], [ -0.413221497960152, 43.763768094438142 ], [ -0.415327293581071, 43.764123001063894 ], [ -0.415650615786775, 43.765317377529072 ], [ -0.417196997220865, 43.765061324759039 ], [ -0.417761091159916, 43.765767463907437 ], [ -0.418640953655287, 43.765432983899458 ], [ -0.419871643381521, 43.766218407722462 ], [ -0.422605623012286, 43.765140532957112 ], [ -0.424010268176675, 43.765391693883245 ], [ -0.424474259921534, 43.766053577741047 ], [ -0.426016319716729, 43.766399255219056 ], [ -0.425992500246137, 43.767289440317725 ], [ -0.426795238938717, 43.767411992156937 ], [ -0.427641882839356, 43.767799662485238 ], [ -0.428828158476696, 43.766951779171322 ], [ -0.429247306650445, 43.768094208991776 ], [ -0.429751409830901, 43.76822615893316 ], [ -0.430732721076072, 43.767936662153929 ], [ -0.431301301285999, 43.768041773324313 ], [ -0.433547145128752, 43.768514186796288 ], [ -0.435052314364139, 43.768787824727994 ], [ -0.436323372666226, 43.769019759632393 ], [ -0.437096234226183, 43.769215858669888 ], [ -0.439207111028311, 43.769667325655256 ], [ -0.440232245536135, 43.770938116998686 ], [ -0.441225082409093, 43.77225830072453 ], [ -0.442426411412525, 43.773093708162172 ], [ -0.442966286986043, 43.77329574107462 ], [ -0.44380146667402, 43.773419137730045 ], [ -0.445341428265079, 43.773715132539991 ], [ -0.446071501557006, 43.775090594465468 ], [ -0.447265887245126, 43.775781314261671 ], [ -0.447535894488602, 43.775870624624645 ], [ -0.448247883953259, 43.776164457109346 ], [ -0.449843705800831, 43.776940182111467 ], [ -0.450074398919852, 43.776910865096184 ], [ -0.449906470855824, 43.776193792565394 ], [ -0.449964580553531, 43.77532699171271 ], [ -0.449561260937278, 43.774568297913717 ], [ -0.45012181345509, 43.774481929142432 ], [ -0.45042343367456, 43.773873317198387 ], [ -0.450896385228434, 43.772708014056533 ], [ -0.451211535269398, 43.771666399722882 ], [ -0.451835883337545, 43.770881279408997 ], [ -0.451969075729163, 43.770205037956622 ], [ -0.452704274791245, 43.769656323641293 ], [ -0.45308215046878, 43.769262518343908 ], [ -0.454092117560671, 43.768875824955465 ], [ -0.454762340470995, 43.769027669071512 ], [ -0.456323294981511, 43.768386600153462 ], [ -0.457465765360635, 43.768019846671365 ], [ -0.458384715251559, 43.767827948657931 ], [ -0.459353580852445, 43.767995449041372 ], [ -0.46095454181299, 43.768170013904246 ], [ -0.462164002753613, 43.767803279898885 ], [ -0.463774789786664, 43.767521509016433 ], [ -0.465360363186207, 43.767383384358602 ], [ -0.467565825747484, 43.7677356120819 ], [ -0.470709678336006, 43.769649297352181 ], [ -0.471405091475833, 43.769606097262987 ], [ -0.475632152262075, 43.770577693530427 ], [ -0.476493164817967, 43.771926181145417 ], [ -0.480009608135581, 43.772603929882187 ], [ -0.48067771077159, 43.772033375425266 ], [ -0.482379223521479, 43.772229302021323 ], [ -0.483435523329381, 43.772154151330206 ], [ -0.484379634810621, 43.771768884488893 ], [ -0.485260319188235, 43.771481506950607 ], [ -0.486203167556294, 43.771096256695252 ], [ -0.486677523818152, 43.771300681098019 ], [ -0.488132966903392, 43.770589933962832 ], [ -0.488791466599992, 43.770453136834256 ], [ -0.489441427570163, 43.770219412257489 ], [ -0.490513373283512, 43.769735410391434 ], [ -0.49120400731872, 43.769621147104154 ], [ -0.492364220410373, 43.768965717363017 ], [ -0.493383472766727, 43.768770901911999 ], [ -0.494014344865725, 43.768803000453204 ], [ -0.494960697557267, 43.768465254150399 ], [ -0.496199686344446, 43.768720718254166 ], [ -0.498380365460773, 43.769217793746101 ], [ -0.499323087609823, 43.768832430067711 ], [ -0.50009616326379, 43.769028080070939 ], [ -0.501743803842121, 43.768815837292046 ], [ -0.502169299588852, 43.76935878839015 ], [ -0.502689026667268, 43.769849796967719 ], [ -0.503787030357894, 43.769243545038563 ], [ -0.504695082372689, 43.768835655160871 ], [ -0.505397651988304, 43.768961155697056 ], [ -0.5070441040966, 43.768725475833492 ], [ -0.508374181290243, 43.769436261766671 ], [ -0.509191391775521, 43.769198026302917 ], [ -0.510241442814995, 43.768329410520778 ], [ -0.5107660907361, 43.76886792628207 ], [ -0.513228575659854, 43.768371441025131 ], [ -0.514904776384514, 43.76808628489632 ], [ -0.516382958654902, 43.768456660934291 ], [ -0.517931403768192, 43.768247680933555 ], [ -0.518907444925115, 43.767861265832032 ], [ -0.520249342624902, 43.768186606603855 ], [ -0.522322498745633, 43.768540318563126 ], [ -0.524401751196488, 43.768990078712484 ], [ -0.526645943381485, 43.769436342312119 ], [ -0.528523250195971, 43.769842786358495 ], [ -0.531572895488561, 43.770482639809771 ], [ -0.533180261104267, 43.770777411943563 ], [ -0.535895409036352, 43.771354041429198 ], [ -0.537439526572931, 43.771698102676581 ], [ -0.538183630056463, 43.771341048704976 ], [ -0.537501798050971, 43.770325582026004 ], [ -0.538623951137177, 43.76887727609887 ], [ -0.540768190700872, 43.766729886923926 ], [ -0.544077181547013, 43.765897181890679 ], [ -0.545320086489569, 43.764926837859072 ], [ -0.54679957837391, 43.765295867190268 ], [ -0.548377593334417, 43.765037086838674 ], [ -0.549147178419271, 43.765185707528417 ], [ -0.549925818366656, 43.764851937912503 ], [ -0.550900399562262, 43.764441879839836 ], [ -0.552308098520583, 43.764740785507072 ], [ -0.553151226679284, 43.764357598390944 ], [ -0.554129371931475, 43.764042765011098 ], [ -0.554834462534802, 43.764192166052268 ], [ -0.555072870492979, 43.763656885206117 ], [ -0.557182008070567, 43.764057545212211 ], [ -0.558057312047959, 43.763697746985379 ], [ -0.55872775643465, 43.763824660594992 ], [ -0.560409726078423, 43.763634887570859 ], [ -0.561884379221122, 43.763956166927628 ], [ -0.563557361299216, 43.764247832239043 ], [ -0.56547604501449, 43.764148794532332 ], [ -0.567136817139163, 43.764200558091197 ], [ -0.570209397297, 43.763973363499623 ], [ -0.571929753886582, 43.763879530522509 ], [ -0.57267078663327, 43.764124101951673 ], [ -0.574036538053032, 43.764231354636365 ], [ -0.574911737195874, 43.763847133003551 ], [ -0.585829749195132, 43.763337370732309 ], [ -0.588384266267784, 43.762739525245486 ], [ -0.589261785431338, 43.762378510328915 ], [ -0.591436849219942, 43.762777628499435 ], [ -0.592781482002879, 43.763125392552162 ], [ -0.594188156329334, 43.763376111416676 ], [ -0.596073356368752, 43.76265225529481 ], [ -0.596950835883332, 43.762315465484143 ], [ -0.601324529510995, 43.763519307851553 ], [ -0.604147810145478, 43.763610047121915 ], [ -0.607625532045198, 43.763515619732438 ], [ -0.608886017524986, 43.763529942800581 ], [ -0.609826803904036, 43.764417408259092 ], [ -0.611035367734967, 43.765346159615923 ], [ -0.612367872324298, 43.766079023213521 ], [ -0.611207934229921, 43.767384341371255 ], [ -0.615029674012603, 43.769443746654332 ], [ -0.615863801885215, 43.768917277448004 ], [ -0.618004265840112, 43.768616966420531 ], [ -0.618000535784047, 43.768545103849625 ], [ -0.61942456051394, 43.76788198300607 ], [ -0.623165242120046, 43.767731314842543 ], [ -0.624136843985941, 43.767296378252233 ], [ -0.625579724784162, 43.767617672580315 ], [ -0.627968240627512, 43.767625227234888 ], [ -0.630353209418261, 43.768207644053703 ], [ -0.632014802205106, 43.766985521051403 ], [ -0.63253557495767, 43.767427331120118 ], [ -0.633405439542842, 43.76697080860793 ], [ -0.634317495372314, 43.766657051732452 ], [ -0.635964658655967, 43.766444567083887 ], [ -0.636668726438643, 43.766569182858191 ], [ -0.638382788733559, 43.766378214361751 ], [ -0.63989596653639, 43.766119871497231 ], [ -0.64171498770028, 43.765397024757689 ], [ -0.64336203992485, 43.765183529679156 ], [ -0.644064915931539, 43.765309029672544 ], [ -0.644440939814468, 43.764265089945283 ], [ -0.645156196425663, 43.762731450144585 ], [ -0.645466452105895, 43.761688417848831 ], [ -0.646377086113347, 43.761350307577288 ], [ -0.648167418564026, 43.760700103249327 ], [ -0.648575572726658, 43.759631876151239 ], [ -0.649105968608254, 43.759640652028189 ], [ -0.650587266762249, 43.7600325168249 ], [ -0.652601775147852, 43.759280703788406 ], [ -0.653101784349162, 43.759939782491358 ], [ -0.65485097160167, 43.759170058870737 ], [ -0.656399928986601, 43.758983356628214 ], [ -0.657416535501522, 43.759387962883629 ], [ -0.657940646500035, 43.759277227084844 ], [ -0.659691024447877, 43.758531678733611 ], [ -0.660669719256884, 43.758215851737646 ], [ -0.661130062018493, 43.758756350182061 ], [ -0.663453791523002, 43.758835971134594 ], [ -0.663947578439785, 43.759374633233691 ], [ -0.666662270624919, 43.759924628933639 ], [ -0.668508086045409, 43.760330437776112 ], [ -0.672565468366552, 43.761203773597344 ], [ -0.673257651214268, 43.761736887801845 ], [ -0.677183882758268, 43.762637987634633 ], [ -0.678920046280425, 43.763454182066901 ], [ -0.679975920782416, 43.763377117978521 ], [ -0.680179742474159, 43.764717211848115 ], [ -0.681288884357313, 43.763724681485805 ], [ -0.682356904141723, 43.76258935263963 ], [ -0.683822228679563, 43.760217716060637 ], [ -0.685095449739027, 43.757970161513967 ], [ -0.685579645591645, 43.757739860316072 ], [ -0.686417645718787, 43.757885604914854 ], [ -0.687463147480329, 43.757591956533211 ], [ -0.688124884851046, 43.757573486599924 ], [ -0.689949097770776, 43.757571126702764 ], [ -0.691559399631074, 43.757910256991849 ], [ -0.692927856777559, 43.75808880411698 ], [ -0.694472516364072, 43.758453116483885 ], [ -0.695006730376098, 43.758510138259695 ], [ -0.695681249828055, 43.758731452855642 ], [ -0.697364003886031, 43.758588994648143 ], [ -0.69816093215544, 43.758615255780853 ], [ -0.699036446040284, 43.758229999736741 ], [ -0.699881082920055, 43.757917568226709 ], [ -0.700822245242574, 43.757507068510783 ], [ -0.702101935608903, 43.757254389690921 ], [ -0.703791129551411, 43.75660608391393 ], [ -0.704183820163555, 43.756499708697454 ], [ -0.704733497982502, 43.756242293719041 ], [ -0.706238529150112, 43.75586449478002 ], [ -0.707648202525659, 43.755560420806134 ], [ -0.708015116871517, 43.755622078236186 ], [ -0.708701287361795, 43.755411183898801 ], [ -0.709088723022525, 43.755206883512365 ], [ -0.709323155178488, 43.754647948819674 ], [ -0.709844569008159, 43.753839856661322 ], [ -0.710480644111157, 43.753365881385939 ], [ -0.711895361682863, 43.752531753492988 ], [ -0.711398573179178, 43.751921419186878 ], [ -0.712240440011405, 43.75153699954631 ], [ -0.712715593852197, 43.750515194851197 ], [ -0.71576749191227, 43.750524612650267 ], [ -0.716436905371223, 43.750673973533019 ], [ -0.7170019946925, 43.751307548836365 ], [ -0.716767651608366, 43.75186649878021 ], [ -0.718617456934693, 43.751141462023384 ], [ -0.719083464365888, 43.751801210696122 ], [ -0.719819748308333, 43.751924376682894 ], [ -0.720432473574979, 43.75221924694371 ], [ -0.721060674257292, 43.752779055729221 ], [ -0.721668252673302, 43.752977808899686 ], [ -0.724479764845313, 43.753475950411961 ], [ -0.724496779979436, 43.755638985631379 ], [ -0.725000230458261, 43.756393012945843 ], [ -0.725722679737219, 43.758103414527739 ], [ -0.726223572620051, 43.758763053449094 ], [ -0.728941399452642, 43.759359095729735 ], [ -0.731221524485775, 43.759823528956076 ], [ -0.731427362914496, 43.759336416715591 ], [ -0.732393007263154, 43.759429617750236 ], [ -0.733678883609221, 43.758671713647828 ], [ -0.734821983372809, 43.758350547427582 ], [ -0.735625420711025, 43.758496895278789 ], [ -0.73646979089752, 43.758159891560219 ], [ -0.737948846459197, 43.757901131198693 ], [ -0.740707579422133, 43.75741529989115 ], [ -0.740998402477107, 43.757262204502879 ], [ -0.741406639935549, 43.757467412282232 ], [ -0.742249649133414, 43.757106111852117 ], [ -0.743622133292156, 43.757355876693929 ], [ -0.74580447659082, 43.757847072574101 ], [ -0.746780103383288, 43.75748286312173 ], [ -0.747786985113402, 43.757718689823463 ], [ -0.748243914544473, 43.757585135353366 ], [ -0.74846137824372, 43.757315360224474 ], [ -0.748394018557271, 43.756667764607514 ], [ -0.748908824240009, 43.756388622838308 ], [ -0.749668344376511, 43.756342702547506 ], [ -0.750305279372809, 43.755844170423849 ], [ -0.752158608669917, 43.755166129505824 ], [ -0.752968528390197, 43.755431811059076 ], [ -0.753743254392711, 43.755048976182685 ], [ -0.755586028103977, 43.75600575883135 ], [ -0.755820331657457, 43.756046751090338 ], [ -0.756455111055119, 43.756149179644495 ], [ -0.760044293146954, 43.756286858080649 ], [ -0.763804037818373, 43.75711763518504 ], [ -0.764536572889023, 43.757168641114554 ], [ -0.766822923109722, 43.757150860343643 ], [ -0.76746156929623, 43.757300794142687 ], [ -0.768027375022019, 43.757958393553309 ], [ -0.768696845402096, 43.758058858231941 ], [ -0.770042445389151, 43.758404422302789 ], [ -0.770777649999792, 43.758503889379341 ], [ -0.772282921402533, 43.758772878178313 ], [ -0.773627284141198, 43.759095044534526 ], [ -0.774363780088643, 43.759217840738842 ], [ -0.77497166208411, 43.759417194298301 ], [ -0.775569572688623, 43.760024357586779 ], [ -0.776762355544457, 43.763043399691682 ], [ -0.778878281052807, 43.763535854533551 ], [ -0.780459169904694, 43.763346453448392 ], [ -0.780987602232346, 43.763907010297856 ], [ -0.781725553954394, 43.764054906727971 ], [ -0.782432518230251, 43.7642261807325 ], [ -0.78292898482756, 43.764837128608328 ], [ -0.783665575059339, 43.764959862141886 ], [ -0.784064722973103, 43.764972658517308 ], [ -0.784808007839386, 43.765240031243707 ], [ -0.785218297021702, 43.764867463036062 ], [ -0.786161520898573, 43.764502927480557 ], [ -0.786855647436027, 43.765661432690969 ], [ -0.787306740579754, 43.766032570687834 ], [ -0.789099855849105, 43.766678078291655 ], [ -0.789565474625015, 43.767313279594418 ], [ -0.790002876475647, 43.768022163510906 ], [ -0.790600396096524, 43.768617570988916 ], [ -0.791314854058338, 43.767455322541892 ], [ -0.792699296742708, 43.769110258807672 ], [ -0.793623215780648, 43.768710230064265 ], [ -0.793780134941647, 43.76763603646274 ], [ -0.794777758288683, 43.767402998975307 ], [ -0.795627002256515, 43.767451327170683 ], [ -0.796732718897289, 43.767671260499014 ], [ -0.79737954823391, 43.768890451533558 ], [ -0.798855620241827, 43.769185119146485 ], [ -0.799773430130019, 43.768990330095122 ], [ -0.801071067429798, 43.769673376284217 ], [ -0.802110040060356, 43.770460160726216 ], [ -0.802846793857684, 43.770583662671193 ], [ -0.803614437861154, 43.770681974487069 ], [ -0.803352702377377, 43.771338196219126 ], [ -0.802426566523585, 43.771990271974758 ], [ -0.803807552669589, 43.772382091859662 ], [ -0.804111615070806, 43.772470441982641 ], [ -0.804409085539496, 43.77246182136367 ], [ -0.805129905441895, 43.772296086944955 ], [ -0.805689890689119, 43.772207881603144 ], [ -0.806296632162131, 43.772381911765542 ], [ -0.807924149788139, 43.77062898729946 ], [ -0.810217318218366, 43.768927783044418 ], [ -0.812357820305942, 43.769226364817058 ], [ -0.81411114407113, 43.769751176095667 ], [ -0.814715402480744, 43.769902739989313 ], [ -0.815537657730777, 43.770359236582841 ], [ -0.816074559975112, 43.771065132967699 ], [ -0.816194625186155, 43.772022459342821 ], [ -0.816201117199822, 43.772767175628857 ], [ -0.816783370698799, 43.77397735186441 ], [ -0.816942654251651, 43.777457047834751 ], [ -0.818927667033285, 43.779154491884114 ], [ -0.818426815906198, 43.78210193116773 ], [ -0.818997535662816, 43.782205871674158 ], [ -0.820574483875153, 43.78251981445333 ], [ -0.821042213064542, 43.782602453442323 ], [ -0.822652654784252, 43.7829153910901 ], [ -0.82335473914916, 43.782992089565582 ], [ -0.824066269240316, 43.783283525555881 ], [ -0.824734838669023, 43.783360292852628 ], [ -0.825474453648479, 43.783531246807591 ], [ -0.826013134990216, 43.783683767613645 ], [ -0.826613192552094, 43.784314911277178 ], [ -0.82741724040314, 43.78448307278429 ], [ -0.827045786745084, 43.785551910654902 ], [ -0.828389742301756, 43.785849152772983 ], [ -0.828952378349466, 43.786409405744095 ], [ -0.830126348033483, 43.786663909046389 ], [ -0.832347721850583, 43.787709177733717 ], [ -0.836019550298924, 43.786637343706559 ], [ -0.836439725746343, 43.786445113552112 ], [ -0.836592566248713, 43.785912538116058 ], [ -0.836700824032681, 43.785382167322226 ], [ -0.837110857719542, 43.785253207606388 ], [ -0.83859890722288, 43.784860563035465 ], [ -0.838799757380708, 43.784298688592543 ], [ -0.840490686212851, 43.784782643299749 ], [ -0.841676968727286, 43.784723578014074 ], [ -0.842369685130892, 43.784809426225479 ], [ -0.843547387240392, 43.785996627895365 ], [ -0.843756347377849, 43.786269393951606 ], [ -0.844298217359777, 43.786766304975416 ], [ -0.844720911185368, 43.786597359363533 ], [ -0.845395648004982, 43.786605445817216 ], [ -0.845628294058469, 43.786280134849875 ], [ -0.846049573686319, 43.786086034750284 ], [ -0.847373470676081, 43.786000375761816 ], [ -0.847854773771569, 43.786568323072885 ], [ -0.848805931750523, 43.786966821001137 ], [ -0.848676657514732, 43.787496925540907 ], [ -0.848951506125668, 43.787770445793313 ], [ -0.849903461210844, 43.788138323067258 ], [ -0.850546806146231, 43.788804959600668 ], [ -0.850757667871851, 43.789044370288906 ], [ -0.851423399872113, 43.789711244124732 ], [ -0.851549048425326, 43.790535247019079 ], [ -0.851919379060186, 43.790850037203349 ], [ -0.85215937439671, 43.791099385136036 ], [ -0.852903609141183, 43.791238533955664 ], [ -0.852840729926055, 43.791778388336489 ], [ -0.852201438575375, 43.792426065196615 ], [ -0.851859754781906, 43.792644838667734 ], [ -0.851852282775788, 43.793087697780635 ], [ -0.85129010010324, 43.793383128351387 ], [ -0.852775287251945, 43.793047953733556 ], [ -0.853170253122198, 43.79284920184616 ], [ -0.854515876605604, 43.793568929115047 ], [ -0.855467964586818, 43.793936759079337 ], [ -0.856258886730762, 43.794043922921212 ], [ -0.857701884840801, 43.793687430870698 ], [ -0.859335067653697, 43.79468292676593 ], [ -0.860384611977076, 43.79514860660165 ], [ -0.859954699797651, 43.795410493508449 ], [ -0.860192197428795, 43.795636508063623 ], [ -0.860530298302231, 43.795928830992167 ], [ -0.861111842243774, 43.796530660826889 ], [ -0.861384768691326, 43.796812308195733 ], [ -0.861977434383638, 43.797456990960448 ], [ -0.86220967502299, 43.797765927690868 ], [ -0.862553314411539, 43.798067978537453 ], [ -0.863097403848417, 43.798135594053086 ], [ -0.863973296674896, 43.79827258515396 ], [ -0.865497633140327, 43.797947777029066 ], [ -0.866951358632742, 43.798067677750176 ], [ -0.867538319582798, 43.79819068456937 ], [ -0.868316189725211, 43.798307145807051 ], [ -0.8687574726961, 43.798070979449079 ], [ -0.86954905921179, 43.798166333613452 ], [ -0.869809711609486, 43.798471716343585 ], [ -0.870192180312842, 43.798293963419461 ], [ -0.871020295508904, 43.797847515495874 ], [ -0.871395821129792, 43.797634875832578 ], [ -0.871124587604505, 43.797362198669767 ], [ -0.870541030034118, 43.796704697879306 ], [ -0.869932789204669, 43.796093808536355 ], [ -0.871650314131654, 43.79529806124112 ], [ -0.872202744095748, 43.794544871590432 ], [ -0.873029271951965, 43.794115548421175 ], [ -0.874147310761369, 43.793966384869016 ], [ -0.87536347896876, 43.79388357828082 ], [ -0.876415793614151, 43.793736338171584 ], [ -0.877666155781168, 43.793093787251209 ], [ -0.879029752823916, 43.793356545938863 ], [ -0.879562144267618, 43.793107735154322 ], [ -0.880713652217822, 43.792980002262695 ], [ -0.881017045655445, 43.793249901529997 ], [ -0.881940995603791, 43.793666022554639 ], [ -0.884602240585769, 43.796381424324984 ], [ -0.884913522272138, 43.79676803996054 ], [ -0.884747675893731, 43.797239007737197 ], [ -0.885462413396699, 43.797380614319536 ], [ -0.885392046778454, 43.797848745959378 ], [ -0.885076086574662, 43.800209032388423 ], [ -0.884672614727876, 43.800454040314598 ], [ -0.884296173428716, 43.800628067643707 ], [ -0.88450810930081, 43.800970853130806 ], [ -0.884442937244903, 43.801509006819892 ], [ -0.88364131612821, 43.80213741098634 ], [ -0.88391745317248, 43.802166097391087 ], [ -0.884310585879048, 43.802001472357929 ], [ -0.884993794410375, 43.80158531035655 ], [ -0.88683730854241, 43.800646122178662 ], [ -0.886954814553391, 43.80050587525416 ], [ -0.887685603627975, 43.800294311216042 ], [ -0.887541439753961, 43.799460082583472 ], [ -0.888189102760776, 43.799535290118328 ], [ -0.888758373510252, 43.798819294938752 ], [ -0.889430544084571, 43.797596406350415 ], [ -0.889864515441655, 43.797342375176008 ], [ -0.890434983126561, 43.796626335416185 ], [ -0.890716074408497, 43.79650190827067 ], [ -0.890973368536455, 43.795892354080642 ], [ -0.891345749483871, 43.795691432705553 ], [ -0.891543774170602, 43.795219495518758 ], [ -0.891202783528754, 43.794857174747541 ], [ -0.890915383789582, 43.794607518786613 ], [ -0.889737060390207, 43.793386619801709 ], [ -0.888914488363559, 43.792503307191559 ], [ -0.887620019158015, 43.791773476768462 ], [ -0.886974504239822, 43.791164689449666 ], [ -0.88748750665337, 43.789106242114222 ], [ -0.888750872199875, 43.788455974604254 ], [ -0.888510778708666, 43.788207606282775 ], [ -0.887892183484294, 43.787503558888744 ], [ -0.888324402136182, 43.785488899474025 ], [ -0.888827095001247, 43.785287708413492 ], [ -0.889169814588049, 43.785090375794198 ], [ -0.888647136884069, 43.784478847329062 ], [ -0.889023070877839, 43.78421035146453 ], [ -0.88982951370585, 43.782533629761339 ], [ -0.890023532882307, 43.781991642623566 ], [ -0.890121715886733, 43.782058895352513 ], [ -0.890459080692634, 43.781745658507468 ], [ -0.890534327550462, 43.781233297297945 ], [ -0.890709249196183, 43.780726965353963 ], [ -0.891531378397059, 43.780269736116232 ], [ -0.891326640670391, 43.779484111775709 ], [ -0.891732584815831, 43.779285787392368 ], [ -0.892332426160363, 43.778522082365818 ], [ -0.892707422632435, 43.778325575777359 ], [ -0.892869309207235, 43.777808832729036 ], [ -0.893579760701158, 43.777856937843687 ], [ -0.89415131219055, 43.777164240741421 ], [ -0.894251207678171, 43.776649343371496 ], [ -0.894789237523456, 43.775935150077338 ], [ -0.895327289531858, 43.775243445479553 ], [ -0.896169899002797, 43.774799063938659 ], [ -0.896881780820202, 43.774894786823445 ], [ -0.898100600255106, 43.774276322653783 ], [ -0.898539897385684, 43.774076076595769 ], [ -0.900253398760757, 43.77314052648304 ], [ -0.900903422757433, 43.7732839537437 ], [ -0.902280717976267, 43.772637315061054 ], [ -0.902961546847957, 43.772733025717564 ], [ -0.903673324169505, 43.772805314770878 ], [ -0.904355577524874, 43.77294775786541 ], [ -0.904848465369881, 43.772141294421807 ], [ -0.905570425398625, 43.772283441756137 ], [ -0.906152806557921, 43.772917390609535 ], [ -0.906491008393122, 43.773209565537911 ], [ -0.906798279454593, 43.773503564907863 ], [ -0.907749038264865, 43.773847578724776 ], [ -0.908738240557518, 43.774822014753447 ], [ -0.90816867773504, 43.77502350403941 ], [ -0.908539036172224, 43.775291319090449 ], [ -0.908846411026813, 43.775630295099191 ], [ -0.909085403146364, 43.775880449606866 ], [ -0.90939146253588, 43.77617447930978 ], [ -0.909661960284506, 43.776541548632281 ], [ -0.909262141894789, 43.776737059654963 ], [ -0.90916119369155, 43.777252906146856 ], [ -0.909472301348879, 43.777591769503282 ], [ -0.909742148370051, 43.777816707518319 ], [ -0.910766728196028, 43.778321331801486 ], [ -0.911443743379754, 43.778348729720157 ], [ -0.911653042664629, 43.778643854455837 ], [ -0.912023585824802, 43.778935945668401 ], [ -0.912332291905428, 43.779275773687665 ], [ -0.912849080968744, 43.779889167851508 ], [ -0.913560908976617, 43.779960494230728 ], [ -0.914716766306054, 43.781109827979819 ], [ -0.915339642640222, 43.781840589484695 ], [ -0.916082392815133, 43.781887580435054 ], [ -0.916795731772051, 43.782006525161663 ], [ -0.917162531453528, 43.781732803777807 ], [ -0.917951313046418, 43.781412223353918 ], [ -0.918789655325449, 43.781480617274688 ], [ -0.918999055572098, 43.781776626649915 ], [ -0.919434115748082, 43.782066757186726 ], [ -0.919581638052672, 43.782388016586623 ], [ -0.920018397599164, 43.782165265754408 ], [ -0.920356776893876, 43.782458297529523 ], [ -0.920793533947444, 43.782235543565257 ], [ -0.921200634651657, 43.78203707127502 ], [ -0.921636048109359, 43.781790961991859 ], [ -0.922040468248742, 43.78154578264386 ], [ -0.922412805145048, 43.781325858239882 ], [ -0.922884351476266, 43.781125441718928 ], [ -0.922951760655474, 43.780633078563092 ], [ -0.922678448051183, 43.780370487849375 ], [ -0.922776239336071, 43.779823229603103 ], [ -0.922503558765497, 43.779528230602402 ], [ -0.921757697117042, 43.779426496435391 ], [ -0.922631515415663, 43.778965670627279 ], [ -0.92340342827555, 43.777289712108391 ], [ -0.923868346743713, 43.77699592162022 ], [ -0.923967973270715, 43.776480996981036 ], [ -0.924537901866219, 43.775788177785394 ], [ -0.924671032458738, 43.775294736998056 ], [ -0.924768122604942, 43.774757395860114 ], [ -0.925238315363248, 43.774556109197093 ], [ -0.924933525232344, 43.774263883551107 ], [ -0.924656991687571, 43.773944715770043 ], [ -0.924787543554147, 43.773406368161709 ], [ -0.925117453037335, 43.771905645343487 ], [ -0.926398910178821, 43.771238184075784 ], [ -0.926699777931671, 43.771462145997994 ], [ -0.926921475537768, 43.771409585783616 ], [ -0.927954441236449, 43.770912432871079 ], [ -0.927751922565245, 43.770108807772409 ], [ -0.928185917020482, 43.769926591764325 ], [ -0.929094137870735, 43.769441282601441 ], [ -0.929466206579783, 43.769283419714668 ], [ -0.929707839704125, 43.76957843472772 ], [ -0.931000858203501, 43.768941158184049 ], [ -0.932040656470726, 43.76932096222577 ], [ -0.932512512242102, 43.768609464871538 ], [ -0.932675147383766, 43.768069239685119 ], [ -0.93301771354787, 43.767895160011875 ], [ -0.933278346108495, 43.767375369303849 ], [ -0.933034071594285, 43.767056150363558 ], [ -0.93261124178384, 43.766783703792228 ], [ -0.932083464956948, 43.766153643967144 ], [ -0.932883223681018, 43.76442999575842 ], [ -0.933190814782121, 43.764187694179824 ], [ -0.934144646271476, 43.763763942915062 ], [ -0.934779675420294, 43.763884226074907 ], [ -0.935232704866001, 43.763624032231668 ], [ -0.935995162668797, 43.76321863801121 ], [ -0.936563270124826, 43.763038634409931 ], [ -0.937340889327554, 43.762594985239538 ], [ -0.937507594790325, 43.762148198440734 ], [ -0.938281215907593, 43.761635386578902 ], [ -0.938752543421719, 43.761434903913447 ], [ -0.93837939450085, 43.761119593706873 ], [ -0.937828888251153, 43.760461460870133 ], [ -0.937525556629881, 43.760237606476579 ], [ -0.937282579676956, 43.759919259434881 ], [ -0.936360316759193, 43.758969156357779 ], [ -0.936190660516121, 43.758177154615005 ], [ -0.935945583151779, 43.757886759392548 ], [ -0.935617285289103, 43.757595278318078 ], [ -0.935365656780873, 43.757298782089258 ], [ -0.934783058651894, 43.756664099123583 ], [ -0.93419019830547, 43.756088203262536 ], [ -0.933255348490774, 43.755154654184992 ], [ -0.932703818518064, 43.754584701895482 ], [ -0.931983091362299, 43.753791331685157 ], [ -0.930070426605096, 43.751799536272664 ], [ -0.930508250664502, 43.751600099480022 ], [ -0.931584203651064, 43.750193830010957 ], [ -0.931337331703608, 43.749827908543168 ], [ -0.930934618262956, 43.749514370383864 ], [ -0.930792376088766, 43.749263150637361 ], [ -0.93004462854484, 43.749121958032582 ], [ -0.930352149081481, 43.748879667180866 ], [ -0.931293458254213, 43.74847970794734 ], [ -0.931411730030087, 43.748313297715399 ], [ -0.931057518148889, 43.747741888242558 ], [ -0.931217427168272, 43.74715497078796 ], [ -0.931721020727278, 43.746999428355863 ], [ -0.931787025867555, 43.746463026258326 ], [ -0.931114618741434, 43.746358255522736 ], [ -0.931241994886365, 43.74589647573724 ], [ -0.93089980823305, 43.745534329953024 ], [ -0.930658270892486, 43.745239322710624 ], [ -0.930351029151476, 43.74494539693525 ], [ -0.930011533117859, 43.74462995110872 ], [ -0.92973898349591, 43.744334977769221 ], [ -0.929124473442832, 43.74372463010868 ], [ -0.928815759462732, 43.743361469987533 ], [ -0.928270630343625, 43.742813803764406 ], [ -0.928026849598849, 43.742500866079759 ], [ -0.925925963854507, 43.742260971341672 ], [ -0.926479325759995, 43.741848446067856 ], [ -0.926304915887747, 43.74159819201639 ], [ -0.927140094447502, 43.741036824467322 ], [ -0.929206443178945, 43.74011265489176 ], [ -0.930853705173032, 43.739713902812568 ], [ -0.931332866248083, 43.739652664439632 ], [ -0.932102268053574, 43.739070749668585 ], [ -0.932946737248626, 43.738672796340929 ], [ -0.933623342817617, 43.738722545438655 ], [ -0.934124019492779, 43.738474411672669 ], [ -0.934935022769494, 43.738077452885392 ], [ -0.935335720661908, 43.737860223020121 ], [ -0.936178859112235, 43.737461384161314 ], [ -0.936617169577627, 43.737164740939647 ], [ -0.937403832603896, 43.736884556941561 ], [ -0.937563645805107, 43.736297634751729 ], [ -0.9372912007666, 43.736026070647306 ], [ -0.93605947580005, 43.734736272738637 ], [ -0.935952287340646, 43.73399368072532 ], [ -0.93530809762422, 43.733384270852788 ], [ -0.934757997498462, 43.732749524052849 ], [ -0.936511301231515, 43.731415415308462 ], [ -0.937790476163549, 43.730747876417311 ], [ -0.938630805521402, 43.730280726567692 ], [ -0.939103372997699, 43.730149476448553 ], [ -0.939265819611474, 43.730191345921369 ], [ -0.939912721707362, 43.729683253333889 ], [ -0.9408510129554, 43.729259005178619 ], [ -0.941561103695889, 43.728771481880152 ], [ -0.941600120721305, 43.7283285608288 ], [ -0.941150522413964, 43.727759181017397 ], [ -0.940874227040465, 43.727441861536896 ], [ -0.939890501106691, 43.72707577298425 ], [ -0.939580570328563, 43.726712685387582 ], [ -0.939000923616356, 43.726124740824595 ], [ -0.938662782891495, 43.72583177913139 ], [ -0.938111375809128, 43.725173702023667 ], [ -0.937467366557122, 43.724587697170705 ], [ -0.937354861885592, 43.723752606890876 ], [ -0.93724499250309, 43.722941728476371 ], [ -0.936808899414093, 43.722627432860541 ], [ -0.938941551260206, 43.721748743281907 ], [ -0.938580895326755, 43.720502816358959 ], [ -0.937561083279264, 43.720067630072172 ], [ -0.93790468836114, 43.719916891767383 ], [ -0.941281131327254, 43.718172839377765 ], [ -0.941675321375066, 43.717974674288612 ], [ -0.94227828674241, 43.71722318807916 ], [ -0.943978506266313, 43.717218470488355 ], [ -0.944511248019312, 43.716992705394681 ], [ -0.944385097930645, 43.717602004689105 ], [ -0.945029163816334, 43.717629269176065 ], [ -0.945873173421168, 43.717230323276873 ], [ -0.9461415309479, 43.717991404569425 ], [ -0.947196140049873, 43.717889251700811 ], [ -0.947936953233201, 43.717959448068257 ], [ -0.948379676079996, 43.717807468168878 ], [ -0.949088136544268, 43.717854347096896 ], [ -0.950579043840778, 43.717553588351997 ], [ -0.951012432807157, 43.717261532084308 ], [ -0.951385480002704, 43.717621768847984 ], [ -0.952000162767873, 43.717720058681749 ], [ -0.952842828457163, 43.717298606045325 ], [ -0.95426518580529, 43.717465009023165 ], [ -0.95544719034296, 43.71733551160515 ], [ -0.956092719669074, 43.717409448936074 ], [ -0.956469742008288, 43.717258533527662 ], [ -0.957180842499273, 43.717329570432113 ], [ -0.958360525663801, 43.71722440279499 ], [ -0.958799223367397, 43.717024819114442 ], [ -0.959095766859747, 43.717155242922338 ], [ -0.960188047820072, 43.717168773648588 ], [ -0.960965001222452, 43.717284563857753 ], [ -0.962049224483149, 43.717158871456974 ], [ -0.963807179915211, 43.717593825290884 ], [ -0.964358747410795, 43.718229277935798 ], [ -0.964604404219614, 43.718594255426297 ], [ -0.964941229929457, 43.718862886133358 ], [ -0.96530365186527, 43.719038068439147 ], [ -0.965696736710549, 43.719143039146765 ], [ -0.96602053526683, 43.720320741098611 ], [ -0.966549239395474, 43.720561023122322 ], [ -0.966812419946469, 43.721227755322182 ], [ -0.967008409999262, 43.721291951180369 ], [ -0.967098425503026, 43.721731848268696 ], [ -0.96774938580183, 43.721898219951768 ], [ -0.968184184920064, 43.722187244277677 ], [ -0.968392437643728, 43.722484081452116 ], [ -0.968054264389446, 43.722727420265635 ], [ -0.967548339576818, 43.722858917969397 ], [ -0.967450554882186, 43.723397213020704 ], [ -0.966983589665845, 43.723644477982589 ], [ -0.966803789875989, 43.723859589252001 ], [ -0.967112576268101, 43.724200145861019 ], [ -0.968126892737177, 43.723423357979698 ], [ -0.968501378808763, 43.723784397738029 ], [ -0.968627618477102, 43.724292464902298 ], [ -0.96904351847868, 43.723721065843193 ], [ -0.969262228801922, 43.723620821977725 ], [ -0.969320012864811, 43.723526390421448 ], [ -0.968985339533652, 43.722162790494799 ], [ -0.968912650196128, 43.721465955905884 ], [ -0.969653937347512, 43.723167117973183 ], [ -0.970097292234451, 43.724009180307895 ], [ -0.970503887167989, 43.724538374156019 ], [ -0.970934822379186, 43.724781623073575 ], [ -0.971797942160707, 43.725268078065191 ], [ -0.972270476063046, 43.725671994885744 ], [ -0.972682560557855, 43.726102948511461 ], [ -0.972866780059201, 43.727074379791091 ], [ -0.97314337024444, 43.727415005879244 ], [ -0.97338103311125, 43.727640761394696 ], [ -0.973688522156732, 43.727957949767713 ], [ -0.973554517192186, 43.728427185202854 ], [ -0.972728364746816, 43.730222123565298 ], [ -0.97188565505795, 43.730643734809654 ], [ -0.970636369884438, 43.731263991628289 ], [ -0.969486076946475, 43.731345896388675 ], [ -0.96979362931722, 43.731685586926737 ], [ -0.970291610346086, 43.731950186284713 ], [ -0.970879723378612, 43.732677171133169 ], [ -0.970889405047478, 43.733399327442378 ], [ -0.97113516906129, 43.733764294169035 ], [ -0.971847850264564, 43.733858586243834 ], [ -0.972074047676244, 43.734036113198712 ], [ -0.971519575082228, 43.735405288436802 ], [ -0.971696929665278, 43.735703067856683 ], [ -0.972228377662056, 43.735453812872919 ], [ -0.973086333904555, 43.736382174277303 ], [ -0.973482949926289, 43.736161324837184 ], [ -0.973960016813156, 43.735937115178523 ], [ -0.974302263699976, 43.735762909169708 ], [ -0.974802789424802, 43.735515486180461 ], [ -0.975206891164264, 43.735316893683432 ], [ -0.975612056844302, 43.735093975326997 ], [ -0.975985069774722, 43.734872938488465 ], [ -0.976148554863846, 43.73435601188082 ], [ -0.976587442075355, 43.734179742083036 ], [ -0.977265338772957, 43.734251671015045 ], [ -0.977704153590256, 43.734052906416458 ], [ -0.978351087344905, 43.734125776051386 ], [ -0.978819569342166, 43.733925199074442 ], [ -0.977366313269405, 43.731253499877781 ], [ -0.97829867003368, 43.731029732553374 ], [ -0.97937767840227, 43.730810463805291 ], [ -0.980754754485806, 43.730745798661395 ], [ -0.978141495100109, 43.727774958297594 ], [ -0.980444668068436, 43.728169577723953 ], [ -0.981104972888425, 43.727940622024732 ], [ -0.98163222625055, 43.727621271337533 ], [ -0.982155092534144, 43.726673167295893 ], [ -0.983429959724987, 43.726495537090912 ], [ -0.984226835077129, 43.725864710276312 ], [ -0.984160123285591, 43.724167237317474 ], [ -0.985414884423527, 43.724198927361932 ], [ -0.986735472271024, 43.724274467070785 ], [ -0.988444260482366, 43.724943565687937 ], [ -0.989754439307827, 43.725392762386306 ], [ -0.99127257419129, 43.727744710325304 ], [ -0.992256398206833, 43.729740594237597 ], [ -0.992561221300274, 43.730010130983779 ], [ -0.993276748166612, 43.730174370672039 ], [ -0.994424304405271, 43.730046411161986 ], [ -0.996170527905112, 43.731901854385981 ], [ -0.996447205243744, 43.732219931934786 ], [ -0.996719913864238, 43.732491346523894 ], [ -0.997122868768801, 43.732804636348341 ], [ -0.997431382970413, 43.732585508408462 ], [ -0.997835075173643, 43.732339157225212 ], [ -0.99762694284452, 43.732090049263419 ], [ -0.997320536753604, 43.731772889742423 ], [ -0.998132424086693, 43.731399708475557 ], [ -0.997874193457207, 43.730824651986289 ], [ -0.997758562389991, 43.730502519807629 ], [ -0.99750449295647, 43.729998411394078 ], [ -0.995885708820119, 43.728115678946736 ], [ -0.995067239472547, 43.726742729682549 ], [ -0.995501911467625, 43.726496333857533 ], [ -0.996264139016412, 43.726356816423511 ], [ -0.993440157158498, 43.722911484202271 ], [ -0.999785062932562, 43.72724976316362 ], [ -1.001753196209401, 43.726328094295745 ], [ -1.003024691041587, 43.725755366283224 ], [ -1.001198430611359, 43.721222304694024 ], [ -1.005557518024803, 43.726023610719153 ], [ -1.006357472113458, 43.725998918801778 ], [ -1.007321148468092, 43.726015950071421 ], [ -1.008186732490894, 43.725989217998787 ], [ -1.009652017016478, 43.725781102750602 ], [ -1.010655933380985, 43.725912922855187 ], [ -1.011492197518387, 43.725957247646683 ], [ -1.012446395887981, 43.726024010273385 ], [ -1.013070430041893, 43.726024502741879 ], [ -1.013606287408833, 43.727352089334232 ], [ -1.013763703214382, 43.727982413434958 ], [ -1.014286081560354, 43.728152490680664 ], [ -1.015370174873233, 43.727980385380931 ], [ -1.016118022558471, 43.728165967599772 ], [ -1.016424241286671, 43.728436296644773 ], [ -1.016324212259124, 43.728928836132326 ], [ -1.016971914368884, 43.72958356396019 ], [ -1.017154156195449, 43.729391680161314 ], [ -1.018327617725492, 43.729704421752778 ], [ -1.01904180768038, 43.729823549274855 ], [ -1.019173299238774, 43.72986536018233 ], [ -1.01944670989561, 43.729599569921078 ], [ -1.021907927830595, 43.728312255997416 ], [ -1.023627497133414, 43.727493257374277 ], [ -1.024431004022763, 43.72702386378468 ], [ -1.026521859533707, 43.725980960880442 ], [ -1.027397758445115, 43.725603766043697 ], [ -1.027765791041551, 43.725848750942319 ], [ -1.028042703268439, 43.726189236535511 ], [ -1.028412748606697, 43.725922219399507 ], [ -1.028819301719415, 43.725769229810389 ], [ -1.029321359374844, 43.724986169147904 ], [ -1.029449607784494, 43.724469345634169 ], [ -1.029271844974537, 43.724148275071407 ], [ -1.029735249797351, 43.723467182148035 ], [ -1.029874157465975, 43.722941929687607 ], [ -1.029971298818772, 43.722402680597007 ], [ -1.030778644694016, 43.721958310444705 ], [ -1.031252079660508, 43.721804130875164 ], [ -1.031411169080083, 43.721263853402888 ], [ -1.031851617041819, 43.720551975467423 ], [ -1.032313060556745, 43.720363075213378 ], [ -1.032756880656409, 43.720127936258571 ], [ -1.033164475832428, 43.7199515044084 ], [ -1.034005245532647, 43.719506968665485 ], [ -1.035122870512304, 43.719401994297648 ], [ -1.035558695615656, 43.719178788677695 ], [ -1.036367045985243, 43.718710951324987 ], [ -1.036741243370219, 43.718536445647338 ], [ -1.037649059822716, 43.718135677091396 ], [ -1.038083482094517, 43.717889112070345 ], [ -1.038828465154626, 43.718006245375442 ], [ -1.039367703959818, 43.717895863093744 ], [ -1.040558121348975, 43.71795230996868 ], [ -1.041270572982167, 43.718022756421639 ], [ -1.041983319854292, 43.718139974266691 ], [ -1.043293499448684, 43.717517866907237 ], [ -1.044134047678401, 43.717071457268233 ], [ -1.044572443669256, 43.716871526472964 ], [ -1.045317841284519, 43.716452370983546 ], [ -1.045819423774988, 43.716251360982497 ], [ -1.046221606413639, 43.716005769299528 ], [ -1.045576441918769, 43.715397023382259 ], [ -1.045380792161984, 43.71508913420972 ], [ -1.045867316985466, 43.714363160262224 ], [ -1.04593487649676, 43.713871604455647 ], [ -1.046226975287445, 43.712837702847835 ], [ -1.049220675939252, 43.711370255023532 ], [ -1.050433340186713, 43.71123965228783 ], [ -1.051146283684775, 43.71079807752713 ], [ -1.051520383899323, 43.710623521830122 ], [ -1.052330021864785, 43.710202305375375 ], [ -1.05323363300013, 43.70975564725714 ], [ -1.053339187492497, 43.709236804859017 ], [ -1.054262081910852, 43.708697762904748 ], [ -1.055624166367083, 43.708911509887656 ], [ -1.056740007692716, 43.708884636913972 ], [ -1.05693774514692, 43.70889373382019 ], [ -1.058156228377026, 43.709007583530209 ], [ -1.059592168335268, 43.709253154689655 ], [ -1.060238925011181, 43.709325534221065 ], [ -1.060927717069063, 43.709582832697542 ], [ -1.062060419508042, 43.709734420425384 ], [ -1.063221080482946, 43.709814040537083 ], [ -1.063457633016217, 43.710016246477913 ], [ -1.06485057574354, 43.710205517815972 ], [ -1.065559143984842, 43.710253431027439 ], [ -1.065882504760518, 43.710289154473642 ], [ -1.066920069998753, 43.710467075146568 ], [ -1.067841876334346, 43.710596442445343 ], [ -1.068832783800446, 43.710802804169994 ], [ -1.069830934907181, 43.710839780869357 ], [ -1.070511254565127, 43.710912843522216 ], [ -1.071221606598569, 43.711011048655486 ], [ -1.072072530962343, 43.711282069361665 ], [ -1.072208209843091, 43.711393862051061 ], [ -1.07285661728255, 43.711513801190797 ], [ -1.073168863734863, 43.711363609823692 ], [ -1.074003245282594, 43.711337327137755 ], [ -1.074780403312199, 43.711453198698543 ], [ -1.075460949969362, 43.711571209992755 ], [ -1.076205712622902, 43.711663799863089 ], [ -1.076980135306702, 43.711733855999071 ], [ -1.077156513949801, 43.712007210567812 ], [ -1.077652132608539, 43.711688372613118 ], [ -1.078087786021807, 43.711465895274088 ], [ -1.078719894198938, 43.711313695726332 ], [ -1.079190319345249, 43.711485098256261 ], [ -1.079553949944013, 43.711302675881754 ], [ -1.079958644374607, 43.711081167660524 ], [ -1.080425016283197, 43.710833418434021 ], [ -1.080841868913694, 43.710628617900497 ], [ -1.082156070212466, 43.711323104481288 ], [ -1.082432697676007, 43.711654467102825 ], [ -1.082770037152898, 43.711922729894361 ], [ -1.08301507687859, 43.712264986100337 ], [ -1.08308505743244, 43.712356347830614 ], [ -1.08371932925551, 43.712343509147289 ], [ -1.084031756266207, 43.712093409572198 ], [ -1.08472643962871, 43.711372365775397 ], [ -1.085065503499225, 43.711152911933944 ], [ -1.085506461477737, 43.71099861584878 ], [ -1.085644654748715, 43.710408521471905 ], [ -1.08538760831107, 43.710093642923944 ], [ -1.084808030261758, 43.709529835060493 ], [ -1.08446923938358, 43.709237332354824 ], [ -1.084889312762073, 43.708735502606622 ], [ -1.084995889601289, 43.708383038521006 ], [ -1.085669421361078, 43.70729016890229 ], [ -1.086040641515939, 43.707069695204453 ], [ -1.087351050459722, 43.706421837345673 ], [ -1.088191309718924, 43.705999375449153 ], [ -1.089032794346415, 43.705576867995802 ], [ -1.089842083465772, 43.705155372839336 ], [ -1.090747908974932, 43.704730814915251 ], [ -1.091122378797372, 43.704523716151378 ], [ -1.091587951100884, 43.704284939472842 ], [ -1.091684698170603, 43.703769928350191 ], [ -1.091344555550331, 43.703454997892536 ], [ -1.091718263360917, 43.703256018638463 ], [ -1.092210955838571, 43.703055968313393 ], [ -1.092656226407389, 43.702830426095566 ], [ -1.092754366628292, 43.702338763048431 ], [ -1.092852337596898, 43.701823712407744 ], [ -1.09335356971702, 43.701621586556811 ], [ -1.093042800784029, 43.701258945285382 ], [ -1.091994136270598, 43.700895386288614 ], [ -1.091450636965406, 43.700312481270885 ], [ -1.090846229334576, 43.69995373567707 ], [ -1.090829430305567, 43.699674452184873 ], [ -1.090102993251677, 43.699348358274499 ], [ -1.089454961394427, 43.698717469913817 ], [ -1.088740962372547, 43.698040980620995 ], [ -1.088025577080841, 43.697341138506808 ], [ -1.087687131457853, 43.696537595809325 ], [ -1.087501001121284, 43.695565484500484 ], [ -1.087807563365625, 43.695322757027505 ], [ -1.088100145138341, 43.694847442637077 ], [ -1.088150687242925, 43.694636207794147 ], [ -1.088097570478617, 43.694288795972582 ], [ -1.087943549330473, 43.693851005896668 ], [ -1.087754713540276, 43.693390924584648 ], [ -1.087633039034975, 43.692975503823085 ], [ -1.087672627400272, 43.692581972547551 ], [ -1.087227255381296, 43.692144403009159 ], [ -1.087788499998917, 43.69180724496406 ], [ -1.088197190760301, 43.691118622039824 ], [ -1.088536120874827, 43.690899160614954 ], [ -1.088737708989714, 43.690519396210796 ], [ -1.090325082002998, 43.689700780890895 ], [ -1.091091981616336, 43.689629708083672 ], [ -1.091401359479537, 43.68943456606906 ], [ -1.092304227479645, 43.688985792983132 ], [ -1.092805348727539, 43.688783671586044 ], [ -1.092985967560528, 43.688591705339313 ], [ -1.093583603466583, 43.688386521503723 ], [ -1.093711073466699, 43.687847146604163 ], [ -1.094114086980202, 43.687601343128925 ], [ -1.095298133699483, 43.687540407128388 ], [ -1.096654578647034, 43.687707017024032 ], [ -1.097093971442577, 43.687530226286036 ], [ -1.097429830369621, 43.687775090486831 ], [ -1.097770112047772, 43.68757894887419 ], [ -1.098240266126115, 43.687377784305177 ], [ -1.099694417853054, 43.687540355248892 ], [ -1.100063993220401, 43.687295590587709 ], [ -1.100161872348582, 43.686780539066355 ], [ -1.101003155634258, 43.68638133204503 ], [ -1.101797885444613, 43.68597100129233 ], [ -1.102283619186724, 43.685781919650076 ], [ -1.102927517404692, 43.685830734348329 ], [ -1.103058948837808, 43.685338006246575 ], [ -1.10386798328343, 43.685452644329345 ], [ -1.104206593054353, 43.685208849414821 ], [ -1.104336548217665, 43.684691873964596 ], [ -1.105046242475681, 43.684762876057476 ], [ -1.105449358023179, 43.684540418332119 ], [ -1.105177771481579, 43.684292635134696 ], [ -1.105643814819707, 43.684044782271748 ], [ -1.106017454063659, 43.683847552550695 ], [ -1.106179678874941, 43.68335204126425 ], [ -1.107664738044204, 43.683514418536987 ], [ -1.10803549044875, 43.68326958802303 ], [ -1.108817373212871, 43.682853314603598 ], [ -1.109280817152536, 43.682624422487024 ], [ -1.109685312779876, 43.682425297266803 ], [ -1.110088448019222, 43.682203720656865 ], [ -1.110492763110227, 43.681981205170814 ], [ -1.110687167363079, 43.681485560997757 ], [ -1.111300321611292, 43.681559596508308 ], [ -1.111707398097036, 43.681382874346959 ], [ -1.112162320585799, 43.681156940141925 ], [ -1.11261556344384, 43.681005734786027 ], [ -1.114000171560519, 43.681127138900074 ], [ -1.114168927912604, 43.681211729950192 ], [ -1.114393409182107, 43.680947248739429 ], [ -1.114569080637072, 43.680490882504301 ], [ -1.115315662836941, 43.680516552620041 ], [ -1.116114123459519, 43.680088898870729 ], [ -1.116801151983503, 43.680195634975654 ], [ -1.117643458941289, 43.679796261168683 ], [ -1.119839170610684, 43.680005958939333 ], [ -1.119403871018587, 43.679716654603894 ], [ -1.119321014094307, 43.678881653609253 ], [ -1.119789728818014, 43.678679538328559 ], [ -1.120222245045352, 43.678923043447647 ], [ -1.120899665100741, 43.678994071055243 ], [ -1.121333495891884, 43.679259123527089 ], [ -1.121561683156839, 43.679322009725581 ], [ -1.122882567136187, 43.678883904269618 ], [ -1.123955833854175, 43.678594059995831 ], [ -1.124430529741962, 43.67902154439998 ], [ -1.124834711800363, 43.678798077912496 ], [ -1.124934104667854, 43.678842583945602 ], [ -1.125254139167555, 43.678539932293987 ], [ -1.126014523640118, 43.678691048774986 ], [ -1.126256788663093, 43.67898560546579 ], [ -1.125998687417842, 43.67789979192375 ], [ -1.126399725193872, 43.677094293996468 ], [ -1.127081142150515, 43.676700893244742 ], [ -1.127331378729988, 43.676575917130258 ], [ -1.127271182607781, 43.676136076509195 ], [ -1.127796025608872, 43.676328009980217 ], [ -1.127944321268126, 43.676137017174973 ], [ -1.128026683227161, 43.675901349510589 ], [ -1.128137134897542, 43.675617996286597 ], [ -1.128430883678838, 43.675678768102806 ], [ -1.128619856833957, 43.675626829615993 ], [ -1.130007716958724, 43.675232375148859 ], [ -1.130154637076763, 43.675018929934538 ], [ -1.13081376722131, 43.675299218044422 ], [ -1.131281100688297, 43.675075502018764 ], [ -1.131560828589699, 43.674926177446594 ], [ -1.132061558292642, 43.674701387386989 ], [ -1.132400517070548, 43.675016222923063 ], [ -1.132123069127125, 43.67677149994087 ], [ -1.132043965215683, 43.677590094426584 ], [ -1.132819305478572, 43.677681301256889 ], [ -1.133513489084285, 43.678007237108474 ], [ -1.13521257367874, 43.678000417175831 ], [ -1.135551384452059, 43.678291856415385 ], [ -1.135145771239466, 43.678491117321919 ], [ -1.134064143111841, 43.678642783257501 ], [ -1.133660996625395, 43.678841959284362 ], [ -1.133121429003405, 43.6794881784678 ], [ -1.1329621275704, 43.68002772984417 ], [ -1.132514396727915, 43.680309307218621 ], [ -1.132108723564001, 43.680528352361996 ], [ -1.131623277893208, 43.680699567669926 ], [ -1.131111647302931, 43.679156724726248 ], [ -1.13019607639074, 43.678859460407018 ], [ -1.128357674065752, 43.679755999881046 ], [ -1.128831181632432, 43.680672960223575 ], [ -1.129132128471984, 43.68087205983047 ], [ -1.129195602670443, 43.681406268771866 ], [ -1.127459468560181, 43.682416481455121 ], [ -1.128254866166926, 43.683346534413239 ], [ -1.128441101905141, 43.683758948261833 ], [ -1.128651412731076, 43.684077918164384 ], [ -1.129301058255997, 43.684710321478477 ], [ -1.129477604027361, 43.684983585364698 ], [ -1.129169672555186, 43.685179693833582 ], [ -1.127915275568701, 43.684490175433147 ], [ -1.127230975709569, 43.684450000305972 ], [ -1.126326981231599, 43.684874817261033 ], [ -1.125823357422034, 43.685053784994437 ], [ -1.125483296387547, 43.68525181034763 ], [ -1.124770734731968, 43.685134246627442 ], [ -1.124027657409013, 43.685065340175029 ], [ -1.122878698325518, 43.685172257230313 ], [ -1.122541094282494, 43.684879839309197 ], [ -1.121925235639986, 43.684782559012731 ], [ -1.121992104682484, 43.684290966743596 ], [ -1.121747185139165, 43.683973091112655 ], [ -1.121002585647069, 43.683858326848387 ], [ -1.120764521397826, 43.683632902713143 ], [ -1.120294298878371, 43.683810777165256 ], [ -1.119859254383912, 43.68405770495594 ], [ -1.119452129614889, 43.684233560116979 ], [ -1.118806819814901, 43.684161495897364 ], [ -1.117964402114785, 43.684559982053855 ], [ -1.117059099535626, 43.684984761182484 ], [ -1.116009471490067, 43.685135220739156 ], [ -1.115539221759361, 43.68531307474322 ], [ -1.115134902738485, 43.685535609619834 ], [ -1.114728990227025, 43.685711407748926 ], [ -1.114324665221739, 43.685933939666391 ], [ -1.113455725784247, 43.686427706910877 ], [ -1.113051039139909, 43.686603459417505 ], [ -1.11270698233963, 43.686777277826074 ], [ -1.112210012360499, 43.687026147481447 ], [ -1.111836428043468, 43.687224297030475 ], [ -1.111367560596973, 43.68742548116839 ], [ -1.110996795481932, 43.687670323844102 ], [ -1.110122152675179, 43.688070672997441 ], [ -1.109878520473382, 43.687752730226066 ], [ -1.109377588792304, 43.687977419874677 ], [ -1.10860356415991, 43.688422237987083 ], [ -1.108196373539803, 43.688598051402401 ], [ -1.107762477605674, 43.688844892083509 ], [ -1.10735787547373, 43.689043113067619 ], [ -1.106953552354336, 43.689266516017653 ], [ -1.106731092865386, 43.689832326290457 ], [ -1.105860617967329, 43.690302685933709 ], [ -1.10483308610915, 43.690800525967454 ], [ -1.104340706752601, 43.691701515770383 ], [ -1.103465783525249, 43.692078424866999 ], [ -1.102558844602025, 43.692479736976516 ], [ -1.101228807553676, 43.691684347217745 ], [ -1.100390380370553, 43.692152743459985 ], [ -1.099621880286983, 43.692177146518247 ], [ -1.099239996733392, 43.692259449591845 ], [ -1.099515648528088, 43.692553906292744 ], [ -1.099045402140866, 43.692754179160282 ], [ -1.097995413975925, 43.692881077472855 ], [ -1.097590972862543, 43.693103548095344 ], [ -1.097158403604863, 43.693373695376472 ], [ -1.096751142357115, 43.693549466405166 ], [ -1.096961027699596, 43.693822623069849 ], [ -1.096926169518831, 43.69433477406632 ], [ -1.096426366579619, 43.69455936564416 ], [ -1.09608490924063, 43.694757339323338 ], [ -1.096331138603035, 43.695098623818602 ], [ -1.097010181948161, 43.695194048039731 ], [ -1.097350306584105, 43.695508958788693 ], [ -1.097931273363068, 43.696096042031265 ], [ -1.098268647836767, 43.696365151502249 ], [ -1.098545667824518, 43.696682061862056 ], [ -1.098787921521851, 43.696977581928245 ], [ -1.099125367083296, 43.697268280476678 ], [ -1.099466977817813, 43.697607431387169 ], [ -1.099678469442835, 43.69792731952402 ], [ -1.100085745197945, 43.698285977694852 ], [ -1.100259430661868, 43.698513493315779 ], [ -1.100567297214397, 43.69880692690991 ], [ -1.100695053683144, 43.699362503468286 ], [ -1.101095357170011, 43.699605314592638 ], [ -1.101487148650085, 43.699686442752146 ], [ -1.101795316107415, 43.700025750373058 ], [ -1.102379192992355, 43.700659508378493 ], [ -1.102429706936723, 43.701496456233158 ], [ -1.103140963245687, 43.701589922020574 ], [ -1.102671900334832, 43.702303921367438 ], [ -1.102439777006754, 43.703265916225476 ], [ -1.10218345548766, 43.703786009361323 ], [ -1.10187690894224, 43.704028779031951 ], [ -1.102119211114691, 43.704324293248945 ], [ -1.102634612446636, 43.705425392951739 ], [ -1.102130627048148, 43.706116207360246 ], [ -1.102064744812929, 43.706606857941836 ], [ -1.101404102846995, 43.707373724448736 ], [ -1.100162201235574, 43.708065468861619 ], [ -1.099826156894364, 43.707819711447414 ], [ -1.099043456432645, 43.708146866592173 ], [ -1.098638911127102, 43.70836934363242 ], [ -1.0977988639669, 43.708815275086181 ], [ -1.097385919217055, 43.708898554419861 ], [ -1.097231711318118, 43.709508969284101 ], [ -1.096759964104054, 43.70968678420823 ], [ -1.097083413560003, 43.710258656047159 ], [ -1.097912439470378, 43.711769112551266 ], [ -1.097664629425495, 43.711917333231177 ], [ -1.09782277302178, 43.712400875182311 ], [ -1.096893063837145, 43.712430364488789 ], [ -1.096061602419579, 43.712855315176384 ], [ -1.095181474889155, 43.713296197692394 ], [ -1.094900441866836, 43.713449063840081 ], [ -1.093948449964968, 43.713932701952402 ], [ -1.09315429011495, 43.714318658422201 ], [ -1.092587193698767, 43.715035719018601 ], [ -1.091372992100849, 43.71565630092099 ], [ -1.090195333581182, 43.716369284884593 ], [ -1.089284940289855, 43.716700407562861 ], [ -1.088817320826053, 43.716948235159933 ], [ -1.088413911235002, 43.717170636287022 ], [ -1.087943311198675, 43.717348374656567 ], [ -1.087881234910028, 43.717904576915913 ], [ -1.086457482798041, 43.718280701979694 ], [ -1.086188078247879, 43.718772378239791 ], [ -1.085079385883686, 43.718859605529765 ], [ -1.084708139177939, 43.719080975874874 ], [ -1.084949013832303, 43.719353182879871 ], [ -1.084579276031804, 43.71962039170473 ], [ -1.083695079087537, 43.720058606360666 ], [ -1.08245876268137, 43.720665386976279 ], [ -1.081509240004755, 43.720346267588887 ], [ -1.081100305927845, 43.719939898789406 ], [ -1.080760125303578, 43.719624931362773 ], [ -1.07983894402828, 43.71928151080067 ], [ -1.079161042646282, 43.719209326186814 ], [ -1.078075532397847, 43.719290351504348 ], [ -1.076878102165148, 43.719428878324685 ], [ -1.075909307784905, 43.719056335345876 ], [ -1.075566310055291, 43.718693755828127 ], [ -1.075230362898608, 43.718448818258068 ], [ -1.073869161443705, 43.718234379233813 ], [ -1.072818807394554, 43.718384423856634 ], [ -1.072346805161175, 43.718539643671527 ], [ -1.070925420928025, 43.718397241706363 ], [ -1.069668842794843, 43.718832661704795 ], [ -1.068546524373312, 43.717820678514002 ], [ -1.068076014490028, 43.718021718677562 ], [ -1.068169795383737, 43.717971983785539 ], [ -1.067870050122907, 43.717771772399139 ], [ -1.066926340879262, 43.717568412102374 ], [ -1.066711956954221, 43.717738001738965 ], [ -1.06591326535988, 43.718321834718438 ], [ -1.064892731431307, 43.717912134040063 ], [ -1.064164145892855, 43.717218838293185 ], [ -1.063906036153248, 43.716988517626326 ], [ -1.062338569217048, 43.717618958538516 ], [ -1.061608620537155, 43.717671561769095 ], [ -1.061352894774604, 43.717231524451925 ], [ -1.060409490296433, 43.716491863320265 ], [ -1.058816091823839, 43.716042498211451 ], [ -1.058239380657627, 43.71633499808479 ], [ -1.057935448643432, 43.71591805898511 ], [ -1.057488660278832, 43.715955458759595 ], [ -1.056608006567094, 43.715726641505164 ], [ -1.055427504193459, 43.715857203347703 ], [ -1.054686837094388, 43.715833619925668 ], [ -1.053938972268518, 43.715647407488916 ], [ -1.053547371268952, 43.715903494181909 ], [ -1.053098468376196, 43.716092994668458 ], [ -1.052935185898455, 43.717121988326547 ], [ -1.052181508054622, 43.717505468232439 ], [ -1.05159189578335, 43.717769544236141 ], [ -1.05151970726576, 43.718703913894196 ], [ -1.051392452203455, 43.718816762090533 ], [ -1.050960683106342, 43.719023711479167 ], [ -1.05129797147829, 43.719292971735143 ], [ -1.050788592811382, 43.719571627237301 ], [ -1.050425051017505, 43.719716158568851 ], [ -1.049050284266196, 43.72090000006316 ], [ -1.048239619016144, 43.720784988210433 ], [ -1.047904571562895, 43.721075274516593 ], [ -1.047433866407895, 43.72125373549386 ], [ -1.047090734209989, 43.721449801161832 ], [ -1.046282189327022, 43.721871841307191 ], [ -1.045906761051177, 43.722046419035514 ], [ -1.045379718028321, 43.72234179484488 ], [ -1.044193231983337, 43.722938471732839 ], [ -1.044032873205023, 43.72345541915702 ], [ -1.042751004506229, 43.724055057347506 ], [ -1.042348750125109, 43.724300637595256 ], [ -1.041572921038006, 43.7242087798979 ], [ -1.040892386781963, 43.724113044750126 ], [ -1.039716014697801, 43.72475614071741 ], [ -1.039432741942627, 43.724414082218502 ], [ -1.039064721695834, 43.724170035258389 ], [ -1.038884336903092, 43.723826567658449 ], [ -1.038545696759786, 43.723533918335775 ], [ -1.038108466643373, 43.723733787132154 ], [ -1.037704956276144, 43.723979388675218 ], [ -1.037916000793879, 43.72427511728835 ], [ -1.038217058498096, 43.724498762030315 ], [ -1.038520054887148, 43.724880696105146 ], [ -1.03812532699573, 43.725107131395518 ], [ -1.037994534111325, 43.725600654421456 ], [ -1.037558616245101, 43.725822972824773 ], [ -1.03705371519344, 43.726514392652263 ], [ -1.036214301804003, 43.7269832020134 ], [ -1.035872334852526, 43.727179194409942 ], [ -1.036083632411552, 43.727500111613331 ], [ -1.035710703520055, 43.727697067745702 ], [ -1.035515580710437, 43.728215084113089 ], [ -1.035082450919044, 43.728484990367093 ], [ -1.034702851537946, 43.728590379177753 ], [ -1.034577496250947, 43.729176400001279 ], [ -1.034235420076689, 43.729349897372899 ], [ -1.033766022678744, 43.729573241865786 ], [ -1.034071147425698, 43.729844457927982 ], [ -1.03322889731875, 43.730266545883261 ], [ -1.032758812663375, 43.731002747438751 ], [ -1.032355084963059, 43.731224942091529 ], [ -1.031789121130103, 43.731452181267557 ], [ -1.031354568254772, 43.731698723496095 ], [ -1.031009848001457, 43.731848899746844 ], [ -1.030783618165316, 43.732345381662171 ], [ -1.029976355807491, 43.732835633756544 ], [ -1.02923063111788, 43.733254688718368 ], [ -1.028758387102719, 43.733409720331572 ], [ -1.028628962063517, 43.733949075132202 ], [ -1.027917424448977, 43.733855117945723 ], [ -1.025748629159911, 43.734107813023634 ], [ -1.024937736331571, 43.733970135493792 ], [ -1.025037752781429, 43.733478484322461 ], [ -1.024730087950281, 43.733184828743262 ], [ -1.024583338932368, 43.732863685580313 ], [ -1.021558428176292, 43.734378173947349 ], [ -1.020879235691644, 43.734306560430639 ], [ -1.019731653133725, 43.734434800434222 ], [ -1.019354737728909, 43.734586835875199 ], [ -1.0185478746881, 43.734517364250465 ], [ -1.017935836842769, 43.734490437143073 ], [ -1.017771355041865, 43.734984076757321 ], [ -1.016819206429318, 43.734617687326853 ], [ -1.016283837102571, 43.734797110703383 ], [ -1.015603135839904, 43.734678725739101 ], [ -1.015165875565804, 43.734901891945121 ], [ -1.01452012450672, 43.734829203686537 ], [ -1.013463896581409, 43.734907764878017 ], [ -1.012221107279948, 43.735063161597559 ], [ -1.011541731279434, 43.734967203093227 ], [ -1.01052044277839, 43.735091440303307 ], [ -1.009743198872242, 43.734976902014111 ], [ -1.008837661396974, 43.735424141918202 ], [ -1.008092512353869, 43.73530680094256 ], [ -1.00731439269574, 43.735726700285248 ], [ -1.006875773743028, 43.735927381153232 ], [ -1.005583715763129, 43.735243892727894 ], [ -1.0048214448724, 43.735384374693858 ], [ -1.004091503159793, 43.735547246455724 ], [ -1.003852263356556, 43.735297308738474 ], [ -1.00341312764668, 43.734939272332561 ], [ -1.003010443537054, 43.735160422021977 ], [ -1.002543719522442, 43.735432128772864 ], [ -1.001765557274491, 43.735851988319645 ], [ -1.00142470985752, 43.73604873318024 ], [ -1.000988752069447, 43.736295192640583 ], [ -1.000610353386323, 43.73642291478113 ], [ -1.000789049043499, 43.736719710551846 ], [ -1.000075391246143, 43.737160962222582 ], [ -0.999169795815187, 43.737609020153535 ], [ -0.998391578988474, 43.738028856142655 ], [ -0.997618585661833, 43.738516903304102 ], [ -0.996878144598836, 43.739052527106729 ], [ -0.996130728654641, 43.739448005857376 ], [ -0.995765962625844, 43.739809214894059 ], [ -0.995157797225069, 43.739827923585239 ], [ -0.994458429629382, 43.739942103474604 ], [ -0.993630368406883, 43.740083627970868 ], [ -0.99306800488999, 43.740333940619479 ], [ -0.992581148797093, 43.739137901246899 ], [ -0.992209139246387, 43.738823641448228 ], [ -0.991967260564135, 43.738527874234698 ], [ -0.991693359588428, 43.738257382648058 ], [ -0.991173370679952, 43.737597682055402 ], [ -0.990805346239951, 43.737330080483794 ], [ -0.99056216939848, 43.737011858173922 ], [ -0.990254663160183, 43.736718104008538 ], [ -0.989914884677422, 43.736402847749531 ], [ -0.989378050154717, 43.736558788078455 ], [ -0.988789722672986, 43.737341599813213 ], [ -0.987548799746947, 43.737126875407938 ], [ -0.987181144125412, 43.737417965667923 ], [ -0.986740902043576, 43.737570928340475 ], [ -0.985458060994585, 43.738168996758873 ], [ -0.985208811275303, 43.738852317111728 ], [ -0.984446389545198, 43.738991758058958 ], [ -0.983165835295095, 43.739055305637258 ], [ -0.982483558348988, 43.738377147517561 ], [ -0.981675378371017, 43.738284948827037 ], [ -0.981347373649449, 43.738511824670169 ], [ -0.979911486221872, 43.738315580653172 ], [ -0.979537106214502, 43.738513281016331 ], [ -0.978660813090404, 43.738913480979939 ], [ -0.978287784091792, 43.739134527675709 ], [ -0.977381933773426, 43.739581506107747 ], [ -0.976603409568683, 43.739977797770166 ], [ -0.975729804963228, 43.740446267979969 ], [ -0.974046644706833, 43.741290359373082 ], [ -0.973638661785406, 43.741465673449838 ], [ -0.972959326705935, 43.741370370787138 ], [ -0.972827879985915, 43.741862922736118 ], [ -0.972667057338823, 43.742426548538866 ], [ -0.971959642481072, 43.742424765962333 ], [ -0.970971441410748, 43.741989801586676 ], [ -0.969854442186923, 43.742093180085078 ], [ -0.968733658217836, 43.742174170045082 ], [ -0.968803271459755, 43.741706003324062 ], [ -0.968156263866663, 43.74163307630122 ], [ -0.967442020449682, 43.741492020152208 ], [ -0.967035318388405, 43.741689762041865 ], [ -0.966289039101753, 43.7415739671587 ], [ -0.96597147495067, 43.741297547085878 ], [ -0.965708913626454, 43.740985261012796 ], [ -0.964998746000563, 43.740914241092568 ], [ -0.964254969121184, 43.74081994906517 ], [ -0.963671034789404, 43.740721681704379 ], [ -0.963739334505331, 43.740230167961563 ], [ -0.963464091553538, 43.739912865463083 ], [ -0.963156646956021, 43.739596543430245 ], [ -0.96257527316509, 43.738985368712548 ], [ -0.961992559262713, 43.738350840391007 ], [ -0.961656350717539, 43.738073177922651 ], [ -0.961350860185728, 43.737811673363652 ], [ -0.961094783690726, 43.737482086615366 ], [ -0.960808430881922, 43.737186709648562 ], [ -0.960962766140223, 43.736659291769087 ], [ -0.960656652962897, 43.736365416024512 ], [ -0.960382849699292, 43.736072355433741 ], [ -0.959668756234335, 43.735953738972725 ], [ -0.95823368487632, 43.734460739475253 ], [ -0.957930299212499, 43.734213557967927 ], [ -0.957621453226388, 43.73385048241019 ], [ -0.956472451659207, 43.73341938754654 ], [ -0.956649508298153, 43.73313420205335 ], [ -0.956799936167685, 43.732431472924652 ], [ -0.956889734929452, 43.731753079681837 ], [ -0.957289705118296, 43.730903310475391 ], [ -0.95844387995277, 43.730309497412357 ], [ -0.959565779572252, 43.729715754231897 ], [ -0.959949549997851, 43.729122877600233 ], [ -0.960290447123814, 43.728925366077412 ], [ -0.959242234673596, 43.728583903440047 ], [ -0.958190177407997, 43.728668997382456 ], [ -0.956869385823869, 43.728633599512591 ], [ -0.957022440895685, 43.728512885840694 ], [ -0.958944260319295, 43.727872325973607 ], [ -0.95843808936833, 43.727421693074618 ], [ -0.957933501619459, 43.727041185152096 ], [ -0.957365108045435, 43.726565450517782 ], [ -0.95691067243175, 43.726000778000547 ], [ -0.956461103154225, 43.725455749044613 ], [ -0.957110558751548, 43.72501674692959 ], [ -0.954566160414879, 43.725444081312943 ], [ -0.954431976244454, 43.72535459281022 ], [ -0.954582218309239, 43.725163793356728 ], [ -0.954725875788383, 43.724880526982922 ], [ -0.954870718264528, 43.724596324737895 ], [ -0.955078765311344, 43.72431110076645 ], [ -0.95526120593179, 43.724140913879104 ], [ -0.955780515103967, 43.723660892369999 ], [ -0.956148242312614, 43.723369911554549 ], [ -0.956172502394708, 43.723253115441743 ], [ -0.955497358436525, 43.723225960134343 ], [ -0.954994039791648, 43.72338161031098 ], [ -0.954505596804307, 43.723279498376677 ], [ -0.953589054103094, 43.722981667650409 ], [ -0.953229356263262, 43.72341184526406 ], [ -0.952675118141437, 43.723265840569105 ], [ -0.951644417914511, 43.723762276042862 ], [ -0.950996288221393, 43.723665896920508 ], [ -0.949866351786699, 43.723560746081731 ], [ -0.949557703644309, 43.723779737151119 ], [ -0.949356344199855, 43.724740402714758 ], [ -0.949724035642443, 43.72498565235972 ], [ -0.950778868961185, 43.725465551598695 ], [ -0.951700778270605, 43.726414610841587 ], [ -0.951912895316971, 43.726758144367473 ], [ -0.952383996496385, 43.726580995814345 ], [ -0.952908706556684, 43.728986094768466 ], [ -0.952598582119329, 43.729158356320276 ], [ -0.951252521556819, 43.729781322810084 ], [ -0.951435035374153, 43.730149148807641 ], [ -0.951268633067029, 43.731156444423576 ], [ -0.950895496785957, 43.731376497489123 ], [ -0.949810978486359, 43.731502079590179 ], [ -0.949129268225985, 43.731384213185336 ], [ -0.948192406875581, 43.731854374753176 ], [ -0.947346690786217, 43.732205705644937 ], [ -0.946913165197699, 43.732476158264298 ], [ -0.946067539415001, 43.732850867733703 ], [ -0.945258088986345, 43.733293749475017 ], [ -0.944579005616349, 43.733221657941847 ], [ -0.945160127622064, 43.733832926600208 ], [ -0.946594840681021, 43.735326098485551 ], [ -0.946530329930654, 43.735864263932903 ], [ -0.947047093361602, 43.736477475920367 ], [ -0.948369178142496, 43.737134640606385 ], [ -0.948545091903267, 43.737968709796228 ], [ -0.949673869092849, 43.73914544361633 ], [ -0.949352907865467, 43.740249198141605 ], [ -0.948707288902317, 43.740199506063313 ], [ -0.948167578306037, 43.740867246293156 ], [ -0.947826572285038, 43.741086313707946 ], [ -0.947321836258548, 43.741241967834753 ], [ -0.946105603893284, 43.741884321263811 ], [ -0.946382050198984, 43.742202528857327 ], [ -0.945297315924333, 43.742328066783237 ], [ -0.945475849167705, 43.742648343507994 ], [ -0.944728081250947, 43.743044366903703 ], [ -0.943852767608395, 43.743466739698732 ], [ -0.943754617229426, 43.74398163282806 ], [ -0.941863042757835, 43.744038897947569 ], [ -0.940742023865447, 43.744095311900708 ], [ -0.940535390462666, 43.743868545239337 ], [ -0.939919319687627, 43.743189926949334 ], [ -0.93945348377895, 43.742900823282959 ], [ -0.939519175812083, 43.743503423307047 ], [ -0.939758167821558, 43.743753504424042 ], [ -0.941197021770635, 43.745316811965615 ], [ -0.940728367301941, 43.745539718466297 ], [ -0.939947029280758, 43.745935823492204 ], [ -0.939958789551256, 43.747240011242837 ], [ -0.939522375660326, 43.747462836758025 ], [ -0.939181348604805, 43.747682776146242 ], [ -0.939457837430461, 43.748023493274751 ], [ -0.939767778479247, 43.748363198175994 ], [ -0.940037659941678, 43.748610546628818 ], [ -0.940343627451052, 43.748881094524705 ], [ -0.940649808315898, 43.749198418975901 ], [ -0.940761015666419, 43.750009271940669 ], [ -0.940868191645851, 43.751310577549305 ], [ -0.940366087517872, 43.751535393523561 ], [ -0.939930986177059, 43.751781572629049 ], [ -0.940575328140057, 43.75236757441872 ], [ -0.940849159523463, 43.752661586621414 ], [ -0.941061048353448, 43.753539571683334 ], [ -0.941301381984933, 43.753812104366965 ], [ -0.941914892296381, 43.754422424941033 ], [ -0.942156578574774, 43.754718307186145 ], [ -0.942525831761926, 43.755009428530244 ], [ -0.942801082760372, 43.755327685776535 ], [ -0.943139368082906, 43.755619742703402 ], [ -0.943755685583109, 43.755718044516023 ], [ -0.944432274118812, 43.756302151583846 ], [ -0.944673981444729, 43.75659802861891 ], [ -0.945288852290384, 43.757230784493665 ], [ -0.94586888037601, 43.757818708691723 ], [ -0.946448920432942, 43.758406630036241 ], [ -0.946704030305226, 43.75876237713522 ], [ -0.946597883244794, 43.759310809601942 ], [ -0.946867790228398, 43.759535652281919 ], [ -0.947208871575, 43.759896890745679 ], [ -0.947582359879259, 43.759657947605703 ], [ -0.947657233687968, 43.760955741391129 ], [ -0.947898873865289, 43.761249815974026 ], [ -0.948448260136153, 43.761886342989349 ], [ -0.946651350101432, 43.761916512713007 ], [ -0.946013513454165, 43.763146831427527 ], [ -0.943261393030601, 43.764567119302221 ], [ -0.942672025879009, 43.764808981212731 ], [ -0.942238126500604, 43.765077625248054 ], [ -0.942011096938736, 43.765597322449402 ], [ -0.941983424614218, 43.76610828879798 ], [ -0.941132624511683, 43.766531693069695 ], [ -0.940790144949004, 43.766728289047869 ], [ -0.940298449315717, 43.767093141274458 ], [ -0.940166652573501, 43.767477699113385 ], [ -0.939785281368332, 43.767667370462441 ], [ -0.940495802774128, 43.767739455066057 ], [ -0.940706609854648, 43.768058771139756 ], [ -0.941045011765167, 43.768351735412864 ], [ -0.941286649179768, 43.768645826292754 ], [ -0.9415981639454, 43.769032271558849 ], [ -0.94190031910357, 43.769256153467218 ], [ -0.94221095695579, 43.769584143323172 ], [ -0.941947095811909, 43.770628582133909 ], [ -0.941603249434509, 43.770801829704389 ], [ -0.941991236153254, 43.77195520712376 ], [ -0.941486210634003, 43.772110837544957 ], [ -0.940438446016578, 43.772327863080854 ], [ -0.940447639006032, 43.773608761431163 ], [ -0.940752918981789, 43.773908128452689 ], [ -0.94064880319119, 43.774450199126747 ], [ -0.940220342328243, 43.774663788074747 ], [ -0.939266685612078, 43.774273355430395 ], [ -0.939133683859571, 43.774766813763009 ], [ -0.939034092833822, 43.775258362566618 ], [ -0.939619787858039, 43.775403505867615 ], [ -0.939243627109182, 43.775555229677245 ], [ -0.939391124463792, 43.776435180452445 ], [ -0.940472268957339, 43.777357083705539 ], [ -0.939290397990228, 43.77695015669326 ], [ -0.93857847099566, 43.77685561016164 ], [ -0.938752863880987, 43.777642080109992 ], [ -0.938006119365534, 43.777525189383155 ], [ -0.937713184753836, 43.777440470007008 ], [ -0.937459402690029, 43.777518313296319 ], [ -0.937533208579695, 43.777678930229364 ], [ -0.937875682226187, 43.778041961596934 ], [ -0.938235357312329, 43.778380180353388 ], [ -0.937710140392402, 43.779070826661922 ], [ -0.936867843631122, 43.77951643034941 ], [ -0.936157128236483, 43.779443423223512 ], [ -0.935748858694051, 43.779620395784391 ], [ -0.934811093373801, 43.780090458045422 ], [ -0.934716104156612, 43.780576466231764 ], [ -0.93393906049933, 43.780559428252516 ], [ -0.93318539806411, 43.780884466620861 ], [ -0.9328119176934, 43.781105363465493 ], [ -0.932373874865086, 43.781304813788175 ], [ -0.931627451736983, 43.781258944679685 ], [ -0.930493478120395, 43.780453707070571 ], [ -0.929900940268382, 43.78077386541748 ], [ -0.929070635579395, 43.780845668680499 ], [ -0.928611120961877, 43.781255380926545 ], [ -0.92898851740314, 43.781686665310666 ], [ -0.929102353982125, 43.782545151126698 ], [ -0.929065882881494, 43.783034788835273 ], [ -0.929492796626706, 43.783744388636507 ], [ -0.928500131774335, 43.783238070325112 ], [ -0.928165495284346, 43.783573842225053 ], [ -0.927783891531222, 43.783632119420048 ], [ -0.928365447913356, 43.784266889604993 ], [ -0.928620001919011, 43.784548027208622 ], [ -0.927730967557994, 43.784960776161988 ], [ -0.927361409455295, 43.785229219644719 ], [ -0.926514871656846, 43.785603790798341 ], [ -0.926416591325871, 43.786142073133085 ], [ -0.925609163225289, 43.786072805274998 ], [ -0.924458770525185, 43.786736311290333 ], [ -0.924028771334387, 43.786903994931862 ], [ -0.923580010429346, 43.787112727718203 ], [ -0.922931155767464, 43.78701527818739 ], [ -0.921991825526404, 43.787461880032687 ], [ -0.92158597994237, 43.787661216956707 ], [ -0.920908900584591, 43.787634780315642 ], [ -0.92029218017018, 43.787512957046573 ], [ -0.919691647259976, 43.78769564308363 ], [ -0.918700058708683, 43.787793801271214 ], [ -0.917732411772166, 43.788288899588935 ], [ -0.916469953088522, 43.787559346141244 ], [ -0.916048163720471, 43.787501825923087 ], [ -0.914600767417307, 43.78803378162182 ], [ -0.914262435927111, 43.787741628888227 ], [ -0.914394443795181, 43.787248233683179 ], [ -0.914119248596921, 43.786930795219718 ], [ -0.913681095496282, 43.78713017088166 ], [ -0.913276599705744, 43.787375320039615 ], [ -0.912386139955977, 43.786982752073577 ], [ -0.91092993643241, 43.786816756617412 ], [ -0.910088860148364, 43.786701597269079 ], [ -0.90956946708739, 43.786064871887909 ], [ -0.908989577359689, 43.785477639832457 ], [ -0.908649958026021, 43.785162117928628 ], [ -0.908102174924929, 43.784549629110792 ], [ -0.907796168976302, 43.784278983312781 ], [ -0.907897233836157, 43.783786524796085 ], [ -0.90749136511556, 43.783985808467982 ], [ -0.907117713558993, 43.7842057191639 ], [ -0.906629254056354, 43.784393975476746 ], [ -0.905920791195125, 43.784317103166487 ], [ -0.905627995298311, 43.783994773991758 ], [ -0.903764715035307, 43.784027096810405 ], [ -0.903117169107254, 43.783929491934565 ], [ -0.902844711613943, 43.783658730118937 ], [ -0.90300120354479, 43.783048561021197 ], [ -0.902664290490201, 43.78277972539297 ], [ -0.902358089654243, 43.782461387881028 ], [ -0.902085642793764, 43.782190624442634 ], [ -0.901748739136826, 43.781921786135555 ], [ -0.901535441570986, 43.781555686742117 ], [ -0.901194558256829, 43.781216790157124 ], [ -0.900958235537025, 43.781013321767539 ], [ -0.900583801490142, 43.780652033802262 ], [ -0.90028042006029, 43.780404682761478 ], [ -0.899904121519699, 43.780556270665137 ], [ -0.899772041042052, 43.781072136966969 ], [ -0.899140716728727, 43.782394633538729 ], [ -0.898598748547777, 43.783039693001164 ], [ -0.898836124625824, 43.783370891275936 ], [ -0.897726460051437, 43.783531762330604 ], [ -0.897034717656434, 43.784950516797359 ], [ -0.897636106534457, 43.78532843913311 ], [ -0.897167090799618, 43.785575451193239 ], [ -0.896662558874086, 43.786312052210704 ], [ -0.897210060974908, 43.786877820845831 ], [ -0.896639812329069, 43.787616382458033 ], [ -0.895620586631669, 43.788321544482379 ], [ -0.895730501800262, 43.788551287271787 ], [ -0.896001760144089, 43.788823003036434 ], [ -0.896309010266042, 43.789116137228376 ], [ -0.896858037527275, 43.789752040006576 ], [ -0.897165435556091, 43.790069459545251 ], [ -0.897472647342341, 43.790361692531349 ], [ -0.897746489894143, 43.790656719731075 ], [ -0.898327695202179, 43.791268264647464 ], [ -0.898908912994794, 43.791879806716267 ], [ -0.899551995521521, 43.792465207902552 ], [ -0.900070006454804, 43.793078631698677 ], [ -0.900005079128656, 43.793640181174581 ], [ -0.900082280178582, 43.794429609656959 ], [ -0.900014694420662, 43.79494445473339 ], [ -0.899981811038693, 43.795479856728399 ], [ -0.900139497710444, 43.795784645396161 ], [ -0.899382406124236, 43.795684885685844 ], [ -0.899039607081318, 43.795881353881541 ], [ -0.898632330151083, 43.796079744952387 ], [ -0.898520245238352, 43.796598616152487 ], [ -0.89837187948492, 43.797134764429856 ], [ -0.897996880810687, 43.797333089582246 ], [ -0.897754678078419, 43.797573336687378 ], [ -0.897395502210644, 43.798050094064678 ], [ -0.896990807669178, 43.798294286223381 ], [ -0.896859950667067, 43.798811016688454 ], [ -0.896549312506242, 43.799005617840066 ], [ -0.896049179763913, 43.799253551829473 ], [ -0.896319163524747, 43.799501916269939 ], [ -0.895883505193236, 43.799747927021706 ], [ -0.895510996383115, 43.799968661412287 ], [ -0.895773051472596, 43.800252351962044 ], [ -0.895666315847769, 43.800756666076737 ], [ -0.89521704046537, 43.801025572393463 ], [ -0.894839301094878, 43.801176283732126 ], [ -0.89436873001586, 43.801376544235403 ], [ -0.893963963711034, 43.801598234257874 ], [ -0.893556628195213, 43.801796607080604 ], [ -0.893388221663596, 43.802243375828176 ], [ -0.893018389463869, 43.802511705588977 ], [ -0.892614935481036, 43.802756743445009 ], [ -0.892112050768245, 43.802957056373486 ], [ -0.8913631195984, 43.803352728679926 ], [ -0.890581918621499, 43.803770948778485 ], [ -0.889769670280229, 43.804167594347192 ], [ -0.889395868743677, 43.804388345332534 ], [ -0.888520525533947, 43.804833642565697 ], [ -0.888051225828069, 43.805057228971087 ], [ -0.887737926965575, 43.805205998363341 ], [ -0.886721280205852, 43.805722959360963 ], [ -0.886361001739971, 43.805875820166449 ], [ -0.885176184917335, 43.806516524350926 ], [ -0.884576641902988, 43.806743964623116 ], [ -0.883831524137257, 43.807208746411639 ], [ -0.883491832771635, 43.806869751198342 ], [ -0.882753938026397, 43.806891659901432 ], [ -0.882941130296406, 43.807631051770088 ], [ -0.882792710839771, 43.808147385957852 ], [ -0.881835004445891, 43.807709770176324 ], [ -0.880941158794785, 43.807829862947365 ], [ -0.880698849061341, 43.80923428144208 ], [ -0.879687202284727, 43.808787450207859 ], [ -0.879406745461225, 43.808551050244141 ], [ -0.879111228819967, 43.808443752780455 ], [ -0.877909250307342, 43.808805078241186 ], [ -0.878045530761217, 43.808380880647739 ], [ -0.877703198830463, 43.807972669592594 ], [ -0.876992334154931, 43.807923561267565 ], [ -0.877113972300329, 43.807372042525188 ], [ -0.876852265529635, 43.807159372801756 ], [ -0.876575813554835, 43.806817583510622 ], [ -0.876201415275429, 43.806457102964373 ], [ -0.875675726217364, 43.805903170612169 ], [ -0.875312980261276, 43.805528847018422 ], [ -0.875009497716066, 43.80525803126136 ], [ -0.874866150565632, 43.80502925639513 ], [ -0.874122496946253, 43.804376508951599 ], [ -0.874319349074781, 43.803858755905665 ], [ -0.875915496319802, 43.803088128535741 ], [ -0.876090715622575, 43.802781540747418 ], [ -0.874856783454687, 43.802002973168456 ], [ -0.874712612234034, 43.802309538860271 ], [ -0.874275520939751, 43.802532110431223 ], [ -0.873804866332297, 43.802732281944273 ], [ -0.872751061140331, 43.802856144732957 ], [ -0.871225394550418, 43.803181092568863 ], [ -0.870450084993094, 43.80311135771985 ], [ -0.870010338092869, 43.803287206294158 ], [ -0.869299513173417, 43.803215556287043 ], [ -0.86855168527258, 43.803633526014664 ], [ -0.867432000767099, 43.803734992061742 ], [ -0.865404705733469, 43.804285204081587 ], [ -0.86431992455214, 43.804433290266203 ], [ -0.863169314798163, 43.804537423934022 ], [ -0.860930111099203, 43.804766317808678 ], [ -0.859848762080652, 43.804378945107594 ], [ -0.859483569468678, 43.804180082911955 ], [ -0.858148233565055, 43.803870355102802 ], [ -0.857568642585788, 43.803281942681934 ], [ -0.85704968579099, 43.802644958493822 ], [ -0.856404253439021, 43.80201169680609 ], [ -0.856441432353194, 43.80154546675719 ], [ -0.855828631000739, 43.801493335198657 ], [ -0.855278779076926, 43.800880645693553 ], [ -0.854633386425395, 43.80024737426443 ], [ -0.854084919548733, 43.799658930549334 ], [ -0.85367864866251, 43.799856218696192 ], [ -0.850328703065618, 43.799721714318586 ], [ -0.850020324404415, 43.799405094595407 ], [ -0.849306069487725, 43.799803047981015 ], [ -0.848529408817466, 43.79975209173076 ], [ -0.847945987165198, 43.799092671935497 ], [ -0.846875938684356, 43.79923655337079 ], [ -0.846178885385715, 43.799098673862105 ], [ -0.846276706656998, 43.798560495939441 ], [ -0.845697242189929, 43.79797112413474 ], [ -0.845090824690216, 43.797477006455438 ], [ -0.844813354734593, 43.797112683648372 ], [ -0.844475261730983, 43.796796921948321 ], [ -0.84423134356103, 43.796455005130092 ], [ -0.843684275942452, 43.795888965399513 ], [ -0.843344956528748, 43.795573236822186 ], [ -0.843134493383284, 43.795251929069586 ], [ -0.842599363012358, 43.795454753301904 ], [ -0.842730704713409, 43.794938089626534 ], [ -0.842876399662788, 43.794678310736678 ], [ -0.842896891918968, 43.794467186907482 ], [ -0.842316299651042, 43.793856242008594 ], [ -0.842042779176051, 43.793561972501102 ], [ -0.841769211352261, 43.793266804167516 ], [ -0.842207648617141, 43.79304522685473 ], [ -0.842855078284583, 43.79311890822197 ], [ -0.842550406659395, 43.792289350986607 ], [ -0.84102109294676, 43.793102501895738 ], [ -0.840716585787185, 43.792809137694789 ], [ -0.840443042442945, 43.792536457465467 ], [ -0.840105115000176, 43.79224497085692 ], [ -0.839862496191485, 43.791925500274687 ], [ -0.839558014933447, 43.791654624343742 ], [ -0.83897488040933, 43.790996956505104 ], [ -0.838669155216764, 43.790703623313668 ], [ -0.838091202561526, 43.790138465516812 ], [ -0.837853815595808, 43.789912403478233 ], [ -0.833594311497867, 43.790781965072355 ], [ -0.827723982299217, 43.793281788567256 ], [ -0.825034929801464, 43.792918504656292 ] ], [ [ 0.055020261884261, 43.430971938080567 ], [ 0.052987325949077, 43.443373798509036 ], [ 0.051873097425596, 43.447084948960047 ], [ 0.051345387460695, 43.447816402165259 ], [ 0.044689354763062, 43.452966205622481 ], [ 0.04120923823332, 43.457460430843206 ], [ 0.03919907736804, 43.451243596764442 ], [ 0.034104090419391, 43.461757653410388 ], [ 0.031745529695564, 43.463808453123526 ], [ 0.03238110724975, 43.461726245811938 ], [ 0.033304414233885, 43.458627019174607 ], [ 0.034421049928666, 43.455167791583435 ], [ 0.035556941115533, 43.452085692803095 ], [ 0.036689437163954, 43.449545667176274 ], [ 0.039224722279617, 43.447930124363168 ], [ 0.040222756762248, 43.447382268571047 ], [ 0.041820621143548, 43.446522605626889 ], [ 0.043477289428386, 43.445549089394909 ], [ 0.044801861950777, 43.444424638028089 ], [ 0.048886460261407, 43.442220549901002 ], [ 0.049801073229169, 43.441099930262347 ], [ 0.053116396055369, 43.437261948527123 ], [ 0.055020261884261, 43.430971938080567 ] ] ] ] } }
]
}
