{
"type": "FeatureCollection",
"name": "ZRE_-_2013",
"crs": { "type": "name", "properties": { "name": "urn:ogc:def:crs:OGC:1.3:CRS84" } },
"xy_coordinate_resolution": 1e-15,
"features": [
{ "type": "Feature", "properties": { "fid": 1, "ID": 2, "NOM": "ZRE - GELISE 2013", "SURF_HA": 14304 }, "geometry": { "type": "MultiPolygon", "coordinates": [ [ [ [ 0.060752490785159, 44.023438132047247 ], [ 0.06077290476806, 44.023405357408386 ], [ 0.060774244037885, 44.023403592142728 ], [ 0.060775536890082, 44.023402726256464 ], [ 0.061354790313673, 44.022965274872561 ], [ 0.061426717816653, 44.022780777644208 ], [ 0.0614877454016, 44.022614000094322 ], [ 0.061546716136937, 44.022196793303749 ], [ 0.061581408604058, 44.021935643229618 ], [ 0.061782626831463, 44.021615922876549 ], [ 0.06174865643776, 44.020895410812862 ], [ 0.061884674721529, 44.020629777801723 ], [ 0.061835714083127, 44.020562716986454 ], [ 0.06164393012439, 44.020312595028294 ], [ 0.061650890306438, 44.020177688304372 ], [ 0.061652183072117, 44.020176822409319 ], [ 0.061652322275358, 44.020174124274938 ], [ 0.061975432308298, 44.019910815425924 ], [ 0.062026409542503, 44.018608081133486 ], [ 0.062214804058442, 44.018197954155134 ], [ 0.06222889093766, 44.018166810713339 ], [ 0.062233529964668, 44.01807687298092 ], [ 0.062449716359857, 44.017273019453867 ], [ 0.06258132839991, 44.017044193625672 ], [ 0.062626677055438, 44.016963454908449 ], [ 0.062655400292693, 44.016914692086011 ], [ 0.062661962472579, 44.016884247158238 ], [ 0.062719085777693, 44.016599383351448 ], [ 0.062544638318448, 44.016279480336699 ], [ 0.061704951397692, 44.015452668784384 ], [ 0.061456003764214, 44.015343309263997 ], [ 0.061280161955638, 44.015268335957948 ], [ 0.060681700987633, 44.014531755622471 ], [ 0.06032361082374, 44.014215919414916 ], [ 0.060241626843044, 44.014087628591362 ], [ 0.060204764698541, 44.014028097280033 ], [ 0.060216165596774, 44.01371048415637 ], [ 0.060221339262589, 44.013537703817285 ], [ 0.060236254535113, 44.013514688580734 ], [ 0.060490501570272, 44.013134255279155 ], [ 0.060598454765636, 44.012831846169817 ], [ 0.060696569599449, 44.012550787521441 ], [ 0.060699247633555, 44.012547257013743 ], [ 0.060700586650482, 44.012545491759866 ], [ 0.06095282989162, 44.012373047371106 ], [ 0.061084814022154, 44.012282029111191 ], [ 0.06114995416032, 44.012228841756887 ], [ 0.061343159867256, 44.012063816254944 ], [ 0.061415650119148, 44.011795577958551 ], [ 0.061485647338006, 44.01152727268547 ], [ 0.061495463124504, 44.01124023857885 ], [ 0.061505271574005, 44.010808204507107 ], [ 0.061905281278325, 44.010141686176595 ], [ 0.061913312891262, 44.009961778084318 ], [ 0.061613064156217, 44.009686226971382 ], [ 0.061473755166603, 44.009580713700004 ], [ 0.061245248972506, 44.009414263008011 ], [ 0.061136922641104, 44.009095234501743 ], [ 0.061144068253239, 44.008956731181421 ], [ 0.061155495951136, 44.0086868525715 ], [ 0.061089851026746, 44.008241983878897 ], [ 0.061055531006134, 44.008012304352427 ], [ 0.060949481160485, 44.007818522984607 ], [ 0.060824747508488, 44.007599922634334 ], [ 0.060829626724146, 44.007481172128493 ], [ 0.060833293898588, 44.00724080556617 ], [ 0.061130571421106, 44.006848020296886 ], [ 0.061168059740427, 44.006798593195541 ], [ 0.061213912613144, 44.006707962453241 ], [ 0.061501865031068, 44.006133001074687 ], [ 0.061629424629246, 44.005788790512568 ], [ 0.061718283243665, 44.00554170726106 ], [ 0.061780169812718, 44.005019211090371 ], [ 0.061808660606676, 44.004781313197419 ], [ 0.061835164664264, 44.00472708774484 ], [ 0.06254082140017, 44.003310464499783 ], [ 0.062517248688026, 44.003090081029271 ], [ 0.062492928074552, 44.002908403948794 ], [ 0.062376358467991, 44.002725149177614 ], [ 0.062388926160696, 44.002481420059674 ], [ 0.062407367642946, 44.002002788242379 ], [ 0.062622637808292, 44.001288079664505 ], [ 0.062663118994663, 44.001059510459868 ], [ 0.06269801329291, 44.000842499179747 ], [ 0.062844219036876, 44.000596055985135 ], [ 0.063037328781521, 44.000262612398856 ], [ 0.063500788261914, 43.999597799042746 ], [ 0.064477869501343, 43.998528891215827 ], [ 0.064669258379511, 43.998398037121461 ], [ 0.064932160718155, 43.99808988071031 ], [ 0.065092378703674, 43.99783750722041 ], [ 0.06512644432664, 43.997781683110247 ], [ 0.065210698864492, 43.997575002828036 ], [ 0.065407880408444, 43.997065145770939 ], [ 0.065856215065307, 43.996789883594175 ], [ 0.066044408545013, 43.996672450872495 ], [ 0.066703904438115, 43.996293877957605 ], [ 0.067315999411323, 43.995939246995697 ], [ 0.067083119632607, 43.995664618292686 ], [ 0.067084550646103, 43.995661054241992 ], [ 0.067219330612681, 43.995393586266609 ], [ 0.067519360328058, 43.99501797454284 ], [ 0.067607555292231, 43.994904161517674 ], [ 0.067610139496255, 43.994902429611791 ], [ 0.067612816273052, 43.99489889897049 ], [ 0.068245260757619, 43.994706018418647 ], [ 0.068304785684966, 43.994688701829922 ], [ 0.06836938996466, 43.994645403758788 ], [ 0.068412460231885, 43.993565828576259 ], [ 0.06852616131487, 43.993489623883491 ], [ 0.068863525398905, 43.993260908914813 ], [ 0.06937087051611, 43.993001626013616 ], [ 0.06944787258926, 43.992329135315948 ], [ 0.070594330760942, 43.992037444031183 ], [ 0.070640249246986, 43.991945011370198 ], [ 0.07065598691219, 43.991905806384025 ], [ 0.070666919502589, 43.99149902531525 ], [ 0.07067002512378, 43.991365818832364 ], [ 0.071488917520976, 43.991112172796306 ], [ 0.07166818440589, 43.990900829509307 ], [ 0.071749442809828, 43.990800337080685 ], [ 0.071866934146566, 43.990528799510862 ], [ 0.071888069402279, 43.990481633539062 ], [ 0.071892877892395, 43.990363783072695 ], [ 0.071906528029476, 43.98990393959226 ], [ 0.071912987646078, 43.989899609586004 ], [ 0.071913080075207, 43.989897810852163 ], [ 0.073190586590165, 43.989069242052686 ], [ 0.073340015542933, 43.988442820143817 ], [ 0.073615931139401, 43.988073754491985 ], [ 0.073729987717046, 43.98791740096182 ], [ 0.073676941424581, 43.987735860381925 ], [ 0.07368950368652, 43.987491232698879 ], [ 0.073694400569424, 43.987371583623549 ], [ 0.07415993980788, 43.986661761735881 ], [ 0.074370736114052, 43.986516102434628 ], [ 0.074414749949409, 43.986484858720132 ], [ 0.074666139330377, 43.986447456901075 ], [ 0.074859772524774, 43.986271617575973 ], [ 0.074994493817279, 43.98600414146599 ], [ 0.075271225573881, 43.985327089043622 ], [ 0.075718544364248, 43.985020243846265 ], [ 0.075859674064261, 43.984579122617241 ], [ 0.075861150398841, 43.984574659108667 ], [ 0.07599480129029, 43.984352183633739 ], [ 0.076076000606309, 43.983936477251476 ], [ 0.076149402032078, 43.983551182746552 ], [ 0.076045563555359, 43.983144035948158 ], [ 0.075921007215337, 43.983140704034348 ], [ 0.075763930012617, 43.983017622831916 ], [ 0.075556293817022, 43.98285896595349 ], [ 0.074942606078259, 43.982762392064487 ], [ 0.074490938469391, 43.982571085143441 ], [ 0.07443106175185, 43.982522651382766 ], [ 0.074102193005943, 43.982466116998587 ], [ 0.073816503420382, 43.98241884294346 ], [ 0.073815350231045, 43.982417010871956 ], [ 0.073812859138474, 43.982416944184301 ], [ 0.073528720587451, 43.981877983272248 ], [ 0.073037435513912, 43.98172973883073 ], [ 0.072937842539392, 43.981677538894203 ], [ 0.072852780351069, 43.981633833393929 ], [ 0.072799561335067, 43.981407258191155 ], [ 0.072988564111696, 43.981321358972586 ], [ 0.072506158943506, 43.980951802239382 ], [ 0.072503760312471, 43.98094993679689 ], [ 0.072515956531883, 43.98071250510602 ], [ 0.072520855295233, 43.980592856551432 ], [ 0.072522100800913, 43.98059288990995 ], [ 0.072522239393151, 43.980590191822913 ], [ 0.072807833167799, 43.980542003366892 ], [ 0.073210597732124, 43.980470834326361 ], [ 0.073464134806973, 43.980342533083153 ], [ 0.073929639987895, 43.980142454465458 ], [ 0.074159416130138, 43.980039632984351 ], [ 0.074504795334912, 43.979847143613696 ], [ 0.074926148488469, 43.979608054141053 ], [ 0.075374072213644, 43.97921567191969 ], [ 0.075383256296414, 43.979036698724514 ], [ 0.075018845706006, 43.978846827810706 ], [ 0.074088899777719, 43.978740883705214 ], [ 0.07259849897388, 43.978619922212587 ], [ 0.072356336240647, 43.978478346226808 ], [ 0.072355229376252, 43.978475614782916 ], [ 0.072245380896682, 43.978113333538907 ], [ 0.072066465870537, 43.977930222332347 ], [ 0.071908804421091, 43.977891775962803 ], [ 0.071247024684995, 43.977737153899938 ], [ 0.07072329482591, 43.977274620529755 ], [ 0.070348363124975, 43.976950262340914 ], [ 0.06989159328984, 43.976738084884175 ], [ 0.069742934974258, 43.976670156894762 ], [ 0.069490645556894, 43.976483272869082 ], [ 0.069384601576969, 43.976120189989565 ], [ 0.069327507432207, 43.976042108173779 ], [ 0.069149169761558, 43.97579956796212 ], [ 0.068859035854889, 43.975475677178899 ], [ 0.068490872961427, 43.975068638828553 ], [ 0.068368601366379, 43.975021229798429 ], [ 0.067825475662734, 43.974427574930687 ], [ 0.067660239130962, 43.974245723793011 ], [ 0.067535702718008, 43.97424238234575 ], [ 0.067535934072556, 43.974237885561102 ], [ 0.067529707252781, 43.974237718485014 ], [ 0.067532020801163, 43.974192750639304 ], [ 0.067472019976391, 43.97414701137405 ], [ 0.06741082015974, 43.974100339303675 ], [ 0.067148674334733, 43.973669123003752 ], [ 0.067107312478775, 43.973600468157379 ], [ 0.066961152160326, 43.973556919392223 ], [ 0.066614777497754, 43.97345396086542 ], [ 0.066250292909929, 43.973266759413875 ], [ 0.066069134827149, 43.97317633941713 ], [ 0.066066829320177, 43.973172675130357 ], [ 0.065830136698605, 43.972852912428742 ], [ 0.065849187860799, 43.972361697230305 ], [ 0.065849373044729, 43.972358099809377 ], [ 0.066551355023355, 43.971923943650275 ], [ 0.066413537891964, 43.971427617432234 ], [ 0.066388140458582, 43.971339577728095 ], [ 0.065355709414199, 43.970780506141281 ], [ 0.065355987229078, 43.970775110016113 ], [ 0.065353542957474, 43.970774143782002 ], [ 0.065355770356297, 43.970706658778667 ], [ 0.06535612375151, 43.970554467292452 ], [ 0.065362535371515, 43.970551037075623 ], [ 0.065362581673704, 43.970550137721538 ], [ 0.065433891712722, 43.970521432291953 ], [ 0.065674851921667, 43.970418930163873 ], [ 0.06580863888603, 43.970242402892076 ], [ 0.065788682265615, 43.970169819302214 ], [ 0.065644922720771, 43.969692245311151 ], [ 0.06576720489602, 43.969375816802831 ], [ 0.065780171403502, 43.969341942281154 ], [ 0.065782985977581, 43.969335713675896 ], [ 0.066189597941114, 43.968534292605831 ], [ 0.066440102571349, 43.96839151859249 ], [ 0.0665686063456, 43.96831751688002 ], [ 0.066674964643731, 43.968286149189282 ], [ 0.067138401408195, 43.968149089041489 ], [ 0.067201685008067, 43.968106658258208 ], [ 0.067094296164271, 43.967964183870187 ], [ 0.067025223808929, 43.967876773486438 ], [ 0.06701145465715, 43.967756624755197 ], [ 0.06697368552644, 43.967472824146647 ], [ 0.067109728887053, 43.967252227285776 ], [ 0.067111066642094, 43.967250461999477 ], [ 0.067112404397054, 43.967248696713149 ], [ 0.067304927466812, 43.967117873791324 ], [ 0.067616098638905, 43.967080293923004 ], [ 0.068481308518652, 43.967277322399752 ], [ 0.068666891447209, 43.967281400125785 ], [ 0.068733776722114, 43.967193134838617 ], [ 0.068633616850441, 43.96647357520196 ], [ 0.068802165089028, 43.966251146764563 ], [ 0.068901291852655, 43.966117816022745 ], [ 0.068962349482375, 43.965803345420845 ], [ 0.068905821152523, 43.96571447161601 ], [ 0.068687914912431, 43.965708626501893 ], [ 0.06847245282406, 43.965703747115072 ], [ 0.068280029710829, 43.965832773279416 ], [ 0.068278784529972, 43.965832739872873 ], [ 0.068277446844327, 43.965834505171998 ], [ 0.06800654127597, 43.965889377771134 ], [ 0.06727061056619, 43.966039841733213 ], [ 0.066967908654557, 43.965937155045189 ], [ 0.066842889889706, 43.965895073831511 ], [ 0.066721707998542, 43.965802662177772 ], [ 0.066677607117172, 43.965351181229863 ], [ 0.066739214341074, 43.965123183479768 ], [ 0.066747198649473, 43.965089175230851 ], [ 0.0667484900891, 43.965088309303027 ], [ 0.066750012908067, 43.965082946616128 ], [ 0.066827448678746, 43.965056206192152 ], [ 0.066874491464365, 43.965038556447361 ], [ 0.066885180690072, 43.964830806184864 ], [ 0.066889025614172, 43.964731844074564 ], [ 0.066603432386273, 43.964417975946176 ], [ 0.066595132843363, 43.964409647804047 ], [ 0.066329904431647, 43.96471773535572 ], [ 0.066009640509586, 43.96485953597147 ], [ 0.065949636846103, 43.964886743877415 ], [ 0.065777369522344, 43.964987487823848 ], [ 0.065511102899755, 43.965146047103715 ], [ 0.064748450445348, 43.965403847743055 ], [ 0.064560429878936, 43.965398797121225 ], [ 0.064467191645656, 43.965344958507522 ], [ 0.064315806591271, 43.965258036870047 ], [ 0.06429868946622, 43.96508196097291 ], [ 0.064267989708193, 43.964806454738508 ], [ 0.064092749378527, 43.964577498478334 ], [ 0.06397050393113, 43.964530084819359 ], [ 0.063900671899355, 43.964578641814505 ], [ 0.063776412538901, 43.964667163666583 ], [ 0.063514353935159, 43.965155449119706 ], [ 0.063191480151872, 43.965371921073832 ], [ 0.062937812996728, 43.965455162929103 ], [ 0.062710265377685, 43.965467058637053 ], [ 0.062376322099623, 43.965486900854351 ], [ 0.062164470333015, 43.965436175652137 ], [ 0.061759074584529, 43.965342421032808 ], [ 0.061016611697889, 43.965232395050627 ], [ 0.060711812839259, 43.96509811339272 ], [ 0.060594252751309, 43.96495986167384 ], [ 0.060594484615502, 43.964955364928166 ], [ 0.060593285831162, 43.964954432084973 ], [ 0.060597215686514, 43.964757307165897 ], [ 0.060603055654983, 43.964329681007172 ], [ 0.060640437520555, 43.964233422174814 ], [ 0.060884304332923, 43.963566336061028 ], [ 0.060917179298975, 43.962759386181339 ], [ 0.060889151328856, 43.962722608485215 ], [ 0.06080967711976, 43.962619604108795 ], [ 0.060741865973143, 43.962532223519403 ], [ 0.060267488358592, 43.962495146025269 ], [ 0.059869983024728, 43.962466439073346 ], [ 0.059681127747256, 43.962356888248415 ], [ 0.05963382126955, 43.962331299186999 ], [ 0.059630271515146, 43.962327601282695 ], [ 0.059626628989287, 43.962325702072981 ], [ 0.059608926612164, 43.962306313201978 ], [ 0.059502573438761, 43.962192677962001 ], [ 0.059390735595967, 43.96191948960967 ], [ 0.059274430349014, 43.961781270235569 ], [ 0.059149921643769, 43.961777919261458 ], [ 0.05876406140627, 43.962127771774888 ], [ 0.058632336581433, 43.962191770682516 ], [ 0.0583224382772, 43.962350038460563 ], [ 0.058008843003278, 43.962386625379807 ], [ 0.058005339762357, 43.962382028075943 ], [ 0.057887699006557, 43.962245572358889 ], [ 0.057813659214236, 43.962182338228892 ], [ 0.057341761772063, 43.961783274966329 ], [ 0.056287618605394, 43.961673827351675 ], [ 0.055821546865116, 43.961524379477559 ], [ 0.055552869152435, 43.961439688363591 ], [ 0.055517467729919, 43.9614009093197 ], [ 0.055304186759704, 43.961161006520548 ], [ 0.055290323502813, 43.96111560307034 ], [ 0.055194712204216, 43.960794215080163 ], [ 0.055169002070523, 43.960616104635477 ], [ 0.055142139952294, 43.960436161958313 ], [ 0.054724955355381, 43.96006467879905 ], [ 0.05473635716835, 43.959795707819666 ], [ 0.054865888206594, 43.959677618822653 ], [ 0.055118584141922, 43.95944397064293 ], [ 0.05514181130625, 43.9589942987417 ], [ 0.05527656063151, 43.958726851165572 ], [ 0.055307096716726, 43.957966671101751 ], [ 0.055307236068277, 43.957963973072097 ], [ 0.054767427522236, 43.957553161409017 ], [ 0.054767613356991, 43.957549564037933 ], [ 0.054764017756909, 43.957546765328722 ], [ 0.05477027138871, 43.957353305963551 ], [ 0.054773561038329, 43.957193088735075 ], [ 0.05477757474075, 43.957187793360099 ], [ 0.054777621198984, 43.957186894017525 ], [ 0.054973492662994, 43.956967025113663 ], [ 0.05584865646502, 43.956895148289718 ], [ 0.055975308272285, 43.95680850162951 ], [ 0.055981029138235, 43.956673566654132 ], [ 0.055934434522075, 43.956610170132741 ], [ 0.055681831213294, 43.956262938615517 ], [ 0.055445256941979, 43.955846792763708 ], [ 0.055396043470994, 43.955761711174944 ], [ 0.055342871484865, 43.955536030234356 ], [ 0.055345407829796, 43.955535197999751 ], [ 0.055345500725664, 43.955533399315847 ], [ 0.055487907484357, 43.955479599348521 ], [ 0.055785541174535, 43.95536513961315 ], [ 0.05622061423558, 43.955027432859453 ], [ 0.056232375879308, 43.955016942647262 ], [ 0.056295447081637, 43.954906067878369 ], [ 0.056433953877697, 43.95466213657582 ], [ 0.055122244180823, 43.954545734837922 ], [ 0.05487790430891, 43.954449089197283 ], [ 0.054784423762009, 43.954376322947361 ], [ 0.054694492388473, 43.95430725466791 ], [ 0.05482939982756, 43.954084842543871 ], [ 0.055344411805527, 43.953647527564996 ], [ 0.055667517242759, 43.953329320542174 ], [ 0.055762797131253, 43.952522255842936 ], [ 0.056015097214171, 43.952392164916525 ], [ 0.0566378917486, 43.952450372887 ], [ 0.056887822046876, 43.952366146333496 ], [ 0.057019319340873, 43.952233699380436 ], [ 0.057003245650031, 43.952182833270172 ], [ 0.056957506037314, 43.952054617741602 ], [ 0.056167645559894, 43.951683006990336 ], [ 0.056118255335189, 43.951456528258866 ], [ 0.056116090642599, 43.951450165788366 ], [ 0.056308585610202, 43.951319363439644 ], [ 0.056311168182844, 43.951317631844546 ], [ 0.056560713971499, 43.951264916541291 ], [ 0.056686777971667, 43.951237692874656 ], [ 0.056878026061023, 43.951106856001061 ], [ 0.05685577497607, 43.951054922881738 ], [ 0.056813986212495, 43.95097094272851 ], [ 0.056590666599085, 43.950660526476142 ], [ 0.056583661786581, 43.950651331840511 ], [ 0.056582509792868, 43.950649499621235 ], [ 0.056590169807945, 43.950501108543044 ], [ 0.056603139324081, 43.950201561326352 ], [ 0.056826157198993, 43.949261950188571 ], [ 0.05708552517128, 43.949042889534098 ], [ 0.057088014786929, 43.949042956601488 ], [ 0.057089306009913, 43.949042090795885 ], [ 0.057210052374158, 43.949045343495136 ], [ 0.057457862003848, 43.949050217462123 ], [ 0.057461503609869, 43.949052116729341 ], [ 0.057462748418114, 43.949052150258765 ], [ 0.057529812413554, 43.949105290234179 ], [ 0.057821257077137, 43.949327480122058 ], [ 0.058127400534807, 43.949723878803233 ], [ 0.058172979132163, 43.949782743911918 ], [ 0.058234098905583, 43.949830319830191 ], [ 0.058537534391878, 43.950061836511473 ], [ 0.058905363232148, 43.950205026957164 ], [ 0.058909777661152, 43.950095273887449 ], [ 0.058908230996799, 43.950028588632456 ], [ 0.058790752723068, 43.949889436852452 ], [ 0.058858289462127, 43.949619277154845 ], [ 0.058869322590527, 43.949574544733217 ], [ 0.059251796729592, 43.949312863279175 ], [ 0.059622424587652, 43.949184148885564 ], [ 0.059879116678127, 43.949089291092996 ], [ 0.060273518024645, 43.94900714440724 ], [ 0.060635321448779, 43.948928622185406 ], [ 0.060648116522227, 43.948680404164897 ], [ 0.060658375532743, 43.948433018533564 ], [ 0.060585152529844, 43.948305866636694 ], [ 0.06042018174809, 43.948024046589801 ], [ 0.060403123750198, 43.947702077801999 ], [ 0.060385541972031, 43.947438633152181 ], [ 0.060578059973732, 43.947306924252793 ], [ 0.061255871625414, 43.947457546758585 ], [ 0.061447268856416, 43.947371736160193 ], [ 0.061455120778371, 43.947146800663198 ], [ 0.061424828742653, 43.946984780783595 ], [ 0.061401575215818, 43.946879687203818 ], [ 0.061453517218061, 43.946766709947418 ], [ 0.061610494060367, 43.946429610236912 ], [ 0.061836222567099, 43.946209634651233 ], [ 0.062058307769433, 43.945987759517294 ], [ 0.062461122330736, 43.945717609618299 ], [ 0.062701398937308, 43.9455538600116 ], [ 0.06273771801373, 43.944655152017113 ], [ 0.062803387543601, 43.944565958718854 ], [ 0.063178602159744, 43.944565240021618 ], [ 0.063606199938503, 43.944709121111217 ], [ 0.063763080610428, 43.944712437538264 ], [ 0.06385657332383, 43.944712248796847 ], [ 0.064048935206917, 43.94458323201421 ], [ 0.063922968657601, 43.944463670945744 ], [ 0.063812396665447, 43.944359833456573 ], [ 0.063111469299845, 43.944223014141741 ], [ 0.063004059908035, 43.944203015189075 ], [ 0.062826618225036, 43.94401812727952 ], [ 0.062833491520154, 43.94381207824501 ], [ 0.062834290870387, 43.943748158245029 ], [ 0.063001949106336, 43.943590561041148 ], [ 0.063159232069903, 43.943440789929745 ], [ 0.062858348730637, 43.943208454578496 ], [ 0.06248603598544, 43.942886840839058 ], [ 0.062344479224236, 43.94246516298351 ], [ 0.06231835972498, 43.942391513233801 ], [ 0.062318498706942, 43.942388815219878 ], [ 0.06233561188153, 43.941984012758439 ], [ 0.06242187263845, 43.941761186725046 ], [ 0.062469709524328, 43.941630988020258 ], [ 0.062363774998647, 43.94126790573052 ], [ 0.062363913975723, 43.941265207718338 ], [ 0.062436309480368, 43.940996979749272 ], [ 0.062500903742487, 43.940952787159965 ], [ 0.06287207092109, 43.941005996282655 ], [ 0.063002283508547, 43.940873509549284 ], [ 0.06313373457826, 43.940571746452548 ], [ 0.063135164456699, 43.940568182567795 ], [ 0.063138024213045, 43.940561054798259 ], [ 0.063191514233275, 43.940490446383222 ], [ 0.06326935239169, 43.940382668116278 ], [ 0.063522953901246, 43.940298527378154 ], [ 0.063746013308062, 43.940323436075346 ], [ 0.064080811123974, 43.940356751248729 ], [ 0.064265236049587, 43.940405836718462 ], [ 0.064332096628612, 43.940317575514442 ], [ 0.064411250932967, 43.939869411977888 ], [ 0.064725705813427, 43.939740974400834 ], [ 0.065479690653623, 43.939620743047641 ], [ 0.065976427840377, 43.939631385635984 ], [ 0.06628744998673, 43.939593810154491 ], [ 0.067332470396658, 43.939000472904318 ], [ 0.067367184335076, 43.938979791033631 ], [ 0.06736842892939, 43.93897982445003 ], [ 0.06737225520213, 43.938978126022548 ], [ 0.06774688586284, 43.938939552602399 ], [ 0.068161278354699, 43.939024524031829 ], [ 0.0682365514601, 43.939039152596678 ], [ 0.068554634481836, 43.938912602961416 ], [ 0.068502660132929, 43.938759910704611 ], [ 0.06844506408798, 43.938595360015142 ], [ 0.068454778980066, 43.938357867845426 ], [ 0.068468625739557, 43.93791875691965 ], [ 0.06854236450464, 43.937696491889241 ], [ 0.068622539201586, 43.937591474807434 ], [ 0.068806032738091, 43.937343336753088 ], [ 0.068968238616287, 43.937024382105619 ], [ 0.069073962792119, 43.936810179883331 ], [ 0.069087041950746, 43.936555667284637 ], [ 0.069107023476373, 43.936045575877408 ], [ 0.069858368788913, 43.935927046456726 ], [ 0.069888240435262, 43.935903532257548 ], [ 0.07030759302913, 43.935576164704344 ], [ 0.07050614821504, 43.935301411173199 ], [ 0.070574058214506, 43.935168146155227 ], [ 0.07049658043245, 43.935123740951731 ], [ 0.070324248285242, 43.935033563690183 ], [ 0.06958952558795, 43.935022858828425 ], [ 0.069587082776115, 43.935021892709216 ], [ 0.069584593757546, 43.935021825927095 ], [ 0.069461208765374, 43.934973486502443 ], [ 0.069508423196709, 43.934854976619803 ], [ 0.069526406965626, 43.934796021079769 ], [ 0.06960900938111, 43.934764916043108 ], [ 0.070099874974911, 43.934573654297559 ], [ 0.070625990980593, 43.93444817741176 ], [ 0.0707926663881, 43.934405817802393 ], [ 0.070855863662699, 43.934364285081429 ], [ 0.070982488856841, 43.934276722846285 ], [ 0.070991499695336, 43.934052721115513 ], [ 0.070833239017501, 43.933858455230194 ], [ 0.070692214785938, 43.933692569259399 ], [ 0.070696833607165, 43.933602635572157 ], [ 0.070698124274266, 43.933601769613702 ], [ 0.070698355214841, 43.933597272929447 ], [ 0.071268675870425, 43.933338793188533 ], [ 0.071275422684724, 43.933158859064022 ], [ 0.071221144458458, 43.932978189064492 ], [ 0.071302589541821, 43.93248415632133 ], [ 0.071689463079984, 43.932133399684929 ], [ 0.071693943865702, 43.932021848597145 ], [ 0.071693493034332, 43.931909264712274 ], [ 0.071093900342202, 43.931451904809293 ], [ 0.071105936324925, 43.931387386243806 ], [ 0.071159937486207, 43.931088042669664 ], [ 0.071355748598014, 43.930866349123555 ], [ 0.071569393951307, 43.930151619186731 ], [ 0.071587273355718, 43.929681999340573 ], [ 0.071596006288582, 43.929439078766279 ], [ 0.071597343018451, 43.929437313464305 ], [ 0.071597573871318, 43.929432816789259 ], [ 0.071810343685728, 43.929147636917136 ], [ 0.071863812277737, 43.929077024734347 ], [ 0.072166913007599, 43.928779857114016 ], [ 0.072769187306848, 43.928189016783371 ], [ 0.072792462645141, 43.927516913597721 ], [ 0.072881785454393, 43.927427449544361 ], [ 0.072922621423992, 43.927384416102377 ], [ 0.072958390935904, 43.927294417139699 ], [ 0.072976828599838, 43.927250783333555 ], [ 0.072994021894716, 43.927207116173342 ], [ 0.072714329108187, 43.92709695406694 ], [ 0.072504226065651, 43.927014773349605 ], [ 0.072452076628157, 43.926744104506426 ], [ 0.072595463076318, 43.922833169865761 ], [ 0.072597678250956, 43.922790001934928 ], [ 0.072609158702214, 43.922711960201532 ], [ 0.07267961328346, 43.922164501959877 ], [ 0.072666143039824, 43.921722862230546 ], [ 0.072652204462323, 43.921387477111949 ], [ 0.072539093281685, 43.921115174761702 ], [ 0.072545002155342, 43.920975745111342 ], [ 0.072545607527389, 43.920891107938736 ], [ 0.072681564470269, 43.92066961086546 ], [ 0.072695896696472, 43.920657387144345 ], [ 0.073556554382832, 43.919958201860176 ], [ 0.073597729248652, 43.919519828676968 ], [ 0.073453230566146, 43.919349350994921 ], [ 0.073242658087391, 43.919106857853755 ], [ 0.073246073683455, 43.919015992158755 ], [ 0.073759565889719, 43.9186235993349 ], [ 0.074053112795803, 43.918244222527711 ], [ 0.074478818051912, 43.91769277591375 ], [ 0.074653922785709, 43.917582195103172 ], [ 0.075438199426922, 43.917083578770132 ], [ 0.076645690985019, 43.916470210489187 ], [ 0.076842444326401, 43.916204408554457 ], [ 0.07685774181446, 43.915832885321194 ], [ 0.076857926047582, 43.915756342353575 ], [ 0.076829956900762, 43.915597094365616 ], [ 0.076808346580927, 43.915483945360975 ], [ 0.076566118886809, 43.915300048842973 ], [ 0.076569528964553, 43.915209183250539 ], [ 0.076287031446908, 43.915081843884821 ], [ 0.075831379483891, 43.914881423555762 ], [ 0.075342231188912, 43.914751248520908 ], [ 0.075085309394093, 43.91468402824912 ], [ 0.07465334175948, 43.914653543342077 ], [ 0.074212666115521, 43.914622823361917 ], [ 0.07353950006587, 43.914388646660043 ], [ 0.072482048105192, 43.914360297760133 ], [ 0.072486662542249, 43.914270365031207 ], [ 0.07264706974682, 43.914057629969555 ], [ 0.072685915773035, 43.914004637648041 ], [ 0.072758455456278, 43.913780540921543 ], [ 0.072690316663395, 43.913676049696136 ], [ 0.072460470975906, 43.913324070209562 ], [ 0.07246739255138, 43.913189171202838 ], [ 0.072730866763259, 43.912982802111273 ], [ 0.072855553380144, 43.912883480863357 ], [ 0.072864553491619, 43.912659481828847 ], [ 0.072629363859171, 43.912338879274884 ], [ 0.072376430189821, 43.912121365183367 ], [ 0.072145842439764, 43.911929665528213 ], [ 0.072175614201441, 43.911835004214304 ], [ 0.072218612338654, 43.911701072809585 ], [ 0.072604322529139, 43.911394417588113 ], [ 0.072663595850817, 43.91108891498029 ], [ 0.072679497901019, 43.910997483967208 ], [ 0.072260253243935, 43.910671044865545 ], [ 0.072258595893635, 43.910654790291147 ], [ 0.072207174313531, 43.910127482742105 ], [ 0.072112959762508, 43.910070021746641 ], [ 0.071899100232875, 43.909940909001783 ], [ 0.071278964876503, 43.909888252144761 ], [ 0.071035641350957, 43.910017709319398 ], [ 0.070713154109409, 43.910233297110324 ], [ 0.070337475374866, 43.910223216389049 ], [ 0.07009067298677, 43.910129238501085 ], [ 0.069791002212052, 43.90985192725465 ], [ 0.069815583365109, 43.909276226598386 ], [ 0.069816045188439, 43.909267233363913 ], [ 0.070073666320703, 43.909004879404925 ], [ 0.070163124626105, 43.908330057237748 ], [ 0.070483161517861, 43.908113505232926 ], [ 0.070485787876817, 43.908110874024203 ], [ 0.070609908459841, 43.908070977712498 ], [ 0.070735411291473, 43.908028416668614 ], [ 0.070741092382617, 43.907893484821507 ], [ 0.070614587314359, 43.907834255471109 ], [ 0.070441598619158, 43.907758469027357 ], [ 0.070000715878215, 43.907611552630122 ], [ 0.069701283622002, 43.907378375129589 ], [ 0.069588439050584, 43.907150205572172 ], [ 0.069626801987126, 43.906160617525295 ], [ 0.06949015109466, 43.905862465690717 ], [ 0.069272811282668, 43.905389239732315 ], [ 0.069251157230554, 43.904355715078289 ], [ 0.067549175840439, 43.903421153744318 ], [ 0.06738374789163, 43.903416709606049 ], [ 0.067051555810335, 43.903409585796759 ], [ 0.066472616704323, 43.903453466189198 ], [ 0.066114942525764, 43.903481677191849 ], [ 0.065059546375123, 43.903417283870873 ], [ 0.064488311295666, 43.903190291747791 ], [ 0.064203731073352, 43.903080874958938 ], [ 0.063889107704125, 43.902804945906226 ], [ 0.063787780240493, 43.902716667002935 ], [ 0.063217077885754, 43.902431145793827 ], [ 0.061970787508267, 43.901720385638619 ], [ 0.061823167376842, 43.90163626220253 ], [ 0.061456887325523, 43.901323813466128 ], [ 0.061288601233045, 43.901181496953363 ], [ 0.061286206319729, 43.901179631352619 ], [ 0.061281462803781, 43.901175000835522 ], [ 0.06084397141187, 43.900697631008967 ], [ 0.06056927696122, 43.900396650837401 ], [ 0.0598379262282, 43.899845622012577 ], [ 0.059547843456152, 43.899432554973053 ], [ 0.059498462917231, 43.899279029723935 ], [ 0.059381842042423, 43.898931873305735 ], [ 0.059161378429433, 43.897892989444365 ], [ 0.059018825845703, 43.896816580230706 ], [ 0.058212894941736, 43.897037112442241 ], [ 0.057823677143136, 43.897146396128562 ], [ 0.05707496310468, 43.897319832194754 ], [ 0.055691995966663, 43.897644561246494 ], [ 0.054179052482394, 43.898243139027464 ], [ 0.052399535096412, 43.899203730073012 ], [ 0.050688598963451, 43.899751886968239 ], [ 0.049810749361989, 43.900133418822833 ], [ 0.049806971660218, 43.90013421728603 ], [ 0.049470232690281, 43.900239487384859 ], [ 0.047923309778113, 43.900721791889566 ], [ 0.047475900647047, 43.900943838484032 ], [ 0.046325360381456, 43.901732229029349 ], [ 0.044737293539414, 43.902598821269876 ], [ 0.044027123836128, 43.903083911800046 ], [ 0.04350758708124, 43.903303089590089 ], [ 0.043330551611668, 43.903378445399674 ], [ 0.042740732777177, 43.903559693203796 ], [ 0.041820494763253, 43.903843655168288 ], [ 0.04163501174948, 43.903865645682941 ], [ 0.041508454095018, 43.903880227194051 ], [ 0.041507210281066, 43.903880193483829 ], [ 0.040627787125189, 43.903785210305713 ], [ 0.039090025043801, 43.90339138603192 ], [ 0.037856337088401, 43.903186806687529 ], [ 0.037490201136424, 43.903041784552826 ], [ 0.037490247822904, 43.90304088524649 ], [ 0.037486563129566, 43.903039884672182 ], [ 0.037398991344476, 43.902903322541142 ], [ 0.037247680691105, 43.902674973033257 ], [ 0.036897426003413, 43.902224184955394 ], [ 0.035333022276705, 43.900929910261631 ], [ 0.035069216583874, 43.900661578673549 ], [ 0.034782716963602, 43.90037461847065 ], [ 0.034537719792705, 43.900032048930626 ], [ 0.034487744424236, 43.899963148211704 ], [ 0.033182807354578, 43.899980821079112 ], [ 0.032993939118077, 43.900044130993656 ], [ 0.032556296562314, 43.900197039080858 ], [ 0.032538931126679, 43.900195666407349 ], [ 0.030794985895744, 43.900559803812548 ], [ 0.024852791066961, 43.905981590854388 ], [ 0.024713477879156, 43.906383955753128 ], [ 0.024692663368753, 43.906878707901257 ], [ 0.024495699405603, 43.907144414362868 ], [ 0.022829824346309, 43.908322886426191 ], [ 0.022501228750296, 43.908675958901263 ], [ 0.02249869400868, 43.908676790350597 ], [ 0.022449667307632, 43.908828552264339 ], [ 0.022294301076152, 43.909323237651897 ], [ 0.022184348722058, 43.909974062181441 ], [ 0.022168491099946, 43.910993991295193 ], [ 0.02204020594405, 43.912115322257335 ], [ 0.021771835670719, 43.913008586862794 ], [ 0.020405558327078, 43.916652006911143 ], [ 0.017095118538963, 43.919420088344552 ], [ 0.016932091028161, 43.919678607084322 ], [ 0.016858361145385, 43.920469113193661 ], [ 0.01698195993752, 43.92098852898701 ], [ 0.017234582902864, 43.921780746377081 ], [ 0.017619508338988, 43.922759397261267 ], [ 0.017801373588349, 43.923809051916372 ], [ 0.018091997943472, 43.925090427472064 ], [ 0.018304192989556, 43.926060757638609 ], [ 0.018406564518379, 43.926676857436064 ], [ 0.01826784416412, 43.92694685049058 ], [ 0.017468840764489, 43.927833731413294 ], [ 0.016500338333828, 43.928815943216932 ], [ 0.016164799300459, 43.929179622699806 ], [ 0.016034568146116, 43.929382300965386 ], [ 0.01591927370315, 43.930228413603643 ], [ 0.015895049984036, 43.930858169910117 ], [ 0.015998290568274, 43.931766992283862 ], [ 0.015902165009993, 43.93269918685948 ], [ 0.015715845431352, 43.933664040800508 ], [ 0.01542262058597, 43.934980810141518 ], [ 0.015308033599227, 43.935408165638421 ], [ 0.015272077365841, 43.936095241802143 ], [ 0.015248086221134, 43.936244085891417 ], [ 0.015078858632302, 43.936429487875415 ], [ 0.014619949932389, 43.936720447731581 ], [ 0.014359109695114, 43.936965486112541 ], [ 0.01417211159294, 43.93725216913225 ], [ 0.014082837861537, 43.937576647061356 ], [ 0.014035752344422, 43.938309350609245 ], [ 0.01406436376466, 43.93928638605437 ], [ 0.014421204221847, 43.940207550848221 ], [ 0.014606224040722, 43.940601668607478 ], [ 0.014681014830121, 43.941006282500865 ], [ 0.014640907656768, 43.941558156998191 ], [ 0.014471297595216, 43.942583812421752 ], [ 0.014277994514497, 43.943181033385706 ], [ 0.0138113253607, 43.943976119483658 ], [ 0.013299113824943, 43.944878932451196 ], [ 0.012972322740879, 43.945644518468079 ], [ 0.012302143951871, 43.946825799598827 ], [ 0.012174524460766, 43.947239290525459 ], [ 0.011682420551731, 43.948209294155738 ], [ 0.011340178076809, 43.948864580913785 ], [ 0.013698689388326, 43.94853101099612 ], [ 0.013761097333052, 43.949172148755096 ], [ 0.013929406395667, 43.949314542542929 ], [ 0.013968540572098, 43.949448001654929 ], [ 0.01393315293084, 43.950433200794919 ], [ 0.013629626369227, 43.952444070453446 ], [ 0.013864076721394, 43.952490105847232 ], [ 0.014224995847075, 43.952287426448358 ], [ 0.015079965278873, 43.952196412087005 ], [ 0.016604512053654, 43.952483921705486 ], [ 0.016783215341107, 43.95240414440287 ], [ 0.017557877340847, 43.951989400632087 ], [ 0.018215244246736, 43.951743466472536 ], [ 0.018807277647778, 43.951674065978459 ], [ 0.018789065878288, 43.952308497361877 ], [ 0.018750146340387, 43.953219751233092 ], [ 0.018729456079193, 43.953615454316051 ], [ 0.018666240323014, 43.954657534830567 ], [ 0.018621276482822, 43.955207480677657 ], [ 0.017746782875151, 43.955814040527066 ], [ 0.017813672588582, 43.95627517751894 ], [ 0.018246953326768, 43.959885844936927 ], [ 0.0180758748185, 43.960153160984319 ], [ 0.017982441414248, 43.960294709004103 ], [ 0.017448732797033, 43.960462966108068 ], [ 0.016872766419799, 43.960557117348188 ], [ 0.016421015040244, 43.960707793684882 ], [ 0.016014056849198, 43.96088400809527 ], [ 0.015005957963467, 43.961182494815382 ], [ 0.013930722836541, 43.961381871482601 ], [ 0.013910891198917, 43.961760488319278 ], [ 0.013975049659208, 43.961916246800101 ], [ 0.01334960925382, 43.962192753598664 ], [ 0.012479452953467, 43.962570640344211 ], [ 0.011940305397146, 43.962865709987007 ], [ 0.011128819663326, 43.963337053971216 ], [ 0.009713753228156, 43.964118800733338 ], [ 0.008600992225961, 43.964746695477189 ], [ 0.00798450660755, 43.965160312854522 ], [ 0.00710732007637, 43.965979270953795 ], [ 0.005975741595663, 43.966964172552764 ], [ 0.005809871903468, 43.967985435502655 ], [ 0.005891107804757, 43.968860363859974 ], [ 0.00574933621476, 43.969968748055841 ], [ 0.004712805517214, 43.970187113439259 ], [ 0.004059801624369, 43.970415984220331 ], [ 0.003788359454978, 43.970716555707071 ], [ 0.00327206611446, 43.972400977161804 ], [ 0.002872660518341, 43.972668317505729 ], [ 0.002952628513594, 43.97356663297824 ], [ 0.002646911990281, 43.973712255780633 ], [ 0.002502422078808, 43.974017207636749 ], [ 0.002513763077333, 43.975437806789749 ], [ 0.00239865020995, 43.975990336514677 ], [ 0.002086848831368, 43.976227655465827 ], [ 0.001394592698403, 43.976395094547655 ], [ 0.001006554967688, 43.976445690204301 ], [ 0.000699572662963, 43.976591273632039 ], [ 0.000960737069621, 43.977600839871371 ], [ 0.001173304686988, 43.978183074916721 ], [ 0.001185713973555, 43.978634630559128 ], [ 0.001590630697059, 43.979472517255331 ], [ 0.00146877340813, 43.979844736793957 ], [ 0.001537967848435, 43.980473473419927 ], [ 0.002497704412579, 43.982027266298651 ], [ 0.002655077199675, 43.982331491849138 ], [ 0.003049318813854, 43.982543142643166 ], [ 0.003404052640038, 43.982628521243988 ], [ 0.004020282858196, 43.982769700473945 ], [ 0.004417925678676, 43.983106626971285 ], [ 0.004630627178505, 43.983663641638991 ], [ 0.005047290746659, 43.984327115181458 ], [ 0.00588990103456, 43.984148457701437 ], [ 0.00630326707757, 43.984210214964534 ], [ 0.006592308824675, 43.984644128730714 ], [ 0.006858335607068, 43.984851353384443 ], [ 0.006982091702607, 43.985131235463783 ], [ 0.007103221457512, 43.985484897179667 ], [ 0.007329011208814, 43.985817107172991 ], [ 0.007822163131558, 43.98633135780053 ], [ 0.006582612616186, 43.986823389108245 ], [ -0.001472096411571, 43.988604632657619 ], [ -0.004523270455179, 43.989242224170965 ], [ -0.006546972770628, 43.989650413343384 ], [ -0.006820542938203, 43.989728449658223 ], [ -0.008002066008228, 43.991645829314649 ], [ -0.009869671149256, 43.994646699573039 ], [ -0.010943970138868, 43.996349054566039 ], [ -0.012702921958171, 43.999106108199022 ], [ -0.014088726279911, 44.001292511750499 ], [ -0.015953976429372, 44.004213219329806 ], [ -0.017268377328916, 44.006271871400614 ], [ -0.018887700438744, 44.008902115895822 ], [ -0.017012787628012, 44.008090134588905 ], [ -0.016837667207158, 44.008247176287455 ], [ -0.016456819236639, 44.008501759397845 ], [ -0.015358763970963, 44.009304803041516 ], [ -0.014298610403159, 44.0100464467534 ], [ -0.013638624924828, 44.010898640697846 ], [ -0.012501596299318, 44.011509088181363 ], [ -0.009850819550537, 44.012569191412219 ], [ -0.008338737317305, 44.013546573739632 ], [ -0.005233944871456, 44.01558454724379 ], [ -0.001922942183237, 44.017739769758336 ], [ -0.000478090657385, 44.018695379202867 ], [ 0.000751059699387, 44.019505453149399 ], [ 0.003617464888559, 44.021223201156403 ], [ 0.004220031424939, 44.021655807203089 ], [ 0.005012718897769, 44.023362632062756 ], [ 0.004899637701544, 44.023637836743774 ], [ 0.003178570228085, 44.028923461814308 ], [ 0.002073884271111, 44.032336398780885 ], [ 0.000869935798255, 44.036090665332082 ], [ -0.000143201002713, 44.039040469099085 ], [ -0.000311088388385, 44.039098911536129 ], [ -0.002755354128932, 44.046146198017411 ], [ -0.003798922247887, 44.049192431652209 ], [ -0.010727523973906, 44.068537668415303 ], [ -0.011296522840594, 44.068856169445873 ], [ -0.017893054556046, 44.071814288405186 ], [ -0.02258804302714, 44.073841000147937 ], [ -0.026846847014241, 44.07574087637505 ], [ -0.030972782806187, 44.077627162241846 ], [ -0.035460412652256, 44.08059672049675 ], [ -0.035460460637037, 44.080597619863333 ], [ -0.030766605597246, 44.08041781632069 ], [ -0.02509623946164, 44.080177430931528 ], [ -0.018992722621714, 44.079896458188536 ], [ -0.004138980352714, 44.077168858299792 ], [ -0.00120665870781, 44.076599891656024 ], [ 0.002976745557757, 44.078036689628171 ], [ 0.002976650807103, 44.078038488392259 ], [ 0.002979098625109, 44.078039456079239 ], [ 0.003066811652361, 44.078675034525773 ], [ 0.003450925051992, 44.080918333104513 ], [ 0.006225292763429, 44.085181490799329 ], [ 0.00735705307164, 44.086993075443871 ], [ 0.008924008975589, 44.089631653661257 ], [ 0.010832634690689, 44.092667730340395 ], [ 0.011956454994241, 44.094445724809759 ], [ 0.01458035250507, 44.098504609799768 ], [ 0.027780845084674, 44.098820412464804 ], [ 0.041559718532987, 44.099070986577772 ], [ 0.045281741971174, 44.099239013551149 ], [ 0.046619681967993, 44.099467843966806 ], [ 0.047895712452716, 44.099468920864496 ], [ 0.048067354771482, 44.09946093781388 ], [ 0.048819701467175, 44.099245237411651 ], [ 0.050148538374876, 44.098806383294573 ], [ 0.051235381946654, 44.098020545984099 ], [ 0.052454582113583, 44.097019399190721 ], [ 0.052483861823892, 44.097081432566597 ], [ 0.052512530598374, 44.097058786790512 ], [ 0.053106864972125, 44.098324005756567 ], [ 0.053120227079571, 44.098427942042584 ], [ 0.053146136810705, 44.09848267923492 ], [ 0.053187390959767, 44.098989063736667 ], [ 0.053244238856721, 44.099459841180831 ], [ 0.053304778982278, 44.099835247212518 ], [ 0.053387386575557, 44.100170716893508 ], [ 0.054223630929747, 44.101568531970585 ], [ 0.054371812028, 44.101868837189656 ], [ 0.054418933531147, 44.101948462624179 ], [ 0.054559534540241, 44.10225036508114 ], [ 0.054979008537999, 44.103104670673524 ], [ 0.055091512590945, 44.103394108320742 ], [ 0.055237756275025, 44.103707870361951 ], [ 0.055033220962052, 44.104230163453821 ], [ 0.055231726278483, 44.105224435670472 ], [ 0.055409985464885, 44.105982188019041 ], [ 0.05566777778593, 44.106217888011976 ], [ 0.058805948544108, 44.10869347434722 ], [ 0.058883289100257, 44.108720769688034 ], [ 0.058867239569266, 44.108741054176193 ], [ 0.058884018057409, 44.108755014721019 ], [ 0.058724576641125, 44.10898580860227 ], [ 0.058821621950257, 44.11000977455889 ], [ 0.058871045098227, 44.110456032885182 ], [ 0.0590759622453, 44.110892955822692 ], [ 0.059453997489991, 44.111608329568682 ], [ 0.059678175123941, 44.111987224789509 ], [ 0.059866331408264, 44.112385868226482 ], [ 0.060047339810384, 44.112729378567671 ], [ 0.060226765426916, 44.112958460855772 ], [ 0.06079179268312, 44.113587879952384 ], [ 0.061220475107193, 44.114388368884988 ], [ 0.061812055844347, 44.1155931235499 ], [ 0.062114263743997, 44.116180360393763 ], [ 0.06302293049103, 44.117298139909309 ], [ 0.063224559330218, 44.117606170864242 ], [ 0.063571575805137, 44.118100934803465 ], [ 0.064045518710416, 44.118655841410543 ], [ 0.064258503641408, 44.11888941889341 ], [ 0.065127891096784, 44.119389167000165 ], [ 0.065559870152365, 44.119715973155252 ], [ 0.065593798674385, 44.119785332984222 ], [ 0.065615576270243, 44.119799426341494 ], [ 0.066162269338398, 44.12098043800583 ], [ 0.066334978776119, 44.121292192024036 ], [ 0.067118053618283, 44.12196344230167 ], [ 0.068068821015847, 44.122704923297597 ], [ 0.06912943615219, 44.12318363560361 ], [ 0.070535442644071, 44.123584207070266 ], [ 0.070635521519876, 44.123558961915855 ], [ 0.071146557155754, 44.123371773571165 ], [ 0.072918666261782, 44.122417582883429 ], [ 0.073774408033811, 44.121945972695528 ], [ 0.074419386034679, 44.121828095989613 ], [ 0.075061170832994, 44.121699322289139 ], [ 0.077114419623852, 44.121451491359899 ], [ 0.079523678471051, 44.121112237836606 ], [ 0.081526569929363, 44.120821552470446 ], [ 0.082470651113652, 44.120526959576623 ], [ 0.083559470027374, 44.119896660958375 ], [ 0.083575012198884, 44.119934902603113 ], [ 0.083589207751228, 44.119926273820148 ], [ 0.086535678073767, 44.127546839031503 ], [ 0.091163102698471, 44.127237456865622 ], [ 0.09116794725942, 44.127191651537899 ], [ 0.091289270257783, 44.127239905388357 ], [ 0.097435810685973, 44.126907527936808 ], [ 0.104888606404765, 44.126286892256495 ], [ 0.11291832436431, 44.125677354119404 ], [ 0.123637499059292, 44.124941523219007 ], [ 0.135102043572599, 44.124220540238085 ], [ 0.135787567947422, 44.124188926411833 ], [ 0.135224044881669, 44.123908504131009 ], [ 0.134615163020977, 44.123585462997376 ], [ 0.132660742956483, 44.12262198133763 ], [ 0.130695151447072, 44.121658171045354 ], [ 0.130618144403052, 44.121598513039338 ], [ 0.130578256133535, 44.121571349688978 ], [ 0.130579595547746, 44.121569583474091 ], [ 0.130574828011776, 44.121564955388003 ], [ 0.131101808691225, 44.121205887661752 ], [ 0.131148528965789, 44.12117198579287 ], [ 0.131256723473845, 44.121010000510005 ], [ 0.131350456546635, 44.120862046851329 ], [ 0.131354199851645, 44.120763073857155 ], [ 0.13136417853948, 44.120367051168515 ], [ 0.131255202277399, 44.120048972074137 ], [ 0.131262009557424, 44.119914053544996 ], [ 0.131377853628529, 44.119823419564618 ], [ 0.131648722471529, 44.11960895252458 ], [ 0.131697132496079, 44.119219340099924 ], [ 0.13171941902903, 44.119025384336638 ], [ 0.13178638486866, 44.118937072998563 ], [ 0.132049342637481, 44.118581897634193 ], [ 0.132266900711326, 44.117813038649317 ], [ 0.132600054983414, 44.117280471754732 ], [ 0.133061432477207, 44.116659394035423 ], [ 0.133265416661879, 44.116258541937285 ], [ 0.133341960010931, 44.115856156370484 ], [ 0.133406652373879, 44.115812816977929 ], [ 0.133784669660206, 44.115729040517024 ], [ 0.134164861791012, 44.115602088870403 ], [ 0.1346768897671, 44.115166061486377 ], [ 0.134732725506287, 44.115099973704758 ], [ 0.135008383409206, 44.114764939178144 ], [ 0.135158012619761, 44.114450025188248 ], [ 0.135276025381124, 44.114191925354973 ], [ 0.135343997173819, 44.114058606643972 ], [ 0.135348059754143, 44.114052408390357 ], [ 0.135734846826524, 44.113744595550969 ], [ 0.135931915714377, 44.11348045636079 ], [ 0.135901221937193, 44.113221170249929 ], [ 0.135882434318576, 44.113072974131178 ], [ 0.13565041544598, 44.112715658451741 ], [ 0.135641238490788, 44.112649671807098 ], [ 0.135600377835207, 44.112393722411788 ], [ 0.135543504223179, 44.112257139389534 ], [ 0.135553305981997, 44.111988104467024 ], [ 0.135556583393451, 44.111848591054859 ], [ 0.13555917084009, 44.111846857431324 ], [ 0.135559306762239, 44.111844159067253 ], [ 0.135882549918941, 44.11158151818929 ], [ 0.136391938285805, 44.111321040569251 ], [ 0.136534142765216, 44.111128418486572 ], [ 0.136650996329303, 44.11096755663317 ], [ 0.136712423627149, 44.110641329822784 ], [ 0.136733608744954, 44.110518496103317 ], [ 0.136800556787968, 44.110430182107137 ], [ 0.136806146670313, 44.110294331850305 ], [ 0.136922719932673, 44.110089331258223 ], [ 0.137002688154117, 44.109941014735675 ], [ 0.137009480594839, 44.10980609658516 ], [ 0.136645042850015, 44.109571411882285 ], [ 0.136030356331363, 44.109217603888581 ], [ 0.135840912624633, 44.10910727620422 ], [ 0.135818019055641, 44.108966178112034 ], [ 0.135785521303138, 44.108792405944335 ], [ 0.135602799394891, 44.108697564420638 ], [ 0.135365660081742, 44.108467104504278 ], [ 0.135179611885118, 44.108463139684702 ], [ 0.135038130019169, 44.1085918332777 ], [ 0.134980438726593, 44.108645263343092 ], [ 0.13466382054522, 44.108727045813787 ], [ 0.134364217324764, 44.108719208668965 ], [ 0.134359405233902, 44.108715480232227 ], [ 0.134356908540915, 44.108715414919146 ], [ 0.134282275890797, 44.10865852357454 ], [ 0.134111130130844, 44.108532459989476 ], [ 0.134020680436668, 44.108194155500577 ], [ 0.133950801391676, 44.107943751079311 ], [ 0.133777992075356, 44.10767714387643 ], [ 0.133531842556766, 44.10762567104004 ], [ 0.133340060346473, 44.1077107161641 ], [ 0.132960983390717, 44.107791759701506 ], [ 0.132804804153547, 44.107740838704657 ], [ 0.132648489145671, 44.107692615841046 ], [ 0.132353513566032, 44.107493958797811 ], [ 0.132169574924331, 44.107373861624218 ], [ 0.13136610335015, 44.106947535965787 ], [ 0.131056432760471, 44.10694122716157 ], [ 0.130860339097674, 44.107161250881212 ], [ 0.13073480576509, 44.107246225410783 ], [ 0.130544042610448, 44.107385330748805 ], [ 0.129982868316834, 44.107334603609033 ], [ 0.129223278249727, 44.107549766381034 ], [ 0.128971389687857, 44.107587296138185 ], [ 0.128687187076578, 44.107324065160078 ], [ 0.128672933926551, 44.107309281311331 ], [ 0.128494608158955, 44.107251469052713 ], [ 0.128385052668034, 44.107217975339303 ], [ 0.128362901006811, 44.107211090148716 ], [ 0.127735119522654, 44.107068541227591 ], [ 0.127236944496869, 44.10678528527356 ], [ 0.127000916108691, 44.106508902877302 ], [ 0.127007777295136, 44.106373086149816 ], [ 0.127024434061601, 44.105969135597896 ], [ 0.126976325411843, 44.105832777785139 ], [ 0.126906771712641, 44.105650825471805 ], [ 0.126164170121925, 44.105505255406037 ], [ 0.125545027708673, 44.105489009743849 ], [ 0.125234117433285, 44.105482651735272 ], [ 0.125189836911873, 44.10549319792694 ], [ 0.12448193754528, 44.105650241755974 ], [ 0.12405752461691, 44.105639099477699 ], [ 0.123916424282206, 44.105636295391662 ], [ 0.123837672010955, 44.105611711564613 ], [ 0.123612240619906, 44.105546349776581 ], [ 0.123124447455357, 44.105083218839638 ], [ 0.122831610592214, 44.104670238784799 ], [ 0.122812437966285, 44.104629206324532 ], [ 0.122658830427832, 44.104305443782913 ], [ 0.122661203005928, 44.104209137517913 ], [ 0.122661469043733, 44.104080352847888 ], [ 0.122673877838711, 44.103588028287106 ], [ 0.122673968847704, 44.103586229396427 ], [ 0.122261230193517, 44.102949441140503 ], [ 0.122223792409347, 44.102380153423489 ], [ 0.12222322686866, 44.102366628960453 ], [ 0.121931142645843, 44.102235566748057 ], [ 0.121791761287289, 44.10217426325049 ], [ 0.121426050436108, 44.101942194446636 ], [ 0.121338035644398, 44.101829102520703 ], [ 0.121243598173172, 44.101719444277514 ], [ 0.12094976395244, 44.10135146493554 ], [ 0.120519732525408, 44.101205064366326 ], [ 0.119897467682468, 44.101152677847395 ], [ 0.119583147093718, 44.101189444264172 ], [ 0.119081600089166, 44.101221285376269 ], [ 0.118835273614849, 44.101124741917467 ], [ 0.118788964270491, 44.10107669040022 ], [ 0.118658272649338, 44.100942659451775 ], [ 0.118512048949552, 44.100745174848171 ], [ 0.118424269647567, 44.100627583444641 ], [ 0.117939871061975, 44.100395081862565 ], [ 0.11762495799941, 44.100246294892209 ], [ 0.117036798675747, 44.099965125806754 ], [ 0.117035732894081, 44.099961495188154 ], [ 0.117033282195892, 44.099960530039496 ], [ 0.116910655852386, 44.099716830977265 ], [ 0.116826409269398, 44.099554299165334 ], [ 0.116894371935393, 44.098977876690974 ], [ 0.116919636003364, 44.098750679617261 ], [ 0.116928036539511, 44.098732887935377 ], [ 0.117058090206421, 44.098435497380848 ], [ 0.11700905372659, 44.098120783729193 ], [ 0.11683512263057, 44.097878436121889 ], [ 0.116709965413431, 44.097709423488645 ], [ 0.116517548812816, 44.097535938012619 ], [ 0.116351405715247, 44.097386560601777 ], [ 0.116300217244856, 44.097360895537498 ], [ 0.116168388008581, 44.097298882782148 ], [ 0.115791681989725, 44.097333995051393 ], [ 0.115260307692494, 44.097437083534068 ], [ 0.114973752624703, 44.097493480975167 ], [ 0.114946614016081, 44.097486461600425 ], [ 0.114599733756994, 44.097401669599286 ], [ 0.114180123337854, 44.097075389577917 ], [ 0.114178966525456, 44.09707355781449 ], [ 0.114002903726147, 44.096799626843726 ], [ 0.11392745991779, 44.096365331150736 ], [ 0.113898978791444, 44.096212372320196 ], [ 0.113894760467166, 44.096123097726398 ], [ 0.113864518210118, 44.095536884398925 ], [ 0.113798001312443, 44.095320779045188 ], [ 0.113751318312087, 44.095181750795312 ], [ 0.113500641107454, 44.09494998402694 ], [ 0.113423883844117, 44.094763329685186 ], [ 0.113272273473617, 44.094401779370408 ], [ 0.113094185517052, 44.094266492196631 ], [ 0.112905185838624, 44.094124612581524 ], [ 0.110553653430866, 44.093674418968384 ], [ 0.109242794160437, 44.093648831680419 ], [ 0.108564289451725, 44.093450791372319 ], [ 0.107867731956273, 44.092772227990629 ], [ 0.107666472774143, 44.09257687736369 ], [ 0.107522111858956, 44.092294766318531 ], [ 0.107433322834053, 44.092124001194271 ], [ 0.107434655649111, 44.092024065202629 ], [ 0.107437680522807, 44.091718827698344 ], [ 0.10762277604292, 44.091519271023841 ], [ 0.107759226688514, 44.091367063967446 ], [ 0.10677648066465, 44.090886280753551 ], [ 0.105926480827085, 44.090473842858366 ], [ 0.105540936353491, 44.090044854870982 ], [ 0.105266385261407, 44.089743088032691 ], [ 0.104845636913256, 44.089416740641433 ], [ 0.104601547424726, 44.089204040245562 ], [ 0.104429220437572, 44.089054480461634 ], [ 0.103758686737328, 44.08884851399803 ], [ 0.10362209395424, 44.088807074317018 ], [ 0.10343557434653, 44.088739996521262 ], [ 0.102695464884481, 44.088477243849319 ], [ 0.102145672851044, 44.088084426393422 ], [ 0.101776561661885, 44.087824279406824 ], [ 0.101414753958004, 44.087666096965698 ], [ 0.101352350179909, 44.087640127771458 ], [ 0.101349946107013, 44.0876382628499 ], [ 0.101346294169174, 44.087636364896092 ], [ 0.101249835515985, 44.08751852935206 ], [ 0.101044990835329, 44.087271734536401 ], [ 0.100938539125114, 44.086908659627035 ], [ 0.100820629718014, 44.086770441670069 ], [ 0.100768245060455, 44.086498862258388 ], [ 0.100509647964483, 44.086007470046617 ], [ 0.100361274818391, 44.085731547446606 ], [ 0.100361504032492, 44.085727050310183 ], [ 0.100379434008323, 44.085277204549676 ], [ 0.100783799808551, 44.084477335179663 ], [ 0.10098231482559, 44.084210597817894 ], [ 0.101815948765783, 44.083641846123136 ], [ 0.102768674201174, 44.083212236413367 ], [ 0.103667319227952, 44.082592954965271 ], [ 0.104160601742012, 44.082131365952669 ], [ 0.104180279303972, 44.082112972982578 ], [ 0.104244347549162, 44.081958857074355 ], [ 0.104392686059614, 44.081572804008879 ], [ 0.104754972585796, 44.080321492528491 ], [ 0.104821727707879, 44.080188162220587 ], [ 0.104895145710532, 44.079604689856588 ], [ 0.104846238466344, 44.079289074579457 ], [ 0.104887365748547, 44.078259834611295 ], [ 0.104827477993288, 44.078258250993642 ], [ 0.10242012747532, 44.077446137103884 ], [ 0.102170599036787, 44.077439532863288 ], [ 0.10153634582401, 44.077873061966685 ], [ 0.101279942320454, 44.07800136928433 ], [ 0.100017033727636, 44.078292154867576 ], [ 0.098563184156792, 44.07884805797255 ], [ 0.098376033549168, 44.078843098251667 ], [ 0.098254605881118, 44.078749816228317 ], [ 0.098253404083132, 44.078748883738108 ], [ 0.098206910253546, 44.078607151860169 ], [ 0.098028248741863, 44.078068337848514 ], [ 0.097260644969638, 44.07670693874978 ], [ 0.097254050711133, 44.076615799470503 ], [ 0.097218601957759, 44.076208671884395 ], [ 0.097132635695489, 44.075763278768804 ], [ 0.097113841063676, 44.075666412202189 ], [ 0.097140367828016, 44.07490157374766 ], [ 0.097050664064994, 44.074333595083807 ], [ 0.09699519130121, 44.07400068975069 ], [ 0.096948429027934, 44.072689023582946 ], [ 0.096902629560812, 44.071480956914428 ], [ 0.096826323136472, 44.071017807924839 ], [ 0.096806458099154, 44.070892993419434 ], [ 0.096785056465561, 44.070602421272618 ], [ 0.096754705028811, 44.070217945757641 ], [ 0.095887229229476, 44.069323121284008 ], [ 0.094839261164134, 44.068245173983776 ], [ 0.094733917806716, 44.068082065193124 ], [ 0.094542740084671, 44.067789688602815 ], [ 0.094468393394295, 44.067459884214209 ], [ 0.094386234128748, 44.067111859746447 ], [ 0.094430373726638, 44.06597823225944 ], [ 0.094397169364013, 44.065870175442384 ], [ 0.094316152362274, 44.065622151826005 ], [ 0.091104737082552, 44.06508563891601 ], [ 0.090341786742178, 44.06495908606616 ], [ 0.089416033831682, 44.064816490705091 ], [ 0.085321487664474, 44.064185169118133 ], [ 0.083513690639427, 44.063876731766818 ], [ 0.08335749173722, 44.063829339174944 ], [ 0.083017883935253, 44.063729324992678 ], [ 0.083023597551425, 44.063593480982369 ], [ 0.083867054328041, 44.062757648250617 ], [ 0.08446126491443, 44.061959302362098 ], [ 0.085980746472677, 44.060286758220691 ], [ 0.086023053229501, 44.060241051579162 ], [ 0.086043005375564, 44.06021726563808 ], [ 0.086552233620222, 44.059565253087385 ], [ 0.087401281603009, 44.05859355118448 ], [ 0.087542544433047, 44.058371251415167 ], [ 0.087596943260489, 44.058284436942841 ], [ 0.087610841941001, 44.058012815651871 ], [ 0.087622154041923, 44.057742926840305 ], [ 0.087573964198709, 44.057439932570595 ], [ 0.087519626392517, 44.057110656372757 ], [ 0.087456212075716, 44.055421184433612 ], [ 0.0874225228422, 44.054590806357851 ], [ 0.08741745090874, 44.053152363943163 ], [ 0.087271209726977, 44.052105541949551 ], [ 0.087117345633506, 44.052037501906206 ], [ 0.086848466239291, 44.051923169789866 ], [ 0.086102350194298, 44.051642123094304 ], [ 0.085800847621239, 44.051408937105514 ], [ 0.085798353496731, 44.051408870688263 ], [ 0.085363915400619, 44.051406307263143 ], [ 0.084860484741057, 44.051482961067876 ], [ 0.083623530511293, 44.051008694791534 ], [ 0.083387898891971, 44.050733126382866 ], [ 0.083385589130866, 44.050729462299664 ], [ 0.082873704647324, 44.049460339026894 ], [ 0.082849655098082, 44.049149881054184 ], [ 0.082831203297921, 44.048925132221051 ], [ 0.082854740049964, 44.0487582424336 ], [ 0.082922576352913, 44.048238585982517 ], [ 0.083030810215007, 44.048027121252616 ], [ 0.083054635876977, 44.047976420460927 ], [ 0.082874006759461, 44.047529396269297 ], [ 0.082830536671179, 44.047427366925703 ], [ 0.082289248034756, 44.046830228323607 ], [ 0.081868487344163, 44.046512794446642 ], [ 0.080300570239743, 44.045872051595481 ], [ 0.079648594354197, 44.045607880818444 ], [ 0.079345810937765, 44.045376443358599 ], [ 0.079342208585356, 44.045373645317397 ], [ 0.079110866397332, 44.045015323936475 ], [ 0.079111097125437, 44.045010826946054 ], [ 0.07912559372689, 44.044898635180751 ], [ 0.079195351351643, 44.044342106852646 ], [ 0.079328570374138, 44.044008827416597 ], [ 0.07933997592274, 44.043981212345862 ], [ 0.079666272797098, 44.04358373766172 ], [ 0.080437135053248, 44.043014396939995 ], [ 0.081141169627331, 44.042579263489401 ], [ 0.081270325066153, 44.042446713991509 ], [ 0.081363085869132, 44.041684555646171 ], [ 0.081705302447385, 44.040927250049613 ], [ 0.081836711686519, 44.040750629551056 ], [ 0.081976092644807, 44.040394096258225 ], [ 0.081745110246153, 44.039882684485022 ], [ 0.081688855171208, 44.039762301392678 ], [ 0.081038140730937, 44.038841615309515 ], [ 0.080969422141432, 44.03874521623829 ], [ 0.08096826758168, 44.038743384183455 ], [ 0.080920327723207, 44.03863132817753 ], [ 0.080169756746739, 44.036882999601119 ], [ 0.078625494989044, 44.035008102599562 ], [ 0.078628816657794, 44.034919029421154 ], [ 0.077620676643911, 44.033205234298215 ], [ 0.076805269516582, 44.031823506614501 ], [ 0.076322463008262, 44.030869452422792 ], [ 0.075882563054964, 44.030003903572052 ], [ 0.075627943337885, 44.029638649097116 ], [ 0.074862626223597, 44.028547346176765 ], [ 0.074354929493925, 44.028054637574755 ], [ 0.07414801220529, 44.027854568782658 ], [ 0.073378632245389, 44.026867618792558 ], [ 0.072544697780397, 44.025801482048188 ], [ 0.072327742094934, 44.025457041367382 ], [ 0.07225619345472, 44.025343449148359 ], [ 0.072002552028899, 44.025397001825581 ], [ 0.071876331257881, 44.025424244320284 ], [ 0.070998374743358, 44.025554745688254 ], [ 0.070556786337754, 44.025622175432751 ], [ 0.069855976209109, 44.025657442486548 ], [ 0.067995041946744, 44.025436459037216 ], [ 0.065307641435488, 44.025751661580003 ], [ 0.064356025266743, 44.025688300596094 ], [ 0.064186781277753, 44.025678354648718 ], [ 0.063137814579509, 44.025372803464734 ], [ 0.063019729637696, 44.025339011673481 ], [ 0.062520674516069, 44.02533461731025 ], [ 0.06176350732671, 44.025494406953705 ], [ 0.061579657429332, 44.025380492466383 ], [ 0.061154953644218, 44.025120509691902 ], [ 0.060809204359349, 44.024999542125535 ], [ 0.060606739982375, 44.024931958397339 ], [ 0.060223902819817, 44.024876638745837 ], [ 0.060223949247272, 44.024875739365939 ], [ 0.060217763342197, 44.024874672488686 ], [ 0.060220038290475, 44.024830602873649 ], [ 0.059911772287782, 44.024733155464844 ], [ 0.059983971367793, 44.024277577224389 ], [ 0.059995721700111, 44.024195035323963 ], [ 0.060050315584932, 44.02410463868744 ], [ 0.060129434624821, 44.023974372965796 ], [ 0.060574724489876, 44.023714350665742 ], [ 0.060749765824465, 44.023442561957488 ], [ 0.06075378363847, 44.02343726616121 ], [ 0.060752490785159, 44.023438132047247 ] ] ] ] } },
{ "type": "Feature", "properties": { "fid": 2, "ID": 1, "NOM": "ZRE - ADOUR 2013", "SURF_HA": 478866 }, "geometry": { "type": "MultiPolygon", "coordinates": [ [ [ [ -0.302295423751031, 44.201112735506754 ], [ -0.295129638523448, 44.199289201907135 ], [ -0.287231785200607, 44.197332405387961 ], [ -0.27657116134766, 44.194636241451306 ], [ -0.275096053832412, 44.19427474540376 ], [ -0.272111408054451, 44.193797792536401 ], [ -0.266114997918547, 44.195393230814453 ], [ -0.263082753057782, 44.196123092110717 ], [ -0.25832362563482, 44.197311380040105 ], [ -0.266138290258973, 44.179348825985606 ], [ -0.264689766196362, 44.179181358642396 ], [ -0.263731479715434, 44.179209360870821 ], [ -0.249344290456364, 44.181795105234585 ], [ -0.246278953212804, 44.18235318874639 ], [ -0.238630916613649, 44.183713061673686 ], [ -0.232728748541751, 44.184761260212468 ], [ -0.232356925075279, 44.184743230602905 ], [ -0.231409986028059, 44.184550106376605 ], [ -0.228296005825799, 44.183853421116645 ], [ -0.222203249420148, 44.18246799082813 ], [ -0.218863230266231, 44.181708313645927 ], [ -0.214153762910414, 44.180655917677953 ], [ -0.193165078248438, 44.175961325190933 ], [ -0.191841381813093, 44.175663219519791 ], [ -0.18770942461448, 44.174756046270367 ], [ -0.178537944784378, 44.1726828307416 ], [ -0.173594290456428, 44.171577401918398 ], [ -0.164975613007636, 44.165370865562522 ], [ -0.164931446366814, 44.165246128182247 ], [ -0.164852332362118, 44.165205705201586 ], [ -0.1625347537524, 44.163597400064283 ], [ -0.16029183456757, 44.162023435115835 ], [ -0.154183076740713, 44.166680348423405 ], [ -0.153776747308202, 44.166882338212417 ], [ -0.153104139784586, 44.167410945638565 ], [ -0.151048924400553, 44.168896603595805 ], [ -0.149305539081217, 44.167673785145631 ], [ -0.147960630245054, 44.166785089457427 ], [ -0.140404408691039, 44.172036877447248 ], [ -0.13912041024615, 44.170086165033368 ], [ -0.138707943330437, 44.169462702350735 ], [ -0.138050858038698, 44.168288266380934 ], [ -0.137246973265897, 44.166834740890856 ], [ -0.13268918639814, 44.15869708754883 ], [ -0.130932067684997, 44.155568705023455 ], [ -0.130281937630025, 44.154217823016644 ], [ -0.128966095011649, 44.152339894588621 ], [ -0.127025454940537, 44.149621678834947 ], [ -0.125452830382501, 44.147364064832743 ], [ -0.125319996786999, 44.147370158496003 ], [ -0.124127806256089, 44.148886289790454 ], [ -0.123877627345372, 44.148958924146505 ], [ -0.122981205859953, 44.149115179113856 ], [ -0.122123424792387, 44.149303546361438 ], [ -0.121197875797618, 44.149612972141675 ], [ -0.120821529701638, 44.14971421526657 ], [ -0.118747201540398, 44.150104116297904 ], [ -0.117312112324432, 44.150348710460847 ], [ -0.116953801286682, 44.150305232319134 ], [ -0.115769935237175, 44.149973197330915 ], [ -0.114993024786822, 44.149848426751021 ], [ -0.114440027408524, 44.149738222649191 ], [ -0.112852649311459, 44.149210130354383 ], [ -0.110160031760477, 44.147418563019563 ], [ -0.109490589868917, 44.146699778482606 ], [ -0.109294718346323, 44.146473307893075 ], [ -0.109092194277502, 44.146225362418178 ], [ -0.108918070497266, 44.145905649108286 ], [ -0.108524581933804, 44.145577465940001 ], [ -0.108166270192827, 44.145366995246917 ], [ -0.107420609052778, 44.145169352685208 ], [ -0.105872723610833, 44.144821675531908 ], [ -0.104318527659097, 44.144460698533472 ], [ -0.103695499606888, 44.144250991756671 ], [ -0.103463340164369, 44.144111913220485 ], [ -0.102475255269134, 44.143236346589674 ], [ -0.10216346254306, 44.143075334435565 ], [ -0.101568218196122, 44.142879431233851 ], [ -0.100886816416099, 44.142676171410955 ], [ -0.100089252537343, 44.142335351166331 ], [ -0.099540834952861, 44.142063143040822 ], [ -0.099273647838775, 44.14187432543541 ], [ -0.099067362697101, 44.141603771089358 ], [ -0.09887422395169, 44.14130611033444 ], [ -0.098671744252176, 44.141124091078524 ], [ -0.098158680672411, 44.140874810178424 ], [ -0.097777878666736, 44.140739012756583 ], [ -0.097215691828413, 44.140611411828829 ], [ -0.09540994532041, 44.139953959376676 ], [ -0.087563072341367, 44.137148117961608 ], [ -0.087887868152387, 44.136880163854933 ], [ -0.089538751658487, 44.136033427611416 ], [ -0.092796305636066, 44.134080079463352 ], [ -0.093013569448638, 44.133874278426539 ], [ -0.093108169012673, 44.133644412503038 ], [ -0.093180133524806, 44.132921395290275 ], [ -0.093300091008381, 44.132382829736329 ], [ -0.093728909907879, 44.131139635933046 ], [ -0.094092416527059, 44.130075191720657 ], [ -0.094691975210764, 44.128510795012261 ], [ -0.09556949583207, 44.125791082484625 ], [ -0.094804004903922, 44.125723650262834 ], [ -0.094770611224583, 44.125845986930855 ], [ -0.094212371853849, 44.125806906790274 ], [ -0.094225781249176, 44.125653050157318 ], [ -0.093803333452678, 44.125610934764815 ], [ -0.092080017769983, 44.127028253832883 ], [ -0.091772386134372, 44.12682796208923 ], [ -0.091461851203457, 44.126459726657927 ], [ -0.091120499038463, 44.126407548255727 ], [ -0.090214339571, 44.126329820541763 ], [ -0.083762124028351, 44.125774447865041 ], [ -0.082104537821464, 44.12562262774302 ], [ -0.082156696804935, 44.125570980310712 ], [ -0.081984740679353, 44.125531518970263 ], [ -0.07965159092716, 44.125372973697857 ], [ -0.075421127800378, 44.125010085407538 ], [ -0.074340848488951, 44.126284048766543 ], [ -0.073462102125482, 44.127487612268695 ], [ -0.069743459011498, 44.127891251793343 ], [ -0.065808877868464, 44.127759519062607 ], [ -0.064467793858814, 44.128490868723077 ], [ -0.064214355711216, 44.128554153123297 ], [ -0.061985325616277, 44.128220854440237 ], [ -0.058475826380408, 44.12768684549799 ], [ -0.057481137415143, 44.127544827061591 ], [ -0.057236043336863, 44.127534741146633 ], [ -0.057225419493572, 44.127452530751412 ], [ -0.057056285701836, 44.125551739731463 ], [ -0.056929079589415, 44.124607452593381 ], [ -0.056666023635108, 44.122853004861597 ], [ -0.056662504512275, 44.122803599087533 ], [ -0.056641808035495, 44.122686577585611 ], [ -0.056514211971841, 44.121835032447905 ], [ -0.056407264741178, 44.120997467347202 ], [ -0.057112132186279, 44.119567030330821 ], [ -0.058297012668785, 44.117107856602672 ], [ -0.0583734928772, 44.116954678977621 ], [ -0.058388302431698, 44.116053639976414 ], [ -0.058344508015299, 44.11501886769689 ], [ -0.058370719320497, 44.114117592385924 ], [ -0.058361573012188, 44.113867356555112 ], [ -0.058369442682209, 44.113444661613158 ], [ -0.058368449653169, 44.112542939585389 ], [ -0.058392821230788, 44.1114963852607 ], [ -0.058080272036216, 44.110870471467734 ], [ -0.057957788565319, 44.110511431410643 ], [ -0.057861469181654, 44.110364123104077 ], [ -0.056782535187395, 44.107039513573959 ], [ -0.056639705374422, 44.106604669087659 ], [ -0.056625800832407, 44.106546222141304 ], [ -0.056126957181366, 44.104929922488289 ], [ -0.056056971071418, 44.104796452290692 ], [ -0.055622825454795, 44.103458020132869 ], [ -0.055380912900365, 44.103149004498526 ], [ -0.054922047355249, 44.102747888896978 ], [ -0.054850201633172, 44.102570154867081 ], [ -0.054773554541333, 44.102076133171252 ], [ -0.054507424615238, 44.101768674286845 ], [ -0.054005677578778, 44.101334488337905 ], [ -0.054006570229475, 44.101220063598078 ], [ -0.054040778223347, 44.101149250240972 ], [ -0.054531643722939, 44.100988015185514 ], [ -0.054411335161027, 44.100611403745475 ], [ -0.053315332030207, 44.099210188749332 ], [ -0.052304720138318, 44.097966804291588 ], [ -0.051913312924849, 44.097400346554323 ], [ -0.050640737290296, 44.097675553887591 ], [ -0.048763687180737, 44.095347389833563 ], [ -0.048088389311778, 44.094524321463773 ], [ -0.046899170323298, 44.092973600558409 ], [ -0.044740165575651, 44.090223860542075 ], [ -0.043484365730505, 44.088717854111771 ], [ -0.041152235814644, 44.08507218697153 ], [ -0.040818187986836, 44.084675500413482 ], [ -0.040679803378608, 44.084409547491873 ], [ -0.040631062938658, 44.084372468123775 ], [ -0.040558510649504, 44.084245232302905 ], [ -0.040474934586001, 44.084127525748976 ], [ -0.040175987279217, 44.083885684209868 ], [ -0.039643697639782, 44.083534535152545 ], [ -0.037084873774827, 44.08169924972956 ], [ -0.035591081306369, 44.080679591587533 ], [ -0.035575199916272, 44.080675834665428 ], [ -0.035530971864738, 44.080643816189834 ], [ -0.030971666280386, 44.077626607702314 ], [ -0.026847407959218, 44.075740617679337 ], [ -0.022587089202222, 44.073840918400784 ], [ -0.017892973912687, 44.071814416724294 ], [ -0.011296758991876, 44.068855910758927 ], [ -0.010727583589867, 44.06853737855792 ], [ -0.003798081042046, 44.04919329236408 ], [ -0.002755013742461, 44.046146846830773 ], [ -0.000311264209328, 44.039099167906301 ], [ -0.00014311023039, 44.039039931191716 ], [ 0.000869832747962, 44.036090725553244 ], [ 0.002073025077325, 44.032335645703689 ], [ 0.003177647014827, 44.028923688705461 ], [ 0.004899091149228, 44.023637074237755 ], [ 0.005013222494183, 44.023362312611248 ], [ 0.004220892507894, 44.021655335430175 ], [ 0.003617450844633, 44.021222993622146 ], [ 0.00075068059547, 44.019505541825069 ], [ -0.00047826826959, 44.01869496003102 ], [ -0.001922583746149, 44.017739599466424 ], [ -0.005233607317345, 44.015584772675638 ], [ -0.00833931340918, 44.013546611931467 ], [ -0.009850988309529, 44.01256907868936 ], [ -0.012501454849539, 44.011509245188769 ], [ -0.013638385397644, 44.010898359089992 ], [ -0.014298416349773, 44.010046317004537 ], [ -0.015358496415353, 44.009305170680115 ], [ -0.01645738393148, 44.00850134753378 ], [ -0.016838035385414, 44.008246823882097 ], [ -0.017012804127311, 44.008089503677049 ], [ -0.018888402527626, 44.008902177572104 ], [ -0.017268616303243, 44.006272378177876 ], [ -0.015953905560626, 44.004213059167547 ], [ -0.0140896759357, 44.001292773778957 ], [ -0.012702838076996, 43.999106173555568 ], [ -0.010944191329385, 43.996349462770503 ], [ -0.009868793413513, 43.994646615660933 ], [ -0.008001871443996, 43.99164592473214 ], [ -0.006820742482299, 43.989728921508046 ], [ -0.006546307827378, 43.989650341567469 ], [ -0.004524092965474, 43.989241499067582 ], [ -0.001472006514579, 43.98860434692255 ], [ 0.006582363968057, 43.986823373292928 ], [ 0.007822864851685, 43.986330584454002 ], [ 0.007328760675664, 43.985817127332872 ], [ 0.007102637752066, 43.985484611008808 ], [ 0.006983008174256, 43.98513064812942 ], [ 0.006858896929508, 43.984851828076103 ], [ 0.006591983090701, 43.984644155835703 ], [ 0.006302975405161, 43.98421030604554 ], [ 0.005888768402263, 43.984148885998074 ], [ 0.005047988392552, 43.984326656962295 ], [ 0.004631438973309, 43.983663384689528 ], [ 0.004418867382683, 43.983106508678432 ], [ 0.004020240144055, 43.98277027570645 ], [ 0.003403855090262, 43.982628245639049 ], [ 0.003050590335471, 43.982543393657537 ], [ 0.002655416636939, 43.982331915447254 ], [ 0.002498108959828, 43.982027637644983 ], [ 0.001538906692464, 43.980472697614729 ], [ 0.001467717617007, 43.979844653791446 ], [ 0.001591482174832, 43.979472216387485 ], [ 0.001185050135891, 43.978633972898514 ], [ 0.001173635893314, 43.978183417236927 ], [ 0.000960741328752, 43.977600758931658 ], [ 0.000699798872424, 43.976591477978069 ], [ 0.001005465191532, 43.976445543219235 ], [ 0.00139424020901, 43.976395156926841 ], [ 0.002087485388514, 43.976227645907848 ], [ 0.002398351639951, 43.975990085156312 ], [ 0.002513871852549, 43.975437161321707 ], [ 0.002502385981937, 43.974016945465117 ], [ 0.002646206260995, 43.973711921206082 ], [ 0.002953272764014, 43.973566002195263 ], [ 0.002873212387265, 43.972667783259084 ], [ 0.003272277972342, 43.972401217133701 ], [ 0.003788139576219, 43.970717180115379 ], [ 0.004060215390656, 43.970415941526227 ], [ 0.004713068930641, 43.970187796126567 ], [ 0.005749354978006, 43.969968865650884 ], [ 0.005891933724808, 43.968860071271415 ], [ 0.005810851352732, 43.967985543395407 ], [ 0.005975538249041, 43.966963770708041 ], [ 0.007107398562611, 43.965979201053848 ], [ 0.00798417467055, 43.965160222709954 ], [ 0.008600325232507, 43.964746812310487 ], [ 0.00971464744805, 43.964118392907885 ], [ 0.011129103293974, 43.963336638439522 ], [ 0.01194016400073, 43.962865553015597 ], [ 0.012478689095128, 43.962569989028211 ], [ 0.013348654520643, 43.962192889613213 ], [ 0.013974826425302, 43.961916700013191 ], [ 0.013911311895826, 43.961760788013081 ], [ 0.01393108975721, 43.961382007596065 ], [ 0.01500633759934, 43.961182388106742 ], [ 0.016014299574146, 43.960883420319128 ], [ 0.016420910517337, 43.960707646732665 ], [ 0.016872186470035, 43.960556525122115 ], [ 0.017449452745971, 43.960463742274953 ], [ 0.01798272447834, 43.960294779772333 ], [ 0.018076963606595, 43.960153559949603 ], [ 0.018247658035754, 43.95988619739466 ], [ 0.017813166833719, 43.956275550976592 ], [ 0.017747881271088, 43.95581353914914 ], [ 0.018621405480924, 43.955206682655486 ], [ 0.018666671115682, 43.954657402488714 ], [ 0.018729223808025, 43.953614889600544 ], [ 0.018749641113639, 43.953219638379466 ], [ 0.018789697933767, 43.952308568646039 ], [ 0.018807113045361, 43.951673160879309 ], [ 0.018215170055551, 43.95174297811942 ], [ 0.017559026181676, 43.951988648466006 ], [ 0.016783243317279, 43.952403847965947 ], [ 0.016604504482046, 43.952484542918768 ], [ 0.01507868072755, 43.952196422020592 ], [ 0.014224858913219, 43.95228742270595 ], [ 0.01386427334089, 43.952489922093392 ], [ 0.013629397181261, 43.952443685932266 ], [ 0.013932786616522, 43.950432578368194 ], [ 0.013968818526242, 43.949447216717125 ], [ 0.013928624533893, 43.949314476140984 ], [ 0.013760468884184, 43.949171771332672 ], [ 0.013698290657559, 43.948530531780037 ], [ 0.011339859148454, 43.948864482127597 ], [ 0.011683320080023, 43.948209255719959 ], [ 0.012175131948527, 43.947239829493576 ], [ 0.012303340230462, 43.946826282621132 ], [ 0.012972071570016, 43.945645268109566 ], [ 0.013298639830039, 43.944879414824634 ], [ 0.013810514642872, 43.943976367502124 ], [ 0.014278031916206, 43.943180557087459 ], [ 0.014470743361445, 43.942583923357901 ], [ 0.014641045035683, 43.941558151746875 ], [ 0.014680718890273, 43.941006697696167 ], [ 0.014605983741445, 43.940602211407672 ], [ 0.014421070817569, 43.940207718316387 ], [ 0.014063768522072, 43.939286090594983 ], [ 0.014035274440142, 43.938309670767055 ], [ 0.014082345164151, 43.937577011844724 ], [ 0.014171221388572, 43.937252270880492 ], [ 0.014359770907279, 43.936965711325755 ], [ 0.014619345828745, 43.936719845828378 ], [ 0.015079008291618, 43.936428771484799 ], [ 0.015247715014845, 43.936243796560795 ], [ 0.01527091250383, 43.936094876746559 ], [ 0.015307536484178, 43.935408377203359 ], [ 0.01542342792724, 43.934980147747794 ], [ 0.015715343627538, 43.933664342298414 ], [ 0.015901650982395, 43.932699722179464 ], [ 0.015998218938204, 43.931767170446321 ], [ 0.01589422680678, 43.930858183440961 ], [ 0.015919987019092, 43.930228117885775 ], [ 0.01603439414801, 43.929382530366198 ], [ 0.016165317739919, 43.929179240602615 ], [ 0.016500974403171, 43.92881545626048 ], [ 0.017467832646434, 43.92783346972513 ], [ 0.018268216514814, 43.926946878669426 ], [ 0.018406146158019, 43.926676755953892 ], [ 0.018304420500368, 43.926060457648781 ], [ 0.018093118249668, 43.925090449058565 ], [ 0.017801854575881, 43.923809623420048 ], [ 0.017619514014978, 43.922758812031141 ], [ 0.017234632416685, 43.921780990889516 ], [ 0.016981894221803, 43.920988356079249 ], [ 0.016857723157125, 43.920468447337413 ], [ 0.016931353221481, 43.919678658974483 ], [ 0.017095889727213, 43.919419397945752 ], [ 0.020404761406127, 43.916652237327895 ], [ 0.021770607865564, 43.913008958632879 ], [ 0.022039368485105, 43.912115137308675 ], [ 0.022169111911252, 43.910994746707743 ], [ 0.022183658219627, 43.909973926270908 ], [ 0.022294263052057, 43.909323011468935 ], [ 0.022449799914252, 43.908828636933613 ], [ 0.022498777552589, 43.908676144209558 ], [ 0.021251122508871, 43.90875983228679 ], [ 0.020397942654211, 43.908816863316218 ], [ 0.019274824195346, 43.9098305394973 ], [ 0.017212188323995, 43.910325424545896 ], [ 0.017666969268538, 43.911369659701037 ], [ 0.017654156481413, 43.911683668409104 ], [ 0.017271881579172, 43.911900145826635 ], [ 0.016455204018957, 43.912108371786566 ], [ 0.015821480435336, 43.912409102945354 ], [ 0.014735047806098, 43.913114398309666 ], [ 0.013977786720124, 43.913368180006316 ], [ 0.011720255167299, 43.913814516276759 ], [ 0.010521239154158, 43.91423914674656 ], [ 0.008106676866771, 43.915454836456377 ], [ 0.006894701174883, 43.916193444275535 ], [ 0.006516034329385, 43.916320295340647 ], [ 0.006203702052226, 43.916358931687718 ], [ 0.004958566433922, 43.916376548826499 ], [ 0.004330204269002, 43.916543391600854 ], [ 0.004009086927187, 43.916761125232682 ], [ 0.003482528490372, 43.917469060862288 ], [ 0.002000066833963, 43.918750999553623 ], [ 0.00097684379185, 43.919402904768972 ], [ -0.000377885247841, 43.919968339955417 ], [ -0.001575130056365, 43.920967863779588 ], [ -0.001843262251443, 43.921420627265938 ], [ -0.002423379231781, 43.92190273650273 ], [ -0.003541301210566, 43.92246293914814 ], [ -0.004077415933874, 43.922811007525375 ], [ -0.005098972936251, 43.92341859749682 ], [ -0.006050891435282, 43.923892681104036 ], [ -0.006610668321241, 43.923880610762268 ], [ -0.007347773003745, 43.923640097006704 ], [ -0.007594122087532, 43.923598701798184 ], [ -0.008222154124035, 43.923720148957159 ], [ -0.009338448051365, 43.923651754113706 ], [ -0.010960456776298, 43.923436402873826 ], [ -0.011518372771218, 43.923379013062132 ], [ -0.012642047975523, 43.923489718283498 ], [ -0.013582462672098, 43.923649716697881 ], [ -0.014722889690068, 43.924163968874751 ], [ -0.015109112362188, 43.924470922449643 ], [ -0.01556395065444, 43.924919608942332 ], [ -0.016595422545507, 43.925796852356775 ], [ -0.017181309892696, 43.926413758128362 ], [ -0.01812405815849, 43.926663301663091 ], [ -0.018237041356027, 43.927874715232093 ], [ -0.018625414042299, 43.92854122192707 ], [ -0.01920012784277, 43.928888397665062 ], [ -0.020148482355818, 43.929236747773857 ], [ -0.0209689899512, 43.929218934204194 ], [ -0.023301300344676, 43.92993292546273 ], [ -0.022826964185307, 43.930527474580742 ], [ -0.021821712945022, 43.930594624856965 ], [ -0.020006606064911, 43.930318677672382 ], [ -0.018619267699448, 43.931383309368542 ], [ -0.017194819816252, 43.933032968424541 ], [ -0.016339526546028, 43.933726416093464 ], [ -0.015361916884663, 43.934152545699234 ], [ -0.012643774789763, 43.934660590922533 ], [ -0.011229795452266, 43.935086821578444 ], [ -0.010928497261314, 43.935317957665063 ], [ -0.010701061964932, 43.935817492470918 ], [ -0.010546556920129, 43.936908952274528 ], [ -0.010027565350484, 43.937910408817359 ], [ -0.009674696919205, 43.938412632938295 ], [ -0.008587852143299, 43.939200666637085 ], [ -0.007732147762122, 43.939578750887442 ], [ -0.006869038442907, 43.939776648428598 ], [ -0.005865069204445, 43.939879699483178 ], [ -0.004052075088417, 43.939694113115472 ], [ -0.00353754359422, 43.939596992812071 ], [ -0.003244221517336, 43.939711510572941 ], [ -0.003129523242315, 43.939938592081255 ], [ -0.003138762086911, 43.940163031436519 ], [ -0.001863700921426, 43.940955044647318 ], [ -0.000712129376725, 43.941699060731167 ], [ 0.00050582354131, 43.942354835021675 ], [ 0.001864308960198, 43.94292395028625 ], [ 0.002914140689286, 43.943126821511861 ], [ 0.003281939674667, 43.943268680742769 ], [ 0.00420826281503, 43.94342355263305 ], [ 0.005512995212314, 43.943496865745253 ], [ 0.005753543409317, 43.943682338777784 ], [ 0.005925437342767, 43.944045645969872 ], [ 0.005917921319449, 43.946069262567747 ], [ 0.00631750283978, 43.946932056035827 ], [ 0.006552101686005, 43.947296720726058 ], [ 0.006600493933614, 43.947612026617065 ], [ 0.006629968452071, 43.948422591408125 ], [ 0.006685274356094, 43.948604084954908 ], [ 0.006763119222764, 43.949729982704348 ], [ 0.006685213199188, 43.951940670290007 ], [ 0.006790773830777, 43.952392184815814 ], [ 0.006735404794162, 43.953740876357791 ], [ 0.006458367870094, 43.954408845322646 ], [ 0.005794543698546, 43.955429189243162 ], [ 0.005724425179855, 43.955608012006472 ], [ 0.005463543945358, 43.955916716679852 ], [ 0.005448786574609, 43.95627601803838 ], [ 0.005565391129785, 43.95645883272536 ], [ 0.005495311552879, 43.956636638875338 ], [ 0.005042130781609, 43.957077227034127 ], [ 0.003882771600406, 43.958005525223854 ], [ 0.00304139347528, 43.958797418581803 ], [ 0.00144024133133, 43.959887268194912 ], [ 0.000488184283321, 43.960316075164776 ], [ -0.000891580476346, 43.960565684948314 ], [ -0.000956118939874, 43.960608610201696 ], [ -0.001396386320516, 43.960734141118763 ], [ -0.00260205559778, 43.961293498518813 ], [ -0.00353329458018, 43.961839186774633 ], [ -0.00521267335651, 43.962675828572543 ], [ -0.012366489401836, 43.967037007528575 ], [ -0.013968204649915, 43.968126635639216 ], [ -0.015821720919422, 43.969300446818664 ], [ -0.017028062583759, 43.969867906049025 ], [ -0.018681445884245, 43.970686359340128 ], [ -0.020351702874806, 43.971909401550903 ], [ -0.021769212557765, 43.973057533029674 ], [ -0.029739764856355, 43.979009534720269 ], [ -0.030572511046929, 43.979575693453498 ], [ -0.030961063292187, 43.979926887833919 ], [ -0.0361650376641, 43.983735499969882 ], [ -0.036537886572991, 43.982243459846146 ], [ -0.03698050692367, 43.98088492885757 ], [ -0.037628366529262, 43.978531611892777 ], [ -0.038248462080939, 43.97667455461761 ], [ -0.039176469603034, 43.97355154274922 ], [ -0.040574771239923, 43.969464020457174 ], [ -0.040802092438639, 43.968964431289322 ], [ -0.041697771068639, 43.967730958933522 ], [ -0.042046750429444, 43.967138006599853 ], [ -0.042824814896904, 43.96640173802124 ], [ -0.043368026098937, 43.965984878920459 ], [ -0.043604747584974, 43.965709705196879 ], [ -0.043585919257177, 43.965260845372342 ], [ -0.043424195121206, 43.964364789484215 ], [ -0.043285114904663, 43.964008181561347 ], [ -0.043266289654092, 43.963559322126962 ], [ -0.043430368057925, 43.963015772793035 ], [ -0.043672342600931, 43.962560144523351 ], [ -0.044154699875427, 43.962189972372471 ], [ -0.045504160794644, 43.961711134687846 ], [ -0.045805457302428, 43.961479881712492 ], [ -0.046154319803817, 43.960886946449214 ], [ -0.0463962208965, 43.960702343653765 ], [ -0.046956350434603, 43.96069006632095 ], [ -0.048890387136703, 43.960782640710349 ], [ -0.049707975943326, 43.960989352008752 ], [ -0.050456687772613, 43.961017221380523 ], [ -0.051087592201121, 43.961229053371092 ], [ -0.051958430210028, 43.961209938099429 ], [ -0.052905636552711, 43.961242702708333 ], [ -0.05775538673402, 43.961090705614467 ], [ -0.058187730674905, 43.960991530980849 ], [ -0.058984475530225, 43.960704005345221 ], [ -0.059466728724555, 43.960333738712613 ], [ -0.060129476813334, 43.959779177159028 ], [ -0.060320031340483, 43.959595674152787 ], [ -0.060606044892625, 43.959005088717021 ], [ -0.060964244148933, 43.958636524898225 ], [ -0.061635078193307, 43.958307456170779 ], [ -0.062181863015328, 43.957980067740657 ], [ -0.062349576156486, 43.957527079467276 ], [ -0.062690688097712, 43.956754940961062 ], [ -0.062959576757505, 43.955759755049527 ], [ -0.063255058938905, 43.955393599203127 ], [ -0.064778964100753, 43.954325376427036 ], [ -0.065628756442767, 43.953811988007324 ], [ -0.067318863074096, 43.952560736557658 ], [ -0.067856040804189, 43.952008904083414 ], [ -0.068282556099737, 43.951504831024636 ], [ -0.068690031666354, 43.950820855801425 ], [ -0.068974026120897, 43.950184975094054 ], [ -0.069116894275662, 43.949147228272288 ], [ -0.069341999808716, 43.948603308968643 ], [ -0.069831528427431, 43.946928279255317 ], [ -0.070049969403858, 43.945924911731183 ], [ -0.07001185334636, 43.945026159595983 ], [ -0.070133441306622, 43.944933812788889 ], [ -0.071179244642188, 43.944640678561726 ], [ -0.072111502871469, 43.944629314592959 ], [ -0.072562746414959, 43.944978933498824 ], [ -0.072814488713529, 43.945063015194634 ], [ -0.073865992840238, 43.944904728151045 ], [ -0.074540409183326, 43.944665125590369 ], [ -0.075443145339969, 43.943925843467611 ], [ -0.075879594594431, 43.943960459660182 ], [ -0.077210464715016, 43.944200895881963 ], [ -0.077892514444509, 43.944141447389356 ], [ -0.078010734685913, 43.944003829829434 ], [ -0.078109805806821, 43.943416329891448 ], [ -0.078407048389747, 43.943095429093802 ], [ -0.078905731660079, 43.943084345588439 ], [ -0.079412548224143, 43.94329774166669 ], [ -0.079719360299618, 43.943201260479945 ], [ -0.080376476480173, 43.942557034057998 ], [ -0.080679399397948, 43.94236997368489 ], [ -0.081176657065938, 43.942358919838519 ], [ -0.081868254459121, 43.942523878855397 ], [ -0.0823137727903, 43.942738603821205 ], [ -0.083226885989444, 43.943716802638413 ], [ -0.084034734127731, 43.943698814915393 ], [ -0.084368359059975, 43.944231350935759 ], [ -0.08452248666007, 43.94490186394151 ], [ -0.084718702316773, 43.945122133735495 ], [ -0.085842984173273, 43.945232077364089 ], [ -0.085873700073537, 43.945951693673621 ], [ -0.086321182010158, 43.946210660455243 ], [ -0.086530858703684, 43.946745955107836 ], [ -0.086660975482004, 43.946887337326814 ], [ -0.086680161541427, 43.947336184135565 ], [ -0.087377553731969, 43.947635963893944 ], [ -0.087653777222434, 43.948259432658162 ], [ -0.088539776636451, 43.948599303345929 ], [ -0.088859997231417, 43.948816808420219 ], [ -0.088991663926035, 43.948994197658081 ], [ -0.08955166925842, 43.948981702156978 ], [ -0.09091768837558, 43.948905880125672 ], [ -0.091407290455091, 43.948714623826767 ], [ -0.092008845967218, 43.948206543589663 ], [ -0.092313706443238, 43.948064752221761 ], [ -0.093742458832387, 43.947988523329762 ], [ -0.094284956956244, 43.94730143120951 ], [ -0.094458169771527, 43.946983267796192 ], [ -0.094446622727798, 43.946713524620755 ], [ -0.094048297019944, 43.946138148730661 ], [ -0.094105213666432, 43.946001888770198 ], [ -0.094642095412178, 43.945449926103755 ], [ -0.095204472585378, 43.945527002580107 ], [ -0.095514612577388, 43.945475748165009 ], [ -0.096173494473793, 43.944875701759095 ], [ -0.096223183529663, 43.944604610396347 ], [ -0.096087662495831, 43.944337643095203 ], [ -0.096081929567572, 43.944203815304292 ], [ -0.09725469626807, 43.943681899320588 ], [ -0.09786245897134, 43.943354001411471 ], [ -0.098348145164362, 43.943073136533215 ], [ -0.098770642025311, 43.94274938064256 ], [ -0.098747511915953, 43.942209950546044 ], [ -0.098494324222837, 43.942125950995283 ], [ -0.09793580841098, 43.942138479003432 ], [ -0.097853844371045, 43.941689981581632 ], [ -0.097655627641627, 43.941424434573783 ], [ -0.097632538917765, 43.940886021540884 ], [ -0.097856779097114, 43.940295696497458 ], [ -0.098239294676941, 43.939073234856458 ], [ -0.098520950539604, 43.938391971318346 ], [ -0.098672216099369, 43.937264324006783 ], [ -0.099020436825307, 43.936672253762964 ], [ -0.099249022672449, 43.936216819743414 ], [ -0.099402512305993, 43.935440534061975 ], [ -0.099377402943249, 43.934855796748884 ], [ -0.097982818116374, 43.93425741707555 ], [ -0.096094967180793, 43.933760737928843 ], [ -0.093883587223036, 43.933000252132885 ], [ -0.093783504293304, 43.932094668153411 ], [ -0.094546944465562, 43.931043004293564 ], [ -0.095513634775902, 43.930076448956441 ], [ -0.095568639381362, 43.929895904365722 ], [ -0.095309738640539, 43.929677054859667 ], [ -0.09523883240548, 43.929452975539718 ], [ -0.098516637359114, 43.928983900887211 ], [ -0.100915967634154, 43.92834584725064 ], [ -0.102257650255724, 43.927416152321193 ], [ -0.102562386647772, 43.927274333755008 ], [ -0.10345391602364, 43.927748931674635 ], [ -0.104341646150623, 43.928133980269749 ], [ -0.105219686121991, 43.928294567540945 ], [ -0.106099695362599, 43.928499457918313 ], [ -0.108180256573177, 43.929135876409077 ], [ -0.108439190790031, 43.929354677712965 ], [ -0.108454715262839, 43.92971500083452 ], [ -0.108335122709395, 43.929851647392631 ], [ -0.108346731008764, 43.930121368425553 ], [ -0.108477901571814, 43.930253408019205 ], [ -0.109184878754854, 43.930777473886145 ], [ -0.109512867726755, 43.931175059135334 ], [ -0.10858367088216, 43.931285616090832 ], [ -0.107807652570039, 43.932337662322126 ], [ -0.107695344174905, 43.932610180550576 ], [ -0.107821197842435, 43.932651658771704 ], [ -0.108141402428543, 43.932869105301542 ], [ -0.109842284437985, 43.933326491214714 ], [ -0.110351437226855, 43.933593247803721 ], [ -0.111520090551164, 43.934736528955838 ], [ -0.113251999149441, 43.93591141678138 ], [ -0.113947478074516, 43.936165713372112 ], [ -0.115145959369284, 43.9365436765952 ], [ -0.116027880519593, 43.938241578136733 ], [ -0.116489051937831, 43.938815442994432 ], [ -0.11707031485538, 43.939296965869531 ], [ -0.117899472525153, 43.939772877840696 ], [ -0.118783609867075, 43.940068225586913 ], [ -0.119041217090819, 43.940287070667118 ], [ -0.119382805482743, 43.94096357518179 ], [ -0.119710868480097, 43.941360116047228 ], [ -0.120035076367027, 43.94166811397946 ], [ -0.12067521452288, 43.942058628549269 ], [ -0.123017610143891, 43.942994920456329 ], [ -0.123805070367985, 43.943921019904977 ], [ -0.124384908331039, 43.944366459608943 ], [ -0.125135428645206, 43.944440144645633 ], [ -0.125943286635698, 43.944421855760417 ], [ -0.126124114831534, 43.944282769385339 ], [ -0.126156105546036, 43.94360708287202 ], [ -0.12698963398211, 43.942733921422068 ], [ -0.12735818442115, 43.942320600389756 ], [ -0.127407224219356, 43.942005169732226 ], [ -0.127138376727101, 43.941560957791566 ], [ -0.126609543273756, 43.940844387194318 ], [ -0.126729611939142, 43.940752018285494 ], [ -0.127900952049694, 43.94050082477348 ], [ -0.128520032236984, 43.940405375244893 ], [ -0.129125605651418, 43.940032003124429 ], [ -0.13091367299172, 43.939631788657117 ], [ -0.131395243781098, 43.939261210515824 ], [ -0.132314377627598, 43.938655022757963 ], [ -0.133837428277081, 43.937901146388171 ], [ -0.134259698370924, 43.937577262950455 ], [ -0.135138050289614, 43.93629804411804 ], [ -0.135881157367121, 43.936235792298994 ], [ -0.136073663584255, 43.936366409578369 ], [ -0.136598248465371, 43.936984109289355 ], [ -0.136929807636394, 43.937425857569139 ], [ -0.137244320135528, 43.937509376323789 ], [ -0.138114791145956, 43.937489565296325 ], [ -0.139060200627185, 43.937782332532841 ], [ -0.140895549574743, 43.938469079925397 ], [ -0.142407876104757, 43.938614934949776 ], [ -0.143920540841109, 43.939029709409631 ], [ -0.144918865343079, 43.939096591936327 ], [ -0.145488615821624, 43.939309252942245 ], [ -0.145810944077767, 43.939570847113643 ], [ -0.146127849804007, 43.939707889317127 ], [ -0.146750444182951, 43.939693673178432 ], [ -0.147306924701649, 43.939635613398515 ], [ -0.148375857243779, 43.939881168586076 ], [ -0.148686432592559, 43.939874061875535 ], [ -0.148933801800536, 43.939824103101188 ], [ -0.149244401658808, 43.939816994087494 ], [ -0.150810500227875, 43.940050125903255 ], [ -0.152999267869542, 43.94027001769021 ], [ -0.153300016195463, 43.940038489556308 ], [ -0.153476794679153, 43.939809774408332 ], [ -0.15346104082405, 43.939450498710769 ], [ -0.153330757602076, 43.939048514234351 ], [ -0.15310234798484, 43.936670216837037 ], [ -0.153267307791045, 43.936171793872276 ], [ -0.153492946679488, 43.935626638907159 ], [ -0.153713232333373, 43.934991966904136 ], [ -0.153754228593948, 43.934496402561678 ], [ -0.153858459208449, 43.934044712421574 ], [ -0.154160140955027, 43.933543159556834 ], [ -0.154146321623184, 43.933228151523032 ], [ -0.153919925780832, 43.932325495750376 ], [ -0.154041868793072, 43.932277354524672 ], [ -0.155154025505264, 43.932080809823923 ], [ -0.157012755585326, 43.931903185747593 ], [ -0.157444705550904, 43.931803620344027 ], [ -0.158975118400753, 43.931228520437529 ], [ -0.160665965127777, 43.931189683069618 ], [ -0.159626238482342, 43.92878469667501 ], [ -0.160708286808223, 43.927905559595153 ], [ -0.161380101085137, 43.927620142673931 ], [ -0.163358648165791, 43.927350013735754 ], [ -0.163979157898216, 43.927291415642507 ], [ -0.165055340274719, 43.927445974153748 ], [ -0.16562303381045, 43.92761322906069 ], [ -0.166326519696602, 43.928046314497649 ], [ -0.167231428749287, 43.929069370291806 ], [ -0.167878233851072, 43.929638751400127 ], [ -0.168383314357343, 43.929807449152527 ], [ -0.169779423820512, 43.930134905683097 ], [ -0.170604899116332, 43.930519832321828 ], [ -0.1716956061019, 43.931259285978165 ], [ -0.172087082463602, 43.931664507476775 ], [ -0.172535969448975, 43.932238442033402 ], [ -0.172695669699961, 43.933044731892963 ], [ -0.172896157576597, 43.933354398268783 ], [ -0.174053604412967, 43.934182979171403 ], [ -0.17496968899078, 43.935195388834266 ], [ -0.175617044992424, 43.935774000507614 ], [ -0.175945502067987, 43.936171415070248 ], [ -0.176269427402575, 43.936433893771948 ], [ -0.176963181796681, 43.936642507222281 ], [ -0.177722199023214, 43.936940286008429 ], [ -0.178174029458157, 43.937289484937175 ], [ -0.178585095366029, 43.938134256277507 ], [ -0.178907626838294, 43.938396795727591 ], [ -0.179286853063301, 43.938523004009703 ], [ -0.179473493677587, 43.938518696599836 ], [ -0.179445605023021, 43.937889702024222 ], [ -0.179614296936709, 43.937480796225259 ], [ -0.180160776729022, 43.93719817305 ], [ -0.180582789546469, 43.936874083455329 ], [ -0.181038974018419, 43.935648569890937 ], [ -0.181003109738917, 43.934840445719686 ], [ -0.180910542318471, 43.934167608499791 ], [ -0.181024520222804, 43.933940323758542 ], [ -0.181008594546256, 43.933581053300522 ], [ -0.180802016001204, 43.933135511155541 ], [ -0.18120806851426, 43.932452149674425 ], [ -0.181129434582641, 43.932094345977866 ], [ -0.180742255691707, 43.931787978978882 ], [ -0.180728321831069, 43.931473991501257 ], [ -0.18083281064393, 43.930743005096041 ], [ -0.181068103252452, 43.930422244421521 ], [ -0.181613991776686, 43.930095280464052 ], [ -0.182458768240199, 43.929499665663869 ], [ -0.183128512145372, 43.929168804940794 ], [ -0.184853180082391, 43.928769159365686 ], [ -0.188378495291488, 43.928013384208604 ], [ -0.189794564107871, 43.927665127506835 ], [ -0.190039846676114, 43.92756977577114 ], [ -0.190705511248224, 43.927149313728464 ], [ -0.192030892183632, 43.926174555468052 ], [ -0.192018864312083, 43.925904844836843 ], [ -0.191680353088931, 43.925283087892389 ], [ -0.191471756010829, 43.924793311765235 ], [ -0.191471168064946, 43.924523330055017 ], [ -0.191588469280854, 43.924340268468292 ], [ -0.191566466644875, 43.923846137436925 ], [ -0.19204753515844, 43.923475294857703 ], [ -0.193270922592678, 43.922997528871754 ], [ -0.194190356726049, 43.922706130542537 ], [ -0.195042506884416, 43.922281292848261 ], [ -0.196125888594729, 43.921447108503259 ], [ -0.197814477138605, 43.919958880200426 ], [ -0.197981973045069, 43.919559248101677 ], [ -0.197959916902229, 43.919065119766103 ], [ -0.198073199707028, 43.918792496202087 ], [ -0.198596807419981, 43.917971349008759 ], [ -0.199606672784662, 43.916643175104625 ], [ -0.199655317140684, 43.916327734217766 ], [ -0.199515322237304, 43.915970337729377 ], [ -0.199499284184531, 43.915611055830034 ], [ -0.199787652126561, 43.915109704105191 ], [ -0.200086035516343, 43.914832752051829 ], [ -0.20057501072677, 43.914642018611275 ], [ -0.201876819726305, 43.914520937534895 ], [ -0.202122613406257, 43.914470882729091 ], [ -0.202542290036551, 43.914101432105284 ], [ -0.202788048656177, 43.914050349990582 ], [ -0.203090463401256, 43.913863970164982 ], [ -0.203205697788971, 43.913635597610792 ], [ -0.203752624314518, 43.913083856256726 ], [ -0.204535279149662, 43.912480239381274 ], [ -0.205081420567632, 43.912197486069793 ], [ -0.205570356512662, 43.912006730568308 ], [ -0.206507049251959, 43.912074460034496 ], [ -0.207066667062977, 43.912061380692521 ], [ -0.208168389902432, 43.911675930339442 ], [ -0.208478211468699, 43.911623330621566 ], [ -0.209167728934843, 43.911742183129597 ], [ -0.20966469325594, 43.911730526877932 ], [ -0.210160408415254, 43.91140460985649 ], [ -0.210588641265262, 43.911259569936192 ], [ -0.211081959415646, 43.91116660109234 ], [ -0.211619395133925, 43.910659357244739 ], [ -0.211986391933792, 43.910515770941466 ], [ -0.212405988085185, 43.910146282930931 ], [ -0.212702301588296, 43.909825014681971 ], [ -0.213065234738439, 43.909590826810998 ], [ -0.214237596007858, 43.909384011316881 ], [ -0.214422096401498, 43.909334327702481 ], [ -0.214898870624273, 43.908873851600021 ], [ -0.215378312548254, 43.908187609065131 ], [ -0.215917724457603, 43.907725643512023 ], [ -0.21627320123001, 43.907357650642822 ], [ -0.216518293506438, 43.907261197556259 ], [ -0.217199755278443, 43.907200872073815 ], [ -0.217741103758426, 43.906783162926835 ], [ -0.218175381218597, 43.90677294526688 ], [ -0.218617139657376, 43.906897554722065 ], [ -0.218937633920446, 43.907114672646557 ], [ -0.219320772130555, 43.907330293488791 ], [ -0.220249966812361, 43.907264137490827 ], [ -0.220336853269733, 43.907801025076481 ], [ -0.220351032180443, 43.908116028849101 ], [ -0.22030456702701, 43.908476766500115 ], [ -0.220823122953975, 43.908913857851253 ], [ -0.221290184372412, 43.909631420160935 ], [ -0.221304368998295, 43.909946424155194 ], [ -0.221188554225767, 43.910128476116107 ], [ -0.221142138162942, 43.910490240007533 ], [ -0.221620341416329, 43.911422910229021 ], [ -0.221581985518987, 43.911963791952751 ], [ -0.221455397450535, 43.912191422125638 ], [ -0.221471596594223, 43.912550681335176 ], [ -0.221726855068956, 43.912679675701469 ], [ -0.222858855792279, 43.912968350824379 ], [ -0.223179400273355, 43.913185457090457 ], [ -0.223209748240102, 43.91385868666675 ], [ -0.223467076541723, 43.914032957278948 ], [ -0.223779538711531, 43.91407094518231 ], [ -0.224272858142973, 43.913977889630281 ], [ -0.224578637298319, 43.913835690159054 ], [ -0.224942871494424, 43.91337780725754 ], [ -0.225157192355131, 43.912598840566439 ], [ -0.225384709257605, 43.912144193585377 ], [ -0.225745612207107, 43.911865680880865 ], [ -0.226177232540274, 43.911764819904171 ], [ -0.22747998748376, 43.911699056444441 ], [ -0.228339829995877, 43.911453077991176 ], [ -0.228642172416012, 43.91126662698646 ], [ -0.228940395708353, 43.910989596767777 ], [ -0.228922122044126, 43.910585039903665 ], [ -0.228664859754347, 43.91009648252264 ], [ -0.228581487021972, 43.909639872591924 ], [ -0.229145482363718, 43.908367277869132 ], [ -0.229439018451042, 43.90795536164282 ], [ -0.229800511223586, 43.907722185453359 ], [ -0.230360079481706, 43.907708959827517 ], [ -0.231102132505844, 43.907601764409399 ], [ -0.231260185836008, 43.906968391051485 ], [ -0.231284195350367, 43.906112505890441 ], [ -0.23137619459273, 43.905121062354361 ], [ -0.231668325739121, 43.904710208352604 ], [ -0.231964482382027, 43.904387871717596 ], [ -0.231960430909848, 43.904298309509613 ], [ -0.231017731353014, 43.904095938260255 ], [ -0.230859318733975, 43.9033350646313 ], [ -0.230966899040543, 43.90297184590986 ], [ -0.231149355943802, 43.902877870548117 ], [ -0.232205747925951, 43.90285290664611 ], [ -0.232831970822344, 43.902927753527663 ], [ -0.233199500743094, 43.902829400720485 ], [ -0.233377900447188, 43.902645868562153 ], [ -0.233304489096747, 43.902377627798479 ], [ -0.232957504038254, 43.901575858476974 ], [ -0.2329807350672, 43.900451023958489 ], [ -0.233126557152766, 43.899547966030816 ], [ -0.233292742085514, 43.899094732259123 ], [ -0.233710686350882, 43.898725207316126 ], [ -0.234014941673489, 43.898583006749881 ], [ -0.234387914579887, 43.898574179004129 ], [ -0.235267901680119, 43.898777998860147 ], [ -0.236145883631379, 43.898937557158519 ], [ -0.236467817495473, 43.89915458056354 ], [ -0.236599794749877, 43.899330760630527 ], [ -0.236559542807031, 43.899826345384106 ], [ -0.236628293168414, 43.899959708012112 ], [ -0.237187784276469, 43.899946456458764 ], [ -0.237370234727819, 43.899852488489799 ], [ -0.237238836110668, 43.899720606206806 ], [ -0.236918313767412, 43.899503542956595 ], [ -0.236845492573589, 43.899280628151956 ], [ -0.236819016478344, 43.898695935186687 ], [ -0.237116539890316, 43.898374588229167 ], [ -0.237607275373329, 43.898227945002667 ], [ -0.23892409703729, 43.898196754836825 ], [ -0.239354217372842, 43.898096883147751 ], [ -0.239714976842488, 43.897818344253295 ], [ -0.239883119224668, 43.897409364301367 ], [ -0.237567745817369, 43.897104610540609 ], [ -0.236361973728934, 43.896817862054434 ], [ -0.235727699537439, 43.896563912382206 ], [ -0.235216176426876, 43.896251423317722 ], [ -0.23502830517086, 43.89594157016429 ], [ -0.234705767990869, 43.895679202702517 ], [ -0.234758811699678, 43.895497618344464 ], [ -0.235115509468113, 43.895129542832045 ], [ -0.235484402794916, 43.895031140776247 ], [ -0.237284938269165, 43.894952436048598 ], [ -0.238268395800407, 43.89470447159335 ], [ -0.23863318793077, 43.894515498652837 ], [ -0.238809496535958, 43.894286660434744 ], [ -0.238736674102067, 43.894063738600309 ], [ -0.238475328759236, 43.893799953645363 ], [ -0.237339155997355, 43.893412608427163 ], [ -0.235293633360165, 43.892202836888572 ], [ -0.233936894608857, 43.891065346569476 ], [ -0.231994332213008, 43.89074238314145 ], [ -0.229993639665043, 43.890519686581491 ], [ -0.228876268944539, 43.890546079640337 ], [ -0.227935846232481, 43.890388981645465 ], [ -0.226681057952463, 43.890148617173196 ], [ -0.225997818359757, 43.890164737391409 ], [ -0.22556529357264, 43.890211010417907 ], [ -0.225141633797959, 43.890769229706756 ], [ -0.224541274778982, 43.891232683672563 ], [ -0.224318524210755, 43.89182324199038 ], [ -0.223898521498748, 43.892147431491018 ], [ -0.223105626268471, 43.892481462305241 ], [ -0.223044988239489, 43.892527188584218 ], [ -0.223002622417374, 43.892978511727968 ], [ -0.222947497720117, 43.893114819072785 ], [ -0.222957616774946, 43.893339213984206 ], [ -0.223405937762269, 43.893642950860766 ], [ -0.223290183349732, 43.893826029438443 ], [ -0.223047147830975, 43.893966733923541 ], [ -0.222310780318241, 43.894164418599949 ], [ -0.221365572857413, 43.894186693922748 ], [ -0.221050810207911, 43.894095171015913 ], [ -0.220730323642056, 43.893877044912621 ], [ -0.220607768645485, 43.893655283632185 ], [ -0.220579448814734, 43.893026316488836 ], [ -0.220749759838459, 43.892662665222623 ], [ -0.220871005765021, 43.892570171385024 ], [ -0.220862880950723, 43.892390013363944 ], [ -0.220735582565339, 43.892347664430346 ], [ -0.220549109445233, 43.89235205981084 ], [ -0.219999204075801, 43.892545352042482 ], [ -0.219624223011946, 43.892508823574609 ], [ -0.219115337576392, 43.892251856874765 ], [ -0.218852083791005, 43.891942717117622 ], [ -0.218825803412049, 43.891359048931044 ], [ -0.219050639309078, 43.89081377338578 ], [ -0.219042546369323, 43.890633632670614 ], [ -0.218913255468088, 43.890547027076039 ], [ -0.217670605870066, 43.890576262033548 ], [ -0.217169811407497, 43.890498374201954 ], [ -0.216658501461823, 43.890186815438817 ], [ -0.216463938440288, 43.890011072370719 ], [ -0.216394647283367, 43.889832357309288 ], [ -0.216259294363463, 43.889610888593445 ], [ -0.215622550894375, 43.889266220671558 ], [ -0.214937335510627, 43.889237998710186 ], [ -0.214243986512891, 43.889028624464274 ], [ -0.213858949651873, 43.888767681146945 ], [ -0.213838807587194, 43.88831885421029 ], [ -0.214319433188186, 43.887947939461732 ], [ -0.214315411061533, 43.887858386480815 ], [ -0.214124895906762, 43.887772165121859 ], [ -0.211746445869424, 43.887414779596362 ], [ -0.211302839977392, 43.887244845025663 ], [ -0.211221479896752, 43.88679747795188 ], [ -0.211325136108084, 43.88634472020852 ], [ -0.211276801787995, 43.885266935854524 ], [ -0.21108029148482, 43.885046901799413 ], [ -0.210767972202801, 43.885008887957149 ], [ -0.209969633059912, 43.885252266882446 ], [ -0.209168665174172, 43.885406037024254 ], [ -0.208915555727028, 43.885322314574857 ], [ -0.208286941757567, 43.885156710455142 ], [ -0.207354698902136, 43.885178541447175 ], [ -0.207226855383297, 43.885091880641198 ], [ -0.206721692887852, 43.884915136501313 ], [ -0.206411436148237, 43.884922407546334 ], [ -0.206228982469504, 43.885016322937481 ], [ -0.205915929459686, 43.885248302356345 ], [ -0.205488482368794, 43.885438643817345 ], [ -0.204993765493281, 43.885495561390982 ], [ -0.204679428045406, 43.885412240623282 ], [ -0.204359110288832, 43.885195092695113 ], [ -0.203907544348747, 43.884846012576688 ], [ -0.203469437600493, 43.884766601808671 ], [ -0.203475449867479, 43.884901462880002 ], [ -0.203866392764728, 43.885296259494204 ], [ -0.203939682697148, 43.885564543143367 ], [ -0.20369805300263, 43.885705180223425 ], [ -0.203327152757321, 43.885759184355912 ], [ -0.202883598222155, 43.885589233367604 ], [ -0.201882102693893, 43.885433348311338 ], [ -0.201253507395929, 43.885267694692359 ], [ -0.200807953416257, 43.885053463309049 ], [ -0.200797946715467, 43.884829048765219 ], [ -0.201527623916983, 43.884451328098102 ], [ -0.201517615502472, 43.884226931685944 ], [ -0.201191297190189, 43.883874913878344 ], [ -0.200938206224553, 43.883791173012874 ], [ -0.200131231747967, 43.883810042558082 ], [ -0.199188575532571, 43.88359812515246 ], [ -0.198132526375856, 43.883622787373326 ], [ -0.197755611889924, 43.883541929957289 ], [ -0.197563167583054, 43.883411424784114 ], [ -0.19747991855045, 43.882918749593422 ], [ -0.197346648591886, 43.88274151276557 ], [ -0.19709097067644, 43.882567142021429 ], [ -0.196525679014866, 43.882446379524914 ], [ -0.195836504253253, 43.882327450404922 ], [ -0.19573579227915, 43.881474515585552 ], [ -0.195472140225029, 43.881121025592755 ], [ -0.195151881040258, 43.880903842225983 ], [ -0.194335140229249, 43.880734320869422 ], [ -0.193901068440456, 43.880744434218556 ], [ -0.19346954285668, 43.880844132417558 ], [ -0.19328911636376, 43.880983314810138 ], [ -0.193059504634565, 43.881393658166132 ], [ -0.192879062974571, 43.88153284029125 ], [ -0.19269062484201, 43.881491889097177 ], [ -0.192676638069708, 43.881177921610828 ], [ -0.192790430430622, 43.880949597020667 ], [ -0.192719222341508, 43.880726613855281 ], [ -0.192522811590178, 43.880506546646409 ], [ -0.191884894689395, 43.880161765692151 ], [ -0.191063933115318, 43.879865566763364 ], [ -0.190997321553592, 43.879777457700804 ], [ -0.190971356283681, 43.879193786421197 ], [ -0.191079144762198, 43.878830612336763 ], [ -0.19161845106866, 43.878368775726443 ], [ -0.1915472756347, 43.878145791419044 ], [ -0.191150427104196, 43.877615066170719 ], [ -0.191009220475993, 43.877258733647686 ], [ -0.190993221934963, 43.876899459611415 ], [ -0.191358056693422, 43.876710646676727 ], [ -0.191800315917464, 43.876565366027044 ], [ -0.191918121742123, 43.876427630962752 ], [ -0.191717323617722, 43.87610872716683 ], [ -0.191502897905458, 43.875484105357117 ], [ -0.190992305992412, 43.875181702081868 ], [ -0.190297251781059, 43.87492790454386 ], [ -0.190228638726263, 43.874794496808178 ], [ -0.190220638952298, 43.874614355719515 ], [ -0.191132720480693, 43.87414385401091 ], [ -0.191064132282061, 43.874010464120722 ], [ -0.19100092167052, 43.873966595545575 ], [ -0.190691312623413, 43.874019134773881 ], [ -0.190265291027601, 43.874209374615198 ], [ -0.18976664115852, 43.874175643878843 ], [ -0.189449008223737, 43.874048048248575 ], [ -0.189321216785065, 43.87396136706392 ], [ -0.189301215479506, 43.873511514580969 ], [ -0.190146722975146, 43.872952928548692 ], [ -0.190203361790529, 43.872816614898042 ], [ -0.189887127589291, 43.872688979938125 ], [ -0.18907686791804, 43.872662484049435 ], [ -0.188450470172202, 43.872542065060287 ], [ -0.188322683617915, 43.872455382786178 ], [ -0.188308690177491, 43.872140381672629 ], [ -0.188660142572714, 43.871682933561203 ], [ -0.188781383488546, 43.871590476904309 ], [ -0.188890747985114, 43.871263331882254 ], [ -0.188506003951125, 43.871003327062532 ], [ -0.188372188356038, 43.870780759106516 ], [ -0.188354248246581, 43.870377249125099 ], [ -0.188520659197653, 43.869923075127112 ], [ -0.188448100362801, 43.869700104022812 ], [ -0.187961449956461, 43.869936059119283 ], [ -0.187586696057315, 43.869900464192249 ], [ -0.187082088527375, 43.869731861296991 ], [ -0.186632699086944, 43.86942699531533 ], [ -0.18643378996191, 43.869117315308714 ], [ -0.186296573324949, 43.868850532587629 ], [ -0.186260715400793, 43.868042468480091 ], [ -0.186054332887342, 43.867596953829462 ], [ -0.185731041253391, 43.867020178683767 ], [ -0.185725074262329, 43.866885345082139 ], [ -0.186752885736391, 43.866231846502956 ], [ -0.186810101621072, 43.866140866229351 ], [ -0.186546158612015, 43.865778102450776 ], [ -0.186465589324999, 43.865375000331987 ], [ -0.186579408386889, 43.86514772819789 ], [ -0.186656706412258, 43.864066011619087 ], [ -0.186525532052285, 43.863934070482408 ], [ -0.185565142451969, 43.863282482077551 ], [ -0.18555318219626, 43.863012762258421 ], [ -0.186394561045961, 43.862363612448029 ], [ -0.187254684300675, 43.86184901473586 ], [ -0.188822850099271, 43.862172159118856 ], [ -0.18940450786697, 43.862698606165679 ], [ -0.189645827375983, 43.864186110814245 ], [ -0.18987014960393, 43.865035126789266 ], [ -0.190131673310175, 43.86534334698166 ], [ -0.190666235577596, 43.866186188905928 ], [ -0.19056241828832, 43.866637868692536 ], [ -0.190655002389621, 43.867310670039487 ], [ -0.190796728604304, 43.867711306139647 ], [ -0.191060289838623, 43.868064804536182 ], [ -0.191401894250818, 43.868731807421526 ], [ -0.191409921281562, 43.868911938058204 ], [ -0.191677882551298, 43.869364243931706 ], [ -0.192028053612365, 43.870255682217667 ], [ -0.192228451274204, 43.870565309689241 ], [ -0.192420852042697, 43.870695813890315 ], [ -0.194485855852494, 43.871007345294366 ], [ -0.194923294964923, 43.871042486096442 ], [ -0.195662914081563, 43.870890253913373 ], [ -0.196093813807357, 43.872184758540449 ], [ -0.196398371152934, 43.872050913892011 ], [ -0.197284561727987, 43.871032759237508 ], [ -0.197937493895389, 43.870342547701618 ], [ -0.198748745940705, 43.869019056076333 ], [ -0.198867290185842, 43.868611318738189 ], [ -0.198823202810973, 43.867623101945263 ], [ -0.19854956454743, 43.867045229147692 ], [ -0.19815678128693, 43.866605119420015 ], [ -0.197648176684525, 43.866347004319657 ], [ -0.196464627621363, 43.866283944179393 ], [ -0.19608183803904, 43.866068239900358 ], [ -0.196011255367218, 43.865890581820743 ], [ -0.196055827053284, 43.865484574709377 ], [ -0.196111001676272, 43.865348282872965 ], [ -0.196230191805875, 43.865210520567956 ], [ -0.197022924041369, 43.864877733517382 ], [ -0.197444238663625, 43.864552595181763 ], [ -0.197620619256053, 43.864323818673554 ], [ -0.19784210884891, 43.863733357638345 ], [ -0.198132242770621, 43.863277306038405 ], [ -0.198921652829441, 43.862583915920943 ], [ -0.199527358831901, 43.862210147732675 ], [ -0.203323005330326, 43.860907541145885 ], [ -0.203862611848666, 43.860489944768965 ], [ -0.203985847087724, 43.860442750964616 ], [ -0.203981785578822, 43.860352174044145 ], [ -0.204300721651447, 43.860255062691657 ], [ -0.205334240216717, 43.859736250025485 ], [ -0.206418863839656, 43.858991579880914 ], [ -0.206783533265858, 43.858802717461664 ], [ -0.207146236070663, 43.858569572203066 ], [ -0.20890904233159, 43.857673994352481 ], [ -0.208830304096152, 43.857315182980152 ], [ -0.208560002584523, 43.856557954310063 ], [ -0.208298968120419, 43.856294103174733 ], [ -0.207654578412868, 43.855769240485941 ], [ -0.206827493958369, 43.855330085119249 ], [ -0.207295802094228, 43.854689502373077 ], [ -0.206343914769535, 43.854261480814529 ], [ -0.205703631218784, 43.853827210700594 ], [ -0.204865504579624, 43.853171876595276 ], [ -0.203913118771774, 43.852699565031145 ], [ -0.202651243599064, 43.852279818472333 ], [ -0.202576610766981, 43.852011580279616 ], [ -0.20245047093637, 43.851960948127719 ], [ -0.202146384320951, 43.852103038721211 ], [ -0.201773710288897, 43.852111765092232 ], [ -0.201388979129747, 43.851850783681989 ], [ -0.201188564354544, 43.851540141805692 ], [ -0.201184564864666, 43.851450581341027 ], [ -0.201058802681071, 43.851408195557802 ], [ -0.200986182165927, 43.851185254400001 ], [ -0.200720633901933, 43.850786485660251 ], [ -0.200591460928222, 43.850699860478926 ], [ -0.199931184310274, 43.84981571356527 ], [ -0.199722791995491, 43.849325975569243 ], [ -0.199654622581547, 43.847798385332617 ], [ -0.199524883859552, 43.847666410225166 ], [ -0.198704573015982, 43.847407374787799 ], [ -0.198447079540221, 43.84718872986938 ], [ -0.198034361602721, 43.846298800115825 ], [ -0.197777428284095, 43.846124476406281 ], [ -0.196348826111695, 43.846112484523694 ], [ -0.19596820788679, 43.845942061362123 ], [ -0.195638082710231, 43.845499459176821 ], [ -0.19549091284651, 43.845008272980309 ], [ -0.194960525584293, 43.844256077980781 ], [ -0.194682655244486, 43.843579369441279 ], [ -0.194604083076695, 43.843221575980024 ], [ -0.19439974819404, 43.842821381044075 ], [ -0.194382589711719, 43.842147869287658 ], [ -0.194435711843023, 43.841966310476828 ], [ -0.194472311437807, 43.841381180315956 ], [ -0.194456269697064, 43.841020906898613 ], [ -0.193567346967727, 43.84059235627133 ], [ -0.193417639229586, 43.840011603144397 ], [ -0.193399639693034, 43.83960705786118 ], [ -0.193260463720998, 43.839294981957849 ], [ -0.19292648196292, 43.838763838022778 ], [ -0.192535482247617, 43.83835872336978 ], [ -0.192201501280289, 43.837827595870415 ], [ -0.191944018563497, 43.837607911848679 ], [ -0.191482906390047, 43.837034400821835 ], [ -0.191209526046699, 43.836456519415279 ], [ -0.19106039787728, 43.835920041977879 ], [ -0.190868117274119, 43.83578953817117 ], [ -0.190736394799812, 43.835612274937972 ], [ -0.190969276937337, 43.83524723051822 ], [ -0.191012419123096, 43.834841266313994 ], [ -0.190816172613684, 43.834621202234395 ], [ -0.190111631177203, 43.834142993096869 ], [ -0.189096703643538, 43.833662745822423 ], [ -0.18858847836495, 43.833405628151041 ], [ -0.188189974997626, 43.832829609039756 ], [ -0.188128221369244, 43.832561071340386 ], [ -0.188884593876237, 43.831419280505465 ], [ -0.189472066359164, 43.830641031534682 ], [ -0.190354847947115, 43.830935781689803 ], [ -0.19084511344143, 43.830789382013002 ], [ -0.191087959096237, 43.830648745664746 ], [ -0.190946867869938, 43.830292405370969 ], [ -0.197255925006182, 43.830784148968704 ], [ -0.197315042819329, 43.830737419260501 ], [ -0.197782647763889, 43.830051566813182 ], [ -0.198123754744716, 43.829369702635567 ], [ -0.198099706697629, 43.828830304797144 ], [ -0.197571471653257, 43.828123408346464 ], [ -0.197567422100624, 43.828032824004737 ], [ -0.197371161310745, 43.827812773014273 ], [ -0.197099346449466, 43.8272709427915 ], [ -0.197012754675154, 43.826733019778551 ], [ -0.197118439111557, 43.826325588862566 ], [ -0.197147728017183, 43.825290350253269 ], [ -0.197002039375471, 43.824799156974855 ], [ -0.196820861024262, 43.823544204128062 ], [ -0.197047665026182, 43.823044302147686 ], [ -0.197025654192247, 43.822550202718404 ], [ -0.196801367563782, 43.821701224478382 ], [ -0.196386485433166, 43.820757748560155 ], [ -0.195870287200667, 43.820319506876906 ], [ -0.195732631650352, 43.820008448011968 ], [ -0.195668048538623, 43.819964616481393 ], [ -0.195332160226236, 43.819388207097418 ], [ -0.194875111072403, 43.818904276871812 ], [ -0.194235277125329, 43.818468905242035 ], [ -0.193538933246482, 43.818170856823428 ], [ -0.192026704777431, 43.817702228948534 ], [ -0.193650194383244, 43.816225922165565 ], [ -0.193533124517497, 43.814969473221304 ], [ -0.193393416037919, 43.814612091047145 ], [ -0.193262359611258, 43.814481188176892 ], [ -0.193050149049238, 43.813900863399262 ], [ -0.192848538255968, 43.812151800988367 ], [ -0.191775491004978, 43.810099484640951 ], [ -0.193149851966315, 43.810256001170721 ], [ -0.194573571915478, 43.810178485260565 ], [ -0.194379492392204, 43.808599263876239 ], [ -0.194497152994409, 43.808461549800555 ], [ -0.197757936957284, 43.807495127226581 ], [ -0.200827278401732, 43.806704149009725 ], [ -0.20095835397849, 43.806836059278986 ], [ -0.202010592911804, 43.808160256441219 ], [ -0.202466151496547, 43.808644196555896 ], [ -0.206209215953124, 43.809015053363531 ], [ -0.208201516449042, 43.809148659098419 ], [ -0.212629635106934, 43.809278599032957 ], [ -0.212639674007482, 43.809502984045729 ], [ -0.212779433169222, 43.80985932437428 ], [ -0.212787519780092, 43.810039455856355 ], [ -0.213198194649407, 43.810884031065548 ], [ -0.213726464115438, 43.811590853198553 ], [ -0.213799141153314, 43.81181479642035 ], [ -0.214803335753169, 43.812060124691648 ], [ -0.215625837724397, 43.812409677022771 ], [ -0.216004321830093, 43.81253574782977 ], [ -0.217265662279382, 43.810204084824939 ], [ -0.217502306116779, 43.809928546760247 ], [ -0.219432598290209, 43.809757374225597 ], [ -0.220540296161874, 43.809550947888894 ], [ -0.221167486845585, 43.809671136192563 ], [ -0.225125267221221, 43.809307772552586 ], [ -0.226356029441229, 43.809054071253556 ], [ -0.226716872339505, 43.808820920525676 ], [ -0.227140300692529, 43.808270970601832 ], [ -0.227003076404924, 43.808004230060234 ], [ -0.226847017940006, 43.807288682447535 ], [ -0.226928144891264, 43.806341870726058 ], [ -0.226855276021324, 43.804724781193649 ], [ -0.226781983715718, 43.804456553307531 ], [ -0.226395494215434, 43.80415138766309 ], [ -0.225385251174538, 43.803770298971642 ], [ -0.224935786216787, 43.803457373911819 ], [ -0.224739479640591, 43.80323737630102 ], [ -0.22452500375667, 43.802612846495357 ], [ -0.224336611043806, 43.801177802630605 ], [ -0.224011893632189, 43.80060120659968 ], [ -0.223499754827988, 43.800253692027994 ], [ -0.222869989556138, 43.800042885192674 ], [ -0.221225623897378, 43.799668475078704 ], [ -0.220027328779814, 43.79924747274255 ], [ -0.218189259150703, 43.798391222776388 ], [ -0.217806821578482, 43.798174577683703 ], [ -0.217792704899649, 43.797860629994915 ], [ -0.218082358002922, 43.797404543689076 ], [ -0.218201920056315, 43.79731105742551 ], [ -0.218852439693586, 43.796306525951962 ], [ -0.219740852756461, 43.795341721166537 ], [ -0.219910832929891, 43.794977067782426 ], [ -0.220184309219494, 43.794161743001951 ], [ -0.220390754913225, 43.793248060189519 ], [ -0.220565508415026, 43.792705030693327 ], [ -0.221014932992459, 43.791659886571523 ], [ -0.221069376422591, 43.791478286594916 ], [ -0.221128468098637, 43.791432588858868 ], [ -0.221241412041438, 43.791159952945961 ], [ -0.221528948626606, 43.790658564621225 ], [ -0.221804366813788, 43.789887517123042 ], [ -0.222276011531459, 43.789336443135838 ], [ -0.222243685538227, 43.78861797919982 ], [ -0.222035324139858, 43.788128284592055 ], [ -0.221961357680891, 43.787590097099184 ], [ -0.222125251410485, 43.787091634994802 ], [ -0.22118794228602, 43.7869334209906 ], [ -0.2196601873399, 43.786105980455794 ], [ -0.218382243282032, 43.785551836859526 ], [ -0.217741221538239, 43.785117679846174 ], [ -0.217423397310519, 43.784944853818018 ], [ -0.217434158054409, 43.784899261744769 ], [ -0.216922198766839, 43.784551701746118 ], [ -0.216592946642244, 43.784155532846569 ], [ -0.216273092952818, 43.78393740851449 ], [ -0.214868510945926, 43.783062688961856 ], [ -0.21473485663185, 43.782841199524228 ], [ -0.214708623153147, 43.782256544453539 ], [ -0.214808047936316, 43.781714283700055 ], [ -0.214753685188883, 43.780501746909231 ], [ -0.214225690094277, 43.779794943640667 ], [ -0.213835325580893, 43.77939916738265 ], [ -0.213438955756198, 43.77886856478775 ], [ -0.212815147424689, 43.77878431470684 ], [ -0.213050408798514, 43.777115730467266 ], [ -0.213153851833177, 43.776663001850686 ], [ -0.213213052580761, 43.776301991147889 ], [ -0.214714561321527, 43.775187861219109 ], [ -0.214694394401273, 43.774738032131268 ], [ -0.214917384455125, 43.774192846717163 ], [ -0.215829712609028, 43.773767471561548 ], [ -0.21618373495087, 43.773354181952122 ], [ -0.216281125232462, 43.772767653920901 ], [ -0.216643917643337, 43.772264519740958 ], [ -0.217293452653055, 43.771528976284998 ], [ -0.217291471679035, 43.771484706598415 ], [ -0.216525005955437, 43.77100817261698 ], [ -0.216510857263615, 43.770693195826411 ], [ -0.216622355909585, 43.77042061943115 ], [ -0.216604189401731, 43.770016096442063 ], [ -0.21634697680162, 43.769797522383335 ], [ -0.21546665256773, 43.769540041503262 ], [ -0.213280156634942, 43.769230869088254 ], [ -0.212713332219934, 43.769019566728502 ], [ -0.212392220570315, 43.768802490844607 ], [ -0.212186051123884, 43.768358096258609 ], [ -0.212122928620245, 43.768314243176341 ], [ -0.211906687590016, 43.767644416727407 ], [ -0.211816049538976, 43.767016979035297 ], [ -0.211668102389503, 43.765078163633504 ], [ -0.211433796511373, 43.764004849728593 ], [ -0.210885148264677, 43.762578284950045 ], [ -0.210679012944092, 43.762133889284918 ], [ -0.210533343125145, 43.761642716461978 ], [ -0.210401731917292, 43.761465512247774 ], [ -0.210019602284507, 43.76124985267294 ], [ -0.208759302694497, 43.760820927321475 ], [ -0.207068245541109, 43.76045568619714 ], [ -0.206937262610779, 43.760323796152342 ], [ -0.206987680995857, 43.760052643840872 ], [ -0.20733971049338, 43.759595135041749 ], [ -0.207637258986898, 43.759318188696398 ], [ -0.206701034595455, 43.75920517183522 ], [ -0.206856944541297, 43.758526623934038 ], [ -0.207141893293271, 43.757935704258529 ], [ -0.207247354283097, 43.757528290996525 ], [ -0.207380828765116, 43.756347436242642 ], [ -0.207492316622961, 43.756074845456631 ], [ -0.208044782378882, 43.755936177276396 ], [ -0.20910645646501, 43.756090522479212 ], [ -0.210678565331128, 43.756278214180696 ], [ -0.211857821497631, 43.756295821509518 ], [ -0.21216535968535, 43.756243258853885 ], [ -0.213508519962057, 43.755762419179796 ], [ -0.213939041784209, 43.755662632330498 ], [ -0.21498062447741, 43.755368166553879 ], [ -0.216214840126838, 43.755248436348431 ], [ -0.216703825781513, 43.755057625447314 ], [ -0.218102577211182, 43.754170470665095 ], [ -0.218816413861275, 43.753478743061642 ], [ -0.219103781890086, 43.752977364212207 ], [ -0.219267639113132, 43.75247892532763 ], [ -0.219162786850802, 43.751536545283678 ], [ -0.21894654728707, 43.750867766110154 ], [ -0.218861267350338, 43.750329845077651 ], [ -0.218173675566344, 43.750211092663612 ], [ -0.218099103077614, 43.749942882351483 ], [ -0.218032601095354, 43.749854796959589 ], [ -0.217349021494982, 43.74982558485339 ], [ -0.216054458339974, 43.749991063066581 ], [ -0.215378938608917, 43.750141945716535 ], [ -0.215130457200913, 43.750147798243042 ], [ -0.214880991653702, 43.750100102554427 ], [ -0.21432499452035, 43.750158514732597 ], [ -0.214074491014044, 43.750119088349464 ], [ -0.213942894329404, 43.749941871745115 ], [ -0.213447346862625, 43.749953527942516 ], [ -0.213069294083639, 43.749827443923628 ], [ -0.211532241067646, 43.750133547217963 ], [ -0.210535128890425, 43.750022022079165 ], [ -0.210040184798283, 43.750078981043494 ], [ -0.208728799827594, 43.75015514090444 ], [ -0.207359644789148, 43.750052300119251 ], [ -0.206058599349074, 43.750073556013618 ], [ -0.205494563561112, 43.749951806266751 ], [ -0.20466398686961, 43.749431380290702 ], [ -0.203525338928353, 43.748919185861915 ], [ -0.202467747830115, 43.748853280646948 ], [ -0.200413111306397, 43.748676791535921 ], [ -0.197327629287199, 43.747660897659351 ], [ -0.196884601247675, 43.747446653435446 ], [ -0.196428150068521, 43.746962741761472 ], [ -0.196096628918684, 43.746475908279102 ], [ -0.195569121282936, 43.74576801407148 ], [ -0.195452864969517, 43.743153579606769 ], [ -0.195370444025629, 43.742706272888995 ], [ -0.195457428580164, 43.741850053372794 ], [ -0.195508472104748, 43.741623228238204 ], [ -0.1956274380426, 43.741486494049276 ], [ -0.195623421994669, 43.741395904900607 ], [ -0.195812790342847, 43.741212191421852 ], [ -0.196039253182828, 43.740712336420707 ], [ -0.195954810527489, 43.740219736684956 ], [ -0.195683385751774, 43.739964356405643 ], [ -0.195374907111142, 43.739738719935403 ], [ -0.194471130904045, 43.738940681070346 ], [ -0.194138305115032, 43.737015499480428 ], [ -0.194625749129974, 43.736823788088664 ], [ -0.197997559148793, 43.735666180107522 ], [ -0.199764678529697, 43.734949937129507 ], [ -0.200913444348569, 43.7342934947389 ], [ -0.201752757589887, 43.733644279278842 ], [ -0.201750732594069, 43.733598985412179 ], [ -0.201942022778746, 43.733459522097412 ], [ -0.202414854348719, 43.73290957374568 ], [ -0.202586759331134, 43.732590238550472 ], [ -0.202696257433565, 43.732273423992311 ], [ -0.202775696671302, 43.731282407275572 ], [ -0.202638160296695, 43.730970349814264 ], [ -0.202167789912191, 43.730172530975459 ], [ -0.202157747596306, 43.72994711342524 ], [ -0.202272661053274, 43.729719802411516 ], [ -0.20317087607739, 43.729023867263386 ], [ -0.20359519540094, 43.728789302859674 ], [ -0.204530231663602, 43.72863239659241 ], [ -0.205688895728374, 43.7282013048548 ], [ -0.205797696283671, 43.727838127852074 ], [ -0.209609896162338, 43.725456038855846 ], [ -0.210857707684627, 43.724257241982968 ], [ -0.212446463900871, 43.723725307268047 ], [ -0.212696888022081, 43.723764735621856 ], [ -0.212706900807392, 43.72398912668848 ], [ -0.214118336454111, 43.723685944941501 ], [ -0.215166482836182, 43.723265586813817 ], [ -0.215465840182855, 43.723033918909515 ], [ -0.216387581592137, 43.721473865505637 ], [ -0.217127587186978, 43.721375025848808 ], [ -0.222236142942683, 43.718871252215258 ], [ -0.223079045260368, 43.718312447753988 ], [ -0.223948113653174, 43.718336215576343 ], [ -0.224376910380063, 43.718236432140365 ], [ -0.22511310150201, 43.717769796375229 ], [ -0.225711605183349, 43.717305373173375 ], [ -0.226746355010255, 43.716875948413637 ], [ -0.227229522145884, 43.716595594437877 ], [ -0.227762920437064, 43.716043058871854 ], [ -0.229451073127945, 43.71469864270923 ], [ -0.229754360980953, 43.714556461474139 ], [ -0.230427410705877, 43.714361253070926 ], [ -0.231170957832148, 43.714343613871655 ], [ -0.231973512032018, 43.714279241460027 ], [ -0.233196077167106, 43.713890662279027 ], [ -0.233753751052679, 43.713877420872095 ], [ -0.23450643506047, 43.714093441921449 ], [ -0.234992946444047, 43.713857279714823 ], [ -0.23580215400833, 43.713657745741735 ], [ -0.236530092168073, 43.713326201313428 ], [ -0.238097965518701, 43.712344089624956 ], [ -0.239743102856819, 43.711720753897971 ], [ -0.240363169747658, 43.71170598926826 ], [ -0.243064270190442, 43.712225904160356 ], [ -0.243250168593166, 43.712221488444591 ], [ -0.244599489138427, 43.710525285512759 ], [ -0.244912888735585, 43.710608501239896 ], [ -0.246162187174006, 43.710812600043504 ], [ -0.246651269380156, 43.71066596119892 ], [ -0.250145133456963, 43.708153996290413 ], [ -0.250623986509629, 43.707782946723967 ], [ -0.249855043073503, 43.707207837150584 ], [ -0.24897794689931, 43.707004159436813 ], [ -0.248343662391255, 43.706704012419102 ], [ -0.248379589295819, 43.706118942906734 ], [ -0.246866190644173, 43.705569805859774 ], [ -0.246976805018231, 43.705252910259006 ], [ -0.247025597370565, 43.704981790594054 ], [ -0.245044589687289, 43.705019765376463 ], [ -0.245187736862144, 43.704072543922322 ], [ -0.245397929736032, 43.703257663045726 ], [ -0.245393871488076, 43.703168112678419 ], [ -0.245266378142116, 43.703081533367389 ], [ -0.244457885188136, 43.703010133962401 ], [ -0.244320854329772, 43.702744477317779 ], [ -0.244290311544197, 43.702070309012456 ], [ -0.244223218357027, 43.701936924972273 ], [ -0.244094302852791, 43.701850359890024 ], [ -0.243597146403215, 43.701816877988158 ], [ -0.243517832470484, 43.701413835572048 ], [ -0.244246112631535, 43.700812275679311 ], [ -0.245051870078252, 43.699444325252003 ], [ -0.245043734814217, 43.699264207895297 ], [ -0.243153815237754, 43.698580798025432 ], [ -0.241751293515188, 43.697714684355539 ], [ -0.241181604659935, 43.697458298963276 ], [ -0.241230393015366, 43.697187184028813 ], [ -0.240942973172674, 43.696295572677279 ], [ -0.240732758525729, 43.695760659338156 ], [ -0.240261722413254, 43.694953769245686 ], [ -0.240134220361941, 43.694866131749585 ], [ -0.239744327449824, 43.69447152165894 ], [ -0.239426963962735, 43.694298760221869 ], [ -0.239101494466247, 43.693946898129802 ], [ -0.238953727181564, 43.693410510431008 ], [ -0.239064943376452, 43.693137916533118 ], [ -0.239422382305765, 43.692815166747025 ], [ -0.239799266441481, 43.692671213628735 ], [ -0.240402897191575, 43.692297259485585 ], [ -0.241253332789332, 43.691917414872528 ], [ -0.241498079152263, 43.691866253567312 ], [ -0.241901641046513, 43.691181763217209 ], [ -0.242398704735216, 43.691215261619227 ], [ -0.242768270660605, 43.691161114565787 ], [ -0.242885573794016, 43.691023358739386 ], [ -0.243111451349579, 43.690523403666113 ], [ -0.243319638693231, 43.689664275860871 ], [ -0.243613141256603, 43.689027738862734 ], [ -0.244608597837018, 43.687744936044837 ], [ -0.244732000453518, 43.687741974760357 ], [ -0.245248791892689, 43.688179932515787 ], [ -0.24607737768857, 43.688699027374099 ], [ -0.24684910621718, 43.689310160130759 ], [ -0.247336002811249, 43.689119271497958 ], [ -0.248184259875733, 43.688694073594306 ], [ -0.247333850652424, 43.687725248400852 ], [ -0.248064831646946, 43.687437856315363 ], [ -0.248476439530061, 43.686933440882548 ], [ -0.24858813239613, 43.686390883056426 ], [ -0.248442965685886, 43.6859451193871 ], [ -0.248244948550339, 43.685679888151007 ], [ -0.252001202056636, 43.683791144753279 ], [ -0.254477941769757, 43.68346193413111 ], [ -0.254787101677571, 43.683454527441789 ], [ -0.256819551956729, 43.683190514154134 ], [ -0.257187044782516, 43.683092069991346 ], [ -0.256920473191455, 43.682693541310783 ], [ -0.256842390005976, 43.680977817239508 ], [ -0.256708777560034, 43.680755359363232 ], [ -0.256059839878946, 43.680097071580661 ], [ -0.255733449427297, 43.679475341315779 ], [ -0.255706845544369, 43.678890744509587 ], [ -0.255763170122513, 43.678755439416221 ], [ -0.255807767834243, 43.678393756139073 ], [ -0.255678247189197, 43.678261881262785 ], [ -0.255666030625097, 43.677993253757741 ], [ -0.255718190606479, 43.677766358714308 ], [ -0.256071391031962, 43.677353999362573 ], [ -0.256063187110307, 43.677173886582537 ], [ -0.255980388037636, 43.676726645246156 ], [ -0.256034586212851, 43.676545033139142 ], [ -0.255987227683638, 43.675503458573125 ], [ -0.256217573282779, 43.675137329987997 ], [ -0.256960603561915, 43.675119515103418 ], [ -0.257005743439099, 43.674488894861483 ], [ -0.257120316274762, 43.674261543693866 ], [ -0.257296503529131, 43.674078041744984 ], [ -0.257905919796648, 43.673837782104187 ], [ -0.258025192641955, 43.673745285332664 ], [ -0.256705912795696, 43.673327678173877 ], [ -0.252740262332416, 43.672243909793039 ], [ -0.252055585823996, 43.672170641810531 ], [ -0.247943401739613, 43.671639380864583 ], [ -0.245755422561444, 43.671187795149329 ], [ -0.241839322903806, 43.671191513673968 ], [ -0.23973653596516, 43.671241594140561 ], [ -0.239898529437542, 43.670743167188547 ], [ -0.239803052743708, 43.669980955612843 ], [ -0.240718738032441, 43.66941925184102 ], [ -0.242097623747174, 43.668397272963233 ], [ -0.242332101328807, 43.668121749944234 ], [ -0.24360484443669, 43.66610390272583 ], [ -0.243854133479695, 43.66587334986707 ], [ -0.244219481391628, 43.665729659591214 ], [ -0.244458086660273, 43.665544695460845 ], [ -0.244687879264286, 43.665134285483234 ], [ -0.244661406558589, 43.664549682220766 ], [ -0.243431868577363, 43.664759317098074 ], [ -0.242997386750043, 43.664724351189477 ], [ -0.242678798547101, 43.664552652441806 ], [ -0.243271909606906, 43.663953285798335 ], [ -0.244172695966034, 43.663347625118625 ], [ -0.244287321178923, 43.663120270443038 ], [ -0.243586439106667, 43.662686725737665 ], [ -0.243691549672929, 43.662280344878852 ], [ -0.243929440231175, 43.662049024360748 ], [ -0.24453943713697, 43.661855191986376 ], [ -0.244468923491879, 43.661676580869091 ], [ -0.244275082486128, 43.661501911646482 ], [ -0.243774223089785, 43.661378883529899 ], [ -0.243582407438155, 43.661248478373771 ], [ -0.243372285822322, 43.660713609958691 ], [ -0.243238382028643, 43.660482919096175 ], [ -0.243218090691403, 43.660034171980008 ], [ -0.243455153846383, 43.659533970112207 ], [ -0.243753408847978, 43.659256919595499 ], [ -0.244056367920456, 43.659114703749388 ], [ -0.244613482193457, 43.659101416922326 ], [ -0.24511881599005, 43.659323251449905 ], [ -0.245373585261618, 43.659496441934643 ], [ -0.24549429835643, 43.659403934514728 ], [ -0.24554509089439, 43.659178115335422 ], [ -0.245522299558055, 43.658674815171793 ], [ -0.245174634404313, 43.657828978743417 ], [ -0.245043153440223, 43.657651810494187 ], [ -0.244661574123383, 43.657436305493626 ], [ -0.244225792406668, 43.657402393725924 ], [ -0.243371802874436, 43.657691670456778 ], [ -0.243007916743266, 43.657835332974756 ], [ -0.242943550577803, 43.657792558591275 ], [ -0.242993708500386, 43.657521407915162 ], [ -0.242917086666632, 43.657207958153698 ], [ -0.242339695728256, 43.656772508327755 ], [ -0.242373622517119, 43.656142159713596 ], [ -0.242179811544774, 43.655966478634951 ], [ -0.242042262238325, 43.655655512541543 ], [ -0.24202802659825, 43.655340562172277 ], [ -0.242138800817365, 43.655059751514401 ], [ -0.242857180296724, 43.654502724009937 ], [ -0.243166611622969, 43.654504631514271 ], [ -0.247120867265067, 43.65539937660597 ], [ -0.247436005550366, 43.655526828702797 ], [ -0.247867715663799, 43.655471171142864 ], [ -0.248354320976538, 43.655280273276048 ], [ -0.248958078654463, 43.654950571320043 ], [ -0.249628289299737, 43.654709934724238 ], [ -0.250239580457948, 43.654515021105055 ], [ -0.250897570521174, 43.65400472694644 ], [ -0.251810876528686, 43.65339867954826 ], [ -0.252537332089057, 43.653021725863638 ], [ -0.253525098414384, 43.652962020605756 ], [ -0.254865409199005, 43.652479679651144 ], [ -0.255664424538225, 43.652325554607692 ], [ -0.256344784538284, 43.652309252349482 ], [ -0.256910686495594, 43.652521336058925 ], [ -0.257803268927974, 43.653084138853096 ], [ -0.258309609008245, 43.65329659616549 ], [ -0.260752306756088, 43.65365217187334 ], [ -0.26210488497998, 43.653439388462289 ], [ -0.26289773087212, 43.653150400434775 ], [ -0.26337604303109, 43.652779326336052 ], [ -0.264253281687173, 43.651634139460597 ], [ -0.264251244861072, 43.651589892843447 ], [ -0.263293749662961, 43.650974093929072 ], [ -0.262471645022337, 43.650588937214309 ], [ -0.261839957704043, 43.650334153106371 ], [ -0.261452252846682, 43.649983879147513 ], [ -0.261051589413654, 43.649318634040533 ], [ -0.261037286027015, 43.649004740117029 ], [ -0.261806633913741, 43.64795181536438 ], [ -0.262045071322755, 43.647766815985584 ], [ -0.263227117264029, 43.646523649889083 ], [ -0.263279239919601, 43.646297782013278 ], [ -0.263228063684147, 43.64517494151962 ], [ -0.263458298557436, 43.644809811964969 ], [ -0.26375088675144, 43.644443214556695 ], [ -0.263893606965548, 43.643216787289205 ], [ -0.264013699200407, 43.641774527980573 ], [ -0.263879703651118, 43.640204448935179 ], [ -0.263669494596747, 43.639669626592706 ], [ -0.263540029930801, 43.639537746897226 ], [ -0.263454511212605, 43.638999927053973 ], [ -0.263235718797463, 43.638276740824651 ], [ -0.263130876872397, 43.637065552779838 ], [ -0.263179510089604, 43.636794438974306 ], [ -0.263759874803661, 43.635926361773826 ], [ -0.271359664624791, 43.638324328151846 ], [ -0.27381408253582, 43.639164594961507 ], [ -0.278597835684679, 43.641980331754944 ], [ -0.280111883330976, 43.642573242099495 ], [ -0.281305295148872, 43.642949285831421 ], [ -0.282115481564775, 43.643073926140751 ], [ -0.282101029470352, 43.642758992720061 ], [ -0.281781355754328, 43.642532851585948 ], [ -0.281833401699177, 43.642306975431858 ], [ -0.281948425420868, 43.64212388342397 ], [ -0.281875780798109, 43.641901034602164 ], [ -0.281744256391974, 43.641724929274673 ], [ -0.281909276577694, 43.641270679682933 ], [ -0.281901055355462, 43.641091598098868 ], [ -0.281452281419785, 43.64074185333449 ], [ -0.281375505723782, 43.640429459873076 ], [ -0.280739090793369, 43.640039936115564 ], [ -0.280726706316846, 43.639770293460181 ], [ -0.281608183244532, 43.638759853987274 ], [ -0.281666396747025, 43.638668813881466 ], [ -0.281593756052679, 43.638445938422223 ], [ -0.281470839193758, 43.638178967662256 ], [ -0.281144032548244, 43.637827304796453 ], [ -0.280995991912285, 43.637290995164577 ], [ -0.281229578501463, 43.636971094773045 ], [ -0.28122541083892, 43.636880533837399 ], [ -0.280647501742283, 43.636436012642008 ], [ -0.280687187912396, 43.635940495255873 ], [ -0.280975523053259, 43.635484290365163 ], [ -0.280834283576473, 43.635127105256558 ], [ -0.280819900211588, 43.634813216211072 ], [ -0.280993158622791, 43.634539067613147 ], [ -0.281414375528068, 43.634258916463018 ], [ -0.281508803884632, 43.633627111956763 ], [ -0.281342263179066, 43.632687371386361 ], [ -0.281132285783802, 43.631882613324478 ], [ -0.280782161764202, 43.630991617212516 ], [ -0.280513200708528, 43.630539642514144 ], [ -0.280065247127631, 43.630236224292979 ], [ -0.279743987236118, 43.629974061938242 ], [ -0.279652165738102, 43.629301414695036 ], [ -0.279321290628768, 43.628860213580943 ], [ -0.279482174444292, 43.628316427406048 ], [ -0.280018413452388, 43.627854228957347 ], [ -0.28030872551587, 43.627442293038847 ], [ -0.280698990010286, 43.6264880572257 ], [ -0.280747971989918, 43.625948008858281 ], [ -0.280614370271712, 43.625725589337108 ], [ -0.280597908066196, 43.625366431134246 ], [ -0.280834119233016, 43.625136094924152 ], [ -0.281127905810943, 43.624769395074118 ], [ -0.280988787846655, 43.624457501470239 ], [ -0.281103164149265, 43.624230105757043 ], [ -0.281220238340205, 43.624092314821489 ], [ -0.281393462970739, 43.623818176574829 ], [ -0.280751316629251, 43.623330918579178 ], [ -0.280732770290759, 43.622926462956364 ], [ -0.280895682889037, 43.622427966655408 ], [ -0.280870944420435, 43.621888678146554 ], [ -0.280741519009746, 43.621756846379292 ], [ -0.280179518834632, 43.620016855616733 ], [ -0.279950712696221, 43.619078625447585 ], [ -0.279744105374281, 43.618624105203409 ], [ -0.279733811661142, 43.618399737297572 ], [ -0.279600291106106, 43.618178360514406 ], [ -0.278579201828852, 43.617528214769443 ], [ -0.277985457071339, 43.616733774703199 ], [ -0.277714277622039, 43.616200457420334 ], [ -0.277637580384559, 43.615888074780081 ], [ -0.27627356478984, 43.615830372212656 ], [ -0.275716853859096, 43.61584383055493 ], [ -0.274548360133069, 43.61599879080223 ], [ -0.272130801818183, 43.616192110971738 ], [ -0.270726445930373, 43.616585556946774 ], [ -0.269867079777715, 43.616741243644952 ], [ -0.269239822154342, 43.616576061605492 ], [ -0.268246991622986, 43.61651034569983 ], [ -0.267125346826108, 43.616357063032055 ], [ -0.266690858820524, 43.616313945693889 ], [ -0.266075925474143, 43.616418385357989 ], [ -0.264955243561152, 43.616535007551398 ], [ -0.264095874880435, 43.616690648239121 ], [ -0.262368954383199, 43.616822829551843 ], [ -0.261374060538875, 43.616711779635772 ], [ -0.260242237809337, 43.616334055846387 ], [ -0.259923223974014, 43.616117099285461 ], [ -0.259164204112908, 43.615766475907101 ], [ -0.258606860467911, 43.615734532291498 ], [ -0.255301314886836, 43.615454259414101 ], [ -0.254124977599883, 43.615437122863177 ], [ -0.252022845691015, 43.615487462814912 ], [ -0.250479008432872, 43.615560472984882 ], [ -0.248391129443573, 43.615925683469385 ], [ -0.247204066802815, 43.615954062417813 ], [ -0.247551315685273, 43.615135937205537 ], [ -0.24765219748887, 43.61463899577479 ], [ -0.247629831354183, 43.61414498302257 ], [ -0.247680575418077, 43.613919169776146 ], [ -0.247643929601203, 43.613110235387381 ], [ -0.247576933666481, 43.612976879368773 ], [ -0.247580523649192, 43.611709533019187 ], [ -0.247682783923302, 43.611212533311026 ], [ -0.247852042564827, 43.610847907589353 ], [ -0.248276473497004, 43.610388550987459 ], [ -0.248694250328954, 43.610064309414206 ], [ -0.24862519787904, 43.60988566507681 ], [ -0.24797978575238, 43.609316920803622 ], [ -0.247943163910301, 43.608507997317659 ], [ -0.247991268983936, 43.608192597696885 ], [ -0.248047342165048, 43.606706603907199 ], [ -0.248141505934102, 43.606030569836911 ], [ -0.248250025904987, 43.605703421777704 ], [ -0.248490400177785, 43.605563728210022 ], [ -0.249292357798496, 43.605238564336496 ], [ -0.249588256557454, 43.604916218591363 ], [ -0.250228966067899, 43.60403750810972 ], [ -0.251110393935465, 43.603027341714572 ], [ -0.252426601637717, 43.602006740832188 ], [ -0.253016039165378, 43.601093176640767 ], [ -0.253427624204956, 43.600634130376854 ], [ -0.253895337069335, 43.600037718085609 ], [ -0.254554731923111, 43.599572709549172 ], [ -0.25503877868561, 43.599336500234834 ], [ -0.254993894955045, 43.598348498423768 ], [ -0.25502612702167, 43.597402950929244 ], [ -0.255009832061889, 43.597043777862133 ], [ -0.254005093757362, 43.596708295473427 ], [ -0.253448064649722, 43.596991578216539 ], [ -0.252708058443418, 43.597053613728903 ], [ -0.251523527273027, 43.596848090979094 ], [ -0.251152518812295, 43.596856993502335 ], [ -0.25072672100292, 43.597002145438239 ], [ -0.250418025788605, 43.597009531168318 ], [ -0.248550792315073, 43.596785300209113 ], [ -0.248173659060305, 43.59665935128367 ], [ -0.247830410218336, 43.59590311108601 ], [ -0.247751200051283, 43.595500091931349 ], [ -0.248285920289442, 43.59503708675259 ], [ -0.248404481353809, 43.594900307617628 ], [ -0.248380059555527, 43.594361012957449 ], [ -0.248180315884236, 43.594050535894517 ], [ -0.247596984407294, 43.593471028697813 ], [ -0.247332914568543, 43.593117790584671 ], [ -0.247314612482095, 43.592713319703485 ], [ -0.247671941287487, 43.592120607897279 ], [ -0.24765569334232, 43.591761426048393 ], [ -0.247583220884203, 43.591538562751403 ], [ -0.247017967561634, 43.591326447954664 ], [ -0.246760018055482, 43.591108023205265 ], [ -0.246683534691495, 43.590795614775715 ], [ -0.246864916036852, 43.590700616250551 ], [ -0.247419368124528, 43.590643060838438 ], [ -0.247786284505067, 43.590544654601608 ], [ -0.247842508274435, 43.590408345114994 ], [ -0.247522204012581, 43.590190355736816 ], [ -0.246392476838146, 43.589813494905634 ], [ -0.246009289638143, 43.589552733927874 ], [ -0.245861726561413, 43.589016393500167 ], [ -0.245792901664234, 43.58887379188964 ], [ -0.245603391096384, 43.588788693999007 ], [ -0.244921714685772, 43.588759640068957 ], [ -0.243687689374458, 43.588834453228024 ], [ -0.243310631911697, 43.588708496734789 ], [ -0.243117065594718, 43.588533833394074 ], [ -0.243217309785131, 43.587991592007342 ], [ -0.243144858812624, 43.587768717341007 ], [ -0.243064307069245, 43.587365729423389 ], [ -0.243114416262622, 43.587094609329156 ], [ -0.242858493932089, 43.586920421750129 ], [ -0.242763187154806, 43.586159271742908 ], [ -0.242872125224103, 43.58584140514791 ], [ -0.242833171612526, 43.584978966702081 ], [ -0.243490431433845, 43.58446875957334 ], [ -0.243401122019282, 43.583841374456327 ], [ -0.243462558261026, 43.583569979356326 ], [ -0.243765120114197, 43.583427798637032 ], [ -0.244506968152709, 43.583410087891302 ], [ -0.244926578071069, 43.583130130097466 ], [ -0.246164976502259, 43.583155143766469 ], [ -0.246229260866942, 43.583197905073909 ], [ -0.246431035906022, 43.583553671115126 ], [ -0.246628645710048, 43.583817844068683 ], [ -0.246749829622853, 43.583770653049882 ], [ -0.246969120180565, 43.5831359135436 ], [ -0.247071947696809, 43.582683238191613 ], [ -0.247501745654018, 43.582628643251624 ], [ -0.248245592392504, 43.582655161185741 ], [ -0.248681475831399, 43.58273539368092 ], [ -0.249110581272892, 43.582634463541694 ], [ -0.249231760646852, 43.582587269792739 ], [ -0.249727854445472, 43.582619697670644 ], [ -0.250475792569169, 43.582736759839896 ], [ -0.251159967017327, 43.582541113182387 ], [ -0.251903800415111, 43.582567579464154 ], [ -0.254138516271862, 43.582747898569515 ], [ -0.254703074188487, 43.582914680092586 ], [ -0.254554260691643, 43.583727005368985 ], [ -0.253933303923157, 43.585316159537591 ], [ -0.253607180648553, 43.586313037873126 ], [ -0.253447016664978, 43.588250696140804 ], [ -0.253761174088444, 43.588332792597207 ], [ -0.259229102380058, 43.588884667512588 ], [ -0.260288336609824, 43.588769593737716 ], [ -0.261570985613935, 43.588424531105019 ], [ -0.262538151313617, 43.587905712839145 ], [ -0.263933740730182, 43.587333293984237 ], [ -0.264548760282478, 43.587237096494363 ], [ -0.266284080788107, 43.58706034274249 ], [ -0.266650941911952, 43.586961873038071 ], [ -0.267249190072913, 43.586498263628897 ], [ -0.267737158649353, 43.586351533365367 ], [ -0.268660380576433, 43.586238623877001 ], [ -0.269333805463124, 43.586087410186465 ], [ -0.269693084512231, 43.585854151245599 ], [ -0.271693278275281, 43.584681849570991 ], [ -0.2730291836427, 43.584109721863435 ], [ -0.273396679730661, 43.584056542076517 ], [ -0.273586229773743, 43.584141617794593 ], [ -0.276397965264143, 43.584756724287175 ], [ -0.281460776984979, 43.585624287447459 ], [ -0.283009924407647, 43.585685660507998 ], [ -0.283581809682486, 43.584681687161911 ], [ -0.283618990895297, 43.584132669518247 ], [ -0.283850274425465, 43.583767487019578 ], [ -0.283880110284037, 43.580124710140097 ], [ -0.283986110746143, 43.579717246570297 ], [ -0.2842180356682, 43.57939737706478 ], [ -0.284578587601049, 43.579162992762008 ], [ -0.284753733272313, 43.578934145601984 ], [ -0.28503555482558, 43.578343145873667 ], [ -0.286020251224274, 43.576609999821947 ], [ -0.286530810663153, 43.575600286979366 ], [ -0.287164824503275, 43.574594793974143 ], [ -0.287508876492455, 43.574002263816347 ], [ -0.287972916052953, 43.573091561692927 ], [ -0.288191734757, 43.572456743015103 ], [ -0.28822927096119, 43.571916991557387 ], [ -0.288333839593305, 43.571509550044659 ], [ -0.28862587014972, 43.571142895926286 ], [ -0.289709502417501, 43.570487054907566 ], [ -0.290233312349124, 43.569799483330527 ], [ -0.290763057883393, 43.568932506445144 ], [ -0.290848977445398, 43.56812060751092 ], [ -0.291342939666403, 43.56810860066502 ], [ -0.292088707806073, 43.56818008723441 ], [ -0.293443301149767, 43.568057483902486 ], [ -0.29509956997794, 43.567747211352113 ], [ -0.295648168495746, 43.567598879076364 ], [ -0.296280062266864, 43.567628813215812 ], [ -0.296719380860168, 43.567753079347554 ], [ -0.297105108523118, 43.568067173323307 ], [ -0.297365875246517, 43.568376075359851 ], [ -0.297448537717436, 43.569093204021755 ], [ -0.297708676506422, 43.569356801059719 ], [ -0.299027935560982, 43.569819151134773 ], [ -0.30119927767412, 43.571303351394967 ], [ -0.301314428517187, 43.570851320698537 ], [ -0.301274582473327, 43.56998891318387 ], [ -0.301332732153928, 43.569897865727327 ], [ -0.302275020109342, 43.568885783098558 ], [ -0.302499900527144, 43.568385755419442 ], [ -0.302479120132062, 43.567936031954979 ], [ -0.301968580860387, 43.567588921842336 ], [ -0.301900064363677, 43.567455629568869 ], [ -0.301951975472802, 43.567229755071018 ], [ -0.302313068166061, 43.567040652640436 ], [ -0.302311028704134, 43.566996390577323 ], [ -0.302116644606058, 43.566776542007162 ], [ -0.302041930677067, 43.566508421980053 ], [ -0.3020979650052, 43.566372087852002 ], [ -0.30220060870296, 43.565649423346933 ], [ -0.302242821483513, 43.565244521550774 ], [ -0.302893115114024, 43.564599134796786 ], [ -0.30306808334054, 43.564369217646103 ], [ -0.303486638558149, 43.564044750555595 ], [ -0.303780599067793, 43.563722309799907 ], [ -0.303774420204585, 43.563588526166612 ], [ -0.303518431063953, 43.563414484017876 ], [ -0.303799317334487, 43.562778102656296 ], [ -0.304203957202973, 43.562184050824399 ], [ -0.304366096547691, 43.561676276941085 ], [ -0.304178900197921, 43.561365585189016 ], [ -0.304233515191013, 43.561229293357201 ], [ -0.304528900614805, 43.560907833859957 ], [ -0.304508107035162, 43.560458113134565 ], [ -0.304008689326686, 43.560380682482602 ], [ -0.304174999876651, 43.559963483509996 ], [ -0.305341654402116, 43.559763923673103 ], [ -0.306860607823281, 43.559186893991075 ], [ -0.308582451866717, 43.558739834425069 ], [ -0.309130730800611, 43.558556419476751 ], [ -0.311240914975914, 43.557379644042385 ], [ -0.311911843742537, 43.55718392585225 ], [ -0.315997825650819, 43.55703832047206 ], [ -0.317464831331425, 43.556688047476747 ], [ -0.320150093974456, 43.55591113142777 ], [ -0.32224670660316, 43.555545299263535 ], [ -0.323292403005098, 43.555428880007383 ], [ -0.325229935992096, 43.55587568556497 ], [ -0.3265842053028, 43.555752668776137 ], [ -0.326586284348758, 43.555797937980181 ], [ -0.32751313387827, 43.555775084867044 ], [ -0.328179752629725, 43.555488712314947 ], [ -0.329574442803682, 43.554653759895437 ], [ -0.331309202078114, 43.553397253940012 ], [ -0.332461196677854, 43.552918554414795 ], [ -0.33288661878529, 43.552504154712281 ], [ -0.333059368484092, 43.552229948153574 ], [ -0.333775617613621, 43.551672376718123 ], [ -0.335048573738154, 43.551146345964149 ], [ -0.33596272020607, 43.550853800932103 ], [ -0.336581013867494, 43.550838508274019 ], [ -0.337455997180763, 43.551041441576501 ], [ -0.340035644773016, 43.552011945801674 ], [ -0.341234331447238, 43.552531375518107 ], [ -0.342770564427647, 43.553391677510426 ], [ -0.344412357074032, 43.554115407820696 ], [ -0.345794363383975, 43.554584923377931 ], [ -0.346617759227043, 43.555014692997297 ], [ -0.347623717460497, 43.555349265535042 ], [ -0.348311318022141, 43.555511455016571 ], [ -0.348836837359399, 43.556173231495841 ], [ -0.348974714687295, 43.556484050366024 ], [ -0.349051780396124, 43.556797394463189 ], [ -0.349183291923501, 43.556973408774091 ], [ -0.350640333121133, 43.55771092246502 ], [ -0.351276345042288, 43.558099986734689 ], [ -0.351728385121823, 43.558493649600692 ], [ -0.352579309231549, 43.5595058682147 ], [ -0.352749504958853, 43.559961142317796 ], [ -0.352481525147233, 43.560318105692559 ], [ -0.35250055765075, 43.56072254938659 ], [ -0.352824270008194, 43.561038007421956 ], [ -0.353155318914162, 43.561478963982886 ], [ -0.35360177173894, 43.561783116868547 ], [ -0.355867305595061, 43.562626133936973 ], [ -0.35631305059649, 43.56288495563134 ], [ -0.356688044799073, 43.562965231835072 ], [ -0.35712817507472, 43.562864623681705 ], [ -0.35816552426528, 43.562568818659166 ], [ -0.358845198375817, 43.562560103667558 ], [ -0.359407716541349, 43.562681025913648 ], [ -0.360173319626632, 43.563201799077483 ], [ -0.360750698406038, 43.563637629477711 ], [ -0.361000465735819, 43.563675687657188 ], [ -0.361550975227477, 43.563572309313223 ], [ -0.362756735684682, 43.5629126682757 ], [ -0.363242113078157, 43.562720225965315 ], [ -0.363540162188715, 43.562461390042273 ], [ -0.364143588388958, 43.562158847737102 ], [ -0.364279439625424, 43.562155437722971 ], [ -0.36496294634246, 43.562227984873658 ], [ -0.365146201742028, 43.562178075975019 ], [ -0.365323121316526, 43.561994369232487 ], [ -0.365565056010776, 43.561897666004811 ], [ -0.365812719426522, 43.561891470727858 ], [ -0.366315131435362, 43.562059186485556 ], [ -0.366950979423288, 43.562412129621457 ], [ -0.367942999124236, 43.562476941010907 ], [ -0.368449650315813, 43.562734184489358 ], [ -0.368897568234072, 43.563037214455207 ], [ -0.36959176106335, 43.563335099805904 ], [ -0.369913058114966, 43.563596984435058 ], [ -0.370115433086211, 43.563951491817939 ], [ -0.370307235016965, 43.5640816552243 ], [ -0.370619980591147, 43.56416345718872 ], [ -0.371363704275669, 43.564190156420139 ], [ -0.371678989378004, 43.564325468981167 ], [ -0.371875076740765, 43.56454618331383 ], [ -0.37193468058272, 43.565803741814982 ], [ -0.372193723053563, 43.566067176911993 ], [ -0.372564514416405, 43.566057879250891 ], [ -0.372991184074222, 43.565912218318445 ], [ -0.3734249241667, 43.565945638216178 ], [ -0.373550212798993, 43.565987816552422 ], [ -0.37326728295996, 43.566534806373348 ], [ -0.373344435014943, 43.566847119634694 ], [ -0.373473949178435, 43.566978836053167 ], [ -0.374466067503581, 43.567043587671748 ], [ -0.375039319379748, 43.567388780149052 ], [ -0.375319434533921, 43.568065877013133 ], [ -0.375455363686156, 43.568332413868283 ], [ -0.375836804123808, 43.568547447715673 ], [ -0.376514016016074, 43.568485099026006 ], [ -0.376930763214927, 43.568160374305727 ], [ -0.377351025279545, 43.567879873466275 ], [ -0.377721828042033, 43.567870567172896 ], [ -0.37809904297571, 43.567996055138259 ], [ -0.37851363251552, 43.567626056639945 ], [ -0.379395787531919, 43.566659074055949 ], [ -0.379765075531715, 43.566379844517336 ], [ -0.387256394489199, 43.567864462782737 ], [ -0.39444794372821, 43.569265455710962 ], [ -0.394508054431069, 43.569218600864573 ], [ -0.394247546621838, 43.568956287266687 ], [ -0.393848779899176, 43.568381122912839 ], [ -0.393777217117272, 43.568158333886664 ], [ -0.395688516813494, 43.566761320203732 ], [ -0.400676400518625, 43.563217439452778 ], [ -0.40132572243266, 43.563875836285398 ], [ -0.40222740054906, 43.564625733583689 ], [ -0.402229577705016, 43.564671018415233 ], [ -0.40255244032488, 43.564932762510587 ], [ -0.403449613848691, 43.565853803389899 ], [ -0.404096807381387, 43.566466918365606 ], [ -0.406037478142592, 43.568225877950958 ], [ -0.407669887922663, 43.567194279004532 ], [ -0.408691963121034, 43.56658410714757 ], [ -0.409828480024662, 43.565790717486905 ], [ -0.41485247371803, 43.563279693645008 ], [ -0.415273280580097, 43.563044376296787 ], [ -0.418768061703881, 43.560886369675693 ], [ -0.420282189992047, 43.559966810421983 ], [ -0.420696965189049, 43.559578084741609 ], [ -0.422559509333446, 43.558451757634245 ], [ -0.422682600979413, 43.558448613585853 ], [ -0.422611647003151, 43.558270113482642 ], [ -0.42189556563267, 43.557523905888388 ], [ -0.42305776613583, 43.557269614060424 ], [ -0.42404471076447, 43.5572000921224 ], [ -0.42437024184527, 43.557281390680963 ], [ -0.424881441081356, 43.557627922041476 ], [ -0.426036359978295, 43.558776038899794 ], [ -0.426663132837899, 43.558670386063298 ], [ -0.427428812776302, 43.559415304830829 ], [ -0.427674702461482, 43.559139055057365 ], [ -0.427892710293096, 43.558549272747975 ], [ -0.428129465033759, 43.558318591983102 ], [ -0.430201056109954, 43.557680315623692 ], [ -0.431796216404872, 43.557414835157424 ], [ -0.432156830086918, 43.557226310851568 ], [ -0.432330989554174, 43.556727288983232 ], [ -0.432686454645798, 43.556402891944487 ], [ -0.433520519894642, 43.555751971986872 ], [ -0.433406007200472, 43.554676151940555 ], [ -0.433647101610186, 43.554534983653241 ], [ -0.435669299337691, 43.554167806356418 ], [ -0.43628368859459, 43.553837791676123 ], [ -0.436875824679002, 43.553282682943468 ], [ -0.437415187800394, 43.552953552093982 ], [ -0.4377185528737, 43.552811815486876 ], [ -0.439122801381697, 43.552469732723246 ], [ -0.439618017322024, 43.55245698856389 ], [ -0.440873584143909, 43.552873938365806 ], [ -0.441498442847926, 43.552992838145919 ], [ -0.441992242555363, 43.552980146211645 ], [ -0.443043892135393, 43.552728458094577 ], [ -0.443290073885991, 43.552722131643542 ], [ -0.443477623451694, 43.552762640960161 ], [ -0.443607230425663, 43.552893255866728 ], [ -0.443861386721048, 43.553021673599005 ], [ -0.445532519676433, 43.553069304023659 ], [ -0.446567481920258, 43.552736643689649 ], [ -0.446523279930363, 43.551829008556261 ], [ -0.447320341257973, 43.551673487759132 ], [ -0.448635169689949, 43.550515482667684 ], [ -0.449412522089616, 43.549956584901054 ], [ -0.449716992062595, 43.549867328021762 ], [ -0.451083990298364, 43.550012347839711 ], [ -0.451774045492067, 43.55021914635644 ], [ -0.452032577807747, 43.55043707776742 ], [ -0.452239857675547, 43.550881995013384 ], [ -0.452305601375714, 43.552229020076531 ], [ -0.45273327926808, 43.553386382728256 ], [ -0.45296996379484, 43.554693945940102 ], [ -0.453266616163499, 43.555720749724145 ], [ -0.4538775245745, 43.556829069909014 ], [ -0.454272363453064, 43.557313433336624 ], [ -0.455694833157527, 43.558589329432472 ], [ -0.456592339426471, 43.559241011824462 ], [ -0.457286903294464, 43.559537301077334 ], [ -0.45841010100883, 43.559732855686406 ], [ -0.459101193056778, 43.559958132975616 ], [ -0.459064413728163, 43.560480430299158 ], [ -0.459393128227796, 43.560886120217404 ], [ -0.460752330052803, 43.562110021354549 ], [ -0.461647749526236, 43.562716379190626 ], [ -0.462277959052447, 43.562970004174389 ], [ -0.462344606564299, 43.563057929375915 ], [ -0.461562041751187, 43.563483124305641 ], [ -0.459146633628452, 43.564939746592074 ], [ -0.459148792829591, 43.564983987581265 ], [ -0.459470507915264, 43.565245616344463 ], [ -0.460457533083717, 43.565175763431363 ], [ -0.461785034298554, 43.565779151501175 ], [ -0.463433092768972, 43.566590620312503 ], [ -0.463135628216809, 43.56682398659445 ], [ -0.461976389073196, 43.567168287726851 ], [ -0.461609238066847, 43.567223120456731 ], [ -0.460990766577286, 43.567239153481921 ], [ -0.460589937394776, 43.56787907425359 ], [ -0.4600601334988, 43.5684326934743 ], [ -0.458960606732601, 43.568955719461933 ], [ -0.458531912707746, 43.569056461535453 ], [ -0.457881888728852, 43.568398404173053 ], [ -0.455699826559208, 43.569300751731504 ], [ -0.455602399903113, 43.568583044278995 ], [ -0.455103497262038, 43.567247200246179 ], [ -0.45496502022855, 43.566936523076116 ], [ -0.456122394774947, 43.566321365248669 ], [ -0.456147338250634, 43.565556200312436 ], [ -0.456230939214456, 43.564745209119359 ], [ -0.456834768414641, 43.564459640558901 ], [ -0.457719215960858, 43.56484168912624 ], [ -0.458358933971068, 43.564015289720288 ], [ -0.458893118942732, 43.563552231007442 ], [ -0.459384324760154, 43.563224225463507 ], [ -0.459627576460651, 43.563128283452912 ], [ -0.459552133567503, 43.562860299978233 ], [ -0.459025314046057, 43.56220007345091 ], [ -0.457070018067958, 43.5629245058254 ], [ -0.456283776363595, 43.563304451248491 ], [ -0.456301345949384, 43.563663592749691 ], [ -0.456365838839015, 43.563707253295476 ], [ -0.455454296624668, 43.564046098979553 ], [ -0.454955993102442, 43.563968301943454 ], [ -0.454231600780437, 43.564338382492025 ], [ -0.453431382314703, 43.564403360176698 ], [ -0.453069395347686, 43.564593009242962 ], [ -0.452399300414288, 43.565059551089234 ], [ -0.452036524473437, 43.565203885324031 ], [ -0.448870097569362, 43.566230424973377 ], [ -0.447897566473098, 43.566569747395612 ], [ -0.447660832414646, 43.56680047337457 ], [ -0.447723513529358, 43.567068815638272 ], [ -0.447984319685263, 43.567332043258396 ], [ -0.448006239538222, 43.56778173792658 ], [ -0.448530830787075, 43.568397752209925 ], [ -0.44873153218666, 43.568706846864735 ], [ -0.448744690292107, 43.568976456602321 ], [ -0.447588919126325, 43.569365844701913 ], [ -0.447548518735219, 43.569816114739744 ], [ -0.44738068852349, 43.570181065755577 ], [ -0.447334167072654, 43.570505788050802 ], [ -0.447473997144555, 43.570816449719047 ], [ -0.447520007621161, 43.571760091216625 ], [ -0.447329610681631, 43.573203369092589 ], [ -0.446480137687911, 43.573540551021019 ], [ -0.445796406539297, 43.573468525056811 ], [ -0.445558858078613, 43.573653917795752 ], [ -0.445822635402671, 43.574006713356837 ], [ -0.444317804502775, 43.574855331236314 ], [ -0.444703930307604, 43.575159649210569 ], [ -0.44422126789194, 43.575666633571743 ], [ -0.443653348082068, 43.575412337372221 ], [ -0.441801586051922, 43.576763367248468 ], [ -0.442755740923937, 43.577324075959169 ], [ -0.44257903435064, 43.577507910348814 ], [ -0.442581242747794, 43.577553176794147 ], [ -0.442839875629042, 43.577771133867955 ], [ -0.442195389382702, 43.578506915999434 ], [ -0.441899923181534, 43.578784467790726 ], [ -0.441712289711663, 43.578743955012122 ], [ -0.441332717610977, 43.578574418384498 ], [ -0.441091541139068, 43.578715606107949 ], [ -0.440968381778074, 43.578718762865456 ], [ -0.439883156329944, 43.578027470066601 ], [ -0.438740017915542, 43.577427288153423 ], [ -0.437850285040114, 43.57717093507452 ], [ -0.436867397909765, 43.577331135340096 ], [ -0.433990410702965, 43.577944855811708 ], [ -0.43263367286943, 43.578023937680157 ], [ -0.432212828450279, 43.578259342735329 ], [ -0.432038322469346, 43.578489461296577 ], [ -0.432045144424807, 43.578893192212277 ], [ -0.432113976676186, 43.579026403252705 ], [ -0.433015875286274, 43.579767798495958 ], [ -0.433475983341177, 43.580341258439987 ], [ -0.434027074954547, 43.581504832191001 ], [ -0.433563526008067, 43.58214625269801 ], [ -0.432225908964494, 43.582621536669812 ], [ -0.4320491265547, 43.582805337406512 ], [ -0.432133666221714, 43.58326271104243 ], [ -0.431959096307593, 43.583491814123505 ], [ -0.431713510403501, 43.583542401683701 ], [ -0.43159688145897, 43.583680368590855 ], [ -0.43159941011079, 43.583995599158321 ], [ -0.431676927737275, 43.584307873903462 ], [ -0.431700865100947, 43.58480181930657 ], [ -0.431586434116966, 43.584985062211636 ], [ -0.431662518540349, 43.585297382525184 ], [ -0.432229803565771, 43.585508499562607 ], [ -0.432296442504044, 43.585596426211175 ], [ -0.432247241804911, 43.585867650098763 ], [ -0.431774920202001, 43.586328976200626 ], [ -0.431785777730772, 43.586553325122694 ], [ -0.432103135318712, 43.586725503143931 ], [ -0.433034783073723, 43.58679126687931 ], [ -0.433481856394436, 43.587095105520937 ], [ -0.433488376720676, 43.587229909315596 ], [ -0.433618099596209, 43.587361555048929 ], [ -0.433689087155083, 43.587539026040197 ], [ -0.433786677780453, 43.588264990306278 ], [ -0.434039559461288, 43.588393487777658 ], [ -0.434785754776424, 43.588463986679528 ], [ -0.435529822947116, 43.588490246875615 ], [ -0.435538552050732, 43.588670326603932 ], [ -0.435312573150662, 43.589125368378582 ], [ -0.435446650638909, 43.589346539251302 ], [ -0.435767600575648, 43.58956293107758 ], [ -0.436149468820336, 43.589778771950392 ], [ -0.436413263489107, 43.590131612287905 ], [ -0.436486467738497, 43.590354357752595 ], [ -0.436492994953562, 43.590489152681748 ], [ -0.436942271348385, 43.590837228689537 ], [ -0.437382046182845, 43.590960919368989 ], [ -0.43787662787193, 43.590957480714167 ], [ -0.438657549306787, 43.590487181052886 ], [ -0.438968389846081, 43.590524518487015 ], [ -0.439285006864683, 43.590651364018072 ], [ -0.439604568702428, 43.590867789365738 ], [ -0.439917558350825, 43.590949384246791 ], [ -0.440348656255435, 43.59089399002427 ], [ -0.440946276603043, 43.590473701717656 ], [ -0.441010763741901, 43.590517381969342 ], [ -0.441408696230515, 43.59109137446255 ], [ -0.442049251495533, 43.591524140222518 ], [ -0.44193917187283, 43.591796922700823 ], [ -0.44141991308107, 43.592574807432399 ], [ -0.441309853187217, 43.592847588686993 ], [ -0.44140131403481, 43.593474795831398 ], [ -0.441911185603021, 43.593785232636172 ], [ -0.443222685406321, 43.594021461872288 ], [ -0.444049538717924, 43.594494772824596 ], [ -0.44460600180982, 43.594480452468297 ], [ -0.445095807503366, 43.594378200586597 ], [ -0.446556735985464, 43.595149434693646 ], [ -0.446753217102224, 43.595370027426355 ], [ -0.446889950391589, 43.595644707527825 ], [ -0.447521866274834, 43.595898379191034 ], [ -0.448452232962907, 43.595964048075352 ], [ -0.449026280142969, 43.596309881509832 ], [ -0.44921176185621, 43.596305115246281 ], [ -0.449925202341093, 43.59570145856155 ], [ -0.453271990777982, 43.593052585011733 ], [ -0.456677741099555, 43.590311393859373 ], [ -0.459607483508882, 43.587987343040204 ], [ -0.460980422830328, 43.58696160837232 ], [ -0.461101437239234, 43.586914187278452 ], [ -0.46272298967256, 43.588445572671247 ], [ -0.463491756066999, 43.588974851629139 ], [ -0.463999069054207, 43.589231653832236 ], [ -0.464754913355199, 43.589526328262814 ], [ -0.465254837061952, 43.589603010794136 ], [ -0.466439075505285, 43.589527991341541 ], [ -0.467045280843252, 43.589286602676573 ], [ -0.467867865604283, 43.589670204886737 ], [ -0.468212384024706, 43.589122381507558 ], [ -0.468561181093301, 43.588663041882924 ], [ -0.469099949348638, 43.58828945857357 ], [ -0.471854669106124, 43.587462622235378 ], [ -0.472668829716705, 43.586406976635715 ], [ -0.473030888397884, 43.586217241382677 ], [ -0.474671236340242, 43.585590349040054 ], [ -0.475223960174482, 43.58553063305461 ], [ -0.475723888055839, 43.5856082931111 ], [ -0.476638690773913, 43.585359868100213 ], [ -0.477393240562817, 43.585340203553599 ], [ -0.477757490778106, 43.585195755408158 ], [ -0.478113677656834, 43.584916515168196 ], [ -0.478779905893677, 43.584629193876054 ], [ -0.479197540016845, 43.584303021399755 ], [ -0.479374174942311, 43.584119125793876 ], [ -0.479369760135065, 43.584029591755332 ], [ -0.479593897314578, 43.583573471484243 ], [ -0.47991162639549, 43.582486387946304 ], [ -0.48051938373021, 43.582020281847825 ], [ -0.481169246195777, 43.581373777172544 ], [ -0.48183541747448, 43.581086428857667 ], [ -0.482497164290875, 43.580709569775635 ], [ -0.482902320504572, 43.580160111830828 ], [ -0.487807277872108, 43.580264863855035 ], [ -0.487979408863095, 43.579991440497565 ], [ -0.488279099157725, 43.579803296181737 ], [ -0.489311646122074, 43.579416683826423 ], [ -0.4893480562631, 43.578921139529207 ], [ -0.489468193845164, 43.578828367274113 ], [ -0.489710013687769, 43.578731367652225 ], [ -0.491245415567342, 43.578511891591674 ], [ -0.491426364878754, 43.578416485616742 ], [ -0.491850853895748, 43.578001482632814 ], [ -0.492865479836063, 43.577254682048384 ], [ -0.496557049272708, 43.575359914042529 ], [ -0.497466312919165, 43.574976453991987 ], [ -0.498035902462491, 43.575230449412125 ], [ -0.498474266887648, 43.575353928245832 ], [ -0.498659699834916, 43.575349049873708 ], [ -0.499142535675706, 43.57511175819279 ], [ -0.499683182668402, 43.574783311515581 ], [ -0.499711982070207, 43.574107656171194 ], [ -0.499823981904409, 43.573880084526294 ], [ -0.500174725801937, 43.573465939206166 ], [ -0.50079340866255, 43.573225060272065 ], [ -0.501779047576096, 43.573153834170064 ], [ -0.50303676455717, 43.572311936404695 ], [ -0.503403061150331, 43.572211643912908 ], [ -0.504534675857666, 43.572596092856891 ], [ -0.504657793823229, 43.572592864834689 ], [ -0.504706678131993, 43.572321609568526 ], [ -0.504988384350416, 43.57177428483196 ], [ -0.505392426260441, 43.571179435558498 ], [ -0.505363075870221, 43.570362077488987 ], [ -0.506574039271765, 43.569835634445525 ], [ -0.507657779304162, 43.569231115616766 ], [ -0.507460737461062, 43.569002409753296 ], [ -0.507310785698801, 43.568466435055925 ], [ -0.507545840507185, 43.568235625583888 ], [ -0.508819140007489, 43.567482901924507 ], [ -0.510438414645844, 43.56645106047548 ], [ -0.510740186374844, 43.566308139839776 ], [ -0.510735660231243, 43.566217565522585 ], [ -0.509124623285934, 43.564911258063745 ], [ -0.509115704409097, 43.564732203805676 ], [ -0.509529375247515, 43.56436068138462 ], [ -0.510159024878746, 43.564569743184364 ], [ -0.510458524361637, 43.564381531913106 ], [ -0.510873643471643, 43.564010983968657 ], [ -0.510940518166791, 43.563874238988305 ], [ -0.510614116013417, 43.563523258499977 ], [ -0.510598430263645, 43.56320836500884 ], [ -0.510831263745845, 43.562933308979012 ], [ -0.511188560776968, 43.562653919050959 ], [ -0.512162839359774, 43.562358280085718 ], [ -0.513393736182685, 43.562236152283042 ], [ -0.513869606670683, 43.561862967867853 ], [ -0.514467858345461, 43.561443262848499 ], [ -0.515714503256958, 43.561410363990468 ], [ -0.516321625937869, 43.561168659073587 ], [ -0.517907931291759, 43.560731087895682 ], [ -0.518634527215393, 43.560441932622169 ], [ -0.51925514143697, 43.560470854890177 ], [ -0.519748986921107, 43.560457791258848 ], [ -0.519946887721559, 43.559967245166035 ], [ -0.520738386599561, 43.558993217653992 ], [ -0.522024635226649, 43.558733530884936 ], [ -0.523072328790045, 43.558661494076404 ], [ -0.525945898710066, 43.559259240100204 ], [ -0.5264253850875, 43.558932263252288 ], [ -0.526477219318888, 43.558750568518668 ], [ -0.526072766253729, 43.558087416153214 ], [ -0.52543784469861, 43.557744640843758 ], [ -0.525669775956676, 43.55719857033484 ], [ -0.527335776312863, 43.555895287736618 ], [ -0.527915789908522, 43.555115366896175 ], [ -0.528447870379324, 43.554650971843834 ], [ -0.530753793828619, 43.553510974585286 ], [ -0.531050966340082, 43.553278468395185 ], [ -0.531160522982662, 43.553005585947659 ], [ -0.531263309607277, 43.552597936632118 ], [ -0.5315641493866, 43.552410647552279 ], [ -0.532727975090834, 43.552199422114512 ], [ -0.532967394126277, 43.55205808889842 ], [ -0.533136982736815, 43.551739316464648 ], [ -0.533254686908745, 43.551601198652243 ], [ -0.535206315039209, 43.55082908441959 ], [ -0.536240283135447, 43.550487325292536 ], [ -0.536416555875874, 43.550302317057955 ], [ -0.536586120157604, 43.549983539630034 ], [ -0.53676236552228, 43.549798531705171 ], [ -0.537379219534597, 43.549782122275161 ], [ -0.538554760394878, 43.549805444426724 ], [ -0.539675786260965, 43.549730246590016 ], [ -0.540222715240667, 43.549535371463541 ], [ -0.540765158253413, 43.54925198115177 ], [ -0.541474817730091, 43.548603514061782 ], [ -0.541881405431692, 43.548098087412257 ], [ -0.541990049687766, 43.547779902761121 ], [ -0.542463390186554, 43.547362331108879 ], [ -0.542950320230034, 43.5472143695116 ], [ -0.543696113886998, 43.54705950823454 ], [ -0.54412220574648, 43.546913150239156 ], [ -0.544915287776716, 43.54671271231777 ], [ -0.545332307004439, 43.546386284134293 ], [ -0.545801097403265, 43.545879187375725 ], [ -0.546276684525998, 43.54550688092521 ], [ -0.547185120427026, 43.545123040503661 ], [ -0.548598582123866, 43.544725681212896 ], [ -0.552785242629878, 43.54317429088281 ], [ -0.552773047909674, 43.543157100782196 ], [ -0.55716851536839, 43.542796207285086 ], [ -0.55777307380938, 43.54376916795691 ], [ -0.55813566627591, 43.544803246298009 ], [ -0.558544981815086, 43.545556817416603 ], [ -0.559003766795387, 43.546084423207247 ], [ -0.559533874347312, 43.546789420131645 ], [ -0.559798278899949, 43.547366551287688 ], [ -0.560149943962805, 43.548211327841244 ], [ -0.560547919734065, 43.548740564522667 ], [ -0.561719525812859, 43.549886863814407 ], [ -0.562242934661409, 43.550458081979194 ], [ -0.562462413063373, 43.551126056156221 ], [ -0.562198162989814, 43.552032689698024 ], [ -0.561736284016067, 43.552674643132676 ], [ -0.561695974924838, 43.553080682679813 ], [ -0.561892689446128, 43.55330001786875 ], [ -0.562606483135833, 43.553965048710829 ], [ -0.562799566830879, 43.55436376757077 ], [ -0.56298878390279, 43.555663184739444 ], [ -0.562874829497544, 43.555846552980306 ], [ -0.563139245448243, 43.556199058834707 ], [ -0.563521306992567, 43.556413431025696 ], [ -0.564700204708474, 43.556471409186557 ], [ -0.565509304050258, 43.556584659695687 ], [ -0.566021810331278, 43.55693976035721 ], [ -0.566477642837976, 43.557377807802595 ], [ -0.56707563132066, 43.558215917371605 ], [ -0.567741093013562, 43.557928074382851 ], [ -0.569077843874367, 43.557217202535831 ], [ -0.570861418493607, 43.55582040333006 ], [ -0.572041722122152, 43.554709787636924 ], [ -0.572156954162786, 43.554301734017869 ], [ -0.572243961361167, 43.552365340806226 ], [ -0.572297081335664, 43.552184622524308 ], [ -0.578357811667089, 43.549547219569739 ], [ -0.579693007485284, 43.549061912399132 ], [ -0.580507890502156, 43.549039902686417 ], [ -0.581264117250533, 43.548119930942129 ], [ -0.581722591387539, 43.54738833106569 ], [ -0.582186433023023, 43.546790533751867 ], [ -0.582898771234006, 43.546232361333779 ], [ -0.583569853392249, 43.545809276442462 ], [ -0.584990137638261, 43.545770851682548 ], [ -0.586751601099566, 43.545147192572024 ], [ -0.588165839755437, 43.545019246930266 ], [ -0.589085474919252, 43.544859354587693 ], [ -0.589210876015594, 43.544901292315984 ], [ -0.589217782857166, 43.545036099686854 ], [ -0.589043954900511, 43.545265430660578 ], [ -0.589053119915631, 43.545444475816431 ], [ -0.589847444600991, 43.545243644887755 ], [ -0.591130613654027, 43.544714277218112 ], [ -0.591793484298612, 43.544380999892091 ], [ -0.591649697689367, 43.543979959133267 ], [ -0.593876606843262, 43.542795382945322 ], [ -0.594391011825519, 43.543186356538591 ], [ -0.594576333205722, 43.5431813235096 ], [ -0.595424271552196, 43.542618373192916 ], [ -0.595776438645934, 43.54224920045079 ], [ -0.596123996444255, 43.541790518497166 ], [ -0.596272436927941, 43.541067257073117 ], [ -0.596548523135151, 43.540430180748793 ], [ -0.596423145785995, 43.539174440442153 ], [ -0.596325215805534, 43.538232229282791 ], [ -0.596692116029154, 43.538177957928681 ], [ -0.597129525706405, 43.538255716379524 ], [ -0.598069805208447, 43.538500122443352 ], [ -0.598450494475772, 43.538714396958419 ], [ -0.598401197297925, 43.538940377912198 ], [ -0.598466615589005, 43.539028246701534 ], [ -0.598714129498778, 43.539021521172863 ], [ -0.59942763269205, 43.538463214201307 ], [ -0.600097288783682, 43.538264676560544 ], [ -0.600836139380635, 43.538199234002001 ], [ -0.602827321209482, 43.538469627745727 ], [ -0.604453425669262, 43.538829259856598 ], [ -0.605197839869721, 43.538899648075194 ], [ -0.606568414623676, 43.5388622990207 ], [ -0.610140921544913, 43.538593807904263 ], [ -0.611128181777724, 43.538566852523246 ], [ -0.61120891824688, 43.538924278306965 ], [ -0.611464318379948, 43.539097610723083 ], [ -0.611709526808461, 43.539045574662701 ], [ -0.612003942762647, 43.538767570145716 ], [ -0.612113088244878, 43.538494626918066 ], [ -0.612233873874016, 43.53844701219932 ], [ -0.612367582229608, 43.538622656757305 ], [ -0.612685203083005, 43.538794301423437 ], [ -0.613051117737555, 43.538693622777743 ], [ -0.614372997333254, 43.53771366222874 ], [ -0.614815983899174, 43.537926183422023 ], [ -0.615342549061953, 43.538550630217479 ], [ -0.615407134505067, 43.538594195447843 ], [ -0.615434937575765, 43.539132346358102 ], [ -0.615279828152622, 43.539721852790343 ], [ -0.615294912051217, 43.540260347009699 ], [ -0.615202043005538, 43.540848157468105 ], [ -0.614984641237517, 43.541438334998865 ], [ -0.614949326400416, 43.541933908190792 ], [ -0.615095586648062, 43.54237916234387 ], [ -0.615366333556616, 43.542822050881576 ], [ -0.615661162507409, 43.543757839934074 ], [ -0.615694143552105, 43.544395804023395 ], [ -0.614895144033395, 43.544723671768736 ], [ -0.618284237809431, 43.545449137508243 ], [ -0.620527450107305, 43.545792665871019 ], [ -0.621091724601962, 43.545965783891333 ], [ -0.622746173189689, 43.546865354038772 ], [ -0.623313713500061, 43.547074424335513 ], [ -0.625125586908847, 43.547429691115013 ], [ -0.62577309512551, 43.548005463907181 ], [ -0.627182373053285, 43.548955984351501 ], [ -0.627770953224026, 43.549569402369649 ], [ -0.627910323387791, 43.549879863647128 ], [ -0.628104991531461, 43.550054850214238 ], [ -0.628544876277443, 43.550177753792511 ], [ -0.631280224769829, 43.550471507771746 ], [ -0.631227279068063, 43.550652246070747 ], [ -0.631182801998282, 43.550968794448792 ], [ -0.631319875702605, 43.551234979491667 ], [ -0.631843924051896, 43.551804837804227 ], [ -0.632973018459048, 43.553302939985059 ], [ -0.633756851226006, 43.554099540741433 ], [ -0.634697641504894, 43.553174093447851 ], [ -0.635946732160132, 43.553409687738906 ], [ -0.637247366307432, 43.553464572924405 ], [ -0.639480337211348, 43.553357714540624 ], [ -0.641990745408079, 43.552892811977507 ], [ -0.643223450345111, 43.55281345970635 ], [ -0.644294294059809, 43.55318888644387 ], [ -0.645495269746668, 43.55369566533107 ], [ -0.64682117065065, 43.554207239723411 ], [ -0.647962261142168, 43.554759960036776 ], [ -0.651183073379401, 43.555796135120815 ], [ -0.652748226323243, 43.556166033790277 ], [ -0.653506075279092, 43.55646035554394 ], [ -0.65420630517131, 43.556844917686533 ], [ -0.654707135986141, 43.556966018077205 ], [ -0.655314646765147, 43.556769897889957 ], [ -0.656272983451075, 43.556158050486623 ], [ -0.657253445275895, 43.555995898508996 ], [ -0.657626512465524, 43.556030888449982 ], [ -0.657816547610615, 43.55611526365702 ], [ -0.65792257729762, 43.556975841364022 ], [ -0.658270122858514, 43.557686469907175 ], [ -0.658281895714762, 43.557910771565751 ], [ -0.658423830002756, 43.558266474722373 ], [ -0.658339735358443, 43.559959761900437 ], [ -0.658284987116254, 43.560564089673619 ], [ -0.658172231376217, 43.560791851680982 ], [ -0.65769962212444, 43.561209931342397 ], [ -0.657217584090183, 43.561447924289205 ], [ -0.656323734455277, 43.562102299706957 ], [ -0.655794942824834, 43.562611559713815 ], [ -0.655079340653618, 43.563126010903424 ], [ -0.654655799112972, 43.563318067037535 ], [ -0.652389783170098, 43.563965049840867 ], [ -0.65185248712791, 43.564339542162791 ], [ -0.651565163327839, 43.564752456799269 ], [ -0.65058096996452, 43.566038883901832 ], [ -0.649734136680271, 43.566646567283279 ], [ -0.648534000150426, 43.567354689217943 ], [ -0.648185810548845, 43.567769262548516 ], [ -0.648139938285595, 43.568084826444824 ], [ -0.648469553367086, 43.568480674758341 ], [ -0.648411982031483, 43.568571924263352 ], [ -0.647697660946867, 43.569086281155748 ], [ -0.646898990778071, 43.569423659912651 ], [ -0.646123288487379, 43.569983996032128 ], [ -0.644920681218583, 43.570646799351515 ], [ -0.644619210495592, 43.570790120470534 ], [ -0.644252087999348, 43.569676019264861 ], [ -0.643915498424593, 43.569146395094307 ], [ -0.642410933757347, 43.56994320925822 ], [ -0.641264842022482, 43.570739395430508 ], [ -0.641091132392751, 43.570968823232484 ], [ -0.640862663674731, 43.571344020223201 ], [ -0.640897763877481, 43.572016965162938 ], [ -0.641699307990033, 43.571950557714523 ], [ -0.642311624092625, 43.571843001112413 ], [ -0.642318657149901, 43.571977780655452 ], [ -0.642100526205363, 43.572523758561054 ], [ -0.641994716319582, 43.572886303284342 ], [ -0.64193622568173, 43.572933247301549 ], [ -0.641943259702972, 43.573068053934954 ], [ -0.641723710623075, 43.573614060814137 ], [ -0.641042947689367, 43.57480135143458 ], [ -0.642387574163536, 43.574494316866918 ], [ -0.643186783553323, 43.5743826182105 ], [ -0.64405149399214, 43.57435876697712 ], [ -0.645607747456027, 43.574549711679687 ], [ -0.646410216616791, 43.574527563125365 ], [ -0.646838620588107, 43.574426079295549 ], [ -0.647762844805536, 43.574130589548176 ], [ -0.649598976559876, 43.573764528679256 ], [ -0.651610197934537, 43.573169970574135 ], [ -0.653865264582997, 43.57230692223488 ], [ -0.65512772824689, 43.571597019345283 ], [ -0.655906630252629, 43.571126165039622 ], [ -0.656877901069105, 43.570783920533586 ], [ -0.657843169305841, 43.570083260069097 ], [ -0.659653153233341, 43.569223143975904 ], [ -0.66080889946795, 43.568831434480089 ], [ -0.661361229747364, 43.568770773510039 ], [ -0.662105141539951, 43.56879545440345 ], [ -0.663265070668629, 43.568268632024285 ], [ -0.664611771247588, 43.568006586451347 ], [ -0.66670751765504, 43.567866934044972 ], [ -0.667933482101824, 43.567653538433973 ], [ -0.669275408856546, 43.567300884207832 ], [ -0.670803609714134, 43.566718381190043 ], [ -0.672473667473363, 43.565547642971914 ], [ -0.673198604755393, 43.565213169540996 ], [ -0.673931554490855, 43.565057734466905 ], [ -0.674419217316678, 43.564684511528625 ], [ -0.67517653728218, 43.563809155221328 ], [ -0.675915605950454, 43.563743201277411 ], [ -0.676343865498359, 43.563641611241721 ], [ -0.676519739279884, 43.563456373689171 ], [ -0.67669089106012, 43.563181611436022 ], [ -0.67673515700475, 43.562866094567909 ], [ -0.676884952156586, 43.562186967372583 ], [ -0.677048972687104, 43.561777428873441 ], [ -0.676973391639311, 43.561284920492305 ], [ -0.676638912006965, 43.560799618023346 ], [ -0.676619953514577, 43.560440523696911 ], [ -0.676851913785422, 43.560164079246796 ], [ -0.677400868597776, 43.560013772820348 ], [ -0.678177644142796, 43.559965294856525 ], [ -0.678867112826419, 43.559658545852258 ], [ -0.679170782191324, 43.559559393610591 ], [ -0.680464472769259, 43.559478940378924 ], [ -0.681400660888193, 43.559632088416571 ], [ -0.682184678085177, 43.559961574245264 ], [ -0.682787938045997, 43.560142545801739 ], [ -0.682973306285123, 43.560137361800507 ], [ -0.683273218561965, 43.559967195681999 ], [ -0.683738386195753, 43.559171057436323 ], [ -0.683926148564139, 43.559211123575857 ], [ -0.684814344123191, 43.559635574093484 ], [ -0.685254435882838, 43.559758248266327 ], [ -0.685495885622407, 43.55966184875728 ], [ -0.686546171468064, 43.558462880063715 ], [ -0.686659801843265, 43.558280406494724 ], [ -0.686585668471635, 43.558057835695266 ], [ -0.686255836997499, 43.557662088447906 ], [ -0.686805580955659, 43.557287085024861 ], [ -0.68801315446122, 43.556758647194336 ], [ -0.689187444234521, 43.556725759074006 ], [ -0.691364488605174, 43.556979024552923 ], [ -0.692417122237438, 43.557003094934686 ], [ -0.693799202067077, 43.557414626349306 ], [ -0.694314419072135, 43.557805148098915 ], [ -0.694785479003583, 43.558511172740033 ], [ -0.696129600395873, 43.559381276368605 ], [ -0.697135317564705, 43.559668345462057 ], [ -0.697882459092839, 43.559782352874173 ], [ -0.697917435273647, 43.559960684591346 ], [ -0.698284165368538, 43.560355340724428 ], [ -0.698996728159057, 43.560964928773402 ], [ -0.700477456658392, 43.562056824430123 ], [ -0.700518225443462, 43.561650700509361 ], [ -0.700976228413535, 43.560963901467666 ], [ -0.701343923589448, 43.560683554400981 ], [ -0.701836724966737, 43.560624354177158 ], [ -0.703380375548277, 43.560580928443109 ], [ -0.704054758420559, 43.560472285192596 ], [ -0.705642489746441, 43.56011224668363 ], [ -0.706015613674714, 43.560147079438622 ], [ -0.706701925381055, 43.560262735409587 ], [ -0.707130116831596, 43.560161023789597 ], [ -0.707493626728973, 43.560015790475234 ], [ -0.707502059131486, 43.559960927019716 ], [ -0.707894788776572, 43.559194522280762 ], [ -0.707945094784619, 43.558968458000145 ], [ -0.707644845716055, 43.557987689622706 ], [ -0.707361337161616, 43.557320704053559 ], [ -0.70720952711086, 43.556785030291863 ], [ -0.707252637766075, 43.556424193293502 ], [ -0.70765305235598, 43.555828621473225 ], [ -0.707758416273096, 43.555466017230593 ], [ -0.707685512429937, 43.553885280652899 ], [ -0.707754934251158, 43.552848746921597 ], [ -0.707979551573066, 43.552437427244264 ], [ -0.709207384914181, 43.551098236237323 ], [ -0.709178698555319, 43.550560123163436 ], [ -0.70860358677018, 43.55021670252188 ], [ -0.708840896597228, 43.54980504643737 ], [ -0.709714831212675, 43.548791148669423 ], [ -0.710184541369819, 43.548327586528643 ], [ -0.710115111953694, 43.547026008370928 ], [ -0.710389964356416, 43.546388649463942 ], [ -0.710328432114462, 43.546164717347551 ], [ -0.709993301885834, 43.54567130582884 ], [ -0.70984624383951, 43.545225153847419 ], [ -0.709812741371967, 43.544596486950731 ], [ -0.709541262484689, 43.544154860416285 ], [ -0.709151526408163, 43.543806223599653 ], [ -0.709006921997454, 43.543405338895241 ], [ -0.708828791556298, 43.542375780175369 ], [ -0.708427119353448, 43.541802856133415 ], [ -0.708215027901807, 43.541304947177125 ], [ -0.709325825084741, 43.541282882138411 ], [ -0.712467928248487, 43.542003094378046 ], [ -0.712840901034512, 43.542037895516899 ], [ -0.713444621628764, 43.541750866901985 ], [ -0.715388000367707, 43.541111682128005 ], [ -0.717401192234098, 43.540613716260587 ], [ -0.717846743487454, 43.540601120371655 ], [ -0.718095265581259, 43.540639430294341 ], [ -0.719606325471258, 43.541135596981576 ], [ -0.720304473764025, 43.541475456928914 ], [ -0.72090914433754, 43.541233695435189 ], [ -0.721799799197683, 43.541703096099397 ], [ -0.721872150412024, 43.541890649058452 ], [ -0.722257094097634, 43.542148694057317 ], [ -0.723562629759509, 43.542535198960358 ], [ -0.723949765182399, 43.542595336050937 ], [ -0.725994136805822, 43.543841926208898 ], [ -0.728538972969611, 43.545173207838161 ], [ -0.728861801704853, 43.545434024361228 ], [ -0.728328965716466, 43.545853093940188 ], [ -0.727048025167196, 43.546429419011957 ], [ -0.726507968033966, 43.546714725176862 ], [ -0.726512764611199, 43.546804237411301 ], [ -0.726973126200461, 43.547331131744286 ], [ -0.727420420466803, 43.547588433429404 ], [ -0.728490306175856, 43.547963049570271 ], [ -0.729068382807332, 43.548359850468046 ], [ -0.732696410539351, 43.550280632141721 ], [ -0.732436788326752, 43.551196879389714 ], [ -0.732506703961893, 43.55249844788721 ], [ -0.732656327269955, 43.552988824323045 ], [ -0.732737850890616, 43.55334613553083 ], [ -0.733034713347151, 43.554282645228007 ], [ -0.733363164822914, 43.554857599992751 ], [ -0.734091003918339, 43.555745769537829 ], [ -0.737905974599753, 43.557705408434586 ], [ -0.738481840230561, 43.558057926960629 ], [ -0.738719785684608, 43.557871848285593 ], [ -0.739109056284072, 43.557995752492445 ], [ -0.743073383212752, 43.559960219232394 ], [ -0.744273087087951, 43.560869946399428 ], [ -0.744643791710282, 43.560859360012266 ], [ -0.745984866015894, 43.561631059968782 ], [ -0.747843103991153, 43.562846537837807 ], [ -0.750024740524955, 43.564538103042132 ], [ -0.750935913436426, 43.565375615529888 ], [ -0.752422099284975, 43.566547048203581 ], [ -0.75614986056764, 43.569147475878857 ], [ -0.757315620850713, 43.570103381790751 ], [ -0.757698590039858, 43.570318086833282 ], [ -0.758019235208542, 43.57053355277818 ], [ -0.75877340499836, 43.570745874867711 ], [ -0.760089123486701, 43.571067798162119 ], [ -0.760662267162509, 43.571365674461731 ], [ -0.761195174080449, 43.57207071151047 ], [ -0.762071130289055, 43.573403797522786 ], [ -0.76266628209321, 43.574106014280424 ], [ -0.763182127761586, 43.574496186253533 ], [ -0.764198185918226, 43.574961678955667 ], [ -0.764583584073188, 43.575220605198645 ], [ -0.764784610770321, 43.575529136233179 ], [ -0.764933571435598, 43.575975192661787 ], [ -0.765133561593922, 43.576238414422122 ], [ -0.7657181222218, 43.576770901528995 ], [ -0.766403734223575, 43.576840853815156 ], [ -0.766799958881134, 43.577324113772754 ], [ -0.768007562922374, 43.579043345854224 ], [ -0.76827827744204, 43.579485911594553 ], [ -0.770303580549068, 43.579166960246376 ], [ -0.771096271344129, 43.578963822815119 ], [ -0.772186678026912, 43.578527452846217 ], [ -0.776321628771467, 43.578138375945265 ], [ -0.778716225759156, 43.577808621575102 ], [ -0.780076297286216, 43.577769402582398 ], [ -0.782442433968926, 43.576711813820822 ], [ -0.782359039040487, 43.575184922098842 ], [ -0.782396816849582, 43.574734529870476 ], [ -0.78234037707788, 43.573701526632568 ], [ -0.783000520489639, 43.573098152733699 ], [ -0.78299559080115, 43.573007615973424 ], [ -0.782409543135427, 43.572476315747693 ], [ -0.782365353440766, 43.571667604655964 ], [ -0.781829873913931, 43.570919452007622 ], [ -0.781617469209949, 43.57042990362887 ], [ -0.781515986568194, 43.56971353834377 ], [ -0.781012356209891, 43.569548761072902 ], [ -0.78079508047387, 43.568969700352419 ], [ -0.780755880215395, 43.568251543819876 ], [ -0.781022178264833, 43.567469930757845 ], [ -0.78137378242137, 43.566875480256641 ], [ -0.78147729200127, 43.566512850928632 ], [ -0.781806350818933, 43.565738714392445 ], [ -0.781897571797914, 43.565151769689528 ], [ -0.781782752692694, 43.564164766247735 ], [ -0.784247403872679, 43.563779275324976 ], [ -0.788489981708257, 43.563306226756524 ], [ -0.792490502110556, 43.563873629405798 ], [ -0.794166086993684, 43.56396007681051 ], [ -0.794447451690658, 43.56345726738882 ], [ -0.795870404281283, 43.561211726169184 ], [ -0.796617861439993, 43.559957567222071 ], [ -0.796831992202923, 43.559340255152939 ], [ -0.797122692691377, 43.559008224169972 ], [ -0.79760459974127, 43.558777836603269 ], [ -0.799321564228985, 43.558278702809332 ], [ -0.799567726229599, 43.558271541567677 ], [ -0.7999359274216, 43.558215516873823 ], [ -0.800985677483425, 43.558185014541202 ], [ -0.801534287782417, 43.558034080930135 ], [ -0.802243560639131, 43.557429159088379 ], [ -0.80334977651198, 43.556183058543986 ], [ -0.803660634323198, 43.556218325421682 ], [ -0.804036204309676, 43.556297055106029 ], [ -0.808533685236018, 43.55802006761062 ], [ -0.812962704144128, 43.559833516627094 ], [ -0.813180959975171, 43.559962144494982 ], [ -0.814177699905809, 43.560562724214705 ], [ -0.815186989705564, 43.560902201676804 ], [ -0.816863558946436, 43.561032563132308 ], [ -0.818308886894263, 43.561440698365217 ], [ -0.819481786148507, 43.561406432598055 ], [ -0.824281313108049, 43.560735337919986 ], [ -0.826988885657564, 43.560034650576746 ], [ -0.828047984428718, 43.55996753459371 ], [ -0.829108053774256, 43.559892158667161 ], [ -0.829855568698813, 43.559546666707092 ], [ -0.830581957207676, 43.559255377635715 ], [ -0.831116653469183, 43.558880034163472 ], [ -0.830968607150465, 43.558434025114117 ], [ -0.830938269382791, 43.557886681763868 ], [ -0.831053885031735, 43.557748290343525 ], [ -0.831950928195955, 43.556957310101204 ], [ -0.832547812898285, 43.556580149897499 ], [ -0.833578051742731, 43.556198483685087 ], [ -0.834188811979877, 43.556045563787642 ], [ -0.835915127022281, 43.55595055194371 ], [ -0.836403888989327, 43.555846540394946 ], [ -0.837080688129097, 43.555556653093419 ], [ -0.837667537901036, 43.554999397222581 ], [ -0.838246860243212, 43.554307365498538 ], [ -0.838722027817524, 43.553933746305873 ], [ -0.839210767536029, 43.553829722268787 ], [ -0.840135950710056, 43.553802507566033 ], [ -0.841316178736692, 43.553902770739754 ], [ -0.842318022750171, 43.554107211444965 ], [ -0.842669969050722, 43.553556859157418 ], [ -0.842719739521503, 43.553330733657823 ], [ -0.842723964482703, 43.552286682031863 ], [ -0.842819557429892, 43.551789206848959 ], [ -0.842989880259986, 43.551514212299757 ], [ -0.84295990197034, 43.550976118530109 ], [ -0.842231783210819, 43.549017919023569 ], [ -0.841826957302944, 43.547828242312796 ], [ -0.844748892472268, 43.547811229101875 ], [ -0.847523185739437, 43.547712960332092 ], [ -0.850648216530007, 43.548238055379599 ], [ -0.852009480203829, 43.548207127789986 ], [ -0.852684605868357, 43.547991397376869 ], [ -0.853263038183232, 43.547794987643044 ], [ -0.853937834366001, 43.547751341402488 ], [ -0.85487911324452, 43.547887380990858 ], [ -0.858782452461522, 43.549153890193153 ], [ -0.859777704616743, 43.549671649889014 ], [ -0.860883809786556, 43.549865614620842 ], [ -0.86336008171605, 43.549604684794012 ], [ -0.864547459994112, 43.549327314388087 ], [ -0.865508653819566, 43.549438971045802 ], [ -0.866366055831098, 43.54979588053201 ], [ -0.867687683241026, 43.550194641708181 ], [ -0.868625309125423, 43.550642917212883 ], [ -0.86902405798071, 43.55067848395106 ], [ -0.869402293026506, 43.550526078403244 ], [ -0.8698916560383, 43.550434250433177 ], [ -0.870304291371063, 43.550515772056805 ], [ -0.870899488832316, 43.550996874287591 ], [ -0.871714210656654, 43.551527106590584 ], [ -0.872215278044973, 43.551668855593874 ], [ -0.873577938430537, 43.551989054986251 ], [ -0.874170358400024, 43.552117777433821 ], [ -0.875107367365643, 43.552578390760921 ], [ -0.876239275016674, 43.553103260605063 ], [ -0.876853771580765, 43.553447746470582 ], [ -0.877947142757573, 43.554294255168244 ], [ -0.879097261803811, 43.555292630939171 ], [ -0.880102645158117, 43.555255469909142 ], [ -0.881163036703136, 43.555564986437233 ], [ -0.882672505135774, 43.555847701995155 ], [ -0.883599282196129, 43.555898396048732 ], [ -0.884553206163364, 43.55587818809181 ], [ -0.885203897915675, 43.555983479932664 ], [ -0.888123966966867, 43.557129890385454 ], [ -0.889048687641642, 43.55734445544573 ], [ -0.890013039569096, 43.557307404343085 ], [ -0.890590573206854, 43.557446781131894 ], [ -0.892009526434586, 43.558231911574772 ], [ -0.892993742323115, 43.558545653657731 ], [ -0.894767021824738, 43.559906542023654 ], [ -0.895514270465156, 43.560740588201483 ], [ -0.896389304176791, 43.561427547197148 ], [ -0.897316933551996, 43.561892383304148 ], [ -0.898677760563755, 43.562022696121183 ], [ -0.900373018827936, 43.562753072303856 ], [ -0.901067118887461, 43.562897151641764 ], [ -0.901753028151125, 43.562646764073797 ], [ -0.90311822987471, 43.56235435266921 ], [ -0.905013066821498, 43.562255262761575 ], [ -0.906736332530784, 43.56185517537331 ], [ -0.908750117313878, 43.561654517301832 ], [ -0.9093941963582, 43.561516651953994 ], [ -0.909639100337412, 43.561412427765134 ], [ -0.910544931966703, 43.561167732573217 ], [ -0.913127581572809, 43.560678854426648 ], [ -0.914670601883795, 43.560325289455413 ], [ -0.91517098555283, 43.560352482871529 ], [ -0.916365672297074, 43.560601976971405 ], [ -0.918989517386768, 43.560837238315173 ], [ -0.919788535853067, 43.560857460696738 ], [ -0.920309427073135, 43.560771661962697 ], [ -0.921587775297845, 43.559977703241259 ], [ -0.922135839234798, 43.559647872965421 ], [ -0.922492238077236, 43.559511382422336 ], [ -0.923571674789474, 43.559429325522999 ], [ -0.926858922656473, 43.55902292168166 ], [ -0.928900799283616, 43.558895241779538 ], [ -0.930834306928771, 43.559102648706393 ], [ -0.931852216443373, 43.559431518983551 ], [ -0.932776879338788, 43.560012612837625 ], [ -0.933379816433913, 43.560048968307584 ], [ -0.934040265275017, 43.55995064694924 ], [ -0.937260877384633, 43.560508504649761 ], [ -0.937811369361066, 43.560742252540891 ], [ -0.938291597760999, 43.56143055483912 ], [ -0.938704329853201, 43.562276506379312 ], [ -0.940495689622652, 43.562597299149644 ], [ -0.941822152637789, 43.563065129149209 ], [ -0.942348144340061, 43.563438731361408 ], [ -0.94308101499014, 43.564033785772828 ], [ -0.943557903840186, 43.564292415403614 ], [ -0.944106299290557, 43.564488067816654 ], [ -0.947000165673406, 43.564853580988661 ], [ -0.947483647357731, 43.564980067584038 ], [ -0.947816812606399, 43.565450189288924 ], [ -0.949666651449009, 43.565380533686238 ], [ -0.953498346311018, 43.564752684613048 ], [ -0.956064159738262, 43.564318937840525 ], [ -0.958293149034323, 43.564041746811348 ], [ -0.960393029944974, 43.564179669404488 ], [ -0.962127722046187, 43.564300871139167 ], [ -0.963553515466606, 43.564055313600413 ], [ -0.964991180486687, 43.563697026833289 ], [ -0.96737016821508, 43.563024463679106 ], [ -0.968367075222535, 43.562030335931759 ], [ -0.969156895080211, 43.561645453001098 ], [ -0.969969514501053, 43.561360871332681 ], [ -0.971008976823656, 43.56115178042571 ], [ -0.974001249641715, 43.56120952785561 ], [ -0.97459216105648, 43.561232628246145 ], [ -0.975896376693998, 43.561141093839552 ], [ -0.977157869895347, 43.56131469885667 ], [ -0.97759745659313, 43.561441373244897 ], [ -0.977223088168167, 43.562756594055486 ], [ -0.977091133722859, 43.564024163426453 ], [ -0.976587721581622, 43.565143396431942 ], [ -0.97641317134858, 43.566068047175463 ], [ -0.976388096277893, 43.566637721785156 ], [ -0.97647524272922, 43.567309056861994 ], [ -0.976967189033702, 43.568019519115218 ], [ -0.977538193011823, 43.568601822588256 ], [ -0.978625724514059, 43.569682538325452 ], [ -0.980546681645563, 43.571542566661215 ], [ -0.980504740316639, 43.571747922688843 ], [ -0.981847401680794, 43.572557977009225 ], [ -0.982419274513756, 43.572812483557733 ], [ -0.982882010403389, 43.572896165905426 ], [ -0.983524062998591, 43.572968164694217 ], [ -0.983906757572993, 43.573016177800604 ], [ -0.984522692719879, 43.573174507356498 ], [ -0.985500879905258, 43.573492771345393 ], [ -0.98660459972043, 43.57350829095833 ], [ -0.98773397788841, 43.573598243441808 ], [ -0.988319195538168, 43.57359467278178 ], [ -0.989262396940236, 43.573482137742204 ], [ -0.989982433259878, 43.573480592641928 ], [ -0.99050214542413, 43.573520220396965 ], [ -0.990924251582392, 43.57366079552127 ], [ -0.99114647592599, 43.573849774849073 ], [ -0.991539879793039, 43.574032430335933 ], [ -0.991836246311976, 43.574009906954686 ], [ -0.992094546380554, 43.573820549358416 ], [ -0.992494925940412, 43.573612387197848 ], [ -0.992988149743131, 43.573513707765336 ], [ -0.993658156538389, 43.573553862052677 ], [ -0.993820734266684, 43.573303554627721 ], [ -0.993917724321834, 43.572949129666462 ], [ -0.994116355386228, 43.572538999641523 ], [ -0.994045751626098, 43.572324734037636 ], [ -0.993925046056435, 43.572029583015102 ], [ -0.993813219520885, 43.571861942638101 ], [ -0.993957858436217, 43.571668880778169 ], [ -0.994516652542576, 43.571479528321433 ], [ -0.994987942579237, 43.571442322119452 ], [ -0.995856329592337, 43.571603112764187 ], [ -0.997998555714408, 43.572022429632327 ], [ -0.998133438936002, 43.572098649066383 ], [ -0.998743290202423, 43.572856907402382 ], [ -0.999290518015388, 43.573027578420138 ], [ -0.999719695329138, 43.573021552783572 ], [ -1.000728931623787, 43.571905111609922 ], [ -1.001232072163465, 43.571491739310822 ], [ -1.00173174302208, 43.571188762957455 ], [ -1.001977144309673, 43.570997721118793 ], [ -1.00222253051079, 43.57158274395956 ], [ -1.002657567285924, 43.572113473708143 ], [ -1.003526918008623, 43.573065694393044 ], [ -1.004261495126817, 43.573725241947059 ], [ -1.005119189192107, 43.574259375845941 ], [ -1.006413821702434, 43.574920157581822 ], [ -1.006776432498717, 43.575157302774983 ], [ -1.008071361320376, 43.577177465093158 ], [ -1.008341693238748, 43.578452241733721 ], [ -1.008801794738124, 43.579482024601859 ], [ -1.009126470468436, 43.58018414786217 ], [ -1.009418480128809, 43.581513909629358 ], [ -1.009549341921063, 43.582029298607978 ], [ -1.009909294431663, 43.583042600583568 ], [ -1.009882333805029, 43.583477333133203 ], [ -1.009620830431297, 43.58428934950993 ], [ -1.009517733660908, 43.585408717002736 ], [ -1.009460872889993, 43.586688488058833 ], [ -1.010418932506538, 43.586584595337285 ], [ -1.01068048665209, 43.586499208502794 ], [ -1.010874334517428, 43.586323132184198 ], [ -1.011093413960519, 43.585876271292058 ], [ -1.011348666337783, 43.585707582582366 ], [ -1.011635498532782, 43.585618295025405 ], [ -1.012442913449779, 43.585629341163241 ], [ -1.013883733441484, 43.585682572139284 ], [ -1.014154475546142, 43.585512375726196 ], [ -1.014336204972389, 43.585202675331246 ], [ -1.015130953115336, 43.583452738936764 ], [ -1.015504464711023, 43.582014713282383 ], [ -1.015793305686295, 43.581090549901916 ], [ -1.01589013858446, 43.58088038651443 ], [ -1.016429346643972, 43.580816242333526 ], [ -1.017501041524647, 43.580500578546761 ], [ -1.018838742404406, 43.580031321042192 ], [ -1.019142308848401, 43.580034250465808 ], [ -1.019919596146541, 43.580185302577853 ], [ -1.020687889892839, 43.580207824018267 ], [ -1.021038379290291, 43.58028556085835 ], [ -1.022754202382478, 43.580749605890908 ], [ -1.025058133022504, 43.581257158512727 ], [ -1.02725039306952, 43.581649597664743 ], [ -1.028571748344711, 43.582082560007947 ], [ -1.029200544374985, 43.582167066849124 ], [ -1.029911620071404, 43.582179945437275 ], [ -1.030581187762433, 43.582138458478894 ], [ -1.03162618342698, 43.582116184538314 ], [ -1.03198307356105, 43.58215763030897 ], [ -1.033162043240656, 43.582267206034679 ], [ -1.033947834415892, 43.582416880465857 ], [ -1.035480005964869, 43.582313404247365 ], [ -1.036238401889546, 43.582071239708775 ], [ -1.037264934976106, 43.581616620159139 ], [ -1.038643715793893, 43.581316897013743 ], [ -1.039041924460724, 43.58121788548474 ], [ -1.039628244948945, 43.581255208630225 ], [ -1.040045600538703, 43.581312269679827 ], [ -1.041268623255152, 43.58123176850561 ], [ -1.042499599969895, 43.581118037083073 ], [ -1.043724424659944, 43.58087667836466 ], [ -1.04448211995961, 43.580552000170819 ], [ -1.045161151404417, 43.580167967107421 ], [ -1.046183245211712, 43.579926739545854 ], [ -1.048262866845424, 43.579541053725784 ], [ -1.04898114223799, 43.579364963074234 ], [ -1.050484339686775, 43.578655130705542 ], [ -1.052375081159238, 43.577835197933069 ], [ -1.053468516914996, 43.577006248315584 ], [ -1.054491331708151, 43.576110445426607 ], [ -1.055663995637841, 43.574683263402115 ], [ -1.056530239148098, 43.57353984044417 ], [ -1.057481623105591, 43.572350468144975 ], [ -1.058112953378937, 43.571834866704364 ], [ -1.058591037740133, 43.571531262748124 ], [ -1.059298697033708, 43.571274016335735 ], [ -1.059617489314611, 43.570985727438078 ], [ -1.059839794406954, 43.570671596154121 ], [ -1.06007712684604, 43.569847846306509 ], [ -1.060197100272078, 43.568790740058198 ], [ -1.060380122800628, 43.568317062591134 ], [ -1.060318063032468, 43.567345051295185 ], [ -1.060454915037975, 43.567215006305744 ], [ -1.061047818737763, 43.566817063164081 ], [ -1.061483199238807, 43.566511701317339 ], [ -1.062166372193227, 43.565725448294117 ], [ -1.062418629983464, 43.565272266119159 ], [ -1.062391368984985, 43.564623803553523 ], [ -1.062260222441168, 43.564230104997904 ], [ -1.06317227570631, 43.564217880380269 ], [ -1.064035754845558, 43.564104121439627 ], [ -1.064767745145225, 43.563948117985987 ], [ -1.06505864749281, 43.563978112149698 ], [ -1.065706815493088, 43.564104055331605 ], [ -1.066596200496072, 43.564187339698137 ], [ -1.067323687232421, 43.564312841014193 ], [ -1.068457496398593, 43.564596585925678 ], [ -1.068775411272481, 43.564722615386884 ], [ -1.06941930748443, 43.565418612798538 ], [ -1.069889839411578, 43.56548931821505 ], [ -1.070796502192506, 43.565505044442567 ], [ -1.071660502430574, 43.565542698396627 ], [ -1.071993730961987, 43.565378609199016 ], [ -1.072438532671604, 43.565065694086201 ], [ -1.073565101082185, 43.564918820274784 ], [ -1.074353291473909, 43.564754767269051 ], [ -1.075301942516928, 43.564287821043905 ], [ -1.075763132603529, 43.564273253337525 ], [ -1.076286888692224, 43.564427791184286 ], [ -1.077047307990931, 43.564819102361469 ], [ -1.077889482649544, 43.564894519397392 ], [ -1.079240530436669, 43.564994025469609 ], [ -1.079993238767463, 43.565397932053934 ], [ -1.080348824085563, 43.565797931088049 ], [ -1.08055138933263, 43.567074700778306 ], [ -1.080763796152173, 43.568871659643463 ], [ -1.081135184861087, 43.569155706372023 ], [ -1.082311195812803, 43.569384399246886 ], [ -1.082214335572694, 43.56961318153003 ], [ -1.081788117197311, 43.569904942689021 ], [ -1.08175936878742, 43.57025319571364 ], [ -1.081720704766587, 43.570791399492151 ], [ -1.081711063114829, 43.571246227981199 ], [ -1.081694491049464, 43.571632223488436 ], [ -1.081542631878252, 43.571913257075025 ], [ -1.080685178906522, 43.572697926193321 ], [ -1.080789288225045, 43.57306362553139 ], [ -1.081230009328318, 43.573440296783666 ], [ -1.082536042852496, 43.574062717731415 ], [ -1.083162868427772, 43.574208826862758 ], [ -1.083597956689343, 43.574396024158638 ], [ -1.085346734791118, 43.575592902879734 ], [ -1.085682371882062, 43.575658550067423 ], [ -1.086420995867122, 43.5756351428995 ], [ -1.086578001762342, 43.575723956607838 ], [ -1.086671693919145, 43.576033284819808 ], [ -1.086713859611531, 43.57657098173123 ], [ -1.087424052036355, 43.577302937487779 ], [ -1.087752263634437, 43.5775749433705 ], [ -1.088130441957837, 43.577805162662457 ], [ -1.088678281868762, 43.578146473353584 ], [ -1.089528470418115, 43.578705961192867 ], [ -1.089780743892701, 43.578798965037294 ], [ -1.090182080260254, 43.578871790603571 ], [ -1.090448987590585, 43.579019992772189 ], [ -1.09076721350031, 43.579313936146988 ], [ -1.091163333809216, 43.579465239338248 ], [ -1.091568020121975, 43.579593613116835 ], [ -1.09188160605749, 43.579810408172769 ], [ -1.092556758077209, 43.580311533511257 ], [ -1.092983190567756, 43.580423738963376 ], [ -1.093380756837391, 43.580433790400654 ], [ -1.093668980957305, 43.580393727152305 ], [ -1.094559729800377, 43.580022216429313 ], [ -1.094679458277663, 43.58005653941462 ], [ -1.094175034737983, 43.580604408934889 ], [ -1.094219544654291, 43.58134508702139 ], [ -1.093938152788098, 43.58171166412027 ], [ -1.093915374227462, 43.581875228347251 ], [ -1.094015473083694, 43.582054500925786 ], [ -1.094664054189696, 43.582348261072674 ], [ -1.095079893195188, 43.582614365167409 ], [ -1.095806992146975, 43.583081871526268 ], [ -1.098146384534883, 43.584754541771098 ], [ -1.098174863929419, 43.584897936508966 ], [ -1.096782082558894, 43.586800548773212 ], [ -1.096394088035266, 43.587139596168932 ], [ -1.095644474751616, 43.58761898282787 ], [ -1.095699458671433, 43.587920254834771 ], [ -1.095826224293797, 43.588590314378237 ], [ -1.096036232122684, 43.589842114988777 ], [ -1.10049721261271, 43.590688718143682 ], [ -1.10153269381134, 43.591093836872318 ], [ -1.102949350446129, 43.591259015369417 ], [ -1.104357575979604, 43.591260553070754 ], [ -1.10594183473954, 43.59133581667524 ], [ -1.107045304747781, 43.591292419494742 ], [ -1.108094101869915, 43.591212599601072 ], [ -1.108418675153392, 43.591256895872931 ], [ -1.109590985539125, 43.59162559635579 ], [ -1.110009450579713, 43.591627708076579 ], [ -1.110821856392295, 43.591366787333563 ], [ -1.111364451381937, 43.59128762720524 ], [ -1.113376534179305, 43.591308960559964 ], [ -1.11403610068772, 43.591217803744769 ], [ -1.11447488022, 43.590828615928856 ], [ -1.115399606419708, 43.590291963381084 ], [ -1.116048351243058, 43.589670327933121 ], [ -1.116212061306932, 43.589516664847473 ], [ -1.116906017105979, 43.589267748143826 ], [ -1.117686295342516, 43.588852167888817 ], [ -1.118024097503989, 43.588740351734984 ], [ -1.118726509470252, 43.588631312871563 ], [ -1.119495031853433, 43.588560349402364 ], [ -1.120095083263786, 43.588353555757401 ], [ -1.120441326629172, 43.588030175967106 ], [ -1.120811198186595, 43.587581318993422 ], [ -1.121038041684985, 43.587229800877488 ], [ -1.121108371558019, 43.586798785264314 ], [ -1.121235932039893, 43.58649373419177 ], [ -1.121468727162709, 43.586193561400783 ], [ -1.121837573445561, 43.585892122359056 ], [ -1.122266330773988, 43.585175459216117 ], [ -1.122735191609757, 43.584933683177063 ], [ -1.123109245752907, 43.584718671131263 ], [ -1.123640347906908, 43.584077039944674 ], [ -1.123885616552997, 43.583702263869668 ], [ -1.125095904306772, 43.582569898591132 ], [ -1.125108647292727, 43.582429320507231 ], [ -1.12508027087631, 43.581961239824174 ], [ -1.125564610592465, 43.581087147975559 ], [ -1.125510339607187, 43.580916772307603 ], [ -1.12490832268587, 43.579663138469854 ], [ -1.124946310212, 43.579541332568994 ], [ -1.125090853110926, 43.579493402004921 ], [ -1.128916771122676, 43.577917437960316 ], [ -1.129150677729987, 43.577706889050589 ], [ -1.130050087372804, 43.576081455906746 ], [ -1.130232734263213, 43.575867404541263 ], [ -1.132420762961252, 43.574032573637254 ], [ -1.13271391678306, 43.573210985267387 ], [ -1.133010851587771, 43.572428399840575 ], [ -1.133597311996198, 43.57148811362439 ], [ -1.134122898779727, 43.571225932777779 ], [ -1.135054409869636, 43.570902239985969 ], [ -1.135548362699311, 43.570889459718856 ], [ -1.136359855748213, 43.570993232427142 ], [ -1.13662720612792, 43.570983598678438 ], [ -1.137753071835091, 43.57129165612978 ], [ -1.137861494739201, 43.571139733177617 ], [ -1.138240453923192, 43.570472023017892 ], [ -1.138375283770297, 43.570404820842484 ], [ -1.138538436557702, 43.570406778774824 ], [ -1.138947443207049, 43.570628613340027 ], [ -1.140661852831417, 43.570893979310739 ], [ -1.140962732972519, 43.570899768530552 ], [ -1.142017338673543, 43.57110802413014 ], [ -1.142733423663435, 43.571576606080896 ], [ -1.148518199906699, 43.572381648426635 ], [ -1.150413465180759, 43.572565779971406 ], [ -1.150687369664446, 43.572152910850093 ], [ -1.151334414120896, 43.572255701270883 ], [ -1.154372896256397, 43.566397902480894 ], [ -1.156346298626838, 43.566888628473016 ], [ -1.15714180224602, 43.565503374952584 ], [ -1.15819786954502, 43.563790187340736 ], [ -1.158475597876086, 43.563765729860094 ], [ -1.161078694601205, 43.563985527564768 ], [ -1.161736741171122, 43.56299636870154 ], [ -1.16436853636223, 43.563707829194811 ], [ -1.166549410483734, 43.564253474178415 ], [ -1.167126236332849, 43.564367730167042 ], [ -1.169809204510243, 43.565194886349857 ], [ -1.171577701022941, 43.565855862337301 ], [ -1.171921153526781, 43.566024045035853 ], [ -1.175838493291322, 43.563686867731803 ], [ -1.179308761041257, 43.564245972022988 ], [ -1.179510601639193, 43.563840502468018 ], [ -1.179852482654516, 43.563822159065829 ], [ -1.180228548983094, 43.563645001952359 ], [ -1.180838104905793, 43.56307061211421 ], [ -1.179970163667888, 43.562763901895998 ], [ -1.180035811481212, 43.562425739959885 ], [ -1.180275034108704, 43.562121101452178 ], [ -1.180710917431893, 43.561880152996444 ], [ -1.181149772769363, 43.561342243829252 ], [ -1.181048568222979, 43.560205565888225 ], [ -1.181372251625735, 43.559546702382775 ], [ -1.18152422047529, 43.558861471525695 ], [ -1.182034473074077, 43.558080050032089 ], [ -1.182307924482407, 43.557641333778065 ], [ -1.182468505309806, 43.557463970276963 ], [ -1.182683802673918, 43.557301318411369 ], [ -1.182957633312659, 43.557214057235257 ], [ -1.18334188596101, 43.557170614384113 ], [ -1.185049830426629, 43.557103589590831 ], [ -1.186931193685377, 43.557137036609113 ], [ -1.187152801749668, 43.556984475320135 ], [ -1.187406668262367, 43.556918462064495 ], [ -1.189923515987536, 43.556570363564738 ], [ -1.193238044023371, 43.556035354268651 ], [ -1.19354200998619, 43.555908950272347 ], [ -1.19377304621815, 43.555588044601727 ], [ -1.194403929570734, 43.553528656601877 ], [ -1.195164364104127, 43.551410384393684 ], [ -1.195584523417915, 43.550046392058682 ], [ -1.194934747689573, 43.549598669533793 ], [ -1.194682914635005, 43.549169882159894 ], [ -1.194045470352918, 43.548073425311948 ], [ -1.194174636819083, 43.547733194618452 ], [ -1.194236594745951, 43.54717662854101 ], [ -1.195607936047502, 43.54609385000407 ], [ -1.196635292947656, 43.547239370173592 ], [ -1.196585185096528, 43.547483237367366 ], [ -1.196884698569556, 43.548316554729375 ], [ -1.196981134231522, 43.548500988680061 ], [ -1.197881800163802, 43.54933834983288 ], [ -1.1994110242797, 43.550279835825997 ], [ -1.200598040731529, 43.550889272300438 ], [ -1.207360024960453, 43.553620585927646 ], [ -1.208732284162041, 43.554106344230618 ], [ -1.208894304352709, 43.553428990845219 ], [ -1.210169077473926, 43.553371669804925 ], [ -1.211409458910466, 43.553627771921171 ], [ -1.211643787778516, 43.553932380290775 ], [ -1.212259643896318, 43.553990476256239 ], [ -1.212483541833521, 43.553967662185272 ], [ -1.212818721138317, 43.554047350184021 ], [ -1.213282063814233, 43.55076262836198 ], [ -1.213786574518303, 43.55037496424432 ], [ -1.214897809417799, 43.550834192918444 ], [ -1.21640022871996, 43.549425227348038 ], [ -1.216933043929981, 43.549197431955548 ], [ -1.218067819280069, 43.548964235902233 ], [ -1.219712472281636, 43.548340080092011 ], [ -1.219684824149705, 43.548078157757821 ], [ -1.21995676747414, 43.547916647544291 ], [ -1.220358059548953, 43.54762513217252 ], [ -1.220454099538284, 43.547414791564321 ], [ -1.220383667837716, 43.547034708057133 ], [ -1.220089343050986, 43.546313607192957 ], [ -1.220029777262462, 43.545993973752267 ], [ -1.220403510291058, 43.54594249803236 ], [ -1.222125698398144, 43.546018718678653 ], [ -1.222165071291617, 43.545104184889517 ], [ -1.222803453202469, 43.545184154214404 ], [ -1.222787393392677, 43.544403390276244 ], [ -1.221001687230837, 43.544352981590244 ], [ -1.220372909391171, 43.543038904439406 ], [ -1.223033773052721, 43.542490470991631 ], [ -1.22526366324318, 43.540893509044885 ], [ -1.226551871881228, 43.540374789229375 ], [ -1.228214789982766, 43.539480865678783 ], [ -1.230984707996741, 43.538798735011802 ], [ -1.231267414007746, 43.538516263405818 ], [ -1.233174104099112, 43.538101748886369 ], [ -1.233874724086535, 43.537976527191653 ], [ -1.23450769695603, 43.537971048111402 ], [ -1.234935556320617, 43.538151716821623 ], [ -1.235773083842383, 43.538132231742622 ], [ -1.236865720742166, 43.537909503735385 ], [ -1.237013486175552, 43.537938626710378 ], [ -1.237219125756545, 43.538394626799004 ], [ -1.237570260374423, 43.538957109535872 ], [ -1.238096342678156, 43.539914782070056 ], [ -1.238326059157065, 43.539985499580588 ], [ -1.238295005172081, 43.540689493988779 ], [ -1.238366999315053, 43.541545707966975 ], [ -1.238332962666658, 43.541816895182137 ], [ -1.238232422966254, 43.542089248883059 ], [ -1.2382351959549, 43.542246873966796 ], [ -1.238357597630557, 43.542617997995933 ], [ -1.238456685441507, 43.542933223559373 ], [ -1.238695220918895, 43.54309951947571 ], [ -1.238871481327356, 43.543380219639339 ], [ -1.239274050760639, 43.54449141600039 ], [ -1.239619577246263, 43.545370529958817 ], [ -1.240002740964851, 43.545990730409592 ], [ -1.240167322652717, 43.546899543100928 ], [ -1.240282076157475, 43.547894541770695 ], [ -1.240719525889946, 43.548521161086732 ], [ -1.241148293475944, 43.549529453332056 ], [ -1.241123510413985, 43.549835385621591 ], [ -1.240184740210842, 43.552857714890088 ], [ -1.240536416083255, 43.554173675807803 ], [ -1.240631098252168, 43.555006467502587 ], [ -1.240453774570057, 43.555433930880625 ], [ -1.239955817081993, 43.556059603937264 ], [ -1.238992986775078, 43.556459460329641 ], [ -1.239072110284396, 43.557542214515344 ], [ -1.239243682676541, 43.55772414119118 ], [ -1.239497489646535, 43.557816741701636 ], [ -1.240320522812161, 43.557922457278679 ], [ -1.24061684266957, 43.558037360990319 ], [ -1.241903522957749, 43.558869835103266 ], [ -1.241743528778379, 43.559913105389725 ], [ -1.241954963789146, 43.560188529543822 ], [ -1.24213391686599, 43.560307334588153 ], [ -1.243405961420828, 43.560905267990407 ], [ -1.243555707877726, 43.56130436476694 ], [ -1.243591988814399, 43.561634023871015 ], [ -1.243797389999972, 43.561994163007192 ], [ -1.244113389957991, 43.562241372519253 ], [ -1.244545258790213, 43.562437337724283 ], [ -1.24530522767112, 43.562689400796344 ], [ -1.24644861887491, 43.563178202298793 ], [ -1.247184629212531, 43.563951570962011 ], [ -1.247459003396242, 43.564551647013026 ], [ -1.247623865021675, 43.565303791179673 ], [ -1.249758501743245, 43.564872153316784 ], [ -1.250058919959907, 43.564735382261667 ], [ -1.251694714971605, 43.563787366957641 ], [ -1.252325920510949, 43.563342756831361 ], [ -1.252823869827204, 43.562921117558695 ], [ -1.253155407382788, 43.56244522474686 ], [ -1.25385646698691, 43.560902571728057 ], [ -1.254693054961299, 43.560546962502727 ], [ -1.255424537372372, 43.559917577831293 ], [ -1.256625616081131, 43.559317904624123 ], [ -1.258684864029926, 43.558593811569857 ], [ -1.260709740375726, 43.558697479170746 ], [ -1.261007648624763, 43.558656619351801 ], [ -1.261567429613601, 43.558497786444136 ], [ -1.262239637683698, 43.558436216511396 ], [ -1.263419142881801, 43.558552539522196 ], [ -1.265127925858096, 43.558925384126411 ], [ -1.265276094630586, 43.559004968881801 ], [ -1.265323050306324, 43.559165239908239 ], [ -1.264661809591383, 43.561153992766776 ], [ -1.264653922553284, 43.561410913851439 ], [ -1.264983114540866, 43.561776171053971 ], [ -1.269185336072933, 43.560914393736475 ], [ -1.27247299665173, 43.560251043315667 ], [ -1.271749684437274, 43.563766462989356 ], [ -1.271748087731324, 43.564077814893054 ], [ -1.271795957790838, 43.564498824281053 ], [ -1.272270330567403, 43.565208633061076 ], [ -1.27312007592398, 43.566070838826533 ], [ -1.274074001554652, 43.566898614393487 ], [ -1.275024439273336, 43.567491496097837 ], [ -1.275280848169148, 43.567802450099272 ], [ -1.275514672446193, 43.568271889903151 ], [ -1.275523502607324, 43.568927174676283 ], [ -1.275429789429164, 43.569641546862513 ], [ -1.274857025136981, 43.570940944279009 ], [ -1.274161996956773, 43.572011445833759 ], [ -1.273749646056147, 43.572642684861641 ], [ -1.272819212934776, 43.574071513758497 ], [ -1.272215902543258, 43.574889515704143 ], [ -1.271936541579532, 43.575561636661156 ], [ -1.271962489206492, 43.578350095810634 ], [ -1.27152283972561, 43.579559454749827 ], [ -1.271132349712478, 43.58118879421076 ], [ -1.270996762503089, 43.581443790314601 ], [ -1.270838339903294, 43.581652153536623 ], [ -1.270898018223228, 43.581743966582678 ], [ -1.271404233223958, 43.581766221087562 ], [ -1.271765323538503, 43.581870642120698 ], [ -1.272204368384322, 43.58217654517744 ], [ -1.272644409278092, 43.58285659559013 ], [ -1.272844687375876, 43.583131322122803 ], [ -1.274321743827203, 43.58473741838614 ], [ -1.274761881739207, 43.585082439775519 ], [ -1.275630177379488, 43.585873933628548 ], [ -1.27609798261117, 43.586162363197154 ], [ -1.276114148134217, 43.586373154755364 ], [ -1.275593144276904, 43.58820168354859 ], [ -1.275848741191869, 43.588834280032948 ], [ -1.27617835535775, 43.588956256621387 ], [ -1.276153626353564, 43.589573496327645 ], [ -1.276344119689274, 43.589872231079504 ], [ -1.27665889658218, 43.589916352283325 ], [ -1.27662522252913, 43.590280300411834 ], [ -1.276682078032091, 43.590618568824922 ], [ -1.276821564508149, 43.590805632919995 ], [ -1.276945493238054, 43.590926215595111 ], [ -1.276957460268296, 43.591025817914179 ], [ -1.276857306622434, 43.591101319404508 ], [ -1.276756882198842, 43.591172695510508 ], [ -1.276632517388897, 43.59133663665574 ], [ -1.275937631518943, 43.591157848946736 ], [ -1.275257584858736, 43.591034195147309 ], [ -1.274267743119451, 43.591192016393649 ], [ -1.273828586788228, 43.591222159950085 ], [ -1.27280416605184, 43.591147121246365 ], [ -1.270407628472122, 43.590993170621658 ], [ -1.270508682444625, 43.591784529090525 ], [ -1.270399493767143, 43.5927272423597 ], [ -1.270344117907523, 43.593736176460098 ], [ -1.270239376214131, 43.594614838218298 ], [ -1.270633994505687, 43.596280832706682 ], [ -1.271022500527806, 43.597669752622863 ], [ -1.271439914529688, 43.598955659411537 ], [ -1.271736773172046, 43.599702363587319 ], [ -1.272062353885234, 43.600028573501838 ], [ -1.272613329730975, 43.600464736866932 ], [ -1.273389663718012, 43.601727321994005 ], [ -1.273572555373897, 43.602241768644546 ], [ -1.273404561043833, 43.603151404351891 ], [ -1.273102556074101, 43.603736680304841 ], [ -1.272921036457929, 43.604455043043217 ], [ -1.272815942030193, 43.605170839125776 ], [ -1.272374064151718, 43.606527703970677 ], [ -1.272070335590148, 43.607086237802378 ], [ -1.271905934388752, 43.607649407548671 ], [ -1.271878559237654, 43.608427555263177 ], [ -1.272059298677081, 43.610971766476631 ], [ -1.272097059434091, 43.611591041016581 ], [ -1.27190378586449, 43.612213936940044 ], [ -1.271389716777234, 43.614203053435041 ], [ -1.271130567876331, 43.614502381176933 ], [ -1.267793393751034, 43.615801239231722 ], [ -1.266660779835109, 43.616581176185889 ], [ -1.265285659477729, 43.617610406797354 ], [ -1.264108734135823, 43.618655705569516 ], [ -1.263114129360139, 43.619668115684149 ], [ -1.262535262642215, 43.620546046289427 ], [ -1.261924970923022, 43.622815624442644 ], [ -1.261635902026031, 43.623676706426266 ], [ -1.261462459271475, 43.624346319133991 ], [ -1.261087989693643, 43.625046338173391 ], [ -1.25999241376114, 43.626598098844234 ], [ -1.258868338573215, 43.627698266136413 ], [ -1.256830830373274, 43.630023515428654 ], [ -1.256364563329614, 43.631250235014626 ], [ -1.255537646273308, 43.633893932488213 ], [ -1.254151206783477, 43.638360162371193 ], [ -1.253092532131925, 43.641700161203637 ], [ -1.2514102407987, 43.645215457963516 ], [ -1.249206207300777, 43.649851018127073 ], [ -1.246674774861576, 43.655269474864198 ], [ -1.244630202040837, 43.659720329164195 ], [ -1.243914466428509, 43.661165539490284 ], [ -1.243107879674833, 43.66254365525603 ], [ -1.242023927376541, 43.664141252145221 ], [ -1.241384251053213, 43.665420043161937 ], [ -1.240862017707726, 43.668253563273772 ], [ -1.240718892501883, 43.668892264762903 ], [ -1.24049355314112, 43.66923886398024 ], [ -1.239187200107992, 43.670712854284936 ], [ -1.241839637056025, 43.671543644951498 ], [ -1.244175746875848, 43.672198242906632 ], [ -1.245990765659969, 43.672559782046989 ], [ -1.247693189168168, 43.672825002345967 ], [ -1.249360786084124, 43.672941892512803 ], [ -1.251052090197114, 43.67296211377851 ], [ -1.252996610702141, 43.672830600642783 ], [ -1.254865033783506, 43.672573766785526 ], [ -1.255589013933992, 43.672455921683131 ], [ -1.257160465918918, 43.672106839871383 ], [ -1.258111765555123, 43.671832983482773 ], [ -1.259913132653615, 43.671233983368403 ], [ -1.260687796911253, 43.670929891968271 ], [ -1.264137481222894, 43.67475299599942 ], [ -1.277388582566886, 43.669847511017103 ], [ -1.277986551170113, 43.672827348274446 ], [ -1.278625073045909, 43.676109951744756 ], [ -1.279381788290013, 43.679709216960703 ], [ -1.279823280619369, 43.682100526523129 ], [ -1.280286929753732, 43.682624178009618 ], [ -1.279697278458522, 43.683159322734902 ], [ -1.272828927153785, 43.690129549129395 ], [ -1.271427991345944, 43.691629801233049 ], [ -1.268440132627044, 43.694659131523892 ], [ -1.265961873471005, 43.697213693068299 ], [ -1.264105939433005, 43.699097016112091 ], [ -1.266579005995437, 43.70144554001692 ], [ -1.267598269788787, 43.702396102043394 ], [ -1.27096086986548, 43.705502509982935 ], [ -1.268914914420862, 43.709077743168443 ], [ -1.263473303455379, 43.711414440213098 ], [ -1.263056022472174, 43.711625220269468 ], [ -1.255190243357366, 43.716861539991271 ], [ -1.241206421469107, 43.724831444597463 ], [ -1.235834402183342, 43.723672806176126 ], [ -1.227675196358625, 43.722036632753692 ], [ -1.220656951661917, 43.720727314017061 ], [ -1.20773034675295, 43.731611444034634 ], [ -1.207517374837756, 43.731821496272723 ], [ -1.206674591476287, 43.732122270473738 ], [ -1.195698529756731, 43.733183872328659 ], [ -1.175824349816749, 43.735291021105198 ], [ -1.169211985206446, 43.736028949504814 ], [ -1.168694215057248, 43.73620960849604 ], [ -1.168370976659107, 43.736547885019569 ], [ -1.168232288043441, 43.736927596866884 ], [ -1.168090502803423, 43.738643400913574 ], [ -1.167826029966936, 43.742408393149887 ], [ -1.167535777519283, 43.742589936038911 ], [ -1.15849293577924, 43.746740595166749 ], [ -1.154775333663023, 43.748493356068828 ], [ -1.147045995324363, 43.75196774846458 ], [ -1.154175467187744, 43.755222525285028 ], [ -1.152885691305561, 43.756640279241992 ], [ -1.150727985325062, 43.759050821128547 ], [ -1.148164721867505, 43.761949618567769 ], [ -1.143777000424762, 43.766884133868381 ], [ -1.151568595818174, 43.770238540899221 ], [ -1.149257462990042, 43.774427101029822 ], [ -1.151449087946276, 43.775112203159026 ], [ -1.148834655072666, 43.77960225689155 ], [ -1.151601987577318, 43.77990393569722 ], [ -1.150537294096811, 43.782218502425302 ], [ -1.150143063840169, 43.782309511104636 ], [ -1.149117219653842, 43.784748586151281 ], [ -1.145370170023197, 43.788344112725227 ], [ -1.14380443087713, 43.789895358378509 ], [ -1.13933045885731, 43.79343668732394 ], [ -1.138160919031144, 43.794419491824542 ], [ -1.137136060822006, 43.794952302407829 ], [ -1.134377599094766, 43.796392152499024 ], [ -1.136763129796072, 43.796955908206236 ], [ -1.136165320539785, 43.797584307172741 ], [ -1.134057097175262, 43.798067264236764 ], [ -1.131872347202002, 43.798509351329955 ], [ -1.130296331401291, 43.798781375679908 ], [ -1.128857826070818, 43.799255194971856 ], [ -1.131183245566551, 43.801493096119465 ], [ -1.132302298662037, 43.802735577768708 ], [ -1.133189671074329, 43.803609201069705 ], [ -1.133710210531264, 43.803998718470346 ], [ -1.13422001172976, 43.804492675595377 ], [ -1.134524075240363, 43.804833445842512 ], [ -1.134626796487016, 43.805094061780764 ], [ -1.134606247872522, 43.805410170858352 ], [ -1.134368742087136, 43.806836261202818 ], [ -1.130076232267325, 43.815347474900946 ], [ -1.1266566816321, 43.822268836859486 ], [ -1.125379593445307, 43.822200329147059 ], [ -1.122233288631721, 43.821901771161357 ], [ -1.121423752214698, 43.821912119415387 ], [ -1.119282536341487, 43.822149433660101 ], [ -1.118233918528863, 43.822326140891072 ], [ -1.114908511405831, 43.823181455010818 ], [ -1.112937882050543, 43.823955474986221 ], [ -1.112421503133974, 43.824151268413402 ], [ -1.109177593384376, 43.827247026415321 ], [ -1.100477502860667, 43.830924970835106 ], [ -1.103806729810771, 43.835134714445843 ], [ -1.083957709300161, 43.833629515728788 ], [ -1.071324480883958, 43.832605566384544 ], [ -1.059458916641706, 43.83464974907136 ], [ -1.052687911220533, 43.835829462810189 ], [ -1.052655295065343, 43.835879965188525 ], [ -1.046528299703912, 43.836949501362348 ], [ -1.046469239299029, 43.837105978061373 ], [ -1.044785555587733, 43.842151934020919 ], [ -1.043255012325357, 43.846736426518255 ], [ -1.042563845686567, 43.849078438247254 ], [ -1.039971199807172, 43.856748348641553 ], [ -1.039182561389668, 43.859349010203076 ], [ -1.03787240855066, 43.863245220822542 ], [ -1.037316253661688, 43.865108780853241 ], [ -1.036733695265317, 43.866936064879333 ], [ -1.035897127035663, 43.869429990221562 ], [ -1.035276835800731, 43.871055358496832 ], [ -1.034540939814487, 43.87323066997002 ], [ -1.03413041301168, 43.874453671891125 ], [ -1.033460062535253, 43.876462011968741 ], [ -1.03224632426912, 43.879834566526107 ], [ -1.031378280747368, 43.882548990551271 ], [ -1.030896326823314, 43.884012324039645 ], [ -1.029880669026015, 43.886450940281136 ], [ -1.02702283488614, 43.892829947155164 ], [ -1.027279605704805, 43.89285704466149 ], [ -1.025729114964626, 43.896477080660844 ], [ -1.025730389480173, 43.896715178191549 ], [ -1.024517572077946, 43.899419621049269 ], [ -1.02401305759322, 43.900531056681494 ], [ -1.023253497501748, 43.902464802485561 ], [ -1.020784290526196, 43.908304848759194 ], [ -1.019657443986401, 43.911169451704893 ], [ -1.019369341670154, 43.911916460390394 ], [ -1.018402323657253, 43.914978176618071 ], [ -1.017540536977681, 43.918012944054588 ], [ -1.013852680282124, 43.930389233187704 ], [ -1.013365570465865, 43.932045429723395 ], [ -1.013136966041684, 43.932837005136626 ], [ -1.012695560935423, 43.934397992255235 ], [ -1.012079091958145, 43.936498388291696 ], [ -1.011784494974572, 43.937356924976427 ], [ -1.011309433028187, 43.939267392104256 ], [ -1.010957823370281, 43.940393645277005 ], [ -1.010526484253133, 43.941885248532571 ], [ -1.009595476878383, 43.944848909974681 ], [ -1.008576207130836, 43.948591547385995 ], [ -1.008437862568082, 43.948738084310371 ], [ -1.007710217065977, 43.951451145099064 ], [ -1.007379178750622, 43.95210565191082 ], [ -1.006774076880006, 43.954187108468147 ], [ -1.006248516420863, 43.955851702915751 ], [ -1.005702270018417, 43.957044763913139 ], [ -1.005387962192027, 43.957765758179981 ], [ -1.003012002129076, 43.96213356631948 ], [ -1.004600716063792, 43.962306388463944 ], [ -1.003479903155758, 43.965305750307444 ], [ -0.9992086684185, 43.976775953444353 ], [ -0.995496946699226, 43.986716492206327 ], [ -0.994013712975374, 43.990636154829005 ], [ -0.987272436775748, 43.99731345458887 ], [ -0.981636143065432, 44.002959746381954 ], [ -0.974040213006175, 44.010510753248461 ], [ -0.968550036812432, 44.015840556034121 ], [ -0.965143220186417, 44.019304824658697 ], [ -0.948821210260096, 44.035456582888855 ], [ -0.940749436677952, 44.043330874978523 ], [ -0.935512668587195, 44.064367078876103 ], [ -0.932696688487228, 44.068787824576013 ], [ -0.926239835034223, 44.078947640357555 ], [ -0.924415663581869, 44.081765222343705 ], [ -0.923558232098809, 44.082323907020196 ], [ -0.922893881301528, 44.083478863752909 ], [ -0.922567749914988, 44.083677296161845 ], [ -0.913114284116517, 44.085155596985068 ], [ -0.912820334730905, 44.085267447451514 ], [ -0.912579398589979, 44.085655052388418 ], [ -0.912563629288852, 44.085803997777973 ], [ -0.911958203377776, 44.08529832586332 ], [ -0.911818396430707, 44.085279811640923 ], [ -0.911591646466428, 44.085341199356833 ], [ -0.911446641351245, 44.085381615687879 ], [ -0.911256052388024, 44.085374927060599 ], [ -0.910613971488283, 44.085252812195492 ], [ -0.910511612359649, 44.085263083486858 ], [ -0.910442462126162, 44.085304320912257 ], [ -0.909913476878954, 44.085233500490304 ], [ -0.900572629994867, 44.084113458746707 ], [ -0.882145234139979, 44.081772841959904 ], [ -0.87716765189009, 44.081108460801708 ], [ -0.868983033904291, 44.079722794526255 ], [ -0.849154566277617, 44.076318950469592 ], [ -0.844819097595191, 44.075586906448954 ], [ -0.83665509683108, 44.074181769349885 ], [ -0.836331807614578, 44.074128304864864 ], [ -0.831513161792267, 44.078632381198034 ], [ -0.829434512716875, 44.083733957137802 ], [ -0.826538190358245, 44.082553165863239 ], [ -0.825035539304881, 44.082689569493773 ], [ -0.822182578463277, 44.082975403901472 ], [ -0.817910591009183, 44.083384755018976 ], [ -0.807166742297731, 44.084434473115749 ], [ -0.799782101904817, 44.085173062378821 ], [ -0.792035756199072, 44.085917424680275 ], [ -0.785751365483352, 44.086539975605866 ], [ -0.782985019806844, 44.084094581887143 ], [ -0.78260272830287, 44.0838014123945 ], [ -0.778914969577647, 44.080538010221119 ], [ -0.776807291078354, 44.078747848020065 ], [ -0.773201395099291, 44.075582982500244 ], [ -0.768382184026595, 44.071405236926907 ], [ -0.768411527067659, 44.071236360389499 ], [ -0.770192477118835, 44.068957880068432 ], [ -0.770167456386148, 44.068892613820097 ], [ -0.77018813072745, 44.068800273519528 ], [ -0.770290330104151, 44.068526247542984 ], [ -0.77045779970631, 44.068347241257975 ], [ -0.771575702141006, 44.067302008543493 ], [ -0.773636089651237, 44.065325763338635 ], [ -0.769629430939177, 44.064557701235429 ], [ -0.76817322897828, 44.062404521647075 ], [ -0.765718327925482, 44.058667526096677 ], [ -0.765202278661789, 44.057884347066519 ], [ -0.764066885558802, 44.056153907858913 ], [ -0.762939250803902, 44.054433556055301 ], [ -0.761103219604767, 44.055492951331395 ], [ -0.759272932706262, 44.056632543604699 ], [ -0.758943083005867, 44.056638830561589 ], [ -0.758254588759171, 44.056569756205796 ], [ -0.757979328442884, 44.056476546478727 ], [ -0.755650779497334, 44.054749018302132 ], [ -0.754562110461199, 44.053947004574127 ], [ -0.75278738741804, 44.052646961142976 ], [ -0.750381554619591, 44.050413326394519 ], [ -0.748953274843085, 44.049119896366378 ], [ -0.748616150674383, 44.049018108015773 ], [ -0.743156827866448, 44.04736974532549 ], [ -0.743021474630066, 44.047325117446199 ], [ -0.742891645960927, 44.04740817413839 ], [ -0.742744304017093, 44.04758964534166 ], [ -0.742518107827209, 44.048030012057758 ], [ -0.741341782508175, 44.050343494753676 ], [ -0.741271575514447, 44.05049803422196 ], [ -0.741174227260056, 44.050600791670377 ], [ -0.741085252821957, 44.05064659704508 ], [ -0.740935955020777, 44.050661127068189 ], [ -0.739849441466558, 44.050524826802167 ], [ -0.736740532960593, 44.050178645759466 ], [ -0.733566718407148, 44.049794001803363 ], [ -0.729038472326075, 44.04925979581639 ], [ -0.729173751224363, 44.047771591781448 ], [ -0.726078693585048, 44.047413380968138 ], [ -0.724956689857561, 44.047305788494448 ], [ -0.724800989537255, 44.047333867727808 ], [ -0.724667619310816, 44.047404615479991 ], [ -0.724603871062072, 44.047520845694677 ], [ -0.724227230508763, 44.048697305283973 ], [ -0.717980777860785, 44.047968690425073 ], [ -0.712247554240636, 44.047292345772988 ], [ -0.71025143206753, 44.047061667388867 ], [ -0.708454265364786, 44.04686248372105 ], [ -0.705212560447693, 44.046457276077348 ], [ -0.700959208163405, 44.045814263125926 ], [ -0.700158698763329, 44.046424147556486 ], [ -0.70019552966963, 44.046631348974906 ], [ -0.700951234597461, 44.047851369909253 ], [ -0.701216586207934, 44.049441731010432 ], [ -0.701518966057187, 44.05161554890315 ], [ -0.701628448039428, 44.052590743963705 ], [ -0.697822719374241, 44.058364319148502 ], [ -0.694004750523928, 44.064137050442937 ], [ -0.687499066337162, 44.060958447192519 ], [ -0.685320033320782, 44.059904613296439 ], [ -0.68452629124692, 44.059468949611237 ], [ -0.683690696876998, 44.058944760768888 ], [ -0.683589561826167, 44.059032102765094 ], [ -0.683204861604571, 44.059699404905032 ], [ -0.682991090088968, 44.060381540436168 ], [ -0.682985726862401, 44.060978544357098 ], [ -0.683025973298782, 44.061464992105805 ], [ -0.682913355639269, 44.062355647929991 ], [ -0.682901796815956, 44.062863130140791 ], [ -0.683179770729074, 44.063437840293766 ], [ -0.683153597367982, 44.064261156956299 ], [ -0.683066190246723, 44.064713023828247 ], [ -0.683095936227401, 44.065726516953255 ], [ -0.682972420099569, 44.066547380274834 ], [ -0.682825081378932, 44.066921525413179 ], [ -0.682095137512687, 44.067603541837663 ], [ -0.680739651409717, 44.068727597220146 ], [ -0.67971466449826, 44.069669277919488 ], [ -0.679146091367475, 44.070429289430358 ], [ -0.678518862498041, 44.071377470892237 ], [ -0.678347481554264, 44.071891451703522 ], [ -0.678172197100777, 44.07222411012917 ], [ -0.677605811843437, 44.072516048803493 ], [ -0.676406035293644, 44.072996615103264 ], [ -0.67584480768263, 44.07314407519825 ], [ -0.675055437460113, 44.073195794100677 ], [ -0.673864751976218, 44.07309469013412 ], [ -0.67298960671181, 44.072931284838312 ], [ -0.669797594978826, 44.072729768891094 ], [ -0.67193139266166, 44.075215929262264 ], [ -0.674478141356277, 44.07820401210703 ], [ -0.676257698106114, 44.080259776772891 ], [ -0.677349921930891, 44.081543867780731 ], [ -0.67411606836325, 44.0846525648533 ], [ -0.672995699855542, 44.085744252270409 ], [ -0.67035981377953, 44.085660343613377 ], [ -0.671170837329261, 44.08813976211291 ], [ -0.671147723117182, 44.089266068826142 ], [ -0.670966994224555, 44.089363824901582 ], [ -0.668068932289054, 44.089032480891476 ], [ -0.668043691599205, 44.089338308696618 ], [ -0.665096436875489, 44.089022671670854 ], [ -0.664863833002653, 44.090920652982788 ], [ -0.660069146225704, 44.091181476949622 ], [ -0.660402292021502, 44.091666062773207 ], [ -0.660469040014737, 44.092088934281101 ], [ -0.66060078562132, 44.092524445209001 ], [ -0.660331594333316, 44.09311323335978 ], [ -0.660815612627507, 44.094501836048401 ], [ -0.660097228239432, 44.095467891913316 ], [ -0.659209499649392, 44.095261410546726 ], [ -0.659050136540281, 44.096115186977499 ], [ -0.659089297993988, 44.097720139044057 ], [ -0.658482465637817, 44.098092449246678 ], [ -0.658379864974149, 44.098099400311696 ], [ -0.658637543597798, 44.098373724759043 ], [ -0.659261762026478, 44.098924554690527 ], [ -0.659303163660996, 44.099301729557951 ], [ -0.659246831352787, 44.099534198136496 ], [ -0.659086447610748, 44.099531376725807 ], [ -0.65863763413995, 44.099483925180294 ], [ -0.65822862203496, 44.099485886823523 ], [ -0.657867169047189, 44.099413366675215 ], [ -0.657155425990526, 44.099289628287814 ], [ -0.656558206366414, 44.099492613282337 ], [ -0.65666096864688, 44.100218591706962 ], [ -0.655914517065867, 44.104282004613992 ], [ -0.647297476583011, 44.104106955822701 ], [ -0.642501267010351, 44.103980458160315 ], [ -0.641339596229455, 44.104196725319582 ], [ -0.641115885636258, 44.105872773325302 ], [ -0.640632542130223, 44.107888860224932 ], [ -0.638679268133616, 44.110711014924576 ], [ -0.634002284442051, 44.117526566057393 ], [ -0.631578112151117, 44.121068541355129 ], [ -0.629967155084406, 44.121429892668694 ], [ -0.628016701503309, 44.120801568211789 ], [ -0.627912854829333, 44.120895098895666 ], [ -0.627265753046338, 44.122118772215799 ], [ -0.626456935116136, 44.123178803424118 ], [ -0.617853278422649, 44.130299242354141 ], [ -0.617831959344253, 44.13487876846316 ], [ -0.61567947334202, 44.137296638415982 ], [ -0.61241915776338, 44.136068461028863 ], [ -0.610647383656289, 44.135441165184488 ], [ -0.609596844267661, 44.13511288443263 ], [ -0.608428420595812, 44.134774384969056 ], [ -0.608058629985898, 44.134819413585298 ], [ -0.607820949359501, 44.134927890909104 ], [ -0.607170264098345, 44.135763943721287 ], [ -0.605884610352645, 44.137711837991105 ], [ -0.601796438532535, 44.143936930689499 ], [ -0.600567579317751, 44.143705114011311 ], [ -0.597117048723454, 44.143198045203498 ], [ -0.592358720213142, 44.142563112241135 ], [ -0.593202814382009, 44.148577983020147 ], [ -0.593974538665276, 44.149849925125949 ], [ -0.594285643198288, 44.150355931425004 ], [ -0.594321945520042, 44.150559069314468 ], [ -0.594286702841023, 44.150735253170751 ], [ -0.594187058506376, 44.150912152563365 ], [ -0.593954516271119, 44.151093617294713 ], [ -0.591688704877052, 44.152736804449567 ], [ -0.591477431962548, 44.152970292998589 ], [ -0.591275756664889, 44.153305549747515 ], [ -0.590872071908025, 44.153998805219317 ], [ -0.590610538447051, 44.154367628840475 ], [ -0.590156884904712, 44.154814824992037 ], [ -0.587608559352729, 44.156647934328902 ], [ -0.586498798219803, 44.157421927211409 ], [ -0.585009015747145, 44.160153331722682 ], [ -0.584909426212008, 44.160304442719749 ], [ -0.579748971096847, 44.164446229415688 ], [ -0.577790111900505, 44.166033468762386 ], [ -0.576653691047536, 44.16671324244691 ], [ -0.576211705751325, 44.167029135495369 ], [ -0.570911155921451, 44.166995260483354 ], [ -0.56185936359521, 44.166865990717156 ], [ -0.55918978986469, 44.166638962138272 ], [ -0.548064451704754, 44.165611104530136 ], [ -0.538431487049978, 44.164746889893927 ], [ -0.5381574744313, 44.164596387481801 ], [ -0.533964791328522, 44.161696816529286 ], [ -0.524755463705907, 44.163073607913013 ], [ -0.514543336804514, 44.164592324594807 ], [ -0.513868944794629, 44.164622304515817 ], [ -0.505242478044515, 44.163794872476807 ], [ -0.493409837372756, 44.162645876899198 ], [ -0.484682577318954, 44.161763741770606 ], [ -0.479249739162192, 44.161904065596005 ], [ -0.460046365005545, 44.162364880422857 ], [ -0.459714686533405, 44.162317734016241 ], [ -0.459251238693634, 44.162212102817954 ], [ -0.455957958743291, 44.161315120895232 ], [ -0.452961083423714, 44.160474376391534 ], [ -0.446615578291477, 44.162461877371058 ], [ -0.443383051170747, 44.163466805055066 ], [ -0.439488707155706, 44.164701839080728 ], [ -0.436771965538776, 44.165541918200503 ], [ -0.436357532070498, 44.165617388767735 ], [ -0.431618913206839, 44.165846939035745 ], [ -0.427886108661763, 44.166030198500643 ], [ -0.426457256062445, 44.166094227027294 ], [ -0.423630733715012, 44.166245110502494 ], [ -0.413605591004913, 44.166748663988315 ], [ -0.410348139183497, 44.166902854241897 ], [ -0.406866634407523, 44.167072874040798 ], [ -0.402233813315545, 44.167302625754687 ], [ -0.393615770884291, 44.167741179691909 ], [ -0.389117521746406, 44.167972136585149 ], [ -0.384708381624435, 44.168180093891607 ], [ -0.382552448341989, 44.168313189831345 ], [ -0.377028236529484, 44.168562008629664 ], [ -0.349418407267417, 44.169931418728886 ], [ -0.334941721730905, 44.170681477567193 ], [ -0.333560618452672, 44.171396577146332 ], [ -0.331692314724368, 44.173046061679109 ], [ -0.331209827782807, 44.17362577887517 ], [ -0.330292021434815, 44.174904653787046 ], [ -0.329275387003527, 44.176275600116988 ], [ -0.327542813819208, 44.177833052913904 ], [ -0.325992488000642, 44.179126289154993 ], [ -0.32449353113859, 44.181117089348454 ], [ -0.323950312813567, 44.181839466146506 ], [ -0.32238421750247, 44.183837009517731 ], [ -0.321618775736929, 44.184952330803817 ], [ -0.320927996630659, 44.186041097985623 ], [ -0.320740329409233, 44.186345602001268 ], [ -0.320673332877054, 44.186413205524296 ], [ -0.318629495055088, 44.187272040825768 ], [ -0.310450719570528, 44.190586498615737 ], [ -0.307373243600902, 44.190118889796068 ], [ -0.306374327022248, 44.192223063074145 ], [ -0.305734678963908, 44.193555818479432 ], [ -0.305059913555574, 44.195057398321694 ], [ -0.303972071544763, 44.197378088122278 ], [ -0.303201836943795, 44.199107697177936 ], [ -0.302650683780285, 44.200190911790003 ], [ -0.302295423751031, 44.201112735506754 ] ] ], [ [ [ 0.060752315820025, 44.02343813635197 ], [ 0.060775172243204, 44.023402536332647 ], [ 0.060773697463344, 44.023403541430582 ], [ 0.060772182695888, 44.023405563162136 ], [ 0.060752315820025, 44.02343813635197 ] ] ] ] } }
]
}
