{
"type": "FeatureCollection",
"name": "DCE_2022_2027_masses_deau_cotiere_Adour_Garonne",
"crs": { "type": "name", "properties": { "name": "urn:ogc:def:crs:OGC:1.3:CRS84" } },
"xy_coordinate_resolution": 1e-15,
"features": [
{ "type": "Feature", "properties": { "fid": 1, "gid": 1, "id": 1, "cdmassedea": "FC01", "cdeumassed": "FRFC01", "nommassede": "Côte Nord-Est de l'Ile d'Oléron", "systemeref": "31", "cdeubassin": "FRF", "typemassed": "C1", "cdeussbass": "FRF_COAC", "cdcategori": "1.2.1", "cdnaturema": "1", "surftotkm": 64.925893740688096 }, "geometry": { "type": "MultiPolygon", "coordinates": [ [ [ [ -1.410743732641004, 46.048171665848386 ], [ -1.410777376744424, 46.048470922365979 ], [ -1.409946103247325, 46.048788789863529 ], [ -1.409700834270639, 46.048882249889644 ], [ -1.406449783701732, 46.050125171792011 ], [ -1.399430987960453, 46.0528078162856 ], [ -1.397700680437044, 46.053469880436417 ], [ -1.397699548024516, 46.053470314008564 ], [ -1.395948556769698, 46.054140248700733 ], [ -1.395664790036407, 46.054248401812359 ], [ -1.395449365257237, 46.054330506045631 ], [ -1.395305800235032, 46.054385981614431 ], [ -1.395305658266379, 46.054386036725823 ], [ -1.395131437198682, 46.054453357141185 ], [ -1.394988752559693, 46.054506988944546 ], [ -1.394988347742154, 46.054507142636801 ], [ -1.394515196566018, 46.054687040111737 ], [ -1.392582848741455, 46.055427114748845 ], [ -1.392343609562591, 46.055517903032026 ], [ -1.39224048556313, 46.055557037397925 ], [ -1.391734785089333, 46.055750522171181 ], [ -1.3917342295255, 46.05575073490553 ], [ -1.390868512963442, 46.056081955425782 ], [ -1.384825242076696, 46.058390193877301 ], [ -1.368707033054718, 46.064545165160126 ], [ -1.359778255816625, 46.067953168942331 ], [ -1.358559704903292, 46.068418758194873 ], [ -1.358558654845365, 46.068419159325174 ], [ -1.35622256466427, 46.069311682745919 ], [ -1.355192789815159, 46.069703559568829 ], [ -1.355038110150195, 46.069762420362181 ], [ -1.354108291010594, 46.070117257138541 ], [ -1.354108205521882, 46.070117290184335 ], [ -1.350339034372193, 46.071555554622151 ], [ -1.339405634184999, 46.075725951572984 ], [ -1.338879962967141, 46.075925961679211 ], [ -1.33817667175467, 46.076193546893386 ], [ -1.337814096712807, 46.076331238538906 ], [ -1.333806253366439, 46.077860546338968 ], [ -1.293648840192235, 46.049310588212869 ], [ -1.258277996851937, 46.02411256826516 ], [ -1.213736814986184, 45.992333027781626 ], [ -1.213736814983665, 45.992333027777285 ], [ -1.24347938168003, 45.988933559127382 ], [ -1.243493974751644, 45.988931629716745 ], [ -1.243515072795687, 45.988928840253095 ], [ -1.244041798799342, 45.988859199235272 ], [ -1.244053679036072, 45.988857204586829 ], [ -1.244473677886982, 45.989137754641071 ], [ -1.245810512537812, 45.989855000877718 ], [ -1.24687776717925, 45.990274368766691 ], [ -1.248188771990487, 45.990504496229342 ], [ -1.253481298791032, 45.990513415213982 ], [ -1.255948250332972, 45.990619170962333 ], [ -1.259677615298673, 45.990497281987622 ], [ -1.261089572593693, 45.990362272960361 ], [ -1.268757952934453, 45.989983245771228 ], [ -1.270554329256115, 45.989789618787007 ], [ -1.274329693400016, 45.989259294141199 ], [ -1.276000640878906, 45.989114314515497 ], [ -1.279458125374483, 45.988650056003699 ], [ -1.282088092686872, 45.988379696078937 ], [ -1.285447535475279, 45.988315969122347 ], [ -1.289979637775346, 45.988532055471929 ], [ -1.291026185195587, 45.988681673721395 ], [ -1.294393498167538, 45.988887514371804 ], [ -1.296553824009727, 45.989219921686569 ], [ -1.298182309993378, 45.989527467469401 ], [ -1.299884954423139, 45.989788174119653 ], [ -1.301124747886192, 45.989930358442024 ], [ -1.305186162975424, 45.990750043182764 ], [ -1.30761721245312, 45.991388124740531 ], [ -1.312689544758023, 45.992890447852801 ], [ -1.314948706504442, 45.99380506362801 ], [ -1.316887987539103, 45.994776861150598 ], [ -1.319226607964019, 45.995878689324108 ], [ -1.320705957456456, 45.996768723390566 ], [ -1.321581718437867, 45.997375838066596 ], [ -1.321936971800443, 45.997767477439538 ], [ -1.322366863714636, 45.998473470986617 ], [ -1.322404561914752, 45.999102349187261 ], [ -1.322022979411123, 46.000019420703289 ], [ -1.321970098038962, 46.0003365987262 ], [ -1.322019584166088, 46.000966050053826 ], [ -1.322561639965544, 46.001604319937918 ], [ -1.322651178550513, 46.001753363890629 ], [ -1.323132786381222, 46.002276266952677 ], [ -1.323846558034027, 46.0032865737275 ], [ -1.324254944356277, 46.003550319228758 ], [ -1.325050557666611, 46.003790059624968 ], [ -1.325776455938197, 46.004132736903323 ], [ -1.326109123221329, 46.004255092177246 ], [ -1.32759452989286, 46.005199049608962 ], [ -1.32774111025425, 46.005419583348946 ], [ -1.327845441145631, 46.006091960878877 ], [ -1.327984876079285, 46.006221698619619 ], [ -1.328276142225759, 46.00760831814727 ], [ -1.329154006689443, 46.008071025581252 ], [ -1.330534703256405, 46.008522678823859 ], [ -1.331072819771343, 46.00877325376338 ], [ -1.331671975253947, 46.009164745751448 ], [ -1.33202745695728, 46.009557373563737 ], [ -1.332094691115718, 46.009590614511964 ], [ -1.333228464617904, 46.010187778188644 ], [ -1.334756271248827, 46.010678775506719 ], [ -1.3354249805246, 46.011113632613544 ], [ -1.335775416053364, 46.011460397039407 ], [ -1.335925586954753, 46.011725807660405 ], [ -1.335969147828789, 46.012445532400761 ], [ -1.335858006720809, 46.012674904470899 ], [ -1.335951826980443, 46.013212611943366 ], [ -1.336167892109716, 46.013475498815787 ], [ -1.336507722324282, 46.013687598504461 ], [ -1.337419207547598, 46.013922821407718 ], [ -1.341095376189784, 46.014575971949753 ], [ -1.342796380961866, 46.014970180571687 ], [ -1.344096303668253, 46.015362358912931 ], [ -1.344772938277905, 46.015579930879831 ], [ -1.345382713510205, 46.015917739890639 ], [ -1.34559374016436, 46.01613475761414 ], [ -1.346258970926496, 46.016523643383479 ], [ -1.348947209480706, 46.017458005207047 ], [ -1.350243262061625, 46.017966917554659 ], [ -1.351786854925105, 46.018819328144531 ], [ -1.35400785751059, 46.020230980587208 ], [ -1.354563898832184, 46.020704858332273 ], [ -1.354783223881467, 46.021192707322726 ], [ -1.35494774193324, 46.021637640240165 ], [ -1.355161342783868, 46.022034638234963 ], [ -1.355230061505727, 46.022086228260669 ], [ -1.355380355278561, 46.022351613026466 ], [ -1.355734546128055, 46.022743202502326 ], [ -1.356823024003415, 46.023558825195131 ], [ -1.357368766126939, 46.024087320813486 ], [ -1.357867639486503, 46.024654455558078 ], [ -1.358262519987609, 46.024910424328645 ], [ -1.359715837531601, 46.025268904593837 ], [ -1.361028147148432, 46.0254977257853 ], [ -1.362475526075844, 46.025947471794126 ], [ -1.363550850355678, 46.026447351793216 ], [ -1.365660494394163, 46.027096658141744 ], [ -1.36632243269893, 46.027440539483479 ], [ -1.369567324723576, 46.029488818327486 ], [ -1.371105335976967, 46.031241688906888 ], [ -1.371810651817606, 46.03198192221226 ], [ -1.372152929082943, 46.032203039653162 ], [ -1.372286496955754, 46.032423004333396 ], [ -1.372071661071103, 46.032972612129285 ], [ -1.371925213644881, 46.033735491022632 ], [ -1.37170679729558, 46.034240211767568 ], [ -1.370825964438034, 46.035707819268687 ], [ -1.370772309882757, 46.03584598566021 ], [ -1.370894993751406, 46.037554216739686 ], [ -1.371113428209088, 46.037861979686497 ], [ -1.371060793595891, 46.038179180265494 ], [ -1.37041014007846, 46.039105794571803 ], [ -1.370356481163023, 46.039243960752415 ], [ -1.370424505211363, 46.039286360235181 ], [ -1.372712603413482, 46.039567454351634 ], [ -1.375911510345884, 46.040048674025158 ], [ -1.378204371658812, 46.040554597659607 ], [ -1.379327419315411, 46.040836587026718 ], [ -1.380310749971396, 46.040987872094199 ], [ -1.381484602760391, 46.041077545256812 ], [ -1.381937656022082, 46.041249327242397 ], [ -1.382544281712852, 46.041541029890027 ], [ -1.383340780013937, 46.041781380838813 ], [ -1.383667371769293, 46.041822976262729 ], [ -1.387276943664989, 46.041610573527905 ], [ -1.38896118393118, 46.041779659696417 ], [ -1.389415956701399, 46.041807062397993 ], [ -1.390274090716754, 46.042009162317228 ], [ -1.39153880712344, 46.042591507511283 ], [ -1.392134000858035, 46.042757739676958 ], [ -1.392615373638749, 46.043099272562095 ], [ -1.393592777328938, 46.043340725044096 ], [ -1.394140828767169, 46.04372571393062 ], [ -1.395524500520233, 46.04417753805933 ], [ -1.397100299903799, 46.044440765187602 ], [ -1.398093790574859, 46.044717371469282 ], [ -1.398670118578711, 46.044794253345117 ], [ -1.400132893110601, 46.045278767496079 ], [ -1.401799669335591, 46.046034697477111 ], [ -1.402352138477726, 46.046473713118274 ], [ -1.402745168073277, 46.046683564308992 ], [ -1.403788793277649, 46.046778073987134 ], [ -1.403990108261747, 46.046869507876423 ], [ -1.404808374966026, 46.047379019814521 ], [ -1.407189425554331, 46.048152125509148 ], [ -1.408223015800328, 46.048121119826789 ], [ -1.409238506670242, 46.047864658913831 ], [ -1.409553606526759, 46.047762343298494 ], [ -1.410743732641004, 46.048171665848386 ] ] ] ] } },
{ "type": "Feature", "properties": { "fid": 2, "gid": 2, "id": 2, "cdmassedea": "FC02", "cdeumassed": "FRFC02", "nommassede": "Pertuis Charentais", "systemeref": "31", "cdeubassin": "FRF", "typemassed": "C3", "cdeussbass": "FRF_COAC", "cdcategori": "1.2.1", "cdnaturema": "1", "surftotkm": 210.36078356151771 }, "geometry": { "type": "MultiPolygon", "coordinates": [ [ [ [ -1.233758636275165, 45.789134858460002 ], [ -1.233758636272304, 45.78913485846347 ], [ -1.2335180524931, 45.78959075125811 ], [ -1.233413287839026, 45.790103373892109 ], [ -1.231753936909428, 45.799956449571916 ], [ -1.231752788551275, 45.799959649377783 ], [ -1.231752788547686, 45.799959649377904 ], [ -1.230354493724676, 45.800229019147707 ], [ -1.229417153334706, 45.800615122398874 ], [ -1.22879606590371, 45.800909552630912 ], [ -1.227930473658224, 45.801564093864727 ], [ -1.225682159358674, 45.803533035942266 ], [ -1.225381862465365, 45.803986296708615 ], [ -1.225365886080224, 45.804618192923741 ], [ -1.225496339357892, 45.804793384412143 ], [ -1.225759959181862, 45.804873547641741 ], [ -1.226209963850074, 45.804865896229011 ], [ -1.226331458176315, 45.804771304705639 ], [ -1.226330832212871, 45.80459124959814 ], [ -1.22605338085501, 45.804330504250174 ], [ -1.226025873312637, 45.803971377835488 ], [ -1.226265341490404, 45.803736284021745 ], [ -1.226580845336279, 45.803634422521704 ], [ -1.228069568658962, 45.803722894339657 ], [ -1.229166307593434, 45.803736005466568 ], [ -1.229610174713309, 45.803629322204529 ], [ -1.230331428080622, 45.803782352463081 ], [ -1.230933967081344, 45.804085122507608 ], [ -1.230998793032918, 45.804262769950263 ], [ -1.231060836835271, 45.805071821904839 ], [ -1.230906865198592, 45.805753917356839 ], [ -1.230751545232061, 45.806246775341883 ], [ -1.230249011396892, 45.806580761411304 ], [ -1.228704961519461, 45.806630471792978 ], [ -1.227950449039663, 45.806883853785358 ], [ -1.227156651360725, 45.807445654999611 ], [ -1.226172874315393, 45.808239666130817 ], [ -1.224715413851157, 45.809592667463228 ], [ -1.224317712414362, 45.810283878368196 ], [ -1.224163642950714, 45.810965964759767 ], [ -1.223939158344924, 45.81141638097737 ], [ -1.223136263551094, 45.812032718781865 ], [ -1.222384462956833, 45.812322792552713 ], [ -1.21960225809277, 45.813039772181469 ], [ -1.217622375876492, 45.813285702456952 ], [ -1.216979551621567, 45.81348981088717 ], [ -1.216489375851736, 45.813815082938838 ], [ -1.215904351044507, 45.814603299131178 ], [ -1.215008572471389, 45.815710072248642 ], [ -1.214166591616043, 45.816678746424515 ], [ -1.212656156801395, 45.818168609639692 ], [ -1.209646396360417, 45.820472564701682 ], [ -1.206424000653777, 45.823541496509385 ], [ -1.204529948146882, 45.825091578937723 ], [ -1.202381583480314, 45.826685884444302 ], [ -1.202070860721445, 45.826833535883743 ], [ -1.201177265307676, 45.826956846764567 ], [ -1.199595675852315, 45.827366662286828 ], [ -1.199416087651883, 45.827545236006294 ], [ -1.199281362501404, 45.827640287426235 ], [ -1.19828331939861, 45.828083616450442 ], [ -1.197083547548268, 45.828434170142252 ], [ -1.19626717178516, 45.828726458533311 ], [ -1.19597000567805, 45.829052639913833 ], [ -1.195859256732196, 45.829462949807926 ], [ -1.195687101290291, 45.829739463266471 ], [ -1.195778718468514, 45.830097230033651 ], [ -1.196136023411029, 45.830715230363936 ], [ -1.196434491011418, 45.83142545535847 ], [ -1.196661385327144, 45.831868228826252 ], [ -1.197136822404698, 45.832345754211147 ], [ -1.197771705659446, 45.833052672761603 ], [ -1.198663402511215, 45.833921924271316 ], [ -1.199844025467275, 45.835374871993132 ], [ -1.200901859401004, 45.836733134013976 ], [ -1.201425494126707, 45.837669271248281 ], [ -1.202118349911429, 45.838635940205492 ], [ -1.202152561533386, 45.839084856025345 ], [ -1.201987174677779, 45.839623055675951 ], [ -1.202066563912133, 45.840837658159948 ], [ -1.202144477854739, 45.841014833271934 ], [ -1.202242524915103, 45.841110429275865 ], [ -1.202955582306672, 45.841842039864865 ], [ -1.202983108350283, 45.84203029925682 ], [ -1.203114990746054, 45.842070407281376 ], [ -1.203267407040117, 45.842379864466658 ], [ -1.203184063675255, 45.843149314128553 ], [ -1.203222044725543, 45.845663847831389 ], [ -1.203493302513083, 45.846014922015613 ], [ -1.20416861906492, 45.84640415175032 ], [ -1.204689347621812, 45.84647479438069 ], [ -1.205011983567922, 45.846462776041619 ], [ -1.206578138732648, 45.846016644699674 ], [ -1.207398919986272, 45.845625901376486 ], [ -1.208458146777904, 45.844964332231285 ], [ -1.208657700354414, 45.845046930324678 ], [ -1.208997462723004, 45.845259357566235 ], [ -1.209068550740797, 45.845346745159532 ], [ -1.208103773611946, 45.846401786052681 ], [ -1.207261339778676, 45.84719953655955 ], [ -1.207015877556764, 45.847704918444364 ], [ -1.207363144300196, 45.848034734940079 ], [ -1.207930809300458, 45.848528226341678 ], [ -1.20790426282549, 45.849024426488882 ], [ -1.207497189232288, 45.849445795122293 ], [ -1.207572972602417, 45.849767312912611 ], [ -1.20791270322784, 45.85015163684109 ], [ -1.2075214867996, 45.850608224868012 ], [ -1.207189872402164, 45.85065639477228 ], [ -1.205793107148657, 45.851808339365007 ], [ -1.205609192478956, 45.852103722366344 ], [ -1.20520766366973, 45.852579102238131 ], [ -1.204988230576949, 45.853426267393459 ], [ -1.204762082325499, 45.853686387952088 ], [ -1.203333349471262, 45.8539022740961 ], [ -1.202759216580296, 45.855167810058759 ], [ -1.203736462663647, 45.85698027637109 ], [ -1.203822942396392, 45.859131830938111 ], [ -1.202687171630209, 45.860157368988695 ], [ -1.20191033015609, 45.860628286416656 ], [ -1.200939531481085, 45.861936195586992 ], [ -1.201095334336285, 45.862462440950736 ], [ -1.200741238426885, 45.86256099638824 ], [ -1.200067749744117, 45.862699161457272 ], [ -1.199565237251373, 45.862888719548756 ], [ -1.19924054408969, 45.862855776332566 ], [ -1.199142009674842, 45.862408228652882 ], [ -1.199006661474819, 45.862323224265559 ], [ -1.198753065597713, 45.862377673565248 ], [ -1.19826158711089, 45.86271210365684 ], [ -1.197875361175638, 45.862717254876827 ], [ -1.19681840498651, 45.862395371280037 ], [ -1.196512841997971, 45.862632845394856 ], [ -1.19615532533055, 45.864034552985324 ], [ -1.196236670984398, 45.864256624068133 ], [ -1.19718005185916, 45.864952095082323 ], [ -1.197217462143106, 45.864924102497298 ], [ -1.197675053696272, 45.864663581691076 ], [ -1.199458687419781, 45.865372814757045 ], [ -1.199807341924024, 45.865719999132779 ], [ -1.199959882757364, 45.866030481228613 ], [ -1.200061794143492, 45.867694437278431 ], [ -1.199948997014997, 45.867924750335497 ], [ -1.199959260596263, 45.86805942537849 ], [ -1.200167188216299, 45.868231767557106 ], [ -1.199611944447299, 45.868748649266237 ], [ -1.199415739470799, 45.868710926847292 ], [ -1.198961789837165, 45.868673579765371 ], [ -1.198652703375186, 45.868865147719525 ], [ -1.197798831713294, 45.869518970533619 ], [ -1.19696676107257, 45.870632395838136 ], [ -1.196475959504134, 45.870957581535357 ], [ -1.195771538541737, 45.871208849368934 ], [ -1.195202187015933, 45.871175774010773 ], [ -1.193896894438532, 45.870999162001148 ], [ -1.193707517953939, 45.871051213405828 ], [ -1.193731432187687, 45.871365456513388 ], [ -1.194424053820303, 45.872152117828385 ], [ -1.194430887733428, 45.872241901532362 ], [ -1.194316023844157, 45.872426242620165 ], [ -1.193915849897787, 45.873288275101032 ], [ -1.193794226715933, 45.873383852194905 ], [ -1.193290338575045, 45.87353761874602 ], [ -1.192973647688656, 45.874630849299415 ], [ -1.193004986834143, 45.875215952296777 ], [ -1.193456187379964, 45.876236677296959 ], [ -1.193748973711726, 45.876677016542587 ], [ -1.193908787687891, 45.877256326005281 ], [ -1.193871928341376, 45.877618867818278 ], [ -1.19371387749668, 45.878256022021013 ], [ -1.193646809124658, 45.879241762513196 ], [ -1.193895626674043, 45.88099030146693 ], [ -1.192724138252754, 45.881881986284498 ], [ -1.192240664197451, 45.882305099647809 ], [ -1.191806415592725, 45.882547332305812 ], [ -1.189989359021023, 45.882425466499257 ], [ -1.189477852286289, 45.88248024963854 ], [ -1.189430642092705, 45.882707093731916 ], [ -1.18956660995695, 45.882973185580603 ], [ -1.189407910138931, 45.883429257858488 ], [ -1.189173304692087, 45.883754112215207 ], [ -1.188868973763959, 45.883990491308559 ], [ -1.188234256395481, 45.884139874404887 ], [ -1.188106276380327, 45.884325716997004 ], [ -1.188123339261146, 45.884550177259079 ], [ -1.18860214349274, 45.884893595787112 ], [ -1.188619712311864, 45.885298111674793 ], [ -1.188349576405652, 45.885984430025339 ], [ -1.188047258869049, 45.886266773404031 ], [ -1.187928931877225, 45.886406215990363 ], [ -1.187936258506853, 45.886676055814306 ], [ -1.188005414881417, 45.88671851051209 ], [ -1.188709112434385, 45.886647400881785 ], [ -1.189045718358557, 45.886816016541864 ], [ -1.189319918412932, 45.887030941107177 ], [ -1.189663023475064, 45.887477611033731 ], [ -1.190548055322671, 45.888076067701213 ], [ -1.191244256836645, 45.888907640707743 ], [ -1.191723739398608, 45.889259208213936 ], [ -1.193035425868206, 45.88970675937545 ], [ -1.193965453278765, 45.890221669638848 ], [ -1.194440925036913, 45.890520171589635 ], [ -1.194897770707685, 45.890593246268949 ], [ -1.194901189189922, 45.890638138120572 ], [ -1.195634440914756, 45.890935248366794 ], [ -1.196918351252121, 45.891844208773485 ], [ -1.197807486710313, 45.892667556127023 ], [ -1.199501711402781, 45.894056451779832 ], [ -1.201018257437322, 45.895496951070761 ], [ -1.201863844474928, 45.896593027460113 ], [ -1.202292792833657, 45.897298401395261 ], [ -1.202344245050323, 45.897972796128194 ], [ -1.202223052476622, 45.898247417729102 ], [ -1.201750952829311, 45.899166378361862 ], [ -1.201495481403542, 45.899717129481338 ], [ -1.201499529595072, 45.899943097077717 ], [ -1.201512526922293, 45.900113481321661 ], [ -1.201653404107056, 45.900423375749064 ], [ -1.201938073331278, 45.900773964973844 ], [ -1.202135094714849, 45.900820865414062 ], [ -1.20349514019059, 45.900860315567598 ], [ -1.204996733947672, 45.901083766654452 ], [ -1.206436142183223, 45.901490613030312 ], [ -1.209615366753926, 45.902878312022615 ], [ -1.210956489848577, 45.903512838654969 ], [ -1.211092488144768, 45.903949777989148 ], [ -1.211575447198991, 45.90486081318609 ], [ -1.213149072923787, 45.905334198892064 ], [ -1.214424874231408, 45.905458516452541 ], [ -1.214632854038377, 45.905648230974883 ], [ -1.214439942775196, 45.905655425876667 ], [ -1.214342330551118, 45.906065263990293 ], [ -1.215070279236759, 45.90663359720957 ], [ -1.217980971496234, 45.908373858220877 ], [ -1.219740495531375, 45.909760050576146 ], [ -1.221381123089249, 45.911104617355967 ], [ -1.223980305130394, 45.913326012667042 ], [ -1.225251018581329, 45.915081347887607 ], [ -1.225332635095069, 45.91530441842562 ], [ -1.225605759870511, 45.915654365030591 ], [ -1.22568385524699, 45.91583152413601 ], [ -1.226320771844342, 45.916719359124578 ], [ -1.226961727203465, 45.917506768936498 ], [ -1.227016334797757, 45.917549746455741 ], [ -1.227095899151009, 45.917726849920335 ], [ -1.227227980227781, 45.917766929847872 ], [ -1.227512901710248, 45.918117454733917 ], [ -1.227591006707526, 45.918294612525401 ], [ -1.228925067087592, 45.920012757713231 ], [ -1.229528079513101, 45.920629681412592 ], [ -1.228980950464309, 45.92091208681353 ], [ -1.229369554278605, 45.921600470438932 ], [ -1.229411082885214, 45.921969307150817 ], [ -1.229790065498143, 45.923028440507018 ], [ -1.23170670065507, 45.922595521359312 ], [ -1.231977217243241, 45.92273887069635 ], [ -1.23057094763602, 45.923269336605784 ], [ -1.230580590764441, 45.923394826746211 ], [ -1.232547659880567, 45.926459283807546 ], [ -1.233439313889843, 45.926633600768788 ], [ -1.233539630745948, 45.926927589651285 ], [ -1.232836760389592, 45.92703474156685 ], [ -1.232750307945374, 45.927588449942213 ], [ -1.23302699949725, 45.927830815138613 ], [ -1.232800061752326, 45.929246186312824 ], [ -1.233376283915392, 45.929341252393719 ], [ -1.233257277698671, 45.930310568632486 ], [ -1.233139642182217, 45.930802007703704 ], [ -1.23285391917031, 45.931128868927729 ], [ -1.232373114756573, 45.931092641387089 ], [ -1.231631522930746, 45.93069680560621 ], [ -1.231280757505201, 45.931341236486027 ], [ -1.231358125534307, 45.931680082837964 ], [ -1.231447465987818, 45.932155587170968 ], [ -1.230146098753922, 45.932375158596962 ], [ -1.229515090821381, 45.932578846483445 ], [ -1.229156753927116, 45.9329534335847 ], [ -1.229057731392369, 45.93319144554755 ], [ -1.228222725007661, 45.933087617657264 ], [ -1.228243414716923, 45.933356962784693 ], [ -1.228605272599251, 45.933848878918425 ], [ -1.228867059155212, 45.93440243406144 ], [ -1.229128769882315, 45.93495581713897 ], [ -1.229327408940694, 45.935174509119925 ], [ -1.229643480006628, 45.93592904604769 ], [ -1.229720806537487, 45.937278795500418 ], [ -1.229609374815439, 45.937508063359239 ], [ -1.229586508807646, 45.938050180225773 ], [ -1.229147754585868, 45.939229945972862 ], [ -1.228511744574088, 45.940381274988169 ], [ -1.228502591652694, 45.941273828371067 ], [ -1.227339475231728, 45.941272298571562 ], [ -1.226996359368795, 45.941005798432919 ], [ -1.226363381745967, 45.940173060580136 ], [ -1.226067386071931, 45.939507804432935 ], [ -1.226019051494978, 45.938878311285329 ], [ -1.226138674175272, 45.938602698541544 ], [ -1.225867520514427, 45.938432754130694 ], [ -1.225291892799076, 45.938499286279061 ], [ -1.224935390385683, 45.939089678954822 ], [ -1.225041163645566, 45.939626986402835 ], [ -1.225328975779279, 45.940166699996887 ], [ -1.226643383148899, 45.941470214028151 ], [ -1.226650278171637, 45.94155999583397 ], [ -1.228346733642939, 45.942948459652413 ], [ -1.229578319953355, 45.943993107897789 ], [ -1.230329094879956, 45.944506285336232 ], [ -1.234916844281219, 45.947517683940596 ], [ -1.236343080998589, 45.948591812218353 ], [ -1.238197828557031, 45.95033437690676 ], [ -1.23895714131787, 45.951127536110214 ], [ -1.240418818045782, 45.952830573779451 ], [ -1.240991333584531, 45.953711557039355 ], [ -1.24181648622175, 45.955357615834458 ], [ -1.242044934976173, 45.955980354276093 ], [ -1.242180738772, 45.957056769726762 ], [ -1.242043863990326, 45.957964354470299 ], [ -1.241668120172858, 45.959141809567676 ], [ -1.241631441779609, 45.959503346818657 ], [ -1.241301452286703, 45.960418171599322 ], [ -1.240789265729192, 45.961329594088873 ], [ -1.240387883935176, 45.962156028225657 ], [ -1.239547648399804, 45.963170804363898 ], [ -1.238881833469467, 45.9639171019112 ], [ -1.238331530856065, 45.964334717478529 ], [ -1.237080045198526, 45.964868635987123 ], [ -1.23677746591983, 45.965150089444045 ], [ -1.236423084247438, 45.965749645601861 ], [ -1.236189868509403, 45.966074542772468 ], [ -1.236139982162183, 45.966436571303227 ], [ -1.236211269692798, 45.966523941913984 ], [ -1.236595518814382, 45.966464532131297 ], [ -1.236910472905393, 45.966362696297956 ], [ -1.236779662338051, 45.967178980040451 ], [ -1.236383000292492, 45.968087073983895 ], [ -1.235949653954761, 45.968328401197766 ], [ -1.235064284910776, 45.968587672465162 ], [ -1.23487044892173, 45.968585720035662 ], [ -1.234659962566973, 45.968367475951261 ], [ -1.234430815702207, 45.967925853185811 ], [ -1.234388617281788, 45.967206089507293 ], [ -1.234608732903719, 45.966710815612068 ], [ -1.234797665664805, 45.966477619907998 ], [ -1.234790754237641, 45.966387838610075 ], [ -1.234907141652217, 45.96620340155436 ], [ -1.235065624614063, 45.965746245099751 ], [ -1.234959047367486, 45.965028891573603 ], [ -1.234612896620164, 45.963734223343508 ], [ -1.234473789352238, 45.963604370720333 ], [ -1.234019740405016, 45.963576346597378 ], [ -1.23405091328163, 45.963981382897849 ], [ -1.234461980657571, 45.964461216010214 ], [ -1.234496612660697, 45.964911142844713 ], [ -1.23415186635653, 45.965636181689824 ], [ -1.233784973120994, 45.965921056824584 ], [ -1.233527479891982, 45.965930693506515 ], [ -1.233320463475859, 45.965757337614917 ], [ -1.233349562409601, 45.965124945922433 ], [ -1.233433398383172, 45.964536548881703 ], [ -1.233408487695905, 45.964041238272905 ], [ -1.233627892863499, 45.963536784084141 ], [ -1.233684702308291, 45.963264538019885 ], [ -1.233677075414065, 45.962326566165693 ], [ -1.233909637573518, 45.961821618636307 ], [ -1.234276581374227, 45.961537763330874 ], [ -1.234821968484109, 45.961075331581725 ], [ -1.234946592233608, 45.960845565675882 ], [ -1.23493622579738, 45.96071089373649 ], [ -1.234239836789952, 45.960907835654929 ], [ -1.233800280574477, 45.961239428845367 ], [ -1.233387780848016, 45.961751110595443 ], [ -1.233109478681647, 45.962519702934152 ], [ -1.232911445885738, 45.963473555898354 ], [ -1.232790944739363, 45.964424507172808 ], [ -1.232904471283154, 45.96622412689193 ], [ -1.232756273507665, 45.966986825786286 ], [ -1.232862176672998, 45.96752412585105 ], [ -1.233631935754871, 45.968450972560802 ], [ -1.234434290787376, 45.968962206312163 ], [ -1.235452663707608, 45.968753212709409 ], [ -1.235451985936592, 45.968915924108472 ], [ -1.235676902490231, 45.969149997562745 ], [ -1.235619517171583, 45.96924320935053 ], [ -1.234736802299955, 45.969537166263535 ], [ -1.233280852333661, 45.970123710253759 ], [ -1.232915387838412, 45.970408527810172 ], [ -1.232871735630201, 45.970680280778339 ], [ -1.232964478487353, 45.971218073421426 ], [ -1.233379857585055, 45.971562690873533 ], [ -1.234173934611967, 45.971813326499415 ], [ -1.236766662621216, 45.972897015984181 ], [ -1.23729775119771, 45.973238310509835 ], [ -1.237801087856186, 45.97390499165062 ], [ -1.237895268939727, 45.974441705188923 ], [ -1.237807378002366, 45.974977053003904 ], [ -1.237297111692707, 45.976258772927061 ], [ -1.237016761787496, 45.976810535835597 ], [ -1.236289113206529, 45.978452364809506 ], [ -1.236188737122417, 45.978997386600845 ], [ -1.236040519400464, 45.979588196136753 ], [ -1.236174301428637, 45.981648993976698 ], [ -1.236399337446574, 45.982226853055792 ], [ -1.237108427029006, 45.983200977282657 ], [ -1.237945623025835, 45.984161091755936 ], [ -1.239397800684749, 45.985558597162829 ], [ -1.240010730076341, 45.986121918938501 ], [ -1.241636894420199, 45.987242759411878 ], [ -1.244045362484647, 45.988851649267623 ], [ -1.244049295226276, 45.988854276274388 ], [ -1.244053679036072, 45.988857204586829 ], [ -1.244041798799342, 45.988859199235272 ], [ -1.243515072795687, 45.988928840253095 ], [ -1.243493974751644, 45.988931629716745 ], [ -1.24347938168003, 45.988933559127382 ], [ -1.213736814983665, 45.992333027777285 ], [ -1.213736814986184, 45.992333027781626 ], [ -1.258277996851937, 46.02411256826516 ], [ -1.162357324373611, 46.034745371142172 ], [ -1.121850446031387, 46.003228691547079 ], [ -1.121109752894929, 46.002755203238685 ], [ -1.121299693274428, 46.002433632373538 ], [ -1.121280032640371, 46.001583169693127 ], [ -1.121254999069182, 46.000500251079835 ], [ -1.121258381937559, 46.000447813337964 ], [ -1.120424320709857, 45.962532015966069 ], [ -1.12037796853962, 45.961633110682534 ], [ -1.12034031078256, 45.960902794087616 ], [ -1.120340310784744, 45.960902794084355 ], [ -1.120224718435416, 45.959202513944938 ], [ -1.119629582692534, 45.957817423281767 ], [ -1.119538324161268, 45.957460614638016 ], [ -1.119211191582006, 45.957048963722592 ], [ -1.11898269519018, 45.95675956182432 ], [ -1.118761169070362, 45.956406473378728 ], [ -1.11786882704077, 45.955537610529994 ], [ -1.117319541352095, 45.955097210997771 ], [ -1.117190539139009, 45.954921840975921 ], [ -1.117140076438645, 45.954247407763098 ], [ -1.117194363839534, 45.954110382241637 ], [ -1.11722668620553, 45.953522968467304 ], [ -1.117145527320233, 45.953300840459704 ], [ -1.116800122022586, 45.952997274909968 ], [ -1.11652896643631, 45.952647012696666 ], [ -1.116515456337573, 45.952466415524867 ], [ -1.116158598920399, 45.952029238941812 ], [ -1.115904165289158, 45.951902426021569 ], [ -1.115904165290592, 45.951902426021668 ], [ -1.100503911178514, 45.945257208288133 ], [ -1.100744604987053, 45.945023400719492 ], [ -1.100734352614697, 45.944708660626638 ], [ -1.099673047444905, 45.944340973832233 ], [ -1.098926152633512, 45.943862642178743 ], [ -1.098594146019483, 45.943559564295761 ], [ -1.098034326673591, 45.942993622978648 ], [ -1.097100887748017, 45.942432008786639 ], [ -1.095715623335409, 45.941887776335541 ], [ -1.094332652105931, 45.941531692743347 ], [ -1.092967660554682, 45.941436851941816 ], [ -1.092764593093918, 45.941309154582157 ], [ -1.092315142, 45.941181165906272 ], [ -1.091983376323746, 45.941058124698955 ], [ -1.090410054061006, 45.940744690775077 ], [ -1.090337568748519, 45.9406572814135 ], [ -1.089484340618174, 45.940463063217322 ], [ -1.088689734964392, 45.9400314102054 ], [ -1.087689690811315, 45.93961740958688 ], [ -1.087091490141432, 45.9392236616983 ], [ -1.086494226011368, 45.939020170156574 ], [ -1.084732985715016, 45.93862342065016 ], [ -1.083745638976709, 45.938379782694568 ], [ -1.082995158208819, 45.938541930514063 ], [ -1.081214367706895, 45.938236887532604 ], [ -1.07826618779144, 45.937513543814156 ], [ -1.077479119784908, 45.937181806272378 ], [ -1.077069007880589, 45.936871256741433 ], [ -1.07674677052382, 45.935846500961993 ], [ -1.076191646787437, 45.934270519221471 ], [ -1.075979252095551, 45.932808018998564 ], [ -1.075813929017867, 45.932317788063848 ], [ -1.075806507543902, 45.930118447099233 ], [ -1.076037055979149, 45.929568929392623 ], [ -1.075997092162055, 45.929029164133809 ], [ -1.075855122718856, 45.928854221477849 ], [ -1.075848339362825, 45.928584374561204 ], [ -1.075420900880577, 45.928058577858614 ], [ -1.075468543698173, 45.927830761157857 ], [ -1.075439102496481, 45.927254809045202 ], [ -1.075025828423358, 45.926900377040042 ], [ -1.074688590902553, 45.926543203161195 ], [ -1.074465609671751, 45.926145079936454 ], [ -1.074428855243014, 45.925470153494643 ], [ -1.074531544444708, 45.925114515328758 ], [ -1.074661203891368, 45.924073469119591 ], [ -1.074804281279172, 45.923392060628821 ], [ -1.074778409167884, 45.921814391564801 ], [ -1.074684178201316, 45.921412651370609 ], [ -1.074477829106101, 45.92123900541138 ], [ -1.07401265417932, 45.920895649958304 ], [ -1.073976038299887, 45.920400779469787 ], [ -1.07414223800379, 45.919853584012117 ], [ -1.074106626519869, 45.918322304870223 ], [ -1.073872126919261, 45.917609490711037 ], [ -1.07371683241811, 45.917253943149419 ], [ -1.073734451428709, 45.916442011836594 ], [ -1.073846488761303, 45.916212897915216 ], [ -1.07381149172732, 45.914689781526896 ], [ -1.0740121022389, 45.913736208746258 ], [ -1.074512429807908, 45.912455701360955 ], [ -1.074703658401412, 45.911375603830706 ], [ -1.074795542154322, 45.910696039891619 ], [ -1.074999443121293, 45.909787360829178 ], [ -1.075165734025835, 45.909420219978088 ], [ -1.075261140165422, 45.908966627521053 ], [ -1.075382913180968, 45.908691121948898 ], [ -1.075631778840011, 45.907518912838079 ], [ -1.075852402469651, 45.90701476540022 ], [ -1.076504582312409, 45.906044898470881 ], [ -1.077554249584668, 45.904347602272949 ], [ -1.079129719407871, 45.901559131461113 ], [ -1.079538010797481, 45.900958169384566 ], [ -1.079967961286886, 45.900491469548363 ], [ -1.080141598131618, 45.90022431545777 ], [ -1.080416953862679, 45.89992586483497 ], [ -1.081818510438298, 45.898630158938488 ], [ -1.082262332069261, 45.898173178725372 ], [ -1.082482667313532, 45.89800254869828 ], [ -1.083674405065074, 45.896822843551654 ], [ -1.084472411629695, 45.896261997899117 ], [ -1.086299939463488, 45.894627536448709 ], [ -1.088447389312522, 45.892764571688986 ], [ -1.090622240555178, 45.890404373396663 ], [ -1.09158200175287, 45.889242179871452 ], [ -1.093279242366451, 45.887575477372977 ], [ -1.095219294253961, 45.885530609520089 ], [ -1.097339585183168, 45.883488373534533 ], [ -1.098303106832943, 45.88238020086888 ], [ -1.098915577350067, 45.881771748139208 ], [ -1.099204966307459, 45.88131006445645 ], [ -1.099235846307096, 45.880858784672427 ], [ -1.099216201832411, 45.880417523153831 ], [ -1.099131200035645, 45.880141304626044 ], [ -1.098270453359628, 45.879676340062247 ], [ -1.097995184007602, 45.879461247867994 ], [ -1.096941145971741, 45.879174142099799 ], [ -1.093030297513275, 45.878486203832843 ], [ -1.091793550065384, 45.878341742580353 ], [ -1.090959818636031, 45.878416958054373 ], [ -1.090969893772699, 45.878552663232568 ], [ -1.090682657899132, 45.878688905413689 ], [ -1.088285214149667, 45.877865163310695 ], [ -1.088329253278803, 45.877412390315584 ], [ -1.088111648536996, 45.87710515746052 ], [ -1.086706191926864, 45.876245476616397 ], [ -1.084543485002891, 45.875286305691994 ], [ -1.083604514675179, 45.8744547342869 ], [ -1.0835630329495, 45.874428610981589 ], [ -1.083152143752427, 45.874101758167754 ], [ -1.082166407529463, 45.873686213363982 ], [ -1.080108849006112, 45.872759994286234 ], [ -1.078761397479132, 45.871988158306017 ], [ -1.078771145351491, 45.871941767886227 ], [ -1.079072558286212, 45.871660790129752 ], [ -1.079187805603272, 45.87147656634346 ], [ -1.079406389966027, 45.870927464192398 ], [ -1.080703883560115, 45.871024843498205 ], [ -1.081561472487315, 45.87127315330342 ], [ -1.082228981194669, 45.871565158430194 ], [ -1.082695656555995, 45.871953427879568 ], [ -1.083055291594988, 45.872616681132328 ], [ -1.08331525662471, 45.872824175027752 ], [ -1.083599971948785, 45.8733458816249 ], [ -1.084216896498806, 45.873666305308468 ], [ -1.085511134607327, 45.873718734298912 ], [ -1.086246219537009, 45.874052265512972 ], [ -1.086320479180678, 45.87418462537179 ], [ -1.085775555950071, 45.874835579803488 ], [ -1.085788946379603, 45.87501618053038 ], [ -1.086136776870121, 45.875183659281355 ], [ -1.089367375168824, 45.876617728735233 ], [ -1.090491508346266, 45.876982163866074 ], [ -1.098299764675976, 45.878160082791645 ], [ -1.098996642235062, 45.876954150719378 ], [ -1.101231768186067, 45.873509093024246 ], [ -1.101194939556796, 45.873014231659255 ], [ -1.100971158463678, 45.872427942333353 ], [ -1.10093835709969, 45.871987158536079 ], [ -1.102209578442023, 45.870687705235078 ], [ -1.103866034335928, 45.869193149801653 ], [ -1.105142234012301, 45.868119581319711 ], [ -1.105459904977551, 45.86788192958749 ], [ -1.105693551242833, 45.867558322643113 ], [ -1.105748465863766, 45.867430485672948 ], [ -1.105467240443295, 45.86711536632739 ], [ -1.104596613093613, 45.866515766522234 ], [ -1.10139491113081, 45.865802368725426 ], [ -1.100469716015069, 45.865511648241593 ], [ -1.100463035867123, 45.865421858933132 ], [ -1.100741311326745, 45.864654667621473 ], [ -1.100772093520716, 45.864202367231094 ], [ -1.100625119515386, 45.86380153795438 ], [ -1.099794797498296, 45.862876122136612 ], [ -1.099433358541553, 45.862348030491674 ], [ -1.099065037830769, 45.86155009241336 ], [ -1.098708620834502, 45.860931784966148 ], [ -1.098472378850231, 45.860354130607789 ], [ -1.098316878183355, 45.859818561234547 ], [ -1.09869573340195, 45.859714777832558 ], [ -1.099404683337675, 45.859698248774272 ], [ -1.099472277380678, 45.859740810591532 ], [ -1.099749622269208, 45.860181923022481 ], [ -1.099884812176914, 45.860267046204946 ], [ -1.099898169364102, 45.860446624869248 ], [ -1.100109170936858, 45.860665065941745 ], [ -1.100948802415982, 45.861715980318955 ], [ -1.101012637388542, 45.86275107496359 ], [ -1.10201570955368, 45.863400111343346 ], [ -1.102035756909707, 45.863669478980754 ], [ -1.101870003159786, 45.864216714960975 ], [ -1.101906148544193, 45.864702393027798 ], [ -1.10243262631167, 45.865007587361049 ], [ -1.104722223888332, 45.865429792180066 ], [ -1.105121168712955, 45.865595354394074 ], [ -1.105918099252298, 45.866070765871143 ], [ -1.106274395460346, 45.866508994744208 ], [ -1.106294775627216, 45.866959437879665 ], [ -1.107165190727816, 45.867378968702837 ], [ -1.108530502503939, 45.86769864167934 ], [ -1.108792123221832, 45.867554074627549 ], [ -1.1094020143107, 45.866737960522109 ], [ -1.10972296616101, 45.866898160715941 ], [ -1.110845851317849, 45.866893098624708 ], [ -1.111099519573235, 45.865954892343915 ], [ -1.111555114070966, 45.865839064837481 ], [ -1.112286258736463, 45.864568355207552 ], [ -1.113190811642875, 45.863894951080333 ], [ -1.114553997689489, 45.862970538510382 ], [ -1.11494203370011, 45.862460195404985 ], [ -1.114676404533365, 45.86200129579634 ], [ -1.116239959173106, 45.861682395521157 ], [ -1.116052319318023, 45.861248279523124 ], [ -1.117521948726183, 45.860887767814567 ], [ -1.117671334839131, 45.860809680047126 ], [ -1.117271410275574, 45.860121393300155 ], [ -1.117296719438467, 45.859597665952883 ], [ -1.117870346159493, 45.859161368293989 ], [ -1.118517423076613, 45.859002718056921 ], [ -1.118995158590308, 45.858498294701278 ], [ -1.120186573092717, 45.858373999835685 ], [ -1.120750136986935, 45.858136535465441 ], [ -1.120998778032088, 45.857838945604129 ], [ -1.121026110319907, 45.857342766064448 ], [ -1.120965172691049, 45.857056475145981 ], [ -1.1211673958451, 45.856471040684639 ], [ -1.121488037725106, 45.856451151601568 ], [ -1.125252301660043, 45.856917310391509 ], [ -1.125055483767718, 45.857222225192096 ], [ -1.125145628626966, 45.857389790396326 ], [ -1.126581622441487, 45.857951180147595 ], [ -1.128259141592202, 45.857944082029533 ], [ -1.128410187045318, 45.858064401545974 ], [ -1.130367966480938, 45.858534024478693 ], [ -1.130494193281929, 45.858655249335719 ], [ -1.130554409953769, 45.858950771359879 ], [ -1.130702787028014, 45.85903537687318 ], [ -1.132182544862964, 45.859143906193552 ], [ -1.133073771483275, 45.859156303233448 ], [ -1.133765181278567, 45.858905907429268 ], [ -1.135502765114807, 45.858859671681067 ], [ -1.137449437629017, 45.858653303405099 ], [ -1.13764893432946, 45.858736026910236 ], [ -1.13782298018796, 45.859162426189847 ], [ -1.13820533872608, 45.859788883103832 ], [ -1.137907324099797, 45.859934856123111 ], [ -1.137859709206417, 45.860685521011789 ], [ -1.138838131592632, 45.860649661026471 ], [ -1.140286567022182, 45.860866661749995 ], [ -1.141801068426832, 45.860910360370937 ], [ -1.143097487325388, 45.86116973404939 ], [ -1.145533571476684, 45.861648152887916 ], [ -1.147588672608375, 45.861500041672251 ], [ -1.149051795015218, 45.861230409563369 ], [ -1.149699182979831, 45.861251636562692 ], [ -1.150482533535786, 45.86136710518872 ], [ -1.150945841314667, 45.861530143713523 ], [ -1.151152207668578, 45.861703649983852 ], [ -1.151532819184943, 45.861779691552151 ], [ -1.152502182958601, 45.861798272324307 ], [ -1.152772733843513, 45.861968392289761 ], [ -1.15319363168051, 45.862404109940627 ], [ -1.154031034652962, 45.862381490990707 ], [ -1.154859592979754, 45.862260971136536 ], [ -1.155423124202706, 45.86202435415688 ], [ -1.155781500876462, 45.861650001018113 ], [ -1.15589454647406, 45.861420752400157 ], [ -1.155848608983614, 45.860656121089818 ], [ -1.155638747667671, 45.860086801567384 ], [ -1.154887346650137, 45.859365525667201 ], [ -1.154392748138347, 45.858806682021708 ], [ -1.153377385114517, 45.858176959498664 ], [ -1.152939455214442, 45.857670251445136 ], [ -1.152491773233261, 45.857208918145723 ], [ -1.15133312105918, 45.857242317676402 ], [ -1.150254642029149, 45.856804167897231 ], [ -1.149780055545687, 45.857190959528644 ], [ -1.148780978015008, 45.856776478932701 ], [ -1.148757326124115, 45.856462226467563 ], [ -1.148353183793326, 45.856053503954861 ], [ -1.148402328168309, 45.855519674948646 ], [ -1.149138423411764, 45.855339157527766 ], [ -1.14898529521178, 45.854685894261301 ], [ -1.149715470018782, 45.854271295104837 ], [ -1.15000814262066, 45.853530027606425 ], [ -1.150454743981542, 45.852441377124762 ], [ -1.151096737589559, 45.851867332796203 ], [ -1.151550516479467, 45.851904872087268 ], [ -1.152466295868255, 45.851564254358919 ], [ -1.153481970371347, 45.85150028983287 ], [ -1.154025279195002, 45.851696179008535 ], [ -1.15480529071187, 45.852118673649336 ], [ -1.155651162460117, 45.852385270081712 ], [ -1.156477094995284, 45.853066961090427 ], [ -1.157746285895455, 45.853471425925868 ], [ -1.158573873933938, 45.853495170508559 ], [ -1.159153664097539, 45.853824745661449 ], [ -1.160331259189919, 45.854043278146065 ], [ -1.161966825556319, 45.854334952203615 ], [ -1.163892774458015, 45.854380573434838 ], [ -1.16529577891929, 45.854500705919826 ], [ -1.166777920397224, 45.854815365431719 ], [ -1.167096774975195, 45.855101329153754 ], [ -1.167753404521422, 45.855419841494474 ], [ -1.16920181627983, 45.855636471594536 ], [ -1.169761485091499, 45.855021360589589 ], [ -1.169279733066526, 45.854614550829304 ], [ -1.168195762574748, 45.854105152275245 ], [ -1.167999631164021, 45.854067375339035 ], [ -1.167599043882805, 45.85390106877464 ], [ -1.165227118044487, 45.85306880637404 ], [ -1.164414026027342, 45.852558587953339 ], [ -1.163738415356625, 45.8519880446268 ], [ -1.161351402178572, 45.85062423472128 ], [ -1.160812211636508, 45.850327961674203 ], [ -1.160859585690303, 45.850082710636386 ], [ -1.161279191412408, 45.849842155505932 ], [ -1.162030238128824, 45.849706016415297 ], [ -1.16250806393597, 45.849364066206341 ], [ -1.163802499327052, 45.849424781391917 ], [ -1.164217612895053, 45.849454487329211 ], [ -1.165600803611555, 45.84981782489654 ], [ -1.166185755807417, 45.849886274482436 ], [ -1.166891165818342, 45.849824429404975 ], [ -1.167198795854857, 45.849633002298347 ], [ -1.167192009051028, 45.849543217 ], [ -1.166779344850815, 45.849197283057812 ], [ -1.165505244281272, 45.848378733121955 ], [ -1.16482697582584, 45.847772486265654 ], [ -1.164148529320478, 45.847338128684498 ], [ -1.163853045979233, 45.847186350276488 ], [ -1.165302375883061, 45.847069446532956 ], [ -1.165771659226075, 45.847467521587909 ], [ -1.166249589850475, 45.847999306319906 ], [ -1.167095774967015, 45.848599346978084 ], [ -1.167673377207441, 45.849074244248314 ], [ -1.167991876596345, 45.849026675472196 ], [ -1.168113567916876, 45.848932146484529 ], [ -1.168099477933153, 45.848571500069554 ], [ -1.167467755426195, 45.847729251474583 ], [ -1.167312131768251, 45.847374853335964 ], [ -1.167260644035675, 45.846519367473057 ], [ -1.167484274075764, 45.846069117435626 ], [ -1.167604026146355, 45.845929642469336 ], [ -1.167595850889818, 45.84582149203645 ], [ -1.167823123046261, 45.84576808293518 ], [ -1.167581952793908, 45.84530839160859 ], [ -1.167258953569956, 45.845121828365698 ], [ -1.166714202616388, 45.844926056745436 ], [ -1.164113837237458, 45.843641808714523 ], [ -1.163118808233111, 45.843957826605916 ], [ -1.162651057155149, 45.844083529012366 ], [ -1.161879478976837, 45.844121188425525 ], [ -1.161622126319083, 45.843950605931681 ], [ -1.160416948351555, 45.843363761573492 ], [ -1.160228869771603, 45.84345152087581 ], [ -1.159637822214672, 45.844329662267945 ], [ -1.159529750893447, 45.844604773900301 ], [ -1.158297552579664, 45.845542340780398 ], [ -1.157012201105853, 45.845445422129515 ], [ -1.156205911853349, 45.846052155604923 ], [ -1.155583922689845, 45.84634618339232 ], [ -1.155339048172538, 45.846535267974545 ], [ -1.155345815321273, 45.846625053976553 ], [ -1.156495400063489, 45.847484105653344 ], [ -1.157044834636028, 45.847761603867411 ], [ -1.157350056824545, 45.847868023228862 ], [ -1.157111411505101, 45.848120316129474 ], [ -1.156394075902512, 45.847849000245645 ], [ -1.155652071655651, 45.847425119231957 ], [ -1.155455972576769, 45.847387320531588 ], [ -1.155079232288236, 45.847536240899089 ], [ -1.153704003094108, 45.847082451251417 ], [ -1.15292084857452, 45.846967004996095 ], [ -1.151192949144543, 45.847156403989949 ], [ -1.15126688273369, 45.846252313394338 ], [ -1.151544737600133, 45.845665053211505 ], [ -1.152407854496939, 45.844957021193856 ], [ -1.15271550763476, 45.844765633546935 ], [ -1.154369558847183, 45.844452058683622 ], [ -1.154807131843719, 45.844255883356972 ], [ -1.155330561465359, 45.843334218604411 ], [ -1.155655673425931, 45.842520118730747 ], [ -1.155641666489954, 45.842159470830552 ], [ -1.15547936769613, 45.841715270480975 ], [ -1.1552050533811, 45.841319188133809 ], [ -1.15344633977389, 45.840067156804125 ], [ -1.153442958143894, 45.84002226375457 ], [ -1.153229979623053, 45.839759995950686 ], [ -1.153204385298616, 45.839264722326241 ], [ -1.153282044795267, 45.838585579316771 ], [ -1.153230859577496, 45.837731107584737 ], [ -1.152953587090491, 45.83747018240625 ], [ -1.152626534221164, 45.837247920699575 ], [ -1.150638596391142, 45.836545518464668 ], [ -1.150395208101541, 45.836734538597376 ], [ -1.15020252939393, 45.836741623927267 ], [ -1.150114274426612, 45.836249677975374 ], [ -1.149453590181886, 45.836047860415555 ], [ -1.149423187154122, 45.83564382194163 ], [ -1.149730345522836, 45.8352713665331 ], [ -1.150063018227612, 45.834537832895379 ], [ -1.150364478192529, 45.834264827812319 ], [ -1.150688594388778, 45.834117855778956 ], [ -1.151053657383642, 45.833834324458287 ], [ -1.151582349377323, 45.833138592703996 ], [ -1.152169258412791, 45.833216243801836 ], [ -1.152351783594594, 45.833074475900091 ], [ -1.152452722068268, 45.832529529472886 ], [ -1.152361381684463, 45.832171727589945 ], [ -1.152018154082245, 45.831734181476925 ], [ -1.151473898706138, 45.831348024173053 ], [ -1.150411906096554, 45.830791629218567 ], [ -1.149735932216982, 45.830366314327769 ], [ -1.148922176478062, 45.82966572617935 ], [ -1.147072309655443, 45.827875735779962 ], [ -1.145916530477333, 45.826926802232194 ], [ -1.144586145916589, 45.82638021836474 ], [ -1.144182533513735, 45.826169955938795 ], [ -1.143769831317753, 45.825643882614948 ], [ -1.143640714205395, 45.825639415944451 ], [ -1.143142407618158, 45.825882798971669 ], [ -1.14270302618123, 45.826033982079835 ], [ -1.142373752626367, 45.82595603576317 ], [ -1.141832380019568, 45.82560656301024 ], [ -1.140634734971645, 45.824604892120121 ], [ -1.139932222626125, 45.823999406668783 ], [ -1.13964688378818, 45.823648715630775 ], [ -1.139568892563075, 45.822434070326111 ], [ -1.13934889061133, 45.821900913726154 ], [ -1.138931856084006, 45.821511058791465 ], [ -1.137503374777602, 45.820336736421581 ], [ -1.137156894829076, 45.819853231529009 ], [ -1.136778212072297, 45.81892073691381 ], [ -1.136029855560822, 45.817370533644642 ], [ -1.135558138257075, 45.815899197676828 ], [ -1.135534579134087, 45.81558494283896 ], [ -1.135392488907478, 45.814372648362436 ], [ -1.135090074544999, 45.813617422627125 ], [ -1.134721679723753, 45.811962230684045 ], [ -1.134358454862967, 45.811254249524708 ], [ -1.134310952063456, 45.810444663610909 ], [ -1.134348234061888, 45.8100831623128 ], [ -1.134256845600558, 45.808687919343392 ], [ -1.134446064201317, 45.808635967648634 ], [ -1.134405290727533, 45.807916168991134 ], [ -1.133424113329561, 45.807727041426901 ], [ -1.132950531867586, 45.807420067730604 ], [ -1.13260753548639, 45.80698144272381 ], [ -1.132519804937034, 45.806669539060941 ], [ -1.13238116621884, 45.805502134828444 ], [ -1.132300087495899, 45.805278997952392 ], [ -1.132264610096066, 45.804649039312721 ], [ -1.13238099895646, 45.80446470826012 ], [ -1.132996280504772, 45.803910148712127 ], [ -1.133337616821708, 45.803311399423144 ], [ -1.133694622084375, 45.802902373066679 ], [ -1.134624850243637, 45.802237019170732 ], [ -1.135292903839204, 45.801725368492647 ], [ -1.135299931839255, 45.801720379865507 ], [ -1.1377067660698, 45.800067614668066 ], [ -1.139256397545909, 45.799122552344777 ], [ -1.14094328450594, 45.798307692906029 ], [ -1.141630527446995, 45.798012356122101 ], [ -1.142554879443119, 45.797446388501022 ], [ -1.143314505354917, 45.7971023418607 ], [ -1.144402435774505, 45.796981542955272 ], [ -1.146791886279162, 45.797227249475782 ], [ -1.147908033180331, 45.797501326338235 ], [ -1.148112234714602, 45.797629891006373 ], [ -1.148129108277915, 45.797854356712655 ], [ -1.149094347560528, 45.798008128932445 ], [ -1.149425381111139, 45.798131002342728 ], [ -1.1494558402293, 45.798536060566626 ], [ -1.149587579868853, 45.798576231004418 ], [ -1.150851623230211, 45.799260226159127 ], [ -1.153363672523027, 45.800258397467616 ], [ -1.154636483024981, 45.8010770829775 ], [ -1.155243119397289, 45.801595968781918 ], [ -1.155297288740811, 45.802315276038243 ], [ -1.156137238104272, 45.802338554751188 ], [ -1.158485197648274, 45.801855040550194 ], [ -1.162069823446367, 45.800487905926801 ], [ -1.164350081409336, 45.799961745505698 ], [ -1.164784494158039, 45.799728801483162 ], [ -1.166540639482622, 45.798906822401584 ], [ -1.167270056439472, 45.79833863657781 ], [ -1.17158438536374, 45.795194656883844 ], [ -1.172263101662925, 45.794808382479708 ], [ -1.173129777058125, 45.794335343971539 ], [ -1.174770861311037, 45.7936975560308 ], [ -1.175338170407464, 45.793540476148387 ], [ -1.177961509184135, 45.793281663086766 ], [ -1.179105127804514, 45.793067401536561 ], [ -1.180296748867627, 45.792618072478056 ], [ -1.182948069384372, 45.791725801333307 ], [ -1.184376514076896, 45.791005717343616 ], [ -1.185695550450715, 45.790559785272769 ], [ -1.188365255426555, 45.789892813090638 ], [ -1.189496334935684, 45.789688116249323 ], [ -1.189891832686457, 45.789619195067814 ], [ -1.191681968940971, 45.789426819410124 ], [ -1.194067370320024, 45.789446578148876 ], [ -1.196064173378364, 45.789606594965271 ], [ -1.197110111040683, 45.789801972000404 ], [ -1.201383333613508, 45.791238964870423 ], [ -1.202382241802372, 45.791661141504704 ], [ -1.20385235426275, 45.792508772417193 ], [ -1.205112051191411, 45.793147322591032 ], [ -1.206237406457318, 45.793519733398391 ], [ -1.205539601884131, 45.793671606793502 ], [ -1.205219367668541, 45.793864647627117 ], [ -1.204458081309852, 45.794028089652492 ], [ -1.203743166915262, 45.793955494751039 ], [ -1.20322092567147, 45.793704847105509 ], [ -1.202960733197792, 45.793668502511473 ], [ -1.202710253646246, 45.79375968996272 ], [ -1.202531954625529, 45.794126485648235 ], [ -1.202169455997457, 45.794456148974348 ], [ -1.203956208622795, 45.794217666839778 ], [ -1.206461362820534, 45.794097650298568 ], [ -1.208473401446311, 45.793265444109181 ], [ -1.208902693089911, 45.792987493533523 ], [ -1.209440538014113, 45.792426166130923 ], [ -1.21124968058183, 45.791466422673771 ], [ -1.21275416844732, 45.790923202532923 ], [ -1.21326961203377, 45.790912130665205 ], [ -1.213987304141798, 45.79102139433946 ], [ -1.214851106012642, 45.791358474211791 ], [ -1.215182913271049, 45.791662230040941 ], [ -1.21521034418886, 45.792021358909203 ], [ -1.214909435358519, 45.792294536523286 ], [ -1.214469059243981, 45.792446053068794 ], [ -1.213773450460731, 45.792607105127615 ], [ -1.213783733752686, 45.792741778587292 ], [ -1.214034152881444, 45.792822459626493 ], [ -1.215695964513534, 45.792634499031323 ], [ -1.218615228950625, 45.791867433076156 ], [ -1.220280351223185, 45.791723275750563 ], [ -1.223146255209625, 45.79127322208474 ], [ -1.224607148027376, 45.791002612583142 ], [ -1.227608195509116, 45.790637419164291 ], [ -1.230220045927648, 45.790232517062591 ], [ -1.232250226092305, 45.789814597857934 ], [ -1.232494507551628, 45.789624326822214 ], [ -1.232560013838374, 45.789486808658822 ], [ -1.232679478901927, 45.789347265051155 ], [ -1.233758636272862, 45.789134858460457 ], [ -1.233758636275165, 45.789134858460002 ] ] ] ] } },
{ "type": "Feature", "properties": { "fid": 3, "gid": 3, "id": 3, "cdmassedea": "FC03", "cdeumassed": "FRFC03", "nommassede": "Côte Ouest de l'Ile d'Oleron", "systemeref": "31", "cdeubassin": "FRF", "typemassed": "C6", "cdeussbass": "FRF_COAC", "cdcategori": "1.2.1", "cdnaturema": "1", "surftotkm": 157.54941993116699 }, "geometry": { "type": "MultiPolygon", "coordinates": [ [ [ [ -1.215639971221542, 45.671240434906018 ], [ -1.216428886491538, 45.671181665832343 ], [ -1.216730587959914, 45.671159189535018 ], [ -1.218993700552462, 45.670990564764516 ], [ -1.25718058516876, 45.668628977950718 ], [ -1.26146187253187, 45.680502254119467 ], [ -1.261761198703375, 45.681635868340067 ], [ -1.261866037698765, 45.682271191466405 ], [ -1.261953208219884, 45.682478891319917 ], [ -1.262279574513875, 45.68420595619083 ], [ -1.262309605538746, 45.684440228106112 ], [ -1.262330672852791, 45.684492175816139 ], [ -1.262487758554958, 45.685453927078413 ], [ -1.262756186347319, 45.686789725485603 ], [ -1.263184038401823, 45.688762201395164 ], [ -1.263430767427467, 45.690508330737913 ], [ -1.263411376316049, 45.690594591971077 ], [ -1.263440418630407, 45.690678275532441 ], [ -1.26349752196159, 45.691799041465828 ], [ -1.263664335627644, 45.693313519588941 ], [ -1.263549781597224, 45.693903268188848 ], [ -1.263734168419113, 45.694471014829453 ], [ -1.263746871010176, 45.69567780527629 ], [ -1.263738460249346, 45.69570698062828 ], [ -1.263747350468534, 45.695730414434706 ], [ -1.263748218572162, 45.695878972241346 ], [ -1.263829421850117, 45.696332423732493 ], [ -1.26386686717414, 45.696634570911584 ], [ -1.263888145493171, 45.696689603618871 ], [ -1.264052454147701, 45.697783204404736 ], [ -1.26427039277082, 45.698616085766126 ], [ -1.26432153431002, 45.698925009212054 ], [ -1.264375508093424, 45.699052245742514 ], [ -1.264702708212357, 45.700519272387027 ], [ -1.264810003882621, 45.701258732943472 ], [ -1.264864921952688, 45.701400390582393 ], [ -1.265260654372032, 45.70411678957867 ], [ -1.265244486546026, 45.704207070035878 ], [ -1.265288688719648, 45.704320189018333 ], [ -1.265485891745907, 45.705869812419472 ], [ -1.265439176841711, 45.706124094290601 ], [ -1.265543379177946, 45.706410680290112 ], [ -1.265645874063745, 45.707683738556455 ], [ -1.26584002577622, 45.708962086135109 ], [ -1.26622750593175, 45.710561311623927 ], [ -1.266538372319724, 45.712587089045734 ], [ -1.266516727534222, 45.712683724650901 ], [ -1.266547785996228, 45.71277559451282 ], [ -1.266623192000361, 45.714286839155712 ], [ -1.266567022416894, 45.71453111864993 ], [ -1.266636978751637, 45.714744493221289 ], [ -1.266642052239809, 45.715294301981665 ], [ -1.343436241552782, 45.890856068650905 ], [ -1.346898462789424, 45.891163725955117 ], [ -1.347459252662213, 45.891284661825765 ], [ -1.347706856131162, 45.891384896931967 ], [ -1.347934436624587, 45.891407363335219 ], [ -1.34813215012161, 45.89149065423706 ], [ -1.348495236553376, 45.891528293874103 ], [ -1.356471768590929, 45.894882338283168 ], [ -1.357208020043978, 45.895522698615807 ], [ -1.360855406116695, 45.897057990880249 ], [ -1.361071494064581, 45.897260365315987 ], [ -1.361290679791872, 45.897354270207948 ], [ -1.361341057640812, 45.897400100451378 ], [ -1.361449223230977, 45.897448135855583 ], [ -1.361884475380224, 45.897744415398229 ], [ -1.366823891132351, 45.902583456729893 ], [ -1.367411378586911, 45.903775561884622 ], [ -1.368403237532601, 45.904476557213421 ], [ -1.368781089985183, 45.904774706108029 ], [ -1.370897626139176, 45.907024666641817 ], [ -1.374464475958313, 45.908204149207585 ], [ -1.374774758388914, 45.908333221452558 ], [ -1.378587834136815, 45.910308294246526 ], [ -1.379092115436235, 45.910769413967181 ], [ -1.38213094638661, 45.913551083781364 ], [ -1.387017289834141, 45.915602889928437 ], [ -1.387134213751242, 45.915713550622556 ], [ -1.387268151867773, 45.915770022375398 ], [ -1.387324891741782, 45.915821807475254 ], [ -1.387417811484175, 45.915862053160424 ], [ -1.387668678081191, 45.916029183062797 ], [ -1.388341204879813, 45.916679725875966 ], [ -1.390786754378501, 45.917508872709256 ], [ -1.391149317801459, 45.917666073758355 ], [ -1.394636448278309, 45.918896102728645 ], [ -1.39501373965352, 45.919073456145625 ], [ -1.397777983866768, 45.920584296534557 ], [ -1.399694708508472, 45.922392575233644 ], [ -1.400084670929271, 45.922516861485086 ], [ -1.400636150625453, 45.922732771474344 ], [ -1.405018445654455, 45.92493784702387 ], [ -1.406488411807485, 45.926325377167089 ], [ -1.407016085270439, 45.926582341087368 ], [ -1.409421800189663, 45.927921158627719 ], [ -1.409450207786723, 45.927947025118726 ], [ -1.409489844021963, 45.927964285865542 ], [ -1.410293867668636, 45.928477223110868 ], [ -1.415765395363363, 45.933660895784463 ], [ -1.41692921401, 45.9357323920336 ], [ -1.417180195380016, 45.936287452696291 ], [ -1.41727684555844, 45.936661898515617 ], [ -1.417554792018385, 45.937199551968547 ], [ -1.417680507974282, 45.937545175008403 ], [ -1.418394983182799, 45.940869936645711 ], [ -1.418215538484013, 45.941704565063652 ], [ -1.418262140258841, 45.941823762674758 ], [ -1.418526337520756, 45.942073956987826 ], [ -1.420779861619879, 45.948383280694749 ], [ -1.4206299013691, 45.951200309397606 ], [ -1.42053321393246, 45.951753536073021 ], [ -1.420086304137795, 45.953067663435412 ], [ -1.421059915103587, 45.955031949693605 ], [ -1.421244918939881, 45.955593335686039 ], [ -1.421819725416912, 45.958515146334555 ], [ -1.421568313543126, 45.961061065801196 ], [ -1.421688559118948, 45.961174691616044 ], [ -1.422288249783207, 45.962581819299025 ], [ -1.422530376905538, 45.962682092213569 ], [ -1.42358493921089, 45.963321777146724 ], [ -1.423995653398386, 45.963700184578691 ], [ -1.424460429968651, 45.963896205851363 ], [ -1.424497022009231, 45.963933161517112 ], [ -1.424612970225754, 45.963983992364916 ], [ -1.425106634287327, 45.964320412006415 ], [ -1.430004911014969, 45.969122362261963 ], [ -1.430092787200576, 45.969367091859702 ], [ -1.430198788787059, 45.96946673448398 ], [ -1.430353191578089, 45.969860913815076 ], [ -1.430642592598177, 45.970152568295624 ], [ -1.430836472119287, 45.970496941757794 ], [ -1.431682014413254, 45.973256954018673 ], [ -1.432380571502388, 45.975041537495684 ], [ -1.432448524309652, 45.975555215083439 ], [ -1.4324246546241, 45.975681907907898 ], [ -1.432454841446204, 45.975775858274297 ], [ -1.432422353305883, 45.975927581727277 ], [ -1.43246613617305, 45.976004547429106 ], [ -1.432652590982159, 45.976606123975472 ], [ -1.433479510663876, 45.978254310252687 ], [ -1.433625713136407, 45.978679740893874 ], [ -1.434247954006447, 45.981739247789847 ], [ -1.434242819252603, 45.983406011761623 ], [ -1.434195181474582, 45.98404636740392 ], [ -1.433909342442242, 45.98503319353329 ], [ -1.433750391007378, 45.986486307138456 ], [ -1.433615253951324, 45.986953153519813 ], [ -1.432685663099007, 45.989276197311071 ], [ -1.430780783936214, 45.99203533714995 ], [ -1.430760718973754, 45.992130946531979 ], [ -1.425955994326987, 45.997701946022815 ], [ -1.425090844415069, 45.998147736103789 ], [ -1.426002870917706, 45.999288539087438 ], [ -1.427056849264852, 46.000403936241987 ], [ -1.427183338124329, 46.000757807255219 ], [ -1.428643917526367, 46.001368421594478 ], [ -1.43216322540527, 46.004394061734516 ], [ -1.432944408733997, 46.005028361927643 ], [ -1.433132768278194, 46.005226368233338 ], [ -1.433205261468805, 46.005290010680248 ], [ -1.43330851377388, 46.00541243491206 ], [ -1.433504926421043, 46.005619482184962 ], [ -1.435188723747516, 46.007704418620406 ], [ -1.435348150041434, 46.008147988454986 ], [ -1.435557209949952, 46.008345298531388 ], [ -1.435638881365594, 46.008498387446913 ], [ -1.435761298822734, 46.008620188388498 ], [ -1.436129827976676, 46.009261085005903 ], [ -1.436234577348577, 46.009599146741266 ], [ -1.436911878205416, 46.010851939213126 ], [ -1.437231921842605, 46.011626554822691 ], [ -1.437852234017389, 46.01424239028001 ], [ -1.438077422357403, 46.014823050802654 ], [ -1.43814570586883, 46.015383188344273 ], [ -1.438090388195987, 46.015676034400748 ], [ -1.438202389369438, 46.015990127549969 ], [ -1.438189747473464, 46.016257819520526 ], [ -1.438202304120713, 46.016289395572251 ], [ -1.438311952299784, 46.016740812002432 ], [ -1.438567948487187, 46.017252319415164 ], [ -1.438954637386338, 46.01841270224817 ], [ -1.439442804611316, 46.020850303305203 ], [ -1.43971521738218, 46.021127044170385 ], [ -1.440286612410046, 46.02215117242384 ], [ -1.44080140676846, 46.023835615719314 ], [ -1.441690667316405, 46.025922346431202 ], [ -1.441861894940547, 46.026792733447152 ], [ -1.442070800347269, 46.027286214938073 ], [ -1.443019586658547, 46.031197482276809 ], [ -1.442815710792529, 46.032149584852043 ], [ -1.443671527416483, 46.033942267643681 ], [ -1.443923706333492, 46.034803759892647 ], [ -1.44418654945061, 46.036269609809914 ], [ -1.444297748878672, 46.036549676443528 ], [ -1.4444211578321, 46.037455698439516 ], [ -1.444423342169021, 46.037465951598143 ], [ -1.444511141655919, 46.037771545871188 ], [ -1.444950251083833, 46.040242801224522 ], [ -1.444803700504327, 46.040930861621845 ], [ -1.44545824027797, 46.042745776575046 ], [ -1.445526609092551, 46.043648501648853 ], [ -1.445518768546243, 46.04368489071004 ], [ -1.445531594779672, 46.043720584491901 ], [ -1.445374007318451, 46.045320233808745 ], [ -1.445368676569669, 46.045372007173867 ], [ -1.445405259061497, 46.045421697060618 ], [ -1.445405115819259, 46.045421703583955 ], [ -1.431990254053938, 46.046017868755897 ], [ -1.416008583123669, 46.046726016257708 ], [ -1.414518906781487, 46.046792505683705 ], [ -1.413475285458315, 46.046839074278353 ], [ -1.413541073106646, 46.046597055965456 ], [ -1.413341381335529, 46.04637970842203 ], [ -1.412663513366904, 46.045990653278658 ], [ -1.411992220116885, 46.04570162239478 ], [ -1.411620278365087, 46.044949651993619 ], [ -1.4116522090403, 46.044542155928141 ], [ -1.411719035716361, 46.04440447687314 ], [ -1.411629261747277, 46.044091771653719 ], [ -1.411593212510333, 46.043642920958426 ], [ -1.411706387586692, 46.043277286109515 ], [ -1.41149677149999, 46.042112741191474 ], [ -1.411363747502554, 46.041261414813057 ], [ -1.411085213168434, 46.040867033094521 ], [ -1.410594316532594, 46.040389846128136 ], [ -1.410261413625288, 46.040123446390417 ], [ -1.41004275111326, 46.039815758923524 ], [ -1.40987773294238, 46.039370906308307 ], [ -1.409772335968771, 46.038698605240597 ], [ -1.409450510601841, 46.037764577716935 ], [ -1.409221054348394, 46.037322233201131 ], [ -1.409054823442144, 46.03669732553476 ], [ -1.408605352876073, 46.035948367063675 ], [ -1.40850357984044, 46.035320949924397 ], [ -1.408424726067125, 46.035143917739305 ], [ -1.408265249448263, 46.033797317293129 ], [ -1.407957883240198, 46.033042826159566 ], [ -1.407694745635037, 46.032015437701453 ], [ -1.406553207101703, 46.029579374359322 ], [ -1.406206830187276, 46.029069572421278 ], [ -1.40583118713348, 46.028471601275371 ], [ -1.405459111081089, 46.028051712531543 ], [ -1.405130059145003, 46.027642373396638 ], [ -1.404919592490631, 46.027289334887776 ], [ -1.40474385872406, 46.026709818726601 ], [ -1.404649342983297, 46.026172168587081 ], [ -1.404336261248964, 46.025544493847988 ], [ -1.40411638464993, 46.025021217938139 ], [ -1.403473949070295, 46.024098625910931 ], [ -1.403213152073838, 46.023117189226497 ], [ -1.402997539193062, 46.022846212414528 ], [ -1.402693820916381, 46.022135572035168 ], [ -1.40257896183345, 46.021508661780722 ], [ -1.402435716320939, 46.021334130541867 ], [ -1.402344828226653, 46.020841363796528 ], [ -1.401958804484055, 46.01990981959662 ], [ -1.401812085037194, 46.019293457766324 ], [ -1.401750768049744, 46.018926330013883 ], [ -1.401584164192059, 46.018479524970154 ], [ -1.401430577089336, 46.017991202177569 ], [ -1.401343298339442, 46.017543320014489 ], [ -1.400931316237732, 46.016844725423084 ], [ -1.400602759801264, 46.016219304044903 ], [ -1.400455940331492, 46.01599988482765 ], [ -1.399984258385323, 46.015611967251388 ], [ -1.399443210844556, 46.01537837143681 ], [ -1.398575267096954, 46.014982130318437 ], [ -1.397949875864773, 46.014618596183688 ], [ -1.396915092767905, 46.013323386837932 ], [ -1.395779001712061, 46.012173500110364 ], [ -1.394967162081198, 46.011315594563079 ], [ -1.394745192152232, 46.010964011856281 ], [ -1.394453668209844, 46.010550661215639 ], [ -1.393966263531117, 46.00985089154193 ], [ -1.393823390980605, 46.009636930135152 ], [ -1.393366190975045, 46.0089249005254 ], [ -1.39302659923164, 46.00840596667144 ], [ -1.392742018629213, 46.007880040669271 ], [ -1.391671443545405, 46.005707936980123 ], [ -1.391176275570722, 46.005005725630696 ], [ -1.390700434638799, 46.004563702382974 ], [ -1.390288396696843, 46.004191977849366 ], [ -1.390223900234614, 46.004129250096057 ], [ -1.389929423061632, 46.0038271610618 ], [ -1.389544488335465, 46.003279777649702 ], [ -1.389077283846216, 46.002552440209257 ], [ -1.388465324645166, 46.001214168209081 ], [ -1.388372251560925, 46.000857578525093 ], [ -1.388073971586621, 46.000192747872454 ], [ -1.387820646298991, 45.99930002686758 ], [ -1.38742573660709, 45.998233718380028 ], [ -1.387254511248939, 45.996739812894162 ], [ -1.387217615779953, 45.996122553016832 ], [ -1.387249041156704, 45.99473170745042 ], [ -1.387313286061772, 45.993917748195067 ], [ -1.387435490017062, 45.99336582930966 ], [ -1.387567368379123, 45.992870282063102 ], [ -1.387878926487599, 45.991991561476262 ], [ -1.387987509020105, 45.991696516441827 ], [ -1.388034509426569, 45.991568803965514 ], [ -1.38822734012592, 45.991095890102571 ], [ -1.388537157960838, 45.989956209707188 ], [ -1.388810353348349, 45.989314244381809 ], [ -1.38927694487286, 45.988529697586671 ], [ -1.390148330081662, 45.987115479520057 ], [ -1.391173625766672, 45.985046507892712 ], [ -1.392032765374804, 45.983489480444604 ], [ -1.392583042692693, 45.982936007090665 ], [ -1.393065777623695, 45.982511018182173 ], [ -1.393686726120595, 45.982180942887894 ], [ -1.394061019260772, 45.981850209978049 ], [ -1.394284072756304, 45.981390274482337 ], [ -1.394386556037639, 45.980891019496788 ], [ -1.394611726583681, 45.98047602586044 ], [ -1.394636571952373, 45.97997876265709 ], [ -1.39488289533199, 45.979663229605578 ], [ -1.395281141101505, 45.978971361202333 ], [ -1.395902615130709, 45.977693678990754 ], [ -1.396065786666562, 45.977146015281491 ], [ -1.395840278277997, 45.976748528758499 ], [ -1.393549798066875, 45.975286185164499 ], [ -1.39280792029837, 45.97490976889388 ], [ -1.392196186913341, 45.974527272311029 ], [ -1.391706264705682, 45.973905710063974 ], [ -1.391545257652009, 45.973506736069687 ], [ -1.391148458827586, 45.973008337384385 ], [ -1.39090933753572, 45.972673900306894 ], [ -1.390671969885489, 45.971961691842523 ], [ -1.390606227714272, 45.970972673000865 ], [ -1.390514318410886, 45.970358958840869 ], [ -1.390445909775698, 45.969626102619024 ], [ -1.390288425599533, 45.96927099249865 ], [ -1.38964549066532, 45.968349398103953 ], [ -1.389572714403832, 45.968081049854852 ], [ -1.389286584726632, 45.967731954006162 ], [ -1.388806608136667, 45.967351349970123 ], [ -1.388399806104397, 45.966990705029339 ], [ -1.388396225137691, 45.966945819153267 ], [ -1.388113608149249, 45.966640586079755 ], [ -1.387756848032111, 45.966068079758898 ], [ -1.387241850336458, 45.965161856423215 ], [ -1.386938644809445, 45.964566926583039 ], [ -1.386385096986548, 45.963145555694759 ], [ -1.386266772208069, 45.96221273253564 ], [ -1.386232374978168, 45.961708640103403 ], [ -1.386268024112071, 45.961346036484201 ], [ -1.386420506162982, 45.960663728752529 ], [ -1.386601265078384, 45.960320148368218 ], [ -1.386818720849897, 45.959971889981105 ], [ -1.387240097857274, 45.959423434858799 ], [ -1.387536833700202, 45.959096750665459 ], [ -1.388764002762349, 45.958110780542839 ], [ -1.389054941954881, 45.95769324374146 ], [ -1.389026294949381, 45.957334156870395 ], [ -1.388487259661461, 45.95690380272822 ], [ -1.388129679319763, 45.956467429339583 ], [ -1.388030403761969, 45.955884935605525 ], [ -1.387876554250813, 45.955574707985527 ], [ -1.387782325248817, 45.955037043180923 ], [ -1.387531910954882, 45.954325338742855 ], [ -1.387031484116491, 45.953569098449393 ], [ -1.386621147554713, 45.953134718403184 ], [ -1.385981131225313, 45.952392124903099 ], [ -1.385619777274516, 45.952109674425799 ], [ -1.385095375779538, 45.95166003119035 ], [ -1.384632001546894, 45.951533714595989 ], [ -1.383920577462407, 45.951516271327677 ], [ -1.383067533515955, 45.951360029192024 ], [ -1.382546560284038, 45.95115509713488 ], [ -1.381682802461099, 45.950864186366871 ], [ -1.381010638571909, 45.950529008694517 ], [ -1.379804618965401, 45.949845099340479 ], [ -1.378735311676469, 45.948758850412915 ], [ -1.378811694264807, 45.948575794687521 ], [ -1.378265681524677, 45.948055619496095 ], [ -1.37768939461936, 45.9473022822228 ], [ -1.377622464966777, 45.947124775457198 ], [ -1.37704937704999, 45.946245448005484 ], [ -1.37595042870397, 45.945430471423059 ], [ -1.375726267431746, 45.944898853353251 ], [ -1.375428827974806, 45.944404862174089 ], [ -1.375025845330307, 45.944059236892961 ], [ -1.374058190088836, 45.943105114794292 ], [ -1.373489876607821, 45.94245071009734 ], [ -1.372617983386814, 45.941888882852524 ], [ -1.372019639556051, 45.941686899429712 ], [ -1.371744455403086, 45.941472418411429 ], [ -1.371126382133866, 45.940855742299021 ], [ -1.370520844597292, 45.940562957952231 ], [ -1.369646176584303, 45.939965402685942 ], [ -1.368438428605085, 45.939236429242122 ], [ -1.367197193831122, 45.938103520437558 ], [ -1.366729042441551, 45.937896482319047 ], [ -1.36632158698206, 45.937641050964011 ], [ -1.36611535467528, 45.937333846749958 ], [ -1.364886271173226, 45.936334495739544 ], [ -1.364188010040529, 45.935685068258046 ], [ -1.362980428111792, 45.934956036571663 ], [ -1.362699219662406, 45.934516648747383 ], [ -1.361678628928381, 45.933870436602632 ], [ -1.36140948800306, 45.933564629185319 ], [ -1.361132923686603, 45.933350178773054 ], [ -1.359801394786091, 45.93285101769095 ], [ -1.358794754040921, 45.932213453473075 ], [ -1.358369687028006, 45.931734579571319 ], [ -1.358080616172377, 45.931195205064746 ], [ -1.357195572238328, 45.930462893076104 ], [ -1.357020649251094, 45.929883302343761 ], [ -1.356675108243899, 45.929445358681846 ], [ -1.35603120745096, 45.928856684383476 ], [ -1.35571085274778, 45.928526785229501 ], [ -1.355323793577129, 45.928247469302953 ], [ -1.35515807753586, 45.928118065018218 ], [ -1.354816277176697, 45.927839848525004 ], [ -1.353584060370839, 45.926795487853681 ], [ -1.353580510376557, 45.926750600875863 ], [ -1.352431213933508, 45.925938386752215 ], [ -1.352232200507399, 45.925720931277631 ], [ -1.351419049018603, 45.925246744777134 ], [ -1.350553039893194, 45.924919890895701 ], [ -1.34944211179637, 45.924592222760339 ], [ -1.348446760328401, 45.924261121217427 ], [ -1.347661724147118, 45.92397513159495 ], [ -1.346781580278354, 45.92346870019707 ], [ -1.345499468470143, 45.922606273737621 ], [ -1.345288800338855, 45.922389255645022 ], [ -1.344617627980128, 45.921910589319246 ], [ -1.34413044691061, 45.921478057468264 ], [ -1.343424445620018, 45.920557652488917 ], [ -1.342887668416816, 45.920128045295698 ], [ -1.342249921681595, 45.919421942420421 ], [ -1.341861350513182, 45.919154692015859 ], [ -1.341304503295676, 45.918736864410405 ], [ -1.340705801753747, 45.918525533965443 ], [ -1.339661095187339, 45.918384536021946 ], [ -1.338750456926092, 45.91814014944103 ], [ -1.337941793374119, 45.917719935071098 ], [ -1.336229683844334, 45.91714610320436 ], [ -1.33541679656902, 45.91667180173161 ], [ -1.335222879731475, 45.916499147830635 ], [ -1.334887187812876, 45.916331931680631 ], [ -1.33434288924894, 45.915991599527494 ], [ -1.333550335763349, 45.915607575479882 ], [ -1.33340750384609, 45.915431936725689 ], [ -1.332795461724699, 45.915050195553306 ], [ -1.332338231195912, 45.914977678087659 ], [ -1.331743136306995, 45.914811187859051 ], [ -1.331413476788442, 45.914552661721679 ], [ -1.330540613282632, 45.914134859186312 ], [ -1.329688299411249, 45.913978214849664 ], [ -1.329363227944296, 45.9139456454784 ], [ -1.329108062115848, 45.914000443229085 ], [ -1.329122259330498, 45.914181014366484 ], [ -1.329398602886076, 45.914395542975178 ], [ -1.329817270199217, 45.914965825212569 ], [ -1.329177703908905, 45.91503534949323 ], [ -1.328154729655314, 45.915020299204713 ], [ -1.327629667772318, 45.914905337809472 ], [ -1.327037292399694, 45.914564378616909 ], [ -1.326545542604241, 45.914261271504344 ], [ -1.325358623488349, 45.913801221384311 ], [ -1.324758693750262, 45.913554044370407 ], [ -1.323482824941957, 45.912782220367085 ], [ -1.3230651829433, 45.912391969592854 ], [ -1.322327216185364, 45.911879924757415 ], [ -1.321192060327944, 45.911237763635341 ], [ -1.320397719691243, 45.910996975836497 ], [ -1.319814736793821, 45.91089151134436 ], [ -1.318954712516076, 45.910727767274061 ], [ -1.318240727225394, 45.91052073052672 ], [ -1.31769805030529, 45.910180262465673 ], [ -1.317088770865336, 45.90966326949831 ], [ -1.31658783913632, 45.909051066656524 ], [ -1.316304276003923, 45.908556417874038 ], [ -1.315943982777144, 45.908073908379336 ], [ -1.314992051369062, 45.907298834285307 ], [ -1.314988534056448, 45.907253946107488 ], [ -1.314112816102001, 45.906646836029445 ], [ -1.312371952325428, 45.905847628312621 ], [ -1.311769719980759, 45.905419363045326 ], [ -1.308601449671837, 45.903403703347465 ], [ -1.307924442939186, 45.902843204245144 ], [ -1.306826743866905, 45.902019395473317 ], [ -1.306296292207777, 45.901731274921012 ], [ -1.305624885365254, 45.901343822247597 ], [ -1.304768368504753, 45.900961026507517 ], [ -1.303646262467884, 45.90066687991844 ], [ -1.302986694373621, 45.900479419293085 ], [ -1.302425466034739, 45.900223442072146 ], [ -1.301659836275597, 45.899853589591032 ], [ -1.30081483588378, 45.899786504921643 ], [ -1.300719301858201, 45.899726701280642 ], [ -1.299783967179995, 45.899816531674951 ], [ -1.299150085484374, 45.899975719081056 ], [ -1.298279408115726, 45.900405857394475 ], [ -1.297774103628443, 45.900560145200103 ], [ -1.296675422587467, 45.90054770051097 ], [ -1.295180474316905, 45.900415244353795 ], [ -1.29426139506692, 45.90022507027237 ], [ -1.293398822068651, 45.899932465904513 ], [ -1.291994996091694, 45.898994299816621 ], [ -1.291580543215638, 45.898640660155976 ], [ -1.291157436947541, 45.898025403148424 ], [ -1.290934976213546, 45.897486784927032 ], [ -1.290919020340175, 45.897448152411194 ], [ -1.290513414194834, 45.89705733759849 ], [ -1.29015342184443, 45.896574746038453 ], [ -1.289861300692678, 45.896135621388304 ], [ -1.28750570628775, 45.89458379762879 ], [ -1.28471969135874, 45.89247013789042 ], [ -1.283893546199189, 45.891645036695891 ], [ -1.282440443227513, 45.890068102170467 ], [ -1.281297140025425, 45.888479411119377 ], [ -1.280413722545499, 45.887745479000799 ], [ -1.279431501019092, 45.887132528688504 ], [ -1.279400871127989, 45.887113021577349 ], [ -1.277927423063871, 45.886162619991481 ], [ -1.277504725130072, 45.885719205512828 ], [ -1.276876486013366, 45.884930564465193 ], [ -1.276390242334637, 45.884498761462673 ], [ -1.274587507636679, 45.883565275222153 ], [ -1.27217912800695, 45.882151253396422 ], [ -1.270329744076709, 45.881445598017699 ], [ -1.269858879671796, 45.881192249683743 ], [ -1.269147756435637, 45.880182623123041 ], [ -1.268716999927224, 45.879637831970406 ], [ -1.267952377619859, 45.878594764830055 ], [ -1.267615058564808, 45.878100207199658 ], [ -1.265864008402285, 45.875291974807794 ], [ -1.265612681098664, 45.874963450621124 ], [ -1.26535629707613, 45.87458058416933 ], [ -1.264999393087511, 45.873962747185956 ], [ -1.263430857484892, 45.87171363007932 ], [ -1.262179299533205, 45.870228118790379 ], [ -1.261819730191512, 45.869745437278262 ], [ -1.261478793332526, 45.869352093334811 ], [ -1.261247832387423, 45.868865580189357 ], [ -1.260468508817291, 45.867803232068908 ], [ -1.260175960341811, 45.867182955511545 ], [ -1.260087412869013, 45.866871150812507 ], [ -1.259772594676682, 45.865981589239851 ], [ -1.259537845616717, 45.865563432237586 ], [ -1.258877682358046, 45.864256468150103 ], [ -1.258544609375285, 45.863553691386933 ], [ -1.257899795360566, 45.862120076205827 ], [ -1.257467853521506, 45.860880337147798 ], [ -1.257111166246164, 45.859759625192169 ], [ -1.256863605626997, 45.858760329007239 ], [ -1.256740888498164, 45.858150796202025 ], [ -1.256455366145203, 45.857620290029857 ], [ -1.256131668349494, 45.857158294504323 ], [ -1.255737781485662, 45.85651977950193 ], [ -1.255354099146025, 45.855722847785557 ], [ -1.255104673741891, 45.854665148542551 ], [ -1.254997040114363, 45.854113517930664 ], [ -1.254890419368204, 45.853396183857676 ], [ -1.254608740879872, 45.852099156792733 ], [ -1.254281619119268, 45.851028944991562 ], [ -1.254203523646946, 45.850851805825812 ], [ -1.254147221417956, 45.849951469985911 ], [ -1.253947211915295, 45.848877490816967 ], [ -1.253135413146548, 45.846382837944574 ], [ -1.253110378959244, 45.845887532251979 ], [ -1.25277986034859, 45.844772426244269 ], [ -1.252539304267188, 45.842166207486585 ], [ -1.252178782852286, 45.839655573221947 ], [ -1.251907623056354, 45.83849321008438 ], [ -1.251827181461613, 45.837891080875323 ], [ -1.251823266624656, 45.837857011651089 ], [ -1.251769131462664, 45.837190787403273 ], [ -1.251684140939087, 45.836923866429899 ], [ -1.251402798725527, 45.835157259451272 ], [ -1.251335998085807, 45.834591824891625 ], [ -1.250941364878163, 45.833479133074945 ], [ -1.250795234630324, 45.832267039343613 ], [ -1.250735625368659, 45.831322832428036 ], [ -1.250497391487227, 45.828725737471451 ], [ -1.250355957195963, 45.828093907826911 ], [ -1.250222157068716, 45.827338425476938 ], [ -1.250133651106247, 45.827025593089736 ], [ -1.250007471473908, 45.825046378441911 ], [ -1.24981325376512, 45.824197282997993 ], [ -1.249678379034334, 45.823809575591078 ], [ -1.249573427102714, 45.823439946023719 ], [ -1.249315408948874, 45.82142067708444 ], [ -1.249139804434347, 45.820660921175552 ], [ -1.24902365019278, 45.81998896699907 ], [ -1.248891008913829, 45.81976783729197 ], [ -1.248811007853832, 45.819354265185602 ], [ -1.248807800097221, 45.819331496315826 ], [ -1.248761028188709, 45.818916322348969 ], [ -1.248549069251162, 45.818139705759023 ], [ -1.248538257906884, 45.818097730291015 ], [ -1.248425144131563, 45.81757631430969 ], [ -1.248013405826446, 45.816239162203146 ], [ -1.247386126446377, 45.814458898415936 ], [ -1.247044084315828, 45.813209161198309 ], [ -1.246500556991246, 45.811749982341354 ], [ -1.246012198875655, 45.810353406685934 ], [ -1.245053741447308, 45.808450540196247 ], [ -1.244401289417241, 45.807348563966528 ], [ -1.244195410705916, 45.806998248537617 ], [ -1.244067011825296, 45.806764873041551 ], [ -1.243680462754569, 45.806023033380498 ], [ -1.243182037699236, 45.805401270262855 ], [ -1.242682191933438, 45.804608686923338 ], [ -1.241705384855226, 45.803472855767382 ], [ -1.241141179576716, 45.802988405078857 ], [ -1.240473174306792, 45.802382431741137 ], [ -1.239975152247877, 45.802035645562817 ], [ -1.239463391872204, 45.801654027769366 ], [ -1.237788977349151, 45.800671261926922 ], [ -1.236474891294353, 45.800170158478743 ], [ -1.235492797959593, 45.799972735968858 ], [ -1.233938525438079, 45.79988682615059 ], [ -1.231752788551275, 45.799959649377783 ], [ -1.231753936909428, 45.799956449571916 ], [ -1.233413287839026, 45.790103373892109 ], [ -1.2335180524931, 45.78959075125811 ], [ -1.233758636272304, 45.78913485846347 ], [ -1.233758636275165, 45.789134858460002 ], [ -1.236442212297835, 45.788827386631617 ], [ -1.238343177742196, 45.788403976905457 ], [ -1.239405053355862, 45.787967064356749 ], [ -1.240462085714369, 45.787296014489357 ], [ -1.241681161191246, 45.786221862940245 ], [ -1.242153691775104, 45.785672030548213 ], [ -1.242440701571145, 45.785029927512376 ], [ -1.242372926927086, 45.783995992260074 ], [ -1.242196222182389, 45.783371336429433 ], [ -1.241985568767284, 45.781125188682275 ], [ -1.241583148527704, 45.779922740826947 ], [ -1.241131845489474, 45.778902211343208 ], [ -1.241178080656441, 45.778495291647708 ], [ -1.241669028039111, 45.777177379030746 ], [ -1.241806215601854, 45.77645087322972 ], [ -1.241885470973149, 45.775636506878449 ], [ -1.242264698274718, 45.774539708905699 ], [ -1.242343944147695, 45.773725342308161 ], [ -1.242321719846564, 45.772427759022385 ], [ -1.242354741446939, 45.772020312529875 ], [ -1.242341483047888, 45.770668163232642 ], [ -1.242421478633827, 45.770034871702919 ], [ -1.242466141203752, 45.768770582658391 ], [ -1.242577100935107, 45.768540282891422 ], [ -1.242599090815916, 45.767818111021789 ], [ -1.242752036421429, 45.766288834240619 ], [ -1.24262402324539, 45.763272193034275 ], [ -1.242527921391356, 45.761698062421928 ], [ -1.242415420513955, 45.761070993401837 ], [ -1.24219167526133, 45.758653449565735 ], [ -1.242088853452687, 45.757980996334275 ], [ -1.241964865782583, 45.75419784287368 ], [ -1.241897840779345, 45.752982779276948 ], [ -1.242081171521106, 45.751849354602086 ], [ -1.24209764689361, 45.751226639716904 ], [ -1.241945734743571, 45.749743628874725 ], [ -1.241536648675303, 45.748451402414311 ], [ -1.241206805106777, 45.746344809949328 ], [ -1.241149443068929, 45.744589144146502 ], [ -1.241205692961673, 45.742466995901715 ], [ -1.241298696243988, 45.741832192245667 ], [ -1.241134501203913, 45.740359877098463 ], [ -1.241038619496093, 45.739777203999481 ], [ -1.240828639131067, 45.736718636834333 ], [ -1.240878287527675, 45.736356608385158 ], [ -1.240676005861645, 45.733207712720869 ], [ -1.240377887480822, 45.729666455497537 ], [ -1.240286148169243, 45.729308726661408 ], [ -1.240284035216484, 45.728272325495489 ], [ -1.240383915865199, 45.727727303521846 ], [ -1.240364496567091, 45.726465431304739 ], [ -1.240076915377664, 45.725078594989462 ], [ -1.239783168907699, 45.723420848339089 ], [ -1.239738197005655, 45.721844799861408 ], [ -1.239753942821409, 45.721041011969213 ], [ -1.239489309040805, 45.719933663223976 ], [ -1.23947205180046, 45.719880084404856 ], [ -1.239304503715563, 45.719028968175799 ], [ -1.23904802063042, 45.71821803398516 ], [ -1.239037727715381, 45.71791249125765 ], [ -1.23876956277655, 45.716930102731702 ], [ -1.238697792401391, 45.714813803672577 ], [ -1.238304179082305, 45.712709619114079 ], [ -1.237764492606453, 45.710204731105918 ], [ -1.237497108280977, 45.708050776324363 ], [ -1.237295075808756, 45.707110918607398 ], [ -1.237158644950547, 45.704816977119293 ], [ -1.23702911485758, 45.70396545383511 ], [ -1.236940078920269, 45.702480084389315 ], [ -1.236678963166588, 45.699568746102834 ], [ -1.236623100029444, 45.698668408197179 ], [ -1.236283420078879, 45.696427137468632 ], [ -1.236120166688112, 45.695801982278596 ], [ -1.235314856322848, 45.693352110683485 ], [ -1.235875619589843, 45.69310591249733 ], [ -1.235929356731516, 45.69296883141498 ], [ -1.235802573486332, 45.69283854331205 ], [ -1.235283172819816, 45.692767024395444 ], [ -1.235001423524172, 45.692462487460112 ], [ -1.235009727098176, 45.691560759519405 ], [ -1.234564138138313, 45.689593591190665 ], [ -1.234254827059834, 45.688928910251065 ], [ -1.233453768981792, 45.687371079195806 ], [ -1.233145292511264, 45.686526286724764 ], [ -1.233001395634988, 45.685314124765902 ], [ -1.232776870430417, 45.684917393086465 ], [ -1.232428425584573, 45.68438923944197 ], [ -1.23211718892143, 45.683679607862942 ], [ -1.231562836908397, 45.681986641835664 ], [ -1.230753070862008, 45.680484377585444 ], [ -1.230484430280627, 45.680178316958724 ], [ -1.22824800058356, 45.677502880801676 ], [ -1.226848985334457, 45.675698389762388 ], [ -1.225079497170815, 45.67408684952818 ], [ -1.224204448915918, 45.673579470481911 ], [ -1.222088676354897, 45.672649013206595 ], [ -1.22136564996537, 45.672450020663526 ], [ -1.219430182493687, 45.672198270315846 ], [ -1.217993892215242, 45.671927776849344 ], [ -1.216949436256667, 45.67155152080754 ], [ -1.215641762733046, 45.671240860523106 ], [ -1.215639971221542, 45.671240434906018 ] ] ] ] } },
{ "type": "Feature", "properties": { "fid": 4, "gid": 4, "id": 4, "cdmassedea": "FC05", "cdeumassed": "FRFC05", "nommassede": "Côte Girondine", "systemeref": "31", "cdeubassin": "FRF", "typemassed": "C6", "cdeussbass": "FRF_COAC", "cdcategori": "1.2.1", "cdnaturema": "1", "surftotkm": 205.23554711018761 }, "geometry": { "type": "MultiPolygon", "coordinates": [ [ [ [ -1.296798696648128, 44.619887826568863 ], [ -1.296696319474527, 44.620202713325568 ], [ -1.297244957069522, 44.621805046794115 ], [ -1.297212954206253, 44.621957711397386 ], [ -1.297261360453785, 44.622102596388089 ], [ -1.297305141921, 44.623201713476575 ], [ -1.295928451554879, 44.629329809326379 ], [ -1.295924383550723, 44.629334066872644 ], [ -1.29592195510737, 44.629341362640702 ], [ -1.295412323929134, 44.630348423819612 ], [ -1.291765181942434, 44.634659708450407 ], [ -1.291447612086105, 44.636159633312083 ], [ -1.289882507554162, 44.638026628447868 ], [ -1.289678045139997, 44.639913774145654 ], [ -1.289376507693798, 44.640969623578243 ], [ -1.289016658356711, 44.641884034676409 ], [ -1.289174074457513, 44.642151153222308 ], [ -1.289360202024675, 44.642505006157826 ], [ -1.290803838168141, 44.647555994913922 ], [ -1.290593721817723, 44.649131810581842 ], [ -1.290672822874984, 44.649327262233172 ], [ -1.291582554015147, 44.65322514733294 ], [ -1.291519585747487, 44.653525318995833 ], [ -1.291583510290462, 44.653708875685389 ], [ -1.291561949718817, 44.653844694689838 ], [ -1.291607470546328, 44.653989679910936 ], [ -1.291608426311354, 44.654473408458976 ], [ -1.291249305345542, 44.655935536666583 ], [ -1.291012417076562, 44.657522523548529 ], [ -1.29101203686081, 44.657673148029538 ], [ -1.290953732368048, 44.657911272304609 ], [ -1.290828538497579, 44.658745759538341 ], [ -1.290650163145221, 44.659227152489144 ], [ -1.290608552295023, 44.659321365821292 ], [ -1.289624165329809, 44.663339461147856 ], [ -1.287530560820422, 44.66643379991222 ], [ -1.287222562074033, 44.66678948594663 ], [ -1.285601579668296, 44.668321998560963 ], [ -1.285593952815078, 44.668606953163881 ], [ -1.285478343549617, 44.669054306430844 ], [ -1.285446104694545, 44.66956182701486 ], [ -1.286633545585663, 44.672166433589652 ], [ -1.286762930628457, 44.672646973162735 ], [ -1.287159723878633, 44.675026976368315 ], [ -1.286850083743682, 44.677236308235685 ], [ -1.286797795211525, 44.677947714836854 ], [ -1.287308808148048, 44.679903093104343 ], [ -1.286292768256544, 44.684692764756562 ], [ -1.286312978780265, 44.684759136268021 ], [ -1.286312726780271, 44.685068601532642 ], [ -1.28492445938183, 44.690723564670435 ], [ -1.280871213183863, 44.695515053800868 ], [ -1.280608790225267, 44.696064196047224 ], [ -1.280583005554082, 44.69669529986907 ], [ -1.280523885384779, 44.696922106312748 ], [ -1.280499047522238, 44.697724379203208 ], [ -1.280326911224579, 44.699089566018053 ], [ -1.280287314921967, 44.699215654732214 ], [ -1.280278663863744, 44.699439785667735 ], [ -1.280042311836089, 44.700953554842314 ], [ -1.279915553229372, 44.701790121002873 ], [ -1.279885595617301, 44.702602903177137 ], [ -1.279828437242055, 44.702815199934747 ], [ -1.279807899919374, 44.703594653019849 ], [ -1.279690854200565, 44.704559873383182 ], [ -1.279602415194919, 44.70484744753017 ], [ -1.279572555872086, 44.705326018984017 ], [ -1.279450308714125, 44.705986078684802 ], [ -1.278568047495217, 44.70856387555731 ], [ -1.278563161034184, 44.708689880529022 ], [ -1.27838386499207, 44.709363149113202 ], [ -1.27824294050698, 44.71101200276221 ], [ -1.27788689653431, 44.712510068832763 ], [ -1.277874435298679, 44.712541446289464 ], [ -1.277871822926428, 44.712568334972829 ], [ -1.277565698659386, 44.713831664792195 ], [ -1.27731756067152, 44.715052857545018 ], [ -1.277157366042933, 44.715506831178047 ], [ -1.277117897978287, 44.71588151473123 ], [ -1.276762838795001, 44.717172237133269 ], [ -1.276279328411839, 44.719252151112819 ], [ -1.276067577123837, 44.719827439660698 ], [ -1.276023957914294, 44.720182671589846 ], [ -1.275786317166355, 44.720939337121777 ], [ -1.275828201226835, 44.721207210333674 ], [ -1.275851324304952, 44.721274527573662 ], [ -1.275919557064034, 44.722152165083806 ], [ -1.275904263853572, 44.722228991517397 ], [ -1.275930956773696, 44.722306511576193 ], [ -1.275761071733189, 44.72521267646944 ], [ -1.275644757963925, 44.725853967496612 ], [ -1.275525710890677, 44.726206509697711 ], [ -1.275492641915837, 44.726568649476022 ], [ -1.275371402063877, 44.727066698723043 ], [ -1.275255914035128, 44.727541881096258 ], [ -1.274528429268051, 44.729498785592249 ], [ -1.274367158798708, 44.73206840656708 ], [ -1.274250500148346, 44.732682883071604 ], [ -1.273952030768251, 44.733551921548184 ], [ -1.27384036105489, 44.734266274329364 ], [ -1.273811358467378, 44.734354908080817 ], [ -1.273803695075542, 44.734483077080441 ], [ -1.273681197829333, 44.735186445037471 ], [ -1.273052182195876, 44.737056575725326 ], [ -1.272932144573275, 44.737776362189244 ], [ -1.272753451315648, 44.738214416496263 ], [ -1.272603633576005, 44.738405013615534 ], [ -1.272835863195353, 44.739649645654978 ], [ -1.27220800906481, 44.744322359756055 ], [ -1.272029150225664, 44.744848080672163 ], [ -1.27172283316388, 44.745575023606534 ], [ -1.271723251244582, 44.745985549716352 ], [ -1.270332704847481, 44.751651817763047 ], [ -1.269638428471734, 44.752626622652855 ], [ -1.268764003224568, 44.756736952171408 ], [ -1.268339641345684, 44.75725111013837 ], [ -1.268288703631257, 44.757786077599739 ], [ -1.268172108532829, 44.759010168030741 ], [ -1.268119947502954, 44.759189294069962 ], [ -1.26810490074194, 44.759584843324028 ], [ -1.267870811996985, 44.761209929399456 ], [ -1.267822576376505, 44.761360071472112 ], [ -1.267809958484843, 44.761591531667236 ], [ -1.26757023948785, 44.762949625379292 ], [ -1.26752527930405, 44.763083139388399 ], [ -1.267514067330447, 44.763246478765893 ], [ -1.2672134257957, 44.764737571472288 ], [ -1.267180291148542, 44.764830464354752 ], [ -1.267173589226285, 44.764928670179742 ], [ -1.267090663564082, 44.765304795734806 ], [ -1.267042032574123, 44.765808735806537 ], [ -1.266786622897433, 44.766676330263707 ], [ -1.26672006369883, 44.76732940186124 ], [ -1.266721058940524, 44.767344853575331 ], [ -1.266713412047353, 44.767383266249837 ], [ -1.266662740822076, 44.767877985532394 ], [ -1.266452838273477, 44.768643036435378 ], [ -1.266439506883272, 44.7687063850884 ], [ -1.266206302827678, 44.769829071237758 ], [ -1.26622536714934, 44.769877970248977 ], [ -1.266286994915849, 44.770317426295307 ], [ -1.266244682674076, 44.770560199064072 ], [ -1.266317406805296, 44.770767229297675 ], [ -1.266281516676202, 44.77092932379761 ], [ -1.266377546094232, 44.771206753701904 ], [ -1.265551935009397, 44.774531502005807 ], [ -1.26501013520501, 44.777632428733789 ], [ -1.264700540252468, 44.777997400262066 ], [ -1.26464727365237, 44.778249798685351 ], [ -1.264614273902162, 44.778299362069788 ], [ -1.264588946678042, 44.778401266860371 ], [ -1.264226072808833, 44.779018639942286 ], [ -1.263928856024298, 44.779351202774144 ], [ -1.263758990953166, 44.779614642085249 ], [ -1.263707996455279, 44.78030742010796 ], [ -1.263349194105521, 44.781573481906065 ], [ -1.263147255929491, 44.783161386934339 ], [ -1.262908309469735, 44.783904662616216 ], [ -1.262454642413375, 44.785002593882233 ], [ -1.262410310134275, 44.785641509627816 ], [ -1.262241944645024, 44.786469126840714 ], [ -1.262068540730596, 44.788254188103785 ], [ -1.262032879147108, 44.788375001283676 ], [ -1.26202328233223, 44.788653831963188 ], [ -1.261986623988576, 44.788939725546676 ], [ -1.261998914113237, 44.789175534058245 ], [ -1.261940661689208, 44.78944049036204 ], [ -1.262013488870791, 44.789672271841653 ], [ -1.262026983043255, 44.790984972026344 ], [ -1.261976657205926, 44.791192911982201 ], [ -1.261932348561716, 44.792598272324391 ], [ -1.261754663996071, 44.794001786872478 ], [ -1.261608320310317, 44.794473865388838 ], [ -1.261554229049921, 44.79514199029451 ], [ -1.261376149171258, 44.795931766255016 ], [ -1.260278564683579, 44.798957963020577 ], [ -1.260073852243306, 44.799198797323491 ], [ -1.26003155039251, 44.79939720948245 ], [ -1.260015346483652, 44.799415276039667 ], [ -1.260001763041686, 44.799474506975045 ], [ -1.259771751403749, 44.799885337453162 ], [ -1.260010846779651, 44.804278059066647 ], [ -1.260003943467697, 44.804306145138668 ], [ -1.260011404553824, 44.805570560865959 ], [ -1.259628610988255, 44.81257170563164 ], [ -1.259611207024051, 44.812639311803999 ], [ -1.259609105021149, 44.81287662910519 ], [ -1.259205800410038, 44.817893772480062 ], [ -1.258986515649626, 44.818652903261565 ], [ -1.258868895809184, 44.819911079610407 ], [ -1.257822855748709, 44.824018722889299 ], [ -1.257663150878575, 44.824442744233664 ], [ -1.257632629052967, 44.824689238648077 ], [ -1.255042686545831, 44.832925842508963 ], [ -1.25275193532831, 44.842693783798893 ], [ -1.251159003429993, 44.852614388759903 ], [ -1.250242656873795, 44.858331096440061 ], [ -1.25008319893277, 44.861765165842797 ], [ -1.250064326988611, 44.861832820796678 ], [ -1.250063636492386, 44.862092794158322 ], [ -1.249872691142111, 44.864675812402574 ], [ -1.24888410336365, 44.868142989511114 ], [ -1.248705066448856, 44.869059670348939 ], [ -1.247829951311123, 44.870929406850316 ], [ -1.247100394545682, 44.876242902106817 ], [ -1.246144211398818, 44.886710203622599 ], [ -1.245561470285975, 44.896850783976014 ], [ -1.245542807422998, 44.896921538665183 ], [ -1.245539411857292, 44.897163028798111 ], [ -1.245157133654179, 44.901722554059084 ], [ -1.244955171948775, 44.902420240372244 ], [ -1.244849269910272, 44.903597596185868 ], [ -1.242758663978249, 44.91210046418724 ], [ -1.2427563091211, 44.912108812895667 ], [ -1.241283843182198, 44.918079747073122 ], [ -1.240751205852095, 44.923585980870577 ], [ -1.240649830914547, 44.92392967227152 ], [ -1.240609966488071, 44.924598390114213 ], [ -1.239799630246704, 44.92901395954992 ], [ -1.239791191853821, 44.92904105525556 ], [ -1.23978903908561, 44.929075164379789 ], [ -1.239080915535996, 44.932822047731229 ], [ -1.23873832022392, 44.937332872546499 ], [ -1.238554787990792, 44.94083687507122 ], [ -1.238485484866922, 44.941092895620024 ], [ -1.238455398417833, 44.941869594938687 ], [ -1.237219710881501, 44.950670731477651 ], [ -1.237162654408308, 44.950845900847511 ], [ -1.237148270651497, 44.951119736952514 ], [ -1.235272140506012, 44.961587965089421 ], [ -1.235245188884494, 44.961666220068878 ], [ -1.235239715577066, 44.961762318158314 ], [ -1.233202224715762, 44.972240901100577 ], [ -1.232014401553092, 44.979361064080635 ], [ -1.231903290501575, 44.979691671936486 ], [ -1.23187139944549, 44.980078516038503 ], [ -1.230455301093022, 44.986249753766906 ], [ -1.230325730639101, 44.997103192429456 ], [ -1.230304888000791, 44.997186372448787 ], [ -1.230305412358615, 44.997671204170182 ], [ -1.229923470828344, 45.004038158624724 ], [ -1.229837230151052, 45.004349368023327 ], [ -1.229796939754056, 45.005196579877243 ], [ -1.228198127410761, 45.015252504616221 ], [ -1.22681231353912, 45.027487566036307 ], [ -1.226020326793391, 45.035436801935546 ], [ -1.22584436565164, 45.039076788467447 ], [ -1.225484884822042, 45.040394374309713 ], [ -1.225229153932373, 45.042332747281208 ], [ -1.22394860221994, 45.046177453927903 ], [ -1.2238157153058, 45.047216424644716 ], [ -1.223978997943668, 45.049701460025531 ], [ -1.223976606845583, 45.04970980805917 ], [ -1.223980052448834, 45.04971794684829 ], [ -1.223209987921464, 45.054766630573305 ], [ -1.222626402049656, 45.056315261223993 ], [ -1.222659060620914, 45.056416352743213 ], [ -1.223194057947648, 45.059274262612632 ], [ -1.223188491731305, 45.060871391260946 ], [ -1.222592914660339, 45.069198105568731 ], [ -1.222534565850598, 45.069401134030613 ], [ -1.222515301077041, 45.0699423151814 ], [ -1.221552989699432, 45.077068671846384 ], [ -1.221403916224398, 45.08161361524548 ], [ -1.221391105124271, 45.081663551047995 ], [ -1.22139123628974, 45.081893579940285 ], [ -1.220988584702012, 45.089009222657623 ], [ -1.220942476282803, 45.089176799714082 ], [ -1.220928368064673, 45.089707492783695 ], [ -1.220119569477266, 45.096669063080213 ], [ -1.220057016267398, 45.096875314377527 ], [ -1.220037586637919, 45.097254531887408 ], [ -1.219206095739966, 45.102247446688139 ], [ -1.218965217309798, 45.102968015852753 ], [ -1.218892469439422, 45.10363061618451 ], [ -1.217787080388834, 45.107463458641853 ], [ -1.21792655067925, 45.110328964017064 ], [ -1.217915150129668, 45.110378855959809 ], [ -1.217907107378706, 45.111802751635111 ], [ -1.21750768099625, 45.117041791819112 ], [ -1.216917686398842, 45.125912087816623 ], [ -1.216824773540026, 45.126236939463936 ], [ -1.216784261794451, 45.127062496652393 ], [ -1.215367350044101, 45.135632247760995 ], [ -1.21441896680771, 45.142939752446139 ], [ -1.214060740025998, 45.148034095525112 ], [ -1.214035638950042, 45.148120521239569 ], [ -1.214031656566141, 45.148377551897241 ], [ -1.21341445027484, 45.154576799447639 ], [ -1.213332686514949, 45.154848673954397 ], [ -1.213304932435858, 45.155395299127967 ], [ -1.212067943009806, 45.16266974840314 ], [ -1.211814264863813, 45.163423718371206 ], [ -1.211738522839912, 45.164087431978743 ], [ -1.210386115376568, 45.168668856911374 ], [ -1.2094313777718, 45.172949703069129 ], [ -1.209395559319312, 45.173050919414479 ], [ -1.209386860056937, 45.173143015585133 ], [ -1.207973092750021, 45.179032419844582 ], [ -1.207118122980518, 45.183053199809116 ], [ -1.207418846196797, 45.186576981656494 ], [ -1.207393287661326, 45.18670262100818 ], [ -1.207438012858451, 45.186832238572606 ], [ -1.207222830618205, 45.189952608925971 ], [ -1.20639123333491, 45.194045888422274 ], [ -1.206030170076101, 45.1950643026912 ], [ -1.205948357141793, 45.195656997272948 ], [ -1.204921100664349, 45.198607247134255 ], [ -1.20387866616268, 45.207431182910902 ], [ -1.203274385323335, 45.213791995008826 ], [ -1.203226534560875, 45.213957548814236 ], [ -1.203212388475337, 45.214330406142722 ], [ -1.202401739463316, 45.220067485681533 ], [ -1.202365182900614, 45.220181079150557 ], [ -1.202356545229884, 45.220366034333452 ], [ -1.20152534424109, 45.225348567847789 ], [ -1.201152538168711, 45.226462248979317 ], [ -1.201044192225477, 45.227259044411191 ], [ -1.199671515007272, 45.231331340959237 ], [ -1.199435375421972, 45.232711987065088 ], [ -1.199604237019612, 45.235934646602622 ], [ -1.199576134372013, 45.236066569472662 ], [ -1.19932700982109, 45.239168435825682 ], [ -1.198135247164537, 45.244459550562702 ], [ -1.19720992894854, 45.24978754924966 ], [ -1.19672540364448, 45.253576764007434 ], [ -1.196745399959367, 45.258384720485445 ], [ -1.196619979108588, 45.258892139535583 ], [ -1.196430763498308, 45.261150283630457 ], [ -1.194979281683815, 45.267353338128615 ], [ -1.194933212552916, 45.267478591647311 ], [ -1.194923810181912, 45.26758309005492 ], [ -1.19281542330882, 45.275867214695779 ], [ -1.19209907324458, 45.281876710675796 ], [ -1.192042246990858, 45.282063176003035 ], [ -1.192024695306781, 45.282407283133757 ], [ -1.190979461747701, 45.288740804963147 ], [ -1.190783181606205, 45.289330965952438 ], [ -1.190722045786093, 45.289932310958967 ], [ -1.189075401031202, 45.296030063773252 ], [ -1.188244015364368, 45.30302324538517 ], [ -1.188285305190832, 45.309832012661658 ], [ -1.188281767909817, 45.309845537055693 ], [ -1.188285328074993, 45.309855730493005 ], [ -1.188309188079136, 45.315585910052363 ], [ -1.188251097360982, 45.315821940345408 ], [ -1.188197398327592, 45.317253561157507 ], [ -1.187195793568894, 45.324496665663283 ], [ -1.186685453970309, 45.328982027588935 ], [ -1.186971896406394, 45.341900916405415 ], [ -1.186886646491187, 45.342262635795699 ], [ -1.186968771570478, 45.342541686998381 ], [ -1.186782704178958, 45.348332209863543 ], [ -1.186619449431944, 45.357448157887241 ], [ -1.186687584715309, 45.36845304368579 ], [ -1.186650194752071, 45.368601760533217 ], [ -1.186686824918228, 45.368717178479983 ], [ -1.186519956357232, 45.378950623378287 ], [ -1.186385527388263, 45.387693268086586 ], [ -1.187420211794494, 45.397043820961194 ], [ -1.187390555593908, 45.39719847010322 ], [ -1.187451044526605, 45.397366795137565 ], [ -1.188376038048177, 45.40850669069161 ], [ -1.188352353795845, 45.408617821499 ], [ -1.188391821520963, 45.408731099268863 ], [ -1.18822626435316, 45.411580715863309 ], [ -1.186469657072488, 45.421303255787947 ], [ -1.186350607685333, 45.421964203026548 ], [ -1.186119572804778, 45.422637976315187 ], [ -1.186054211997371, 45.423221923415177 ], [ -1.185370795587728, 45.425557615764077 ], [ -1.184947244226919, 45.426614034349328 ], [ -1.18489882741022, 45.426888966050498 ], [ -1.184680237012127, 45.427413772425894 ], [ -1.183868036999771, 45.431157662951549 ], [ -1.182495342029046, 45.433326296011856 ], [ -1.181412542937031, 45.434755309873353 ], [ -1.181076074763809, 45.435225026147862 ], [ -1.180912149162475, 45.436218569374191 ], [ -1.18083518235166, 45.436690425221691 ], [ -1.180470559785916, 45.437776933328777 ], [ -1.180362329216547, 45.438587141795288 ], [ -1.179637243531032, 45.44075799538529 ], [ -1.179470282412432, 45.441151187283602 ], [ -1.179451816816606, 45.441275564311006 ], [ -1.178813345792864, 45.442943318056166 ], [ -1.178338141799747, 45.444459407254385 ], [ -1.178155110197923, 45.445222455866656 ], [ -1.17813074236528, 45.445715337121349 ], [ -1.178560428583849, 45.446617937636383 ], [ -1.179004121710802, 45.448086518216776 ], [ -1.179498106687448, 45.450805998751022 ], [ -1.179330005129052, 45.453671177421953 ], [ -1.179272249858064, 45.453984572569411 ], [ -1.179278465580831, 45.454035957330575 ], [ -1.179969929835936, 45.454973642723971 ], [ -1.180088253817801, 45.455289759564181 ], [ -1.180394182473004, 45.455582402315528 ], [ -1.182011109824806, 45.458875179491415 ], [ -1.182837647177433, 45.461379894746649 ], [ -1.182955141153202, 45.461981797413799 ], [ -1.183009260882391, 45.462094617257549 ], [ -1.161724585489895, 45.473236598777376 ], [ -1.161703364468826, 45.473248605029355 ], [ -1.156300368958317, 45.475888858348071 ], [ -1.156450980444336, 45.475161993361866 ], [ -1.156655705618368, 45.474478138332728 ], [ -1.156645619724445, 45.474343463604164 ], [ -1.156706064725851, 45.474296206699499 ], [ -1.157034697099342, 45.472354465313401 ], [ -1.157007097561481, 45.470956917158233 ], [ -1.157054090255949, 45.470730093915186 ], [ -1.157016633863337, 45.470055216700352 ], [ -1.156574750882882, 45.469125236368292 ], [ -1.156282495540314, 45.468639869824798 ], [ -1.156057011896529, 45.468016979188981 ], [ -1.155472836673541, 45.465865581344218 ], [ -1.155244404877894, 45.465377847658736 ], [ -1.1552372925609, 45.465108014643661 ], [ -1.154775243363056, 45.463907658288861 ], [ -1.154684493971226, 45.463549869713674 ], [ -1.154454239537384, 45.462882138473717 ], [ -1.154020624495459, 45.462041878424131 ], [ -1.153809091959524, 45.461779620216056 ], [ -1.153651201209471, 45.461379303009736 ], [ -1.15336389365158, 45.460803716489444 ], [ -1.153192575587705, 45.460223832350096 ], [ -1.152915429235746, 45.459783939800033 ], [ -1.152774340214003, 45.459608079441558 ], [ -1.152683687041425, 45.45925130973086 ], [ -1.152521062886307, 45.456552283073286 ], [ -1.152366553665741, 45.45619685594292 ], [ -1.15216367316801, 45.45606932331691 ], [ -1.15200878633947, 45.455533846061655 ], [ -1.151968425558727, 45.454994126666882 ], [ -1.152233176658561, 45.454082977784203 ], [ -1.152340600999712, 45.453808902667816 ], [ -1.152309927592152, 45.453223808647436 ], [ -1.151747330436679, 45.452387300022224 ], [ -1.151428354194215, 45.45154278936581 ], [ -1.151441333993946, 45.450685983460318 ], [ -1.151346827506923, 45.449246929249917 ], [ -1.15140008182531, 45.448928822473889 ], [ -1.15127598561793, 45.447093906632304 ], [ -1.151136022081162, 45.445746568847717 ], [ -1.151162806442912, 45.445249379296129 ], [ -1.151128794450969, 45.444619394134463 ], [ -1.151189149387576, 45.443715818576841 ], [ -1.151027595300909, 45.443090557854433 ], [ -1.151047290290707, 45.442323536132278 ], [ -1.151214594651299, 45.440964817856447 ], [ -1.151506756231863, 45.439565665763915 ], [ -1.151670755151581, 45.43901837698791 ], [ -1.152059533933664, 45.438056593887161 ], [ -1.152316652039617, 45.437199950474692 ], [ -1.152551112671244, 45.436740080667917 ], [ -1.152588025446346, 45.436378586057657 ], [ -1.152863131255967, 45.435782161650089 ], [ -1.153562740244105, 45.434683011963394 ], [ -1.153857583754978, 45.434175884628829 ], [ -1.154132277082866, 45.433399408241847 ], [ -1.154102060242966, 45.432995385781567 ], [ -1.154290093465474, 45.431915195392563 ], [ -1.154447716220876, 45.431458169456242 ], [ -1.154497654457613, 45.431096190948978 ], [ -1.154658630894245, 45.430684056128676 ], [ -1.154715089499903, 45.429554519999044 ], [ -1.154985168106395, 45.428697387980307 ], [ -1.155494608111764, 45.42764108305731 ], [ -1.15562870086221, 45.426869816646771 ], [ -1.155860419066713, 45.426374231657633 ], [ -1.156385176703746, 45.425678503529525 ], [ -1.156871048528493, 45.42430795403947 ], [ -1.156995875581377, 45.424267514181125 ], [ -1.157322159533386, 45.423308026703857 ], [ -1.157315440710217, 45.423218244262451 ], [ -1.157375829567281, 45.423170987350112 ], [ -1.157583312470584, 45.42235197828883 ], [ -1.157807587770292, 45.421757424922568 ], [ -1.157959120436579, 45.421219794665184 ], [ -1.158233692491516, 45.420443309767897 ], [ -1.15880818775604, 45.419384571138195 ], [ -1.159060306335856, 45.418483077345698 ], [ -1.159160426561946, 45.417938146023658 ], [ -1.15932469103774, 45.417570896464056 ], [ -1.159756849367414, 45.415310191903984 ], [ -1.159913973584605, 45.414673110926792 ], [ -1.159890370419726, 45.414357853098103 ], [ -1.159995767858453, 45.41403882741362 ], [ -1.160179573922434, 45.412904556969934 ], [ -1.16062846784856, 45.410868305937392 ], [ -1.160668186943848, 45.410370632487371 ], [ -1.160573510231625, 45.408931594864612 ], [ -1.160400420264914, 45.408171731723883 ], [ -1.16040309253679, 45.407179237131956 ], [ -1.160590708990665, 45.405242723734119 ], [ -1.160871266715838, 45.403519651544933 ], [ -1.160979922757388, 45.403244496205495 ], [ -1.16089388484779, 45.401940187175192 ], [ -1.160749632817983, 45.401720467673876 ], [ -1.160668002743449, 45.400280947824257 ], [ -1.160355910702936, 45.399526251189869 ], [ -1.160293415273224, 45.39853617915098 ], [ -1.160343973260687, 45.398183382143891 ], [ -1.160362556117501, 45.395521644614846 ], [ -1.160543009625219, 45.39434350624672 ], [ -1.160414276841158, 45.391246294256305 ], [ -1.160345069952633, 45.390166441790285 ], [ -1.160540394158508, 45.389167814194423 ], [ -1.160427025692311, 45.387323312834567 ], [ -1.16051068582014, 45.386733976400578 ], [ -1.160530634874041, 45.385118807775314 ], [ -1.160308877961718, 45.384541844722484 ], [ -1.160214455740342, 45.383959126493409 ], [ -1.160137238924971, 45.38378091012234 ], [ -1.160076696026881, 45.382971854552871 ], [ -1.160227006696137, 45.382244994765273 ], [ -1.160191482857129, 45.381615072375695 ], [ -1.159818755157061, 45.380727587118436 ], [ -1.159838712954591, 45.380140618893876 ], [ -1.159939162947528, 45.379775737744275 ], [ -1.159958712699902, 45.37900872210399 ], [ -1.1596864541735, 45.37775635565783 ], [ -1.1595697788872, 45.375866966113534 ], [ -1.159663787586364, 45.375241438690708 ], [ -1.15964296312013, 45.373934713885461 ], [ -1.159606022052297, 45.373440915161488 ], [ -1.159702697612695, 45.372851096542064 ], [ -1.159789025154292, 45.371269273327307 ], [ -1.15971130458739, 45.370055718223142 ], [ -1.159909090992444, 45.369110201582465 ], [ -1.159881742876909, 45.368570008176448 ], [ -1.159720714836485, 45.368124814595959 ], [ -1.159870990060025, 45.367397957099193 ], [ -1.159758170116591, 45.365734529106028 ], [ -1.159674264387162, 45.365466531508247 ], [ -1.159714035930886, 45.364969882351033 ], [ -1.159767567511793, 45.364831822907234 ], [ -1.159757493956236, 45.364697150744448 ], [ -1.159804385735935, 45.364470330094584 ], [ -1.15946811755004, 45.363040286247099 ], [ -1.159161517766886, 45.362375426172754 ], [ -1.159056410798891, 45.360620659359341 ], [ -1.158886922523007, 45.359887272487214 ], [ -1.158943299827149, 45.358758767445309 ], [ -1.158757571873897, 45.357827507253106 ], [ -1.158732537778368, 45.35611478164968 ], [ -1.158842514951482, 45.354849238902048 ], [ -1.158949638993464, 45.354574141549932 ], [ -1.159002576804319, 45.353399726619095 ], [ -1.159176601085793, 45.352816241947714 ], [ -1.159245135343193, 45.349793569369233 ], [ -1.159422435878357, 45.348749577606398 ], [ -1.159436293093746, 45.347576616043739 ], [ -1.159469761495086, 45.346142040978748 ], [ -1.159690846581013, 45.344655474871992 ], [ -1.159599573399921, 45.344288514913544 ], [ -1.159641633726233, 45.340562953553018 ], [ -1.159738733548894, 45.340154204781697 ], [ -1.159838931863691, 45.33740045127503 ], [ -1.159912378078631, 45.336675428612445 ], [ -1.160092248387706, 45.33428906601479 ], [ -1.160261880539729, 45.332794182554338 ], [ -1.160466035611118, 45.332110336109324 ], [ -1.160566673375251, 45.331574593577066 ], [ -1.160519606637141, 45.330945107282695 ], [ -1.160287513508618, 45.330052412136752 ], [ -1.16030032871855, 45.329195622231317 ], [ -1.160414184931084, 45.329011325813191 ], [ -1.160366842996143, 45.325991949469397 ], [ -1.160584468078033, 45.324460496603756 ], [ -1.160643362783689, 45.322338497387811 ], [ -1.160853369306457, 45.321384340906732 ], [ -1.161047607305123, 45.320393940063411 ], [ -1.161065797306586, 45.317553212966637 ], [ -1.161125367397101, 45.3164685854411 ], [ -1.16136937305124, 45.315116210537767 ], [ -1.161418866239757, 45.313896912550454 ], [ -1.161579529129075, 45.313485796187798 ], [ -1.161585120822316, 45.312358162659351 ], [ -1.161443008103506, 45.312183391526837 ], [ -1.161449013181697, 45.31123580359629 ], [ -1.161619325165011, 45.310779312784305 ], [ -1.161659351063288, 45.309433506874804 ], [ -1.161681796985573, 45.308531345477633 ], [ -1.161574476797776, 45.307949120603574 ], [ -1.161585924424992, 45.305018619649879 ], [ -1.161886692083702, 45.303573077876329 ], [ -1.161959730998134, 45.302669033593176 ], [ -1.162003205716603, 45.302397324410741 ], [ -1.161985709420999, 45.301135507220508 ], [ -1.161913455363367, 45.300867083827356 ], [ -1.161930006784662, 45.300235233456803 ], [ -1.16197347974936, 45.299963524411531 ], [ -1.161962511664921, 45.299467743947801 ], [ -1.162069590114692, 45.299193666619729 ], [ -1.16213316319155, 45.298163114480708 ], [ -1.162293699182872, 45.297750978083307 ], [ -1.162366723864573, 45.296846934536177 ], [ -1.162707580496309, 45.296112976953651 ], [ -1.162856127109056, 45.295521225798439 ], [ -1.162881145198924, 45.294673192492134 ], [ -1.162722976242491, 45.29426371717966 ], [ -1.162813455883836, 45.293593306252887 ], [ -1.163077263008201, 45.292682156556445 ], [ -1.163320847305971, 45.291500646071277 ], [ -1.163594898373849, 45.290552282757787 ], [ -1.163912896354707, 45.288466674684578 ], [ -1.164009874101202, 45.288057926173074 ], [ -1.164099991303929, 45.286530195977321 ], [ -1.16440669726567, 45.285166270624423 ], [ -1.164576829082688, 45.284708757358842 ], [ -1.164776623895104, 45.281915496180915 ], [ -1.164966189129663, 45.280690979809258 ], [ -1.165029077201881, 45.279652267922117 ], [ -1.165242551409201, 45.278922024770495 ], [ -1.165386486547729, 45.278114574103796 ], [ -1.16540741452357, 45.277212471263539 ], [ -1.165719688090405, 45.276253468924295 ], [ -1.165892426445478, 45.274804503354936 ], [ -1.166085696166324, 45.272777762093781 ], [ -1.16621205289398, 45.271735660326122 ], [ -1.166335734176601, 45.270657850882365 ], [ -1.166485660476281, 45.26993099760066 ], [ -1.166581358152556, 45.268304844716255 ], [ -1.166838192382305, 45.267302891041759 ], [ -1.166914461194961, 45.266443739603226 ], [ -1.167024809648841, 45.266214548986859 ], [ -1.167070959973828, 45.264778488438218 ], [ -1.16749521696267, 45.263284331127565 ], [ -1.167782681065177, 45.261840290567456 ], [ -1.16782140526863, 45.260305269797406 ], [ -1.168031486999934, 45.259531154761099 ], [ -1.168134592423806, 45.259031120506826 ], [ -1.168170455208766, 45.257632274546658 ], [ -1.168531504730397, 45.256320530581839 ], [ -1.168740285806227, 45.25432901466035 ], [ -1.169057898894451, 45.253288979034572 ], [ -1.169187252395247, 45.251436494909171 ], [ -1.169446448658216, 45.250119341860085 ], [ -1.169556678074949, 45.249889129288988 ], [ -1.16960326265509, 45.248634135743693 ], [ -1.169873464118802, 45.247812757050575 ], [ -1.169924769180431, 45.245420962874718 ], [ -1.170062270347936, 45.244703775781616 ], [ -1.170352600599734, 45.244151732916599 ], [ -1.170452813288045, 45.243787871827386 ], [ -1.170455298839699, 45.242795406826502 ], [ -1.17055163328045, 45.24220559334087 ], [ -1.170484293867673, 45.24198303426008 ], [ -1.170476701709227, 45.240855901593349 ], [ -1.170681082206338, 45.240181230657079 ], [ -1.171021483225548, 45.239447256059634 ], [ -1.171107727691115, 45.238722774576637 ], [ -1.171186363962701, 45.236871161453919 ], [ -1.171747443785022, 45.235506917340828 ], [ -1.171925591099046, 45.234462874837817 ], [ -1.17205682618623, 45.233159703942327 ], [ -1.172150288264436, 45.232706063722524 ], [ -1.172158634020573, 45.230767047855849 ], [ -1.172305462630743, 45.230175345898211 ], [ -1.172600906114395, 45.227468534689351 ], [ -1.172890649990818, 45.226059178759236 ], [ -1.173040894969596, 45.225513385760017 ], [ -1.17311000630576, 45.224212536638198 ], [ -1.173426679200652, 45.223163313273176 ], [ -1.173566753558286, 45.222481832446434 ], [ -1.173585129447483, 45.22067748786057 ], [ -1.173925610352294, 45.219772647319736 ], [ -1.173984414201263, 45.217831747408802 ], [ -1.174094110267607, 45.217421490044202 ], [ -1.174170650310961, 45.216742384404412 ], [ -1.174439400295231, 45.215885239051481 ], [ -1.17445425085568, 45.215406914212892 ], [ -1.174521350705643, 45.212049789281124 ], [ -1.174671171329545, 45.211151053876016 ], [ -1.175004621184225, 45.210327293820143 ], [ -1.175087862112336, 45.209737966415865 ], [ -1.175086448956231, 45.208520578057254 ], [ -1.175279885209572, 45.207702054865344 ], [ -1.175409516353968, 45.206533986074412 ], [ -1.175565874270445, 45.205896908074905 ], [ -1.175608238606012, 45.204587853078976 ], [ -1.175824724840138, 45.203903510156508 ], [ -1.175864408034179, 45.202558748620639 ], [ -1.176264187135513, 45.201597457760215 ], [ -1.176457505735891, 45.200777913568608 ], [ -1.176692294001587, 45.200318979598144 ], [ -1.176853128762361, 45.199916012396706 ], [ -1.176925789703912, 45.199011977555486 ], [ -1.177142698699962, 45.198507674036989 ], [ -1.177305277142481, 45.197780331089888 ], [ -1.177323524078012, 45.195975995577001 ], [ -1.177510771486846, 45.195075854960777 ], [ -1.1776805978048, 45.194619350550504 ], [ -1.17780656123419, 45.193577252814897 ], [ -1.1780263400304, 45.192937795948254 ], [ -1.178170556372334, 45.192139525154694 ], [ -1.178162128109101, 45.191003223337482 ], [ -1.178075110924109, 45.190691380313396 ], [ -1.178101069510513, 45.190014167037276 ], [ -1.1784984341065, 45.189196184544095 ], [ -1.178772267413555, 45.188428865175105 ], [ -1.178877555153684, 45.186937395552981 ], [ -1.179120343863821, 45.185755876728869 ], [ -1.179436905775963, 45.184535786346629 ], [ -1.17975609763398, 45.182675162569247 ], [ -1.179871437183033, 45.181318359394425 ], [ -1.180032412478731, 45.180744530653868 ], [ -1.17990152953922, 45.179847099314784 ], [ -1.180243646485007, 45.17896877265283 ], [ -1.180618188262584, 45.177828349984978 ], [ -1.180658035193302, 45.177510732008784 ], [ -1.180679150557263, 45.176788685791607 ], [ -1.180881252263838, 45.176069063141149 ], [ -1.180924368966802, 45.17444385681106 ], [ -1.181010933845944, 45.173900438263793 ], [ -1.18098913587239, 45.172412709348833 ], [ -1.181072257151168, 45.171823382462883 ], [ -1.181246035138765, 45.171420945072576 ], [ -1.181358950279632, 45.171055573134872 ], [ -1.181247329229994, 45.16939217800968 ], [ -1.181343423118637, 45.168802364680836 ], [ -1.181296259398932, 45.168172908173482 ], [ -1.181559309738414, 45.167089860707087 ], [ -1.181661119365947, 45.165553507410429 ], [ -1.181800948806668, 45.164872024973441 ], [ -1.182291344483502, 45.16360039219758 ], [ -1.182390781294012, 45.163055466975884 ], [ -1.182250348905376, 45.162879653448435 ], [ -1.182292662470228, 45.162247865112874 ], [ -1.182609289493909, 45.161378669763799 ], [ -1.182665531855636, 45.161106473841322 ], [ -1.182543723883119, 45.159307399118113 ], [ -1.182870153156439, 45.158221970865867 ], [ -1.183040302859741, 45.157945501566942 ], [ -1.183099903821587, 45.157718193787098 ], [ -1.183025261572726, 45.156548574967559 ], [ -1.183408727592598, 45.155722906621072 ], [ -1.183447156591644, 45.154017058301299 ], [ -1.183540317339717, 45.153562396347674 ], [ -1.183586454447815, 45.153155536207365 ], [ -1.183732958081191, 45.152563829460007 ], [ -1.183969330267917, 45.152148807203595 ], [ -1.183844823684557, 45.150314031263363 ], [ -1.184184021488043, 45.14939999211753 ], [ -1.184173851458898, 45.149264307867384 ], [ -1.184390018444506, 45.148579956941987 ], [ -1.184661521204124, 45.147939565728187 ], [ -1.18476832505736, 45.147493597989026 ], [ -1.184840713302534, 45.146588548626298 ], [ -1.184796893750833, 45.146003984819401 ], [ -1.18489347149909, 45.1455952307373 ], [ -1.18513941485576, 45.145134831656719 ], [ -1.185073476392936, 45.144100955775208 ], [ -1.185288175201543, 45.143551700713189 ], [ -1.185357873164684, 45.142610945559589 ], [ -1.185587460739962, 45.142106145027107 ], [ -1.185673930183129, 45.141562726950824 ], [ -1.185709305448664, 45.140839124341639 ], [ -1.18601141181625, 45.138583205165389 ], [ -1.186077603004262, 45.137769439976076 ], [ -1.185958254634452, 45.136871591625379 ], [ -1.185940375487038, 45.136286055230094 ], [ -1.186266481860532, 45.135372499981742 ], [ -1.186299535694597, 45.134965107519847 ], [ -1.186252421195682, 45.134336678277748 ], [ -1.186657443060422, 45.133608398740577 ], [ -1.186609758701238, 45.132798911314438 ], [ -1.186560144152143, 45.13180943984505 ], [ -1.186756435904275, 45.131034778746951 ], [ -1.186855847739105, 45.130490873907817 ], [ -1.186791947881155, 45.129465109916609 ], [ -1.186888405975885, 45.129055335545161 ], [ -1.187123299442799, 45.128776425418387 ], [ -1.187174603695762, 45.128458375582916 ], [ -1.18711969299889, 45.127379075852588 ], [ -1.187276188627361, 45.12692203116147 ], [ -1.187438991205974, 45.125527636510711 ], [ -1.187387860314864, 45.124672243159594 ], [ -1.187490620354372, 45.124173226246434 ], [ -1.18795834562265, 45.123434399674281 ], [ -1.188114328102213, 45.122797316321886 ], [ -1.188015746110437, 45.122349857140577 ], [ -1.187935512613281, 45.122127802018035 ], [ -1.187968051686186, 45.121540372496305 ], [ -1.188125212531966, 45.121092508816744 ], [ -1.188287918740209, 45.120545200771808 ], [ -1.188358862460402, 45.119776271186048 ], [ -1.188251358668475, 45.117841636941684 ], [ -1.188397224282314, 45.117069891401961 ], [ -1.188787187336731, 45.116162111184586 ], [ -1.188878392643808, 45.115663527376697 ], [ -1.18887187461443, 45.114401332364793 ], [ -1.188964427333737, 45.113766632679273 ], [ -1.189190996160678, 45.113396978254755 ], [ -1.189327426464326, 45.112499751444673 ], [ -1.18938622988602, 45.111415156930114 ], [ -1.189650685261266, 45.110683964245474 ], [ -1.189913303327626, 45.109600911927174 ], [ -1.19004902411776, 45.108694503557956 ], [ -1.190188030833688, 45.107831962450298 ], [ -1.190137138521593, 45.105805176739864 ], [ -1.190344906922966, 45.105166142317962 ], [ -1.190446852866224, 45.104676360762184 ], [ -1.190498892666049, 45.103501993086397 ], [ -1.190712135138909, 45.101915412150554 ], [ -1.190759600352794, 45.101373458660241 ], [ -1.190990914630419, 45.101048634817474 ], [ -1.191087981677618, 45.100648041161293 ], [ -1.190985543618274, 45.099975662870463 ], [ -1.191018037765443, 45.09938823566705 ], [ -1.191339057420582, 45.098564881939303 ], [ -1.191434923185097, 45.09797506994186 ], [ -1.191468842539321, 45.096405466574076 ], [ -1.191617975110565, 45.095678608137142 ], [ -1.191767784277318, 45.094094413285987 ], [ -1.191970175483636, 45.093230508140195 ], [ -1.192079495254749, 45.092820245053005 ], [ -1.192116760792342, 45.091295530670372 ], [ -1.192314350119538, 45.090521833477595 ], [ -1.192215283255473, 45.089894345152437 ], [ -1.19198806648612, 45.089406722430418 ], [ -1.191837180748678, 45.088916226322659 ], [ -1.191905581164131, 45.087787282040402 ], [ -1.19215103150457, 45.086650649974622 ], [ -1.192637138705974, 45.085334108769693 ], [ -1.19285346527393, 45.084829788350866 ], [ -1.19295602683071, 45.084329751181265 ], [ -1.192974510119348, 45.083382741445625 ], [ -1.193240814819416, 45.082524611812019 ], [ -1.193098632553786, 45.080456261091712 ], [ -1.193394106738767, 45.07981391737588 ], [ -1.193540314582983, 45.079222208385296 ], [ -1.193471761771521, 45.07711528017326 ], [ -1.193630920055471, 45.076523083414152 ], [ -1.193734048894028, 45.076204102539947 ], [ -1.193636545745743, 45.074404155328708 ], [ -1.194033584193113, 45.07272982875002 ], [ -1.194119273727823, 45.072005357704349 ], [ -1.193895666244667, 45.070391241122401 ], [ -1.194041330314731, 45.069619497413981 ], [ -1.194147735256797, 45.069344383407078 ], [ -1.194300817559555, 45.068671594618046 ], [ -1.194517988944781, 45.067987183469157 ], [ -1.194501149393964, 45.067762749433648 ], [ -1.194600812624494, 45.06739786152157 ], [ -1.194564586227212, 45.06658795693501 ], [ -1.194493193660353, 45.06546325882266 ], [ -1.194721654191418, 45.064102193786383 ], [ -1.194857875644038, 45.063204971408879 ], [ -1.195249520105659, 45.062152851169664 ], [ -1.195445005518488, 45.061199173373389 ], [ -1.195500140680417, 45.059221609989166 ], [ -1.195657297689866, 45.058584472159481 ], [ -1.195816976155599, 45.058173330216434 ], [ -1.195982272720036, 45.057490871387174 ], [ -1.196019928499687, 45.056146204403646 ], [ -1.196127737379695, 45.055871035211212 ], [ -1.196180439462396, 45.055553952966754 ], [ -1.196133786901951, 45.053932153117024 ], [ -1.196489042945839, 45.053242531454885 ], [ -1.196505130845605, 45.052610711536751 ], [ -1.196474215665383, 45.052025677641524 ], [ -1.196861741495644, 45.051073963546195 ], [ -1.196951253116225, 45.050574415524913 ], [ -1.196833479412912, 45.04850516409897 ], [ -1.197104277858683, 45.047863738505654 ], [ -1.197507170379609, 45.047136509903176 ], [ -1.197609621304144, 45.046636473349665 ], [ -1.197548901483528, 45.045827496934251 ], [ -1.19731985394562, 45.045159910610941 ], [ -1.197351725540891, 45.044392455581047 ], [ -1.197991585700283, 45.042573915547514 ], [ -1.198279810036126, 45.041165576414713 ], [ -1.198391124837694, 45.039592042189533 ], [ -1.198381559483348, 45.038465020018393 ], [ -1.19851556817823, 45.0376937112813 ], [ -1.198727759651021, 45.036964465491153 ], [ -1.198879480065113, 45.036102460985916 ], [ -1.19882618708458, 45.034220045592562 ], [ -1.198978957328995, 45.033718109091836 ], [ -1.199009927913738, 45.033265782840701 ], [ -1.199117716919698, 45.03285659370659 ], [ -1.199032192334432, 45.031371309805408 ], [ -1.199411353944253, 45.030329873940829 ], [ -1.199435572999445, 45.028615381528226 ], [ -1.199829453538493, 45.026751894184848 ], [ -1.200059124931699, 45.026256260013 ], [ -1.200146713552198, 45.025712792435129 ], [ -1.200063713237453, 45.024453506068085 ], [ -1.199899453419285, 45.0237834847809 ], [ -1.200210588021998, 45.02250931729283 ], [ -1.200539781759531, 45.021648794125205 ], [ -1.200636030152091, 45.021240039363626 ], [ -1.200535061076192, 45.020567629484894 ], [ -1.200431258586537, 45.020030366663931 ], [ -1.200502616282176, 45.019117175432946 ], [ -1.200565291860125, 45.018933732221988 ], [ -1.200480360796577, 45.017629508152552 ], [ -1.201046496049347, 45.016544175518057 ], [ -1.201092393118627, 45.016137322319452 ], [ -1.201066676391475, 45.014776642134692 ], [ -1.201225577230087, 45.014184444343528 ], [ -1.201344861924539, 45.013909858719302 ], [ -1.201286741992163, 45.01211766237023 ], [ -1.201449003043774, 45.011570350619422 ], [ -1.20166833562023, 45.011110908869405 ], [ -1.201767313221314, 45.010565987467153 ], [ -1.201726255649244, 45.009846303999396 ], [ -1.201913944509497, 45.007774742665333 ], [ -1.202016284105595, 45.007274707397819 ], [ -1.20202892620759, 45.006598008694873 ], [ -1.202020192375212, 45.005290910286163 ], [ -1.202225474915468, 45.004471892651416 ], [ -1.202451663332524, 45.003931370775554 ], [ -1.202597577460888, 45.003339661894294 ], [ -1.202570613546851, 45.002980575637586 ], [ -1.20277580296991, 45.00216053738307 ], [ -1.202712507466241, 44.999954216532579 ], [ -1.202892190159818, 44.999812385381134 ], [ -1.20299910849713, 44.999546449262404 ], [ -1.203048348080452, 44.999184482892232 ], [ -1.203207726400208, 44.998772316841453 ], [ -1.203474205556004, 44.996733583029638 ], [ -1.203436336001021, 44.995211730409046 ], [ -1.203611147240944, 44.993987721598991 ], [ -1.203710075698562, 44.993442801069001 ], [ -1.203749116266767, 44.992945158018422 ], [ -1.203990539961945, 44.991763643127165 ], [ -1.204047053487771, 44.991671479935512 ], [ -1.204160223871315, 44.991316302980373 ], [ -1.204121573227932, 44.98978425164681 ], [ -1.204276999902102, 44.989147168065664 ], [ -1.204415021235667, 44.988105625208192 ], [ -1.204367750446862, 44.987476207609689 ], [ -1.204543394382364, 44.987108437214971 ], [ -1.204600591854039, 44.987025454992335 ], [ -1.204845967762907, 44.986069877206049 ], [ -1.204905220850732, 44.985841547745174 ], [ -1.2050081186285, 44.985522564254211 ], [ -1.205037576459502, 44.98507029673199 ], [ -1.205059194173041, 44.984168195770941 ], [ -1.205313213128243, 44.98213811633665 ], [ -1.205328631832964, 44.981326276342969 ], [ -1.205471085276995, 44.980689682045508 ], [ -1.20552366379707, 44.980372601912983 ], [ -1.205576165097274, 44.980054501661598 ], [ -1.205867938617815, 44.97870023369353 ], [ -1.205903578108995, 44.978157706600498 ], [ -1.205939844763177, 44.97779623062894 ], [ -1.206046016968706, 44.977521112142483 ], [ -1.206157554736951, 44.97630051871861 ], [ -1.206298804642709, 44.97530284253132 ], [ -1.206340966613918, 44.974003033326881 ], [ -1.206449948655351, 44.973592769331347 ], [ -1.206658975785235, 44.972998666811804 ], [ -1.206860700223549, 44.972134762838699 ], [ -1.206882837797395, 44.971412695450681 ], [ -1.206995182924115, 44.9710473164699 ], [ -1.206984287686881, 44.969885578069899 ], [ -1.206953863162226, 44.969480590939177 ], [ -1.207059459901886, 44.969025441664463 ], [ -1.207228916010296, 44.968748949127672 ], [ -1.207308087261775, 44.96811474856684 ], [ -1.207270361737938, 44.967439960961308 ], [ -1.207658421618512, 44.966352120699518 ], [ -1.207691220331043, 44.965944740112413 ], [ -1.207779942500019, 44.965265164888223 ], [ -1.20793095858683, 44.96372696388292 ], [ -1.20785687751856, 44.962242300322579 ], [ -1.208053850076513, 44.961296733206936 ], [ -1.208213160531287, 44.960885584557488 ], [ -1.208302427007452, 44.960386039925858 ], [ -1.208659933490866, 44.959065081893591 ], [ -1.208715846423916, 44.958792887259285 ], [ -1.2088322170098, 44.958481573810978 ], [ -1.208835880711074, 44.956497804017829 ], [ -1.208974297732921, 44.95563629504106 ], [ -1.208986844213785, 44.954959605504236 ], [ -1.2091387462676, 44.954277636550813 ], [ -1.209301453196792, 44.953739503369661 ], [ -1.209509736992926, 44.952964349177869 ], [ -1.209662266870456, 44.952463429608201 ], [ -1.209684360599823, 44.951741365789672 ], [ -1.209770226290142, 44.951196936414888 ], [ -1.209822676181245, 44.950878836846186 ], [ -1.209909229175905, 44.950343588501063 ], [ -1.210186958360621, 44.94947679888751 ], [ -1.210112028341885, 44.948307262450129 ], [ -1.210433274328469, 44.94734879759951 ], [ -1.210462668350473, 44.946896533636014 ], [ -1.210734881107985, 44.946129184150564 ], [ -1.210826908659076, 44.945494495225596 ], [ -1.210825292940539, 44.944457219104535 ], [ -1.210804485180519, 44.944007881314285 ], [ -1.210950155258966, 44.94341617166436 ], [ -1.210958657937771, 44.942513550419129 ], [ -1.211104445114864, 44.941750992776257 ], [ -1.211140578029505, 44.941388498834378 ], [ -1.211334804095138, 44.940254796356193 ], [ -1.211666104818629, 44.939430984305375 ], [ -1.211807055624098, 44.938757611373873 ], [ -1.21182093216541, 44.937945835197908 ], [ -1.211986249892247, 44.93744340438446 ], [ -1.21227263893102, 44.93684635642262 ], [ -1.212372030600099, 44.936482486040767 ], [ -1.212422883667457, 44.935128133510567 ], [ -1.21260137608453, 44.933958197419969 ], [ -1.212630745606777, 44.933505934681421 ], [ -1.212732930845094, 44.933006920365607 ], [ -1.212765100513397, 44.932419513767258 ], [ -1.213026320925517, 44.931507307304948 ], [ -1.212991610669913, 44.930030371259569 ], [ -1.213273140528731, 44.929388492012848 ], [ -1.213411997230014, 44.928707012732616 ], [ -1.213537138205042, 44.928341141377857 ], [ -1.213662489837177, 44.92748012412747 ], [ -1.2137686433929, 44.927034155027854 ], [ -1.213703869604308, 44.926000302241768 ], [ -1.213852837172476, 44.925453476404208 ], [ -1.214037328489268, 44.924364129329668 ], [ -1.214032800226955, 44.923959188814841 ], [ -1.214135455894173, 44.923639182561928 ], [ -1.214175009224985, 44.92332259409018 ], [ -1.214373677870793, 44.922421965561973 ], [ -1.214488223291477, 44.921245247838257 ], [ -1.214669389968837, 44.920112036859834 ], [ -1.214831254366574, 44.919564720181732 ], [ -1.214851308591748, 44.918644272906242 ], [ -1.214876967670899, 44.917128221549433 ], [ -1.215111080249748, 44.915856940228544 ], [ -1.215219961930799, 44.915447694792284 ], [ -1.215185551926855, 44.914817804657616 ], [ -1.215338541130361, 44.914325043784949 ], [ -1.215447922572158, 44.914094805713113 ], [ -1.215510508688004, 44.91391237975899 ], [ -1.215673005536372, 44.913546110443846 ], [ -1.21578913539877, 44.913405640510106 ], [ -1.215779008439515, 44.913270987891906 ], [ -1.215881711313215, 44.912952001159248 ], [ -1.215953295147075, 44.912046989093028 ], [ -1.216221304309001, 44.911054722700861 ], [ -1.216499325965371, 44.910367954819762 ], [ -1.216518523618732, 44.909781041870247 ], [ -1.216579965072735, 44.908741377911966 ], [ -1.216830961496777, 44.907695536828506 ], [ -1.216955658583555, 44.906482627842927 ], [ -1.217006959858534, 44.905308312516098 ], [ -1.217271438156785, 44.904442007720348 ], [ -1.217389953061108, 44.903319358305744 ], [ -1.217365654969907, 44.902824123219801 ], [ -1.217462628750004, 44.901242962708729 ], [ -1.217611493977939, 44.900696135961581 ], [ -1.217676281581964, 44.899701358263165 ], [ -1.217772196032319, 44.899292603200443 ], [ -1.217798154753268, 44.898623593999694 ], [ -1.217969543820687, 44.898031921644787 ], [ -1.218015733734848, 44.897804082044928 ], [ -1.218118395592553, 44.897485094760995 ], [ -1.218093011114061, 44.896133646517974 ], [ -1.218202345803786, 44.89590340702221 ], [ -1.218353976053401, 44.895221437624699 ], [ -1.218292554909281, 44.89406061575675 ], [ -1.218524283028178, 44.893601685807837 ], [ -1.218609974032434, 44.893057259176096 ], [ -1.218817980844445, 44.892283121848635 ], [ -1.218988759239338, 44.891014242401006 ], [ -1.21919061327831, 44.890158497979726 ], [ -1.219352423967987, 44.889612199842681 ], [ -1.219568763735878, 44.887935455042395 ], [ -1.219702121965098, 44.887164154540017 ], [ -1.219745609469211, 44.886900612031312 ], [ -1.219883687451295, 44.886039107623617 ], [ -1.219973482844898, 44.885224451426112 ], [ -1.22007746868621, 44.884904388929506 ], [ -1.220239255600783, 44.884358090397797 ], [ -1.220320439825246, 44.882740704630947 ], [ -1.220525007268617, 44.881921682970827 ], [ -1.220690082121108, 44.881419247829591 ], [ -1.220877673805078, 44.880374787775501 ], [ -1.220869195683108, 44.879248785345993 ], [ -1.220837378253065, 44.878673022902468 ], [ -1.220970620287478, 44.877900703038492 ], [ -1.221103029897124, 44.877805641510186 ], [ -1.221241064682562, 44.876944137876642 ], [ -1.221385851014588, 44.876172401340838 ], [ -1.221487334427033, 44.874825339949801 ], [ -1.221615145375863, 44.873828166134793 ], [ -1.22188616049916, 44.873051625796968 ], [ -1.222006602335201, 44.87178466010365 ], [ -1.222044944892297, 44.870440002196617 ], [ -1.222259093460488, 44.868583291960384 ], [ -1.222564142053672, 44.867399323974773 ], [ -1.222781672280444, 44.865912810172993 ], [ -1.222956595700524, 44.863516426994742 ], [ -1.223048349747573, 44.862881744084262 ], [ -1.2233886866763, 44.86134554246371 ], [ -1.223715966268025, 44.860476831348215 ], [ -1.223933234314952, 44.859656297579754 ], [ -1.223946270260325, 44.85898880693729 ], [ -1.223941035890889, 44.857906675505326 ], [ -1.224125186453798, 44.856818354682204 ], [ -1.224206779506236, 44.856049022733956 ], [ -1.224307953021414, 44.855539809069086 ], [ -1.224360308045806, 44.855222732087647 ], [ -1.224445883927354, 44.854678307567518 ], [ -1.224603595627585, 44.853239082850735 ], [ -1.22479777878589, 44.852284391708004 ], [ -1.225061275988008, 44.851238058952106 ], [ -1.225153600627712, 44.850611537359946 ], [ -1.225252756267029, 44.850247665216763 ], [ -1.225390659687347, 44.849386164013275 ], [ -1.225472837171891, 44.848796856724242 ], [ -1.225464194899819, 44.84766984593734 ], [ -1.22561499379384, 44.846807853428878 ], [ -1.225735031704755, 44.846721439624936 ], [ -1.225721513344822, 44.846541907779468 ], [ -1.2260655696226, 44.845897608630622 ], [ -1.226316258874497, 44.843994492210335 ], [ -1.226445320235504, 44.842691394040365 ], [ -1.226762303507681, 44.841688030575511 ], [ -1.226774610288774, 44.841011362898328 ], [ -1.226716379486747, 44.840066291206995 ], [ -1.227156124709907, 44.838841372352093 ], [ -1.227266821271755, 44.838612093540888 ], [ -1.227391066885002, 44.837570041916315 ], [ -1.227658446737293, 44.836748613792572 ], [ -1.227737201386277, 44.83611442450394 ], [ -1.22773258759936, 44.835041481841436 ], [ -1.227963297979569, 44.83440149789682 ], [ -1.228181798991479, 44.833943048584423 ], [ -1.228592207017809, 44.833341221305218 ], [ -1.228738094471036, 44.832758689357846 ], [ -1.228858918661779, 44.831671755439714 ], [ -1.228877337054912, 44.830904832340678 ], [ -1.229137199882516, 44.82981259452945 ], [ -1.229176602647738, 44.829496010103192 ], [ -1.229374699129307, 44.828595381471828 ], [ -1.229583752431057, 44.827821185296948 ], [ -1.229715397148609, 44.827049942369719 ], [ -1.229717514079431, 44.825742480021383 ], [ -1.22984646220115, 44.824935535463212 ], [ -1.229961746838382, 44.82461503237392 ], [ -1.230191772216314, 44.824291173394506 ], [ -1.230353837369517, 44.823923872999828 ], [ -1.23038914232576, 44.823381363993498 ], [ -1.230517383619593, 44.82256523878241 ], [ -1.230837548321454, 44.821434891100651 ], [ -1.231200405967948, 44.820203682705049 ], [ -1.231196393016202, 44.8199787782805 ], [ -1.231420276269498, 44.818582035278617 ], [ -1.231782470302373, 44.817170804297241 ], [ -1.231817757226545, 44.816628296053921 ], [ -1.232114877391856, 44.814506526111174 ], [ -1.232175865461435, 44.81432415130125 ], [ -1.232267435101497, 44.813689470983398 ], [ -1.23241190710078, 44.812917735947856 ], [ -1.232512382269566, 44.812553807106362 ], [ -1.232664241197157, 44.810888721850603 ], [ -1.232959922180822, 44.80943501658367 ], [ -1.233330855480563, 44.808293515763687 ], [ -1.233518660331194, 44.807258239650544 ], [ -1.233530878245571, 44.806581578942506 ], [ -1.233675314632086, 44.805809844101589 ], [ -1.233745837002451, 44.804724830628473 ], [ -1.234158082786184, 44.803140841808315 ], [ -1.234276771151272, 44.801017704148386 ], [ -1.234787901547897, 44.799068820798531 ], [ -1.235032550569364, 44.796939846445632 ], [ -1.235272524114521, 44.795587495550507 ], [ -1.235442637475496, 44.794318630775841 ], [ -1.235692772269191, 44.793272785799928 ], [ -1.23588522249582, 44.792128893570009 ], [ -1.236001097730819, 44.791817568112741 ], [ -1.236108878389294, 44.790732154207078 ], [ -1.236306034964853, 44.789822344548703 ], [ -1.236571016316608, 44.787792844418405 ], [ -1.23706237704371, 44.785565433909362 ], [ -1.237133534795923, 44.784661465612416 ], [ -1.237654573331971, 44.782847224881174 ], [ -1.237837484379444, 44.781577868804284 ], [ -1.238344929076475, 44.77958410040133 ], [ -1.23857793865472, 44.77831282639481 ], [ -1.239064934644135, 44.776048747839781 ], [ -1.239392251523652, 44.774999941157063 ], [ -1.239747695022895, 44.772515840316245 ], [ -1.240587527014409, 44.768705825781382 ], [ -1.240729607308314, 44.766896875394956 ], [ -1.241074916036484, 44.76526939278024 ], [ -1.241156883317864, 44.764681110587006 ], [ -1.24132481695351, 44.76422354556653 ], [ -1.241574661281397, 44.763005839927999 ], [ -1.241600321441149, 44.76250871341545 ], [ -1.242053936367834, 44.760642817683738 ], [ -1.242161491438649, 44.759385551562744 ], [ -1.242580682137439, 44.757882083286191 ], [ -1.242858812152734, 44.75620295266895 ], [ -1.243014592617914, 44.755756080438658 ], [ -1.243151247379449, 44.754713546713596 ], [ -1.243384045367561, 44.753442273616166 ], [ -1.244020395490757, 44.751488551283451 ], [ -1.24418081798358, 44.750761204478181 ], [ -1.244297779231147, 44.749629403229058 ], [ -1.244590814835115, 44.748320014432629 ], [ -1.244675841400667, 44.746423231115088 ], [ -1.244733945707133, 44.745519764234885 ], [ -1.245257765795317, 44.743750393366092 ], [ -1.245395102006369, 44.742888898468763 ], [ -1.246159766149955, 44.739937959842941 ], [ -1.24620780772126, 44.739566824149996 ], [ -1.246455404272032, 44.738664271164573 ], [ -1.246696369410093, 44.738168091549667 ], [ -1.246696872026031, 44.73716760671693 ], [ -1.246873330866225, 44.735988511501816 ], [ -1.247600628657598, 44.733400105904785 ], [ -1.247681721942953, 44.732630789005967 ], [ -1.247840018693841, 44.732218594145628 ], [ -1.247961028754536, 44.731141877128508 ], [ -1.248007449725138, 44.729742719330581 ], [ -1.24849329649405, 44.728461724360244 ], [ -1.249063230743422, 44.725293190497332 ], [ -1.24955951988877, 44.723163749259193 ], [ -1.249693348816373, 44.722257375064842 ], [ -1.249718230003668, 44.721580238107059 ], [ -1.249975175731152, 44.720632308249478 ], [ -1.250059609554338, 44.719907873413923 ], [ -1.250631709365992, 44.717947374420035 ], [ -1.250854012474683, 44.71637062636723 ], [ -1.25129141934067, 44.714280267797285 ], [ -1.25155508962041, 44.713422097027866 ], [ -1.251776655133267, 44.711836169697534 ], [ -1.252148526117558, 44.710739580022228 ], [ -1.252230218554461, 44.709979446102913 ], [ -1.252234631860445, 44.709032011448997 ], [ -1.252568458515797, 44.707261726664029 ], [ -1.252593996219815, 44.706764607517428 ], [ -1.252815112657605, 44.706179155254652 ], [ -1.25306484018149, 44.703960976154853 ], [ -1.253209445321679, 44.703369258283594 ], [ -1.253343785364602, 44.702471046188457 ], [ -1.253378792720003, 44.701928552899503 ], [ -1.25353703858773, 44.7015173744865 ], [ -1.25363087620071, 44.700747567146976 ], [ -1.253785646621497, 44.70029048872464 ], [ -1.253909096428606, 44.699248457551853 ], [ -1.254068024979184, 44.698846458744811 ], [ -1.254302958856541, 44.697439033924233 ], [ -1.254588361303383, 44.694859400330486 ], [ -1.254834228161559, 44.693767649420693 ], [ -1.255105348884531, 44.692991021052109 ], [ -1.255249198399289, 44.69221928910931 ], [ -1.255253559533263, 44.691271860520573 ], [ -1.255661683482669, 44.689822989438746 ], [ -1.255762968335769, 44.689322956380757 ], [ -1.255832919432766, 44.688237973636134 ], [ -1.256086293098037, 44.687246181622882 ], [ -1.25629128880239, 44.685614856303893 ], [ -1.256399426316618, 44.685205602439574 ], [ -1.256587417679262, 44.683179047158589 ], [ -1.256881733927291, 44.681724323947492 ], [ -1.257135299412236, 44.679731048061818 ], [ -1.257296755029685, 44.679192894010974 ], [ -1.257622453667868, 44.678324137964736 ], [ -1.25776355016177, 44.677687540428622 ], [ -1.257916520367752, 44.676203477969352 ], [ -1.258037416443146, 44.67579270846992 ], [ -1.258080861407158, 44.674528708189911 ], [ -1.258284124037639, 44.673709675861325 ], [ -1.258282435155138, 44.672853527675471 ], [ -1.25848970133677, 44.672087534565108 ], [ -1.258656046152569, 44.671766056754208 ], [ -1.258703401767829, 44.670231846966878 ], [ -1.258886190457284, 44.669142519900248 ], [ -1.258996590695385, 44.667930158425506 ], [ -1.259518821471665, 44.665151132181201 ], [ -1.259629200280061, 44.663938771902473 ], [ -1.259653216604912, 44.663081635518424 ], [ -1.259805325667923, 44.661587378840288 ], [ -1.260155612500318, 44.660041497307795 ], [ -1.260312341930923, 44.659593541416882 ], [ -1.260419124872354, 44.658012035284997 ], [ -1.260625532733766, 44.655398624702407 ], [ -1.26077859828706, 44.654580501841131 ], [ -1.260937523796495, 44.653177026054976 ], [ -1.261039497197994, 44.652858026122111 ], [ -1.260980886293259, 44.65191303545371 ], [ -1.260992017021104, 44.651056398537946 ], [ -1.261380258267714, 44.650013365420108 ], [ -1.261454251125067, 44.649154304729997 ], [ -1.261647910249123, 44.648380648717151 ], [ -1.261774574565535, 44.64738452775596 ], [ -1.261580861666411, 44.645146630435192 ], [ -1.261685409852299, 44.644691479043708 ], [ -1.261958894589296, 44.644139792477823 ], [ -1.262050656817705, 44.643686156837482 ], [ -1.261985246035859, 44.642651412811112 ], [ -1.262048227049266, 44.641476688104483 ], [ -1.262320964678814, 44.640744991070697 ], [ -1.262071873421885, 44.639952611089171 ], [ -1.261972127340767, 44.639316095509251 ], [ -1.261884694414833, 44.638823340219645 ], [ -1.26169883642086, 44.635855790206207 ], [ -1.26180676207343, 44.635445518819466 ], [ -1.262018042720909, 44.634905438305793 ], [ -1.262129437259507, 44.634541065184607 ], [ -1.261969316484044, 44.63193260295084 ], [ -1.261596470198852, 44.630999743021398 ], [ -1.261313953156092, 44.629613304705614 ], [ -1.261177595727134, 44.628303064219935 ], [ -1.26107313663899, 44.627584898567903 ], [ -1.260705771294986, 44.626742868982447 ], [ -1.260465530543033, 44.625895935858509 ], [ -1.260316010810006, 44.6255856148601 ], [ -1.259973222004447, 44.625238761072751 ], [ -1.25913567682332, 44.624675708854561 ], [ -1.258594123384112, 44.624200464749357 ], [ -1.25831829949384, 44.623715997506793 ], [ -1.258182365519116, 44.623585187429839 ], [ -1.258036333482334, 44.623320761978327 ], [ -1.257581690915823, 44.622156797537535 ], [ -1.257236265236075, 44.621584993356109 ], [ -1.256694063927381, 44.621100560849939 ], [ -1.25675351066183, 44.621053260798256 ], [ -1.25588695001786, 44.620275468002227 ], [ -1.255110363947936, 44.6198542752851 ], [ -1.254145367699513, 44.619612187019193 ], [ -1.253627699056109, 44.619452088573013 ], [ -1.253368110779087, 44.619181802492982 ], [ -1.25326115016506, 44.618428953219407 ], [ -1.254026524355659, 44.6185543140788 ], [ -1.296798696648128, 44.619887826568863 ] ] ] ] } },
{ "type": "Feature", "properties": { "fid": 5, "gid": 5, "id": 5, "cdmassedea": "FC06", "cdeumassed": "FRFC06", "nommassede": "Arcachon amont", "systemeref": "31", "cdeubassin": "FRF", "typemassed": "C7", "cdeussbass": "FRF_COAC", "cdcategori": "1.2.1", "cdnaturema": "1", "surftotkm": 148.37585991613318 }, "geometry": { "type": "MultiPolygon", "coordinates": [ [ [ [ -1.198830666976632, 44.647087181586841 ], [ -1.199126793316325, 44.647174525370382 ], [ -1.223794599787999, 44.654446657050762 ], [ -1.239182342555535, 44.658819398711145 ], [ -1.239189187346296, 44.65906259495717 ], [ -1.239072325777361, 44.661032137782172 ], [ -1.239472125847737, 44.662820242615524 ], [ -1.239633812711829, 44.663806291014517 ], [ -1.24006958935116, 44.666737686385531 ], [ -1.240154963168832, 44.668366001012856 ], [ -1.239881804020298, 44.669097651055729 ], [ -1.239898705164238, 44.669322049740316 ], [ -1.239678290546057, 44.669916648140564 ], [ -1.239601853259243, 44.670595743377305 ], [ -1.239451084624341, 44.671277689173728 ], [ -1.239174522393377, 44.671964458475394 ], [ -1.239163055827589, 44.67282109995022 ], [ -1.239058273509867, 44.673276234897024 ], [ -1.239046150880816, 44.673952864110547 ], [ -1.238930495709894, 44.674092326903995 ], [ -1.238683715260841, 44.675174854497882 ], [ -1.238409892351862, 44.677078818048791 ], [ -1.23832537292091, 44.677803232574767 ], [ -1.238067698755923, 44.678570087473844 ], [ -1.237765428009474, 44.679753965863981 ], [ -1.237726904916341, 44.680251569761083 ], [ -1.238009013375833, 44.680646865663299 ], [ -1.237967763074751, 44.681279602974371 ], [ -1.23764174426006, 44.682148302110058 ], [ -1.237360387664961, 44.68260099636997 ], [ -1.236764397432353, 44.683254990393351 ], [ -1.236083207494069, 44.684263114452634 ], [ -1.234880429643733, 44.686419517101804 ], [ -1.234726184309468, 44.687056580304912 ], [ -1.233182870993167, 44.688728851780148 ], [ -1.232517150546224, 44.68927705733514 ], [ -1.23224510379183, 44.68987361550181 ], [ -1.23205369129957, 44.690016992233744 ], [ -1.231971105988093, 44.690425238077594 ], [ -1.231939274800987, 44.691012602621143 ], [ -1.232008941870682, 44.691099955653989 ], [ -1.232032645552759, 44.691415138088992 ], [ -1.232546784931788, 44.692530929858769 ], [ -1.23260767138504, 44.692844689431759 ], [ -1.232578511019114, 44.693295901036031 ], [ -1.232178678973967, 44.694024194733416 ], [ -1.231479661657436, 44.694817127275428 ], [ -1.229873243044821, 44.696474369885649 ], [ -1.229277019063378, 44.697128326952054 ], [ -1.228923712051814, 44.697636941178914 ], [ -1.228764684108078, 44.698039923703746 ], [ -1.228693578136777, 44.698944878806074 ], [ -1.228436986422773, 44.699900911867196 ], [ -1.227923259121933, 44.70081358034313 ], [ -1.227569916764192, 44.701322190939251 ], [ -1.227092112605105, 44.70170155110528 ], [ -1.225875929709654, 44.702505000203253 ], [ -1.224365355023249, 44.703590757992785 ], [ -1.223844106588592, 44.704232612384345 ], [ -1.22315429730686, 44.705476252070497 ], [ -1.222801606143775, 44.705841608737813 ], [ -1.222189712832698, 44.706270050873059 ], [ -1.222024564798609, 44.706592443375456 ], [ -1.222043221528105, 44.707854042368439 ], [ -1.222165724691682, 44.707804357322253 ], [ -1.222334244005581, 44.70752684537652 ], [ -1.222463483473323, 44.707566921827286 ], [ -1.222596091874868, 44.707651879031943 ], [ -1.224116833420267, 44.707693045197161 ], [ -1.224256261372643, 44.707868782158904 ], [ -1.224204042764336, 44.708185843033661 ], [ -1.223730873984055, 44.708780850786113 ], [ -1.222955743220075, 44.709576628279677 ], [ -1.222850158833512, 44.709851738909364 ], [ -1.222565788531566, 44.710267679408751 ], [ -1.222245608009138, 44.710225684033603 ], [ -1.221230426220169, 44.710174406368012 ], [ -1.220287673677662, 44.710247201252542 ], [ -1.219168802348288, 44.710496513415421 ], [ -1.217812976142221, 44.711125152963838 ], [ -1.216901171270271, 44.711611029267146 ], [ -1.21361599786187, 44.712835860988889 ], [ -1.211532377668354, 44.713708998966545 ], [ -1.210057220052283, 44.714432099040998 ], [ -1.209888543218387, 44.714708572964973 ], [ -1.210018428346798, 44.714929699622083 ], [ -1.208983834806087, 44.715636018448002 ], [ -1.208818583682642, 44.715958392349535 ], [ -1.208456270379362, 44.716197220586977 ], [ -1.206534908246438, 44.716883026310015 ], [ -1.205297424075634, 44.717236948737003 ], [ -1.204507266202919, 44.717663877039108 ], [ -1.204454383358511, 44.717800913950022 ], [ -1.204941919770338, 44.718737807373351 ], [ -1.205331186778222, 44.719895296920129 ], [ -1.205313914653688, 44.720662132292951 ], [ -1.205090957043942, 44.721076711404415 ], [ -1.204616857175033, 44.721490604202621 ], [ -1.204059543535463, 44.72182786746513 ], [ -1.203324869907695, 44.722153452451039 ], [ -1.202288822855044, 44.722823954844181 ], [ -1.201419303923331, 44.72320783997575 ], [ -1.200008113371321, 44.723793338295984 ], [ -1.197851393704315, 44.724713982439148 ], [ -1.197187671910205, 44.725145263410553 ], [ -1.196965991408406, 44.725558752518793 ], [ -1.196107033542738, 44.72625827865528 ], [ -1.195649718212154, 44.726898584026294 ], [ -1.195574618898425, 44.72775762518647 ], [ -1.195406422196072, 44.728215114903797 ], [ -1.195114375319792, 44.728532043083305 ], [ -1.194751999031541, 44.728771847613601 ], [ -1.192833387064349, 44.729502300832991 ], [ -1.192396509684205, 44.729743896827046 ], [ -1.191433918511506, 44.730402300166645 ], [ -1.190770580767701, 44.731013560243383 ], [ -1.190495976269279, 44.731565088353825 ], [ -1.190049084799271, 44.732520035431065 ], [ -1.190009529855751, 44.732836595368411 ], [ -1.189931565913847, 44.733831789135181 ], [ -1.18995163164437, 44.734101083062527 ], [ -1.19083843888379, 44.734292551225373 ], [ -1.191854712302534, 44.734353288429091 ], [ -1.191801859012815, 44.734491340171644 ], [ -1.190843690196191, 44.736230807254273 ], [ -1.190433586702549, 44.736832474834991 ], [ -1.190073797487219, 44.737107966647464 ], [ -1.188756684969294, 44.737247839241874 ], [ -1.186279636814159, 44.738135349440959 ], [ -1.185968607214561, 44.738372157305768 ], [ -1.185912318427671, 44.738464303865342 ], [ -1.186174229292546, 44.738589425035201 ], [ -1.186124699618102, 44.73877235678907 ], [ -1.18485349646224, 44.739703214626651 ], [ -1.18438584722042, 44.740207808780987 ], [ -1.183967055991702, 44.740539724850976 ], [ -1.183208298017766, 44.740874258748697 ], [ -1.182849130583866, 44.741158908033348 ], [ -1.182627281654433, 44.741572370806985 ], [ -1.182346341843102, 44.742214132883888 ], [ -1.182200891835418, 44.742805766261107 ], [ -1.182025181501933, 44.743164292154248 ], [ -1.181669255852694, 44.743492800495886 ], [ -1.179949210362546, 44.744180728125436 ], [ -1.179012431389067, 44.744341917991783 ], [ -1.176298543873757, 44.744597779607005 ], [ -1.175801380320715, 44.744706552759787 ], [ -1.175236471175361, 44.744772870210937 ], [ -1.174001955957536, 44.745351347062758 ], [ -1.173650808724655, 44.745725678984059 ], [ -1.173377183564998, 44.746312923896738 ], [ -1.17323207299294, 44.74708456414205 ], [ -1.173376127152867, 44.747304176632504 ], [ -1.173262058871217, 44.747488511474309 ], [ -1.172772488161208, 44.748048092984938 ], [ -1.1728588672156, 44.748360920424787 ], [ -1.173061143480365, 44.748533330190959 ], [ -1.173191873453888, 44.748573410775236 ], [ -1.174198153681312, 44.748670498352311 ], [ -1.174464100539554, 44.748849711310974 ], [ -1.174673125238907, 44.749112904289994 ], [ -1.174633472129166, 44.749429460599238 ], [ -1.174129438758651, 44.749620317766805 ], [ -1.174076451901662, 44.749757341728632 ], [ -1.173587803558478, 44.750000808281825 ], [ -1.172528346102928, 44.75021259577592 ], [ -1.172226744147428, 44.750403997388538 ], [ -1.17211742836855, 44.750633160425288 ], [ -1.172137490538914, 44.750903479251093 ], [ -1.17219425536767, 44.750991357324494 ], [ -1.173054564203531, 44.751500059189461 ], [ -1.173250188300055, 44.751582702578325 ], [ -1.173909275910153, 44.752107166949358 ], [ -1.174178412331165, 44.752503121472863 ], [ -1.174332482913531, 44.752857382428004 ], [ -1.174303347670759, 44.753489626592128 ], [ -1.173798250941385, 44.754536710655096 ], [ -1.173818322579136, 44.754807029548211 ], [ -1.174282496085127, 44.755258030444487 ], [ -1.174950581238819, 44.755728959810227 ], [ -1.175600499319329, 44.755974503622731 ], [ -1.176106545628092, 44.75596462374623 ], [ -1.176348507592551, 44.755820470388777 ], [ -1.176640043871524, 44.755493387926023 ], [ -1.176896774665385, 44.755528711643997 ], [ -1.178238916840654, 44.755893379282703 ], [ -1.178374908714452, 44.756023273930865 ], [ -1.178598756257495, 44.75646593824586 ], [ -1.179007203293857, 44.757035638855449 ], [ -1.179347034384141, 44.75733889746855 ], [ -1.179603708953201, 44.757392630211932 ], [ -1.180110990753278, 44.75741848847985 ], [ -1.180080478239671, 44.75818581658595 ], [ -1.17973112140658, 44.758604086461084 ], [ -1.179117719566517, 44.759024138049845 ], [ -1.178322757159999, 44.759396822188968 ], [ -1.178087533402427, 44.759631766279277 ], [ -1.178085127992436, 44.760623077730259 ], [ -1.178300886578992, 44.760976031168603 ], [ -1.178391720548921, 44.761521918068013 ], [ -1.178604147604038, 44.76182998791483 ], [ -1.178864708130191, 44.762090208973099 ], [ -1.178875257875865, 44.762405897084399 ], [ -1.17858695987007, 44.762776849268818 ], [ -1.1785507319239, 44.763139311695731 ], [ -1.178248109854939, 44.763510803400457 ], [ -1.177707193997508, 44.763883101307037 ], [ -1.177088419185268, 44.764077274361703 ], [ -1.176997674469801, 44.764054101178779 ], [ -1.176959082237433, 44.764037144146215 ], [ -1.176935732341948, 44.763722961835072 ], [ -1.176815947134917, 44.763637462183752 ], [ -1.176114615069779, 44.763744725817865 ], [ -1.175633955195268, 44.764077915019726 ], [ -1.175254519242806, 44.764092222540519 ], [ -1.174650576838371, 44.764466881067982 ], [ -1.174055876724787, 44.764985420871106 ], [ -1.173873984593957, 44.765262330639175 ], [ -1.173960396207025, 44.765575159110639 ], [ -1.174153184431941, 44.765792936974812 ], [ -1.173984252900935, 44.766070381310115 ], [ -1.173672335289521, 44.766297976303697 ], [ -1.172805520219721, 44.766555687674199 ], [ -1.17202108694215, 44.767072158359802 ], [ -1.171550444913845, 44.767541000490375 ], [ -1.17163062309045, 44.767944083314667 ], [ -1.171594271271614, 44.768305524041331 ], [ -1.171304538774918, 44.768677532062661 ], [ -1.170932920786919, 44.768952376212702 ], [ -1.170886645985485, 44.769180186555786 ], [ -1.17086412595055, 44.769902200349648 ], [ -1.17062918758635, 44.77031612865273 ], [ -1.170393886031338, 44.770551057307074 ], [ -1.169400292300232, 44.770804307088078 ], [ -1.168981184843119, 44.771136170073291 ], [ -1.168642229079374, 44.771851681606499 ], [ -1.16866621707445, 44.772175047280584 ], [ -1.168865742608906, 44.772483622060982 ], [ -1.16893241456276, 44.773382313552858 ], [ -1.169133809349332, 44.77387085356419 ], [ -1.16910750350919, 44.774367965053251 ], [ -1.168882598973392, 44.774917561158219 ], [ -1.168244017090279, 44.775698564450174 ], [ -1.167813333516242, 44.776029834681644 ], [ -1.16750159039034, 44.776086574198487 ], [ -1.166792580777607, 44.775743972723561 ], [ -1.166216685045422, 44.775666413122856 ], [ -1.165805325582574, 44.775231797573966 ], [ -1.165222693110976, 44.774036426263741 ], [ -1.164912088917852, 44.773100876428252 ], [ -1.16453318805544, 44.772755054527984 ], [ -1.164136380410519, 44.772535724786152 ], [ -1.16316643622122, 44.772256105881802 ], [ -1.162844734486272, 44.772178181032885 ], [ -1.162400870267344, 44.772176451474998 ], [ -1.161973170565446, 44.772373583024049 ], [ -1.161612134415064, 44.772792228372971 ], [ -1.161502807421006, 44.773022402815812 ], [ -1.161516510172441, 44.773381957484929 ], [ -1.161858237861625, 44.77373020906176 ], [ -1.162440757181893, 44.77389755880958 ], [ -1.16313721661696, 44.773916390145558 ], [ -1.163524053318971, 44.774001072320665 ], [ -1.163915845325308, 44.774346413242888 ], [ -1.164202665140818, 44.774786740393807 ], [ -1.164212643692001, 44.774921391617461 ], [ -1.164286127253008, 44.775234713288555 ], [ -1.164355793545218, 44.775322111502419 ], [ -1.164438765657969, 44.775589044653088 ], [ -1.164193361901057, 44.775688289243128 ], [ -1.163876858902566, 44.775700188650553 ], [ -1.16367783888961, 44.775572644250467 ], [ -1.163282034126466, 44.775173237794348 ], [ -1.16301517089715, 44.775002210867633 ], [ -1.161367455450919, 44.774956725278471 ], [ -1.16091488276744, 44.774837679766001 ], [ -1.160523509637396, 44.774672347751952 ], [ -1.1604600927896, 44.774494695276836 ], [ -1.160339079888283, 44.773733070684152 ], [ -1.160126305332563, 44.773244945065443 ], [ -1.159108307146536, 44.771966677248585 ], [ -1.15849985005117, 44.771448399909559 ], [ -1.157751707794852, 44.770575295658226 ], [ -1.157026150683202, 44.770007192982412 ], [ -1.15657113561528, 44.769835031603925 ], [ -1.156297754431814, 44.769575241134234 ], [ -1.156177988136201, 44.76948971900714 ], [ -1.1561579960341, 44.769219395538563 ], [ -1.156028662199773, 44.769179240828485 ], [ -1.156022023566677, 44.769089473033475 ], [ -1.155502580080978, 44.768919725597108 ], [ -1.155237277570142, 44.768749646674081 ], [ -1.154915145575044, 44.768490659602037 ], [ -1.154001084689534, 44.768110668416263 ], [ -1.153535313629262, 44.767812057303516 ], [ -1.153263007654617, 44.767372186671459 ], [ -1.152797246627134, 44.767073572534002 ], [ -1.151959491385786, 44.766870737785659 ], [ -1.151081570565722, 44.766804427409916 ], [ -1.151048418486279, 44.766355587349054 ], [ -1.151226524195383, 44.764995594110495 ], [ -1.151236033474637, 44.764094049708255 ], [ -1.15078176198846, 44.763931045729699 ], [ -1.150588010782091, 44.763893299968501 ], [ -1.150332690201039, 44.763857861534298 ], [ -1.149584503863139, 44.764011719592453 ], [ -1.149123610831337, 44.763758940808472 ], [ -1.148790164082436, 44.763365337992568 ], [ -1.148686964408409, 44.762648051182431 ], [ -1.148484712102421, 44.762475596074125 ], [ -1.147484532868879, 44.761782704011651 ], [ -1.146712751258244, 44.761441315411815 ], [ -1.146267015711716, 44.761412998862177 ], [ -1.145097792909676, 44.761853663244736 ], [ -1.144535383384193, 44.761956547925188 ], [ -1.144031386390026, 44.761975410918893 ], [ -1.143383338614308, 44.761773599110896 ], [ -1.142469043579938, 44.761212474827296 ], [ -1.141336350462379, 44.760434472859203 ], [ -1.140022506906107, 44.759438194836918 ], [ -1.13918457594843, 44.759055245403275 ], [ -1.138264433855105, 44.758413499367222 ], [ -1.137785610149361, 44.757935286072765 ], [ -1.137383835489685, 44.757626039683466 ], [ -1.136752050220718, 44.757468592190108 ], [ -1.136287965583982, 44.757170876326896 ], [ -1.135960977527461, 44.757038862181119 ], [ -1.135426551683134, 44.756643526290972 ], [ -1.134546375404285, 44.755685206955995 ], [ -1.134043505601337, 44.754703588424448 ], [ -1.131528218811827, 44.752669850901285 ], [ -1.130358935426858, 44.752073146322466 ], [ -1.129194839029856, 44.751566251767713 ], [ -1.128275233876968, 44.751104442680351 ], [ -1.12737451924176, 44.750723753827437 ], [ -1.126546983226612, 44.750655381563682 ], [ -1.125739288470232, 44.750857330296597 ], [ -1.125437523952958, 44.751048604568368 ], [ -1.125500803793967, 44.751226275606285 ], [ -1.12546094742226, 44.751543834596667 ], [ -1.12497941824707, 44.751867621704776 ], [ -1.124311812694476, 44.752433603691522 ], [ -1.124159140180823, 44.752935393671088 ], [ -1.123787395938386, 44.753210078200603 ], [ -1.123112894126659, 44.753506265627891 ], [ -1.122860929936919, 44.753515648674892 ], [ -1.122411304346228, 44.753433170673681 ], [ -1.122172786929623, 44.753802109155444 ], [ -1.121368995193404, 44.75405809188247 ], [ -1.120801396412146, 44.754070013051461 ], [ -1.120096836601497, 44.753780161181908 ], [ -1.119335619796585, 44.753755295685629 ], [ -1.11908694280499, 44.753809554902894 ], [ -1.118292597900027, 44.754371007055596 ], [ -1.117952071983355, 44.754915575017968 ], [ -1.117832662333091, 44.755010030375821 ], [ -1.117839238373872, 44.75509980000583 ], [ -1.117471409219628, 44.755428529362121 ], [ -1.117318667572188, 44.755930310444185 ], [ -1.117076893403085, 44.756255373541421 ], [ -1.116837392672672, 44.756435101339072 ], [ -1.116332004188939, 44.756453891568775 ], [ -1.116133967736325, 44.755298230400399 ], [ -1.117373908119947, 44.754450182416171 ], [ -1.118292693474936, 44.753333794478621 ], [ -1.119292440103794, 44.752989735424379 ], [ -1.12190898459893, 44.752279640416006 ], [ -1.122835825613636, 44.751803240714558 ], [ -1.122948636252814, 44.751619010853453 ], [ -1.122941379126708, 44.751520060694354 ], [ -1.12286288772907, 44.751487182545141 ], [ -1.122792957600087, 44.751218720664177 ], [ -1.122580951036194, 44.750911565176366 ], [ -1.121441805629543, 44.749862555286064 ], [ -1.120836947908317, 44.749208941799779 ], [ -1.120538870117364, 44.748588914637367 ], [ -1.120291260868911, 44.747462725040741 ], [ -1.119656493704302, 44.746224106166231 ], [ -1.119342001383331, 44.745379653390366 ], [ -1.118869082893687, 44.744801931027389 ], [ -1.118204616358453, 44.744195532352101 ], [ -1.117816869233199, 44.744074935994227 ], [ -1.117308305121234, 44.744048845952484 ], [ -1.117072143858828, 44.744273458142402 ], [ -1.116631614993682, 44.744470891916137 ], [ -1.114939796725539, 44.744515382297344 ], [ -1.113603801370687, 44.744420810273304 ], [ -1.113023835543375, 44.744262333457208 ], [ -1.11243159642344, 44.743779033520923 ], [ -1.111817309015792, 44.743170735583647 ], [ -1.110954154437892, 44.742436657429344 ], [ -1.110357138799062, 44.742044561707786 ], [ -1.109721652257578, 44.741832895179854 ], [ -1.109279371101533, 44.741849314920131 ], [ -1.109034091809379, 44.741949456320214 ], [ -1.108917542473348, 44.742259623188509 ], [ -1.108612486963706, 44.742405966176207 ], [ -1.10680557814051, 44.742779880914746 ], [ -1.106539114731001, 44.742609740133901 ], [ -1.106154681504335, 44.742533987982974 ], [ -1.105393321217668, 44.742327989002405 ], [ -1.104019435713004, 44.741693608568944 ], [ -1.101740205072812, 44.740452445710645 ], [ -1.10184978760596, 44.740223353019502 ], [ -1.101075761000671, 44.739665927726193 ], [ -1.100683377081952, 44.739500439569753 ], [ -1.100218887588947, 44.739192373433141 ], [ -1.099882730106956, 44.738754762003104 ], [ -1.099279881126166, 44.738280997871257 ], [ -1.098621187576987, 44.737926928806615 ], [ -1.097133656680034, 44.737305884781811 ], [ -1.096483627982475, 44.737050701485309 ], [ -1.095690204439276, 44.73640292550715 ], [ -1.095012343452969, 44.735607667877538 ], [ -1.094309025487224, 44.734462505900879 ], [ -1.094039106192398, 44.734066413074913 ], [ -1.093408732735479, 44.734080523128078 ], [ -1.093038423379384, 44.73404000639345 ], [ -1.092561696730199, 44.73356256910732 ], [ -1.092152789886529, 44.732991587775246 ], [ -1.091439691724029, 44.731710732924199 ], [ -1.091095389643364, 44.731317384340372 ], [ -1.089693961492558, 44.729962745955298 ], [ -1.089019775353322, 44.729393375732819 ], [ -1.088354972144585, 44.728597603504618 ], [ -1.08766485246052, 44.727630923096498 ], [ -1.086652827918387, 44.726577933096117 ], [ -1.086053481683859, 44.726148984339972 ], [ -1.085033210977129, 44.725870588556241 ], [ -1.083628993075107, 44.725678975337523 ], [ -1.083370036729049, 44.7255903368142 ], [ -1.083106910069593, 44.725464005970814 ], [ -1.08146723399224, 44.724479136468439 ], [ -1.078969791648272, 44.722803733487495 ], [ -1.077929359709494, 44.722067782534708 ], [ -1.077610651365124, 44.722025316109359 ], [ -1.076900344300522, 44.721825438431956 ], [ -1.075898383216614, 44.72090700881197 ], [ -1.075284609254055, 44.720118497062629 ], [ -1.075152194021909, 44.720033363197992 ], [ -1.074882478693779, 44.719637225763627 ], [ -1.074147633367546, 44.719078193835593 ], [ -1.072967810206693, 44.71833710599671 ], [ -1.072577088348442, 44.718171466908451 ], [ -1.072054996572663, 44.717776429867264 ], [ -1.071302529306082, 44.716993004303987 ], [ -1.070830816204871, 44.716243227837111 ], [ -1.070181035336834, 44.715807876119356 ], [ -1.069719389119713, 44.715553804118876 ], [ -1.069375411395384, 44.715161410461086 ], [ -1.068919492817829, 44.714807909266597 ], [ -1.067725694112358, 44.713851467271844 ], [ -1.066093113900764, 44.712956145563069 ], [ -1.063873102253536, 44.711811328898712 ], [ -1.06333320166586, 44.711326900633281 ], [ -1.062373784334354, 44.710991866374968 ], [ -1.061019232076036, 44.710627347027518 ], [ -1.060631680997392, 44.710325516214141 ], [ -1.060239537651375, 44.709979870922915 ], [ -1.059383459532862, 44.709506005927864 ], [ -1.058112687412871, 44.709228388317982 ], [ -1.056850279391439, 44.709265481832773 ], [ -1.05595183580934, 44.709596067237428 ], [ -1.055910636563518, 44.709561778571178 ], [ -1.055960494382868, 44.709198891588933 ], [ -1.056126674032922, 44.708877767312543 ], [ -1.056028652565423, 44.708214475763263 ], [ -1.055806660650519, 44.707582322901544 ], [ -1.055671068657805, 44.707452280260036 ], [ -1.05477866689817, 44.707348955754178 ], [ -1.054402891125424, 44.707408755292242 ], [ -1.053785742977226, 44.707602183407246 ], [ -1.053377478736313, 44.707211079853892 ], [ -1.052126968310476, 44.706337369150042 ], [ -1.051218449871139, 44.70583059092256 ], [ -1.051274852904332, 44.705737493882125 ], [ -1.051878397810654, 44.705355354846915 ], [ -1.053143759875563, 44.70414604719565 ], [ -1.053554011029876, 44.703689154014555 ], [ -1.053547543469124, 44.703599382256968 ], [ -1.051119239698054, 44.702002720889254 ], [ -1.04720114797755, 44.700766353735695 ], [ -1.046822106458029, 44.70078022124806 ], [ -1.046258330280142, 44.700837666548857 ], [ -1.045624319386736, 44.700815852030772 ], [ -1.045512313886464, 44.700494691534146 ], [ -1.045466103686294, 44.700370574665222 ], [ -1.04398960700296, 44.696548081456712 ], [ -1.043852749282776, 44.696399662401099 ], [ -1.042944493106981, 44.696072832881278 ], [ -1.041567588101824, 44.696068943511641 ], [ -1.040236088443901, 44.696018374635678 ], [ -1.039656827719979, 44.695859516633369 ], [ -1.039400382144459, 44.695822855657902 ], [ -1.038412453308783, 44.695084660470961 ], [ -1.037822813107534, 44.694780932998306 ], [ -1.037598725590942, 44.695195170080744 ], [ -1.03687841582409, 44.695888335736974 ], [ -1.036505844098537, 44.695991940380651 ], [ -1.035351696522973, 44.695754825772958 ], [ -1.035048487973491, 44.695765887411895 ], [ -1.034500841249401, 44.696227718943504 ], [ -1.034063543677809, 44.696468687067728 ], [ -1.033940899579595, 44.696518163661139 ], [ -1.03380717209805, 44.696433033271362 ], [ -1.033855444879108, 44.696206254415095 ], [ -1.034286232364496, 44.695694479634795 ], [ -1.034336290359118, 44.695512639101871 ], [ -1.034361189044131, 44.694979869324492 ], [ -1.034407955008167, 44.694752122372641 ], [ -1.034727717344448, 44.694452025801482 ], [ -1.034983964874657, 44.694326077537156 ], [ -1.035449549187374, 44.69429988631709 ], [ -1.035830338822152, 44.694330996199767 ], [ -1.036298670039207, 44.694323111775944 ], [ -1.036568257526669, 44.694223265994808 ], [ -1.03680398419331, 44.693971233572881 ], [ -1.036311257091552, 44.693618958054515 ], [ -1.036297720745134, 44.693430231926648 ], [ -1.03674254040791, 44.692954755655258 ], [ -1.037353176042453, 44.692472201849903 ], [ -1.038389059520295, 44.692280961712669 ], [ -1.039599045104063, 44.692417812743933 ], [ -1.041369059813042, 44.692605785814024 ], [ -1.043024813303066, 44.692959512742618 ], [ -1.043469184389216, 44.692997477287328 ], [ -1.046198893971822, 44.692293163877927 ], [ -1.046334500951445, 44.692424237526893 ], [ -1.049071097122594, 44.692693323239652 ], [ -1.049337859302264, 44.693052794839268 ], [ -1.049350191360488, 44.693224177091444 ], [ -1.050466097038576, 44.695220775822548 ], [ -1.052696844936934, 44.695472502301271 ], [ -1.053331459741023, 44.695503457451714 ], [ -1.055532135569262, 44.694123801444071 ], [ -1.057792730797831, 44.694113509329569 ], [ -1.06366721897286, 44.69740409438306 ], [ -1.063793080459422, 44.697399470320981 ], [ -1.06830173401001, 44.696467628059388 ], [ -1.069160903614522, 44.696291803691885 ], [ -1.069280270376757, 44.696197402793636 ], [ -1.06534959040924, 44.693755203238737 ], [ -1.058073191186909, 44.689054554560123 ], [ -1.058053772000731, 44.688785241541261 ], [ -1.058776305262612, 44.688127644303897 ], [ -1.059000871076387, 44.687722546568459 ], [ -1.058994396668346, 44.687632775658201 ], [ -1.050090349386904, 44.682090291657602 ], [ -1.049775191144078, 44.682093651509241 ], [ -1.047722495420918, 44.68359256596937 ], [ -1.047101001185911, 44.683742141875115 ], [ -1.046344576920321, 44.683769822421311 ], [ -1.043998719286999, 44.68348537532227 ], [ -1.043746395605012, 44.683485397055414 ], [ -1.043438264596526, 44.683586671586674 ], [ -1.043136682546308, 44.683958751038254 ], [ -1.042849787306541, 44.68455531135907 ], [ -1.042431372939285, 44.685057465705533 ], [ -1.041834501483355, 44.685530342354419 ], [ -1.04127837928116, 44.685712270655635 ], [ -1.040405755197309, 44.685879166914077 ], [ -1.040286361919344, 44.685973536311764 ], [ -1.040173485695379, 44.686158697676632 ], [ -1.039850357176813, 44.686071289420944 ], [ -1.03831566500204, 44.685803110627766 ], [ -1.03823979075419, 44.685624843936367 ], [ -1.038043152257784, 44.685362002476573 ], [ -1.038102850177637, 44.685314819014003 ], [ -1.039342110730318, 44.684962717528002 ], [ -1.040365396166112, 44.684258463325733 ], [ -1.040481563428039, 44.684119207966674 ], [ -1.040431595537606, 44.682903889304043 ], [ -1.040608882805117, 44.682717396930862 ], [ -1.042069875377309, 44.681960309746046 ], [ -1.042687553281869, 44.681757715297479 ], [ -1.043885669917475, 44.681732317857765 ], [ -1.044963089275369, 44.681782919386244 ], [ -1.045150621992804, 44.681739238157313 ], [ -1.045061901905906, 44.681382453520271 ], [ -1.044937176800427, 44.681242799379369 ], [ -1.043727491555472, 44.681107027397921 ], [ -1.041677096926824, 44.680523298391869 ], [ -1.039610543053223, 44.679913530389989 ], [ -1.038984626815508, 44.679801383896113 ], [ -1.038224372597628, 44.679774941790207 ], [ -1.038192170861523, 44.679326082533542 ], [ -1.03803407425217, 44.678880798096749 ], [ -1.035926569098691, 44.678218252114746 ], [ -1.035542674187695, 44.678322270328692 ], [ -1.032459200025386, 44.67954348080773 ], [ -1.031655403048716, 44.679789624517355 ], [ -1.031276498842408, 44.679803438699821 ], [ -1.031243631743592, 44.679164362398922 ], [ -1.030577668844462, 44.678512566988402 ], [ -1.028192932517594, 44.676778883149034 ], [ -1.027943077919808, 44.676832988374137 ], [ -1.026661710089831, 44.677456517386851 ], [ -1.026535890121628, 44.677461099200542 ], [ -1.025873184959543, 44.677034175587814 ], [ -1.025879632404679, 44.676943934595478 ], [ -1.025630548022725, 44.676988801269594 ], [ -1.022453067241562, 44.677798917050254 ], [ -1.020421663026752, 44.678539658852102 ], [ -1.020060295427243, 44.67877883492249 ], [ -1.019491956839699, 44.678970302447667 ], [ -1.019164552745851, 44.678621156738132 ], [ -1.018995657877296, 44.67838387048598 ], [ -1.020278443094906, 44.677778792644695 ], [ -1.020695210195541, 44.677592832188274 ], [ -1.021601699473266, 44.677198819801802 ], [ -1.02401899711469, 44.676543222574573 ], [ -1.025130249228414, 44.676186730920293 ], [ -1.025953411079692, 44.675850945598086 ], [ -1.025608477931966, 44.675457453722998 ], [ -1.024493377801215, 44.675759882540653 ], [ -1.023345402859343, 44.674539530026017 ], [ -1.022625646080503, 44.674015454446668 ], [ -1.022138900482316, 44.673402097844317 ], [ -1.021682568053891, 44.673013670833299 ], [ -1.020983373818815, 44.672074606950957 ], [ -1.020519146355519, 44.671595434600945 ], [ -1.019843781821704, 44.670808917575769 ], [ -1.019639023013212, 44.670410313843846 ], [ -1.019181229627799, 44.670020908787947 ], [ -1.01865813390156, 44.669760701838477 ], [ -1.018481045918689, 44.668866060241477 ], [ -1.018331315986378, 44.668555460317855 ], [ -1.01813620771079, 44.66847254611109 ], [ -1.017862183152984, 44.668167485892518 ], [ -1.017865934874112, 44.667697889181326 ], [ -1.017848110885057, 44.66690587531312 ], [ -1.01837959096097, 44.666219699834734 ], [ -1.019126107879553, 44.66605653169055 ], [ -1.019068457801954, 44.664887533792594 ], [ -1.018846277089459, 44.664264550325591 ], [ -1.01850289392403, 44.663870986056082 ], [ -1.018178808166254, 44.663747758350567 ], [ -1.016787801487401, 44.663554886551687 ], [ -1.0163333005596, 44.66339138967799 ], [ -1.016197833232427, 44.663260280711199 ], [ -1.016320420525492, 44.663210824390113 ], [ -1.01682500574814, 44.66319249089203 ], [ -1.017129870611264, 44.66304640497291 ], [ -1.017104251242338, 44.662687314924895 ], [ -1.016644765493871, 44.662252962321709 ], [ -1.014656922436949, 44.660783835931852 ], [ -1.014065288587688, 44.660264268490941 ], [ -1.013730198335193, 44.659825388482894 ], [ -1.013698196296884, 44.659195493083878 ], [ -1.01341398874034, 44.658746582776693 ], [ -1.012221968581956, 44.658870655967434 ], [ -1.010676484538776, 44.65932358086431 ], [ -1.010550703755897, 44.659328144473101 ], [ -1.010531521906312, 44.659058826171162 ], [ -1.010713800765956, 44.6587811756051 ], [ -1.010685027170491, 44.658377198287617 ], [ -1.010462888531258, 44.657934211694077 ], [ -1.010450104855296, 44.657573633942924 ], [ -1.010616391562416, 44.657252584197096 ], [ -1.011350022179177, 44.656909923694499 ], [ -1.011647357434311, 44.656638323700726 ], [ -1.011702419640541, 44.65636528833965 ], [ -1.01163633490735, 44.65632268443921 ], [ -1.011318702417181, 44.656289209596302 ], [ -1.010829581133275, 44.656523788424991 ], [ -1.010628059113312, 44.656350068558538 ], [ -1.010320089625666, 44.656452269991235 ], [ -1.009931675449627, 44.656330331803979 ], [ -1.00853329484937, 44.656191839222629 ], [ -1.008205426601146, 44.656014514969563 ], [ -1.008137999363836, 44.655791948782543 ], [ -1.008039897512786, 44.655299458688752 ], [ -1.007832083956798, 44.654855949072356 ], [ -1.007485059975759, 44.654409304477795 ], [ -1.006729010018402, 44.654436713973631 ], [ -1.005670651725979, 44.65464587812999 ], [ -1.005263177574643, 44.654255625126972 ], [ -1.005250407649094, 44.654076079325392 ], [ -1.005379482140983, 44.653755364261237 ], [ -1.005472303475753, 44.652219882829478 ], [ -1.00519844699074, 44.651733761239555 ], [ -1.004451077965439, 44.650814775714181 ], [ -1.004083456027875, 44.65009783433274 ], [ -1.003761683814173, 44.648937393418535 ], [ -1.003563474045658, 44.648809567733601 ], [ -1.00368154430097, 44.648354247861128 ], [ -1.004176426765682, 44.648201312966037 ], [ -1.004750796105549, 44.64827971054396 ], [ -1.005244826353977, 44.648134983813073 ], [ -1.005667247342885, 44.647849661949195 ], [ -1.005793002907907, 44.647845103912381 ], [ -1.00740996355444, 44.648561747403704 ], [ -1.009019145840854, 44.649188646778455 ], [ -1.009288148502122, 44.649223890767232 ], [ -1.009526803512568, 44.649215232917946 ], [ -1.010560523599967, 44.649546948633343 ], [ -1.011572528964903, 44.649573632655951 ], [ -1.012390236884776, 44.648461849558117 ], [ -1.013090376814986, 44.648535638158044 ], [ -1.013401502500426, 44.64865934711014 ], [ -1.013678679675947, 44.649010322371346 ], [ -1.014272266708968, 44.649357987264352 ], [ -1.014284418545405, 44.649709382193194 ], [ -1.014626497126937, 44.650066180524483 ], [ -1.015929853160854, 44.649758019919283 ], [ -1.016729434365977, 44.649457925947225 ], [ -1.01803662224312, 44.649203807857653 ], [ -1.018358901529354, 44.64910208577335 ], [ -1.01862190384744, 44.648370438542017 ], [ -1.018811192504288, 44.648372760558559 ], [ -1.019837961698566, 44.648606456452853 ], [ -1.020304547839005, 44.648057637115947 ], [ -1.020804376192256, 44.647633408549638 ], [ -1.020324286366285, 44.647109821861854 ], [ -1.019826458878233, 44.646136854465119 ], [ -1.019638314517518, 44.645106596976198 ], [ -1.019649907918736, 44.644205104715326 ], [ -1.019726874585294, 44.643517041643527 ], [ -1.0196948615636, 44.642707140769538 ], [ -1.019430563114117, 44.642536744923724 ], [ -1.014975646566526, 44.641860014672091 ], [ -1.013264441689799, 44.641588749155311 ], [ -1.012866530088937, 44.64133216396678 ], [ -1.012821757229598, 44.640522728777974 ], [ -1.012481830839289, 44.64017505551751 ], [ -1.011907533322415, 44.640096698328243 ], [ -1.011278844187074, 44.640119521773002 ], [ -1.010775513709191, 44.64121886399932 ], [ -1.01013976203, 44.641323758762418 ], [ -1.00881278715015, 44.641136667919426 ], [ -1.007967841072218, 44.64079809625099 ], [ -1.007330846195587, 44.640361973598552 ], [ -1.006987689010303, 44.639968377187593 ], [ -1.006858758158893, 44.639928050409345 ], [ -1.006607352871643, 44.639414530188411 ], [ -1.006743390220846, 44.639031172351359 ], [ -1.007618680311459, 44.638548388742706 ], [ -1.007895188796708, 44.638186526588726 ], [ -1.007851749438968, 44.637737060078749 ], [ -1.007543199536804, 44.637487444436637 ], [ -1.007152490399069, 44.637492409110912 ], [ -1.006707824356994, 44.637806160013369 ], [ -1.006312982163009, 44.638478117696366 ], [ -1.00610130632756, 44.638684209525366 ], [ -1.005613641028952, 44.638756095237682 ], [ -1.005074101091868, 44.638622236723641 ], [ -1.004100843266608, 44.638089871492106 ], [ -1.003829024992164, 44.637631292953039 ], [ -1.003813750548113, 44.637235012309247 ], [ -1.004036427137201, 44.63682090449457 ], [ -1.004057066318895, 44.636405935497116 ], [ -1.003907167391838, 44.635707703054429 ], [ -1.004160699353483, 44.635022466237125 ], [ -1.004681151684879, 44.634707001629977 ], [ -1.005534439872963, 44.634801872283425 ], [ -1.006657087225161, 44.634796965665842 ], [ -1.007773372868544, 44.635044902565639 ], [ -1.009058964278007, 44.635719317867952 ], [ -1.009669047084373, 44.635959010041695 ], [ -1.010723007265624, 44.636578401111223 ], [ -1.011075254755985, 44.636556409867509 ], [ -1.011387110282673, 44.636329283748871 ], [ -1.011394230058065, 44.636248226219628 ], [ -1.011714946297214, 44.636326586544712 ], [ -1.011759261793381, 44.63640577666169 ], [ -1.012653534893536, 44.636391714522297 ], [ -1.012881209932967, 44.637275305185177 ], [ -1.013392560682661, 44.637194344184635 ], [ -1.013674954070874, 44.63671463336189 ], [ -1.013827589718546, 44.636745908768717 ], [ -1.014142560552122, 44.637085278602854 ], [ -1.014090542639311, 44.637601624152914 ], [ -1.013680447828286, 44.638580997970635 ], [ -1.013676649754442, 44.638688527332029 ], [ -1.014107714070754, 44.63872707604034 ], [ -1.014292527645596, 44.639008784949034 ], [ -1.01384586849943, 44.639656063033982 ], [ -1.013816358924154, 44.639945557716374 ], [ -1.016475791931935, 44.640597599015621 ], [ -1.016987231571635, 44.64067821792743 ], [ -1.017762302058264, 44.640920053623489 ], [ -1.018092732364415, 44.641134073317495 ], [ -1.018413485708605, 44.641212414363956 ], [ -1.021404845871029, 44.641716240907343 ], [ -1.021855208450639, 44.641844063018787 ], [ -1.022177361102792, 44.642102352249275 ], [ -1.022404511469546, 44.642635136157089 ], [ -1.022433433865249, 44.643040128122237 ], [ -1.022370523899822, 44.64322242777375 ], [ -1.02182007868673, 44.643639301654282 ], [ -1.02183610411823, 44.643863730615543 ], [ -1.022346152128252, 44.643944376851195 ], [ -1.023164926449168, 44.643914571826045 ], [ -1.025218186438568, 44.643317159203782 ], [ -1.025782254387695, 44.643251609200895 ], [ -1.026693425345345, 44.643632639819934 ], [ -1.027343540224512, 44.644069202941715 ], [ -1.027686791539143, 44.644461716673 ], [ -1.02797512838811, 44.645308303112778 ], [ -1.028161923847703, 44.646337578451821 ], [ -1.028382726878361, 44.646780579623737 ], [ -1.028771024399491, 44.647081443882342 ], [ -1.028919325806405, 44.647392079237029 ], [ -1.029051500554765, 44.647477266058345 ], [ -1.035413595466893, 44.648507267233818 ], [ -1.036183077017685, 44.648668384713808 ], [ -1.036579644370322, 44.648923918796683 ], [ -1.037394339951411, 44.649895476195361 ], [ -1.037506999857772, 44.650747440495472 ], [ -1.037806960278068, 44.651773597436495 ], [ -1.038092182858086, 44.652394242453774 ], [ -1.038624864019922, 44.652789012189146 ], [ -1.039089075330269, 44.653088093303033 ], [ -1.039472808220768, 44.653164075627053 ], [ -1.040658153395841, 44.653128930014489 ], [ -1.041217629406126, 44.652838456052478 ], [ -1.041592358337853, 44.652788955961661 ], [ -1.04177335423726, 44.652655510188943 ], [ -1.041477863309562, 44.652072069311345 ], [ -1.0414213061452, 44.651803095704196 ], [ -1.040748542596297, 44.651233448284046 ], [ -1.040732366572285, 44.651008001313635 ], [ -1.040788805261001, 44.65091593164685 ], [ -1.041667988398193, 44.650847986337126 ], [ -1.042414893303696, 44.650693843119598 ], [ -1.043042525756421, 44.65045507442845 ], [ -1.043231720773207, 44.650276322876003 ], [ -1.043397168978554, 44.650126055337481 ], [ -1.04356646878415, 44.649849842274996 ], [ -1.043603462246756, 44.649307427928079 ], [ -1.043647662658413, 44.649044996927735 ], [ -1.044179461404261, 44.648529480390778 ], [ -1.0442228944214, 44.648076836543602 ], [ -1.044013467077481, 44.647634468576491 ], [ -1.045277653996393, 44.64764138733058 ], [ -1.046705051507134, 44.648364412900463 ], [ -1.047077289687451, 44.648260775788955 ], [ -1.048714167623799, 44.64821002681844 ], [ -1.04914605031026, 44.648059194197444 ], [ -1.049501302971383, 44.647739336875304 ], [ -1.049751007910626, 44.647685183577423 ], [ -1.050012854597054, 44.647819803281102 ], [ -1.050548217271564, 44.648251239038224 ], [ -1.050952859348257, 44.648777470907085 ], [ -1.05145143321907, 44.648677370450407 ], [ -1.050884861051685, 44.647652833684688 ], [ -1.050812174178746, 44.647339451737921 ], [ -1.050969175735697, 44.646892868644755 ], [ -1.051317292823887, 44.646474054626822 ], [ -1.051301021732315, 44.646068598247304 ], [ -1.050820075049608, 44.645536983371969 ], [ -1.050542631993622, 44.645006090390993 ], [ -1.050532822878293, 44.644690404071916 ], [ -1.050761715355499, 44.644366991105855 ], [ -1.051200020119943, 44.644305920606541 ], [ -1.052357070992812, 44.644596931322873 ], [ -1.052969643699216, 44.644349449841421 ], [ -1.053421527762921, 44.644477091129012 ], [ -1.053758501974325, 44.64477975420666 ], [ -1.054077660145601, 44.644994086016169 ], [ -1.054627283841211, 44.644747881686307 ], [ -1.055003310139931, 44.644518272634294 ], [ -1.055947819443594, 44.644483610803 ], [ -1.056696404942949, 44.64437430878764 ], [ -1.057316851807107, 44.644216520366271 ], [ -1.057505466684942, 44.644209595187711 ], [ -1.057821990050769, 44.644387192246981 ], [ -1.057907572298042, 44.644700097002868 ], [ -1.057973678364855, 44.644742673066403 ], [ -1.058968710991184, 44.644534298555129 ], [ -1.059347371327633, 44.644520389752415 ], [ -1.059416713332957, 44.644607849664823 ], [ -1.059497818946709, 44.645912019248435 ], [ -1.060085340215344, 44.646350699827913 ], [ -1.060557975388509, 44.646964408200652 ], [ -1.060699905615342, 44.647184211350215 ], [ -1.060886722597563, 44.6471323431727 ], [ -1.060999526189037, 44.646948183526909 ], [ -1.061083041448253, 44.64617903002901 ], [ -1.061149066034415, 44.646041592859518 ], [ -1.061327902983087, 44.645898986994538 ], [ -1.061513948263767, 44.645856351254231 ], [ -1.061954061172091, 44.645840175293429 ], [ -1.062524676805215, 44.646044218515982 ], [ -1.063080975858663, 44.646744848721987 ], [ -1.063406386755751, 44.646886305983116 ], [ -1.063831742575687, 44.646645646837797 ], [ -1.063997619371085, 44.646323498164215 ], [ -1.064510400156385, 44.646440673798175 ], [ -1.064534600244772, 44.646934824831284 ], [ -1.064802368735867, 44.647151017857887 ], [ -1.065249633213714, 44.647233778915385 ], [ -1.065810453427877, 44.647123140096397 ], [ -1.066048915891975, 44.646933328787611 ], [ -1.065871147531563, 44.64603877095692 ], [ -1.066044154506528, 44.645815569305917 ], [ -1.06640518928273, 44.645577266220926 ], [ -1.066595236522228, 44.645570272958338 ], [ -1.066995234742836, 44.645871602301732 ], [ -1.067174056362149, 44.645728986994129 ], [ -1.067489849809081, 44.645717364235111 ], [ -1.068494665178338, 44.645644577530931 ], [ -1.069230343733449, 44.6453566728932 ], [ -1.069410586979328, 44.64521400138181 ], [ -1.069416961088866, 44.645123758955641 ], [ -1.069761760589187, 44.644661022863311 ], [ -1.069943814810358, 44.644563287552678 ], [ -1.069980738526131, 44.644201896825507 ], [ -1.070302130013931, 44.644109257145331 ], [ -1.070618503551896, 44.644105786258343 ], [ -1.072163693903514, 44.644869155879441 ], [ -1.072633080223122, 44.645257916650834 ], [ -1.072765316006404, 44.645343051153873 ], [ -1.072928390932681, 44.646013123284355 ], [ -1.07299450988319, 44.646055690391108 ], [ -1.073626486502508, 44.646077400400458 ], [ -1.073999324172562, 44.64598285367083 ], [ -1.074864533037508, 44.645544895135153 ], [ -1.074838553856789, 44.64518582094761 ], [ -1.074622328859577, 44.644652722835723 ], [ -1.074712149248353, 44.643973328246879 ], [ -1.074428123009495, 44.643532738195439 ], [ -1.074060196005109, 44.642645201412044 ], [ -1.073789041062674, 44.642204135837062 ], [ -1.073584203864657, 44.641986667508071 ], [ -1.073627521193836, 44.641714024318958 ], [ -1.073796647609425, 44.641437765900605 ], [ -1.074233348428735, 44.641196645860013 ], [ -1.074477299199466, 44.641241860310522 ], [ -1.074685384176669, 44.641504211134475 ], [ -1.074695125328581, 44.641638863772656 ], [ -1.07457913012546, 44.641778152787317 ], [ -1.0746550602626, 44.641956391592046 ], [ -1.075450970324321, 44.641610989920302 ], [ -1.076014198247497, 44.641554417349134 ], [ -1.076518570076315, 44.641535811775618 ], [ -1.076496885895701, 44.642285314706662 ], [ -1.076235844395036, 44.643033419165036 ], [ -1.076329486706828, 44.643634450776382 ], [ -1.076230928579677, 44.643836513180723 ], [ -1.076712985148508, 44.644043750821268 ], [ -1.07706538985476, 44.644201560537489 ], [ -1.077402425685897, 44.644325160406481 ], [ -1.077699479787127, 44.644430801049864 ], [ -1.078002264381734, 44.644239611594614 ], [ -1.078527124982029, 44.642426214983423 ], [ -1.078494408834569, 44.641796342728234 ], [ -1.078795747769227, 44.641605204030263 ], [ -1.078852114874223, 44.641513115285981 ], [ -1.079436128152663, 44.64154576606343 ], [ -1.080373995541204, 44.641420107452682 ], [ -1.081623682293834, 44.641248147474414 ], [ -1.081707058972331, 44.640658991067959 ], [ -1.08258603271627, 44.640590720822544 ], [ -1.082568785835212, 44.641222439180233 ], [ -1.083629786487319, 44.641056404367454 ], [ -1.086803883147819, 44.641462744053257 ], [ -1.088062657927208, 44.641416182087539 ], [ -1.088435366507918, 44.641320566781502 ], [ -1.088683576789439, 44.641266378598466 ], [ -1.089104094994433, 44.6409807918753 ], [ -1.0894696888694, 44.640787244860753 ], [ -1.089705629306317, 44.640741690976796 ], [ -1.089784613791611, 44.640783772033465 ], [ -1.089876886195132, 44.641186419116146 ], [ -1.089956049020517, 44.641408511049768 ], [ -1.091342831779372, 44.641546396785849 ], [ -1.091259554490713, 44.642135560653287 ], [ -1.091388550692457, 44.642175789050846 ], [ -1.091895421941422, 44.64221123074779 ], [ -1.092109117039945, 44.641662241023631 ], [ -1.092360586415615, 44.641652928282724 ], [ -1.094210174149979, 44.641909674255317 ], [ -1.095785582535843, 44.642040516225592 ], [ -1.096496880264802, 44.642266788955027 ], [ -1.096344560655415, 44.642615084229909 ], [ -1.096501209434839, 44.642680875396799 ], [ -1.097228642660559, 44.642951550352876 ], [ -1.096431607617746, 44.64432407859352 ], [ -1.096441401200648, 44.644458729457277 ], [ -1.097780101051792, 44.644643325091963 ], [ -1.098295701195645, 44.643912312225567 ], [ -1.098672918749559, 44.643898321788313 ], [ -1.099257027159717, 44.643065548024886 ], [ -1.099889648627265, 44.643096288669824 ], [ -1.098758197962583, 44.645247345636669 ], [ -1.100678980726055, 44.645771377292512 ], [ -1.10266510644402, 44.646346138748328 ], [ -1.102860043542651, 44.646248891848714 ], [ -1.103312721303575, 44.645520189356027 ], [ -1.104223211804448, 44.643819152031654 ], [ -1.10427359280267, 44.643645444113844 ], [ -1.109823527425452, 44.644602143904535 ], [ -1.113832475120005, 44.645192491253319 ], [ -1.11476208723019, 44.645130263999711 ], [ -1.115330940554896, 44.644974065488036 ], [ -1.116966335974451, 44.643669369039856 ], [ -1.117426554180635, 44.643066131108547 ], [ -1.117633175315327, 44.642247314974668 ], [ -1.117808575887023, 44.642059735079528 ], [ -1.117934980560113, 44.642064230166348 ], [ -1.117976281460834, 44.641414206596892 ], [ -1.118090863503294, 44.640571202786219 ], [ -1.118160024120697, 44.640478614830435 ], [ -1.118467785150334, 44.640377133980671 ], [ -1.118843120643723, 44.640318138621026 ], [ -1.119095250979036, 44.640317945690292 ], [ -1.119359840051329, 44.640488103093283 ], [ -1.119563266500875, 44.640840561235692 ], [ -1.119589875363931, 44.641380655256292 ], [ -1.119493762553799, 44.641790308736148 ], [ -1.119121028972349, 44.641885008649176 ], [ -1.118700656115596, 44.642170709580938 ], [ -1.118146454399864, 44.643408552412978 ], [ -1.118049923693467, 44.64398903546433 ], [ -1.118148966857933, 44.644481425395085 ], [ -1.118218425283986, 44.644902295749418 ], [ -1.117862048362129, 44.64625959787886 ], [ -1.117514287150331, 44.647029463164401 ], [ -1.117673923963006, 44.647311958288924 ], [ -1.119606164392477, 44.647303362173865 ], [ -1.126930800625919, 44.647480127958325 ], [ -1.128095634014364, 44.647518450575362 ], [ -1.128160150864889, 44.647362612265901 ], [ -1.128498127250209, 44.646988918587716 ], [ -1.128959684073287, 44.646737440573226 ], [ -1.129209898544953, 44.646710702989502 ], [ -1.129804835171664, 44.646715065687481 ], [ -1.130364191544741, 44.646937600611786 ], [ -1.131125646249466, 44.647512623914842 ], [ -1.133640569164797, 44.647536210879004 ], [ -1.134027804859948, 44.647990195281992 ], [ -1.13425162792008, 44.647955227911915 ], [ -1.134628148137035, 44.647580072094961 ], [ -1.138886706832344, 44.647601707492498 ], [ -1.139494431293276, 44.647974793093027 ], [ -1.139618562862582, 44.648123572836006 ], [ -1.13987148209047, 44.648114098523656 ], [ -1.140152850257962, 44.64800434006272 ], [ -1.140289167235064, 44.6477926145919 ], [ -1.14059913891933, 44.647545742401405 ], [ -1.141282932257493, 44.64739430764871 ], [ -1.142109301277965, 44.647291736460183 ], [ -1.142787606628161, 44.647085263139857 ], [ -1.143255356565221, 44.646743478795045 ], [ -1.143747143538978, 44.646553197938609 ], [ -1.144277000190403, 44.646218285895102 ], [ -1.145232529124397, 44.645632145307545 ], [ -1.145641885905667, 44.645373346886359 ], [ -1.145466272145522, 44.644875661921262 ], [ -1.145162790917941, 44.644003290336777 ], [ -1.144870749410179, 44.643130489466209 ], [ -1.144567361854896, 44.642259136881897 ], [ -1.144262479875635, 44.641386817294091 ], [ -1.143959036056877, 44.640514443577331 ], [ -1.143796561565747, 44.639844424278351 ], [ -1.143941422497403, 44.638035684800208 ], [ -1.144274590249957, 44.638105018026991 ], [ -1.145975880162059, 44.6389331311494 ], [ -1.14628444971547, 44.639174199951043 ], [ -1.146626739735821, 44.639873268826811 ], [ -1.146629801738696, 44.64009000126984 ], [ -1.146604795487988, 44.644381861475999 ], [ -1.146598379686022, 44.644625544483077 ], [ -1.147098021790942, 44.644561788510984 ], [ -1.147094356861698, 44.644336895323306 ], [ -1.147230922847193, 44.643448013132769 ], [ -1.147315645128432, 44.642886348251125 ], [ -1.147327630718024, 44.64254323815728 ], [ -1.147363500098237, 44.641648929698988 ], [ -1.147410197275669, 44.64074603215721 ], [ -1.147420981666589, 44.640367167088542 ], [ -1.147645920442787, 44.639997652329761 ], [ -1.147794058404733, 44.639947085523389 ], [ -1.148026041822753, 44.639848364866737 ], [ -1.148656776523947, 44.639833890888269 ], [ -1.148945816783026, 44.639984651090664 ], [ -1.149234257439803, 44.640127250186559 ], [ -1.150293440691781, 44.640619362733105 ], [ -1.151246541110082, 44.641052033521767 ], [ -1.151339783833303, 44.641111948321338 ], [ -1.152315761056478, 44.641679792754132 ], [ -1.152554137440073, 44.641823242360523 ], [ -1.153418470867372, 44.642431074091824 ], [ -1.153446821435467, 44.64246580892825 ], [ -1.154133935243207, 44.643215316028275 ], [ -1.154352699044218, 44.643442352152597 ], [ -1.154710074008598, 44.644013998647317 ], [ -1.154766779286983, 44.644102902227395 ], [ -1.154849512862911, 44.644369829773666 ], [ -1.154930825262747, 44.644772852778289 ], [ -1.154926544664998, 44.644889621184845 ], [ -1.154871385595903, 44.64567623839276 ], [ -1.15481506422965, 44.645786780487875 ], [ -1.154592489822369, 44.646362842955753 ], [ -1.154385314873467, 44.646623281184581 ], [ -1.15411910539978, 44.646957539248184 ], [ -1.153999985050154, 44.64705202981861 ], [ -1.15393711425759, 44.647054393098564 ], [ -1.153585017227355, 44.647428701557324 ], [ -1.15280387284718, 44.648124971322474 ], [ -1.151890270315746, 44.648754610460642 ], [ -1.151769788813774, 44.648830737855633 ], [ -1.151644043068588, 44.64883546184776 ], [ -1.150975464711496, 44.648337889265953 ], [ -1.150319758303374, 44.647839829764564 ], [ -1.150082640034877, 44.647713715816465 ], [ -1.149728656180512, 44.647537777742741 ], [ -1.149420469695129, 44.647458314529466 ], [ -1.148919375644653, 44.647522134709256 ], [ -1.14853597382255, 44.647627563601375 ], [ -1.148042241599668, 44.647771909997331 ], [ -1.147317567378685, 44.647718301855932 ], [ -1.147165427404471, 44.647714805558358 ], [ -1.147136794677085, 44.648337784039398 ], [ -1.147415718541167, 44.648525753125789 ], [ -1.147854074577507, 44.648816161876269 ], [ -1.147319165217314, 44.649277093769605 ], [ -1.147612983295937, 44.649492121148199 ], [ -1.148052625158932, 44.649799870067021 ], [ -1.147986808105389, 44.649937359225568 ], [ -1.147578267781566, 44.65005191069703 ], [ -1.147121064084888, 44.650186698369758 ], [ -1.146899311158507, 44.650600075684636 ], [ -1.14677611306846, 44.650658910451902 ], [ -1.146704510133836, 44.650698420396594 ], [ -1.146335743963427, 44.650847275040569 ], [ -1.145632097808354, 44.650729447599829 ], [ -1.14559562008141, 44.650740021743651 ], [ -1.144511450674069, 44.650942297956739 ], [ -1.144402539251971, 44.651000594199019 ], [ -1.144087836119262, 44.651183214046547 ], [ -1.143281629603646, 44.651385283248807 ], [ -1.142660669485924, 44.65153437374962 ], [ -1.142147168265926, 44.651761262533093 ], [ -1.141364985203275, 44.652114823897755 ], [ -1.141125404325258, 44.652286436874121 ], [ -1.140764563735974, 44.652543398899496 ], [ -1.14045940148097, 44.65268064421862 ], [ -1.140182581252591, 44.652872061676263 ], [ -1.140037702234425, 44.652967501012434 ], [ -1.139607454504924, 44.65311863517389 ], [ -1.139355941825387, 44.653128055378374 ], [ -1.139223587242151, 44.653043000263928 ], [ -1.139253469407083, 44.65294266321505 ], [ -1.139276567902263, 44.652905997849089 ], [ -1.139392351100879, 44.652765620377252 ], [ -1.139766318137759, 44.652706607255041 ], [ -1.139630664524702, 44.652576670164599 ], [ -1.13931627669, 44.652588445394386 ], [ -1.139265506212915, 44.652599552674744 ], [ -1.139003758587187, 44.652645155748282 ], [ -1.13889059872997, 44.652821234800612 ], [ -1.138847847375642, 44.653272896258301 ], [ -1.139120993657982, 44.653713750533093 ], [ -1.139783527581764, 44.654149225840662 ], [ -1.14067363568712, 44.654385918850764 ], [ -1.142321458063974, 44.655513767447388 ], [ -1.142739870966271, 44.656039182603131 ], [ -1.142926234852349, 44.656176421667901 ], [ -1.144026450587666, 44.65654125550202 ], [ -1.142363895819255, 44.659343843464363 ], [ -1.142749585694617, 44.659599426211258 ], [ -1.143527403859285, 44.659886338127606 ], [ -1.143618566752749, 44.660424019322136 ], [ -1.143946886248212, 44.660600942287417 ], [ -1.144749317566395, 44.660345824619156 ], [ -1.150374815229487, 44.662468942663445 ], [ -1.15058340702493, 44.662732172749067 ], [ -1.150960508763391, 44.662870421108686 ], [ -1.151155419644463, 44.662773088498938 ], [ -1.151189271799154, 44.662726810636933 ], [ -1.151469790445145, 44.662410435445175 ], [ -1.151562543687387, 44.662307732823855 ], [ -1.151600309650078, 44.661945238863815 ], [ -1.151307316103572, 44.661586984366728 ], [ -1.151127760663064, 44.661367671909545 ], [ -1.15087621309656, 44.661377118336219 ], [ -1.150393569583137, 44.661692898431589 ], [ -1.150139758734006, 44.661846653591716 ], [ -1.149322012043389, 44.661543895634203 ], [ -1.14820489320117, 44.661126553702175 ], [ -1.1470877157726, 44.66070818050224 ], [ -1.145970630042744, 44.660290816143061 ], [ -1.14485348576825, 44.659872420515349 ], [ -1.144462880412941, 44.659725453291927 ], [ -1.14432712399641, 44.659594501557976 ], [ -1.144308903622589, 44.659171716163783 ], [ -1.14429661476099, 44.658829515228597 ], [ -1.143709408264402, 44.658581492717879 ], [ -1.143756204599895, 44.65851632041052 ], [ -1.144120870255168, 44.657979961969644 ], [ -1.144537956756685, 44.658000123787154 ], [ -1.144690124333027, 44.658003623712354 ], [ -1.145046326328186, 44.657683404956828 ], [ -1.145525524890361, 44.657846481350049 ], [ -1.146652640079956, 44.658245059915053 ], [ -1.147781275535116, 44.658644593479281 ], [ -1.148014527036605, 44.658717670126656 ], [ -1.148774913486722, 44.658923369873342 ], [ -1.14921111921183, 44.658852783854677 ], [ -1.149461453934848, 44.658807585745457 ], [ -1.15018693699986, 44.659239618787858 ], [ -1.150227555291211, 44.659265711296676 ], [ -1.151072421966433, 44.659936700855049 ], [ -1.151113642801983, 44.659970953457247 ], [ -1.151637406116427, 44.660582396817617 ], [ -1.151947999801749, 44.660499129273262 ], [ -1.152576027743325, 44.660114461718493 ], [ -1.152631391683452, 44.660185006030133 ], [ -1.152645533570198, 44.660201863642634 ], [ -1.152780186314682, 44.660647893586642 ], [ -1.152540453618484, 44.660836926397963 ], [ -1.1525281183546, 44.661000027258083 ], [ -1.15246862305595, 44.661903417173072 ], [ -1.152403859670925, 44.662735403749743 ], [ -1.15253625690926, 44.662820443406702 ], [ -1.152854009587719, 44.662853512820007 ], [ -1.153284296108536, 44.662702326580842 ], [ -1.153401569063634, 44.662562900274082 ], [ -1.153495785698455, 44.660945258537602 ], [ -1.153622987542902, 44.660940478711865 ], [ -1.15496867319453, 44.661385999508717 ], [ -1.157125659513309, 44.662531332850321 ], [ -1.157388509329269, 44.66267487944058 ], [ -1.158161168876581, 44.66287085074871 ], [ -1.159869720128748, 44.663085813678933 ], [ -1.16221739438592, 44.663240886315627 ], [ -1.162735205237817, 44.663401415372753 ], [ -1.163592543087667, 44.664063665582717 ], [ -1.163910309261153, 44.664096703258465 ], [ -1.164338685165817, 44.663900538171461 ], [ -1.168357541018179, 44.663415602780759 ], [ -1.170311223213542, 44.663359302762053 ], [ -1.173618950057119, 44.663838992068293 ], [ -1.174118731914304, 44.663775113571489 ], [ -1.174360908176316, 44.663639129699398 ], [ -1.178855833632057, 44.663776162737435 ], [ -1.180481607027646, 44.663723895867307 ], [ -1.18153940860338, 44.663512039041734 ], [ -1.185206952740128, 44.662544690600384 ], [ -1.188513676108297, 44.661814904923602 ], [ -1.18950518647595, 44.661560473836019 ], [ -1.191361301650758, 44.660868182016721 ], [ -1.191847671178959, 44.660624699242817 ], [ -1.192934326247592, 44.659781526514614 ], [ -1.193947961376038, 44.658805066528721 ], [ -1.195189164279068, 44.657324872910593 ], [ -1.195520981804019, 44.656681145409472 ], [ -1.195672850947111, 44.656007423494891 ], [ -1.19574590860096, 44.65496844773228 ], [ -1.195941918601787, 44.654194851055045 ], [ -1.196185399499568, 44.653058366571493 ], [ -1.196558648265835, 44.651971168052121 ], [ -1.196799073812074, 44.651466952805485 ], [ -1.197046390249517, 44.650555359623269 ], [ -1.197092018195839, 44.650148556978301 ], [ -1.19723433592849, 44.649520203713116 ], [ -1.19814683068289, 44.6478632182084 ], [ -1.198823949981946, 44.647094804344313 ], [ -1.198830666976632, 44.647087181586841 ] ] ] ] } },
{ "type": "Feature", "properties": { "fid": 6, "gid": 8, "id": 8, "cdmassedea": "FC09", "cdeumassed": "FRFC09", "nommassede": "Lac d'Hossegor", "systemeref": "31", "cdeubassin": "FRF", "typemassed": "C5", "cdeussbass": "FRF_COAC", "cdcategori": "1.2.1", "cdnaturema": "3", "surftotkm": 1.0806561952729501 }, "geometry": { "type": "MultiPolygon", "coordinates": [ [ [ [ -1.445603940118636, 43.655154762398034 ], [ -1.445634739718555, 43.655657717908817 ], [ -1.442046045776727, 43.654876963442128 ], [ -1.441498493733043, 43.65486253892329 ], [ -1.440104414379699, 43.6549737184977 ], [ -1.439687435236855, 43.65524492123469 ], [ -1.439194392842812, 43.655570235493009 ], [ -1.437821191533939, 43.656674533826497 ], [ -1.435106153212246, 43.658882530332804 ], [ -1.431596138302665, 43.661791716088715 ], [ -1.4309484346984, 43.662413248254353 ], [ -1.430918294282606, 43.663297949467427 ], [ -1.431693924953468, 43.663382886145314 ], [ -1.431768692227062, 43.663875767676153 ], [ -1.431431439899745, 43.664714187753709 ], [ -1.431273510104256, 43.665176181784375 ], [ -1.430943121356232, 43.665712172432968 ], [ -1.430930982722271, 43.6661270913702 ], [ -1.430972362485578, 43.666890990644013 ], [ -1.431095628370343, 43.667355310028803 ], [ -1.431635741652394, 43.667927379990466 ], [ -1.431653176823543, 43.668152650538197 ], [ -1.431137416005009, 43.668696202092228 ], [ -1.431020148292337, 43.669601843029184 ], [ -1.43123160039726, 43.671369377064657 ], [ -1.431890744942955, 43.672495926842686 ], [ -1.431977992774758, 43.673149864898456 ], [ -1.431259189705199, 43.673800884303709 ], [ -1.431300119516648, 43.674493523502967 ], [ -1.431599206679638, 43.674781806996712 ], [ -1.432163218279491, 43.675215011053993 ], [ -1.432312530500373, 43.675542271793184 ], [ -1.432283315074883, 43.676129382740093 ], [ -1.432255519520615, 43.676734841834794 ], [ -1.432378830061249, 43.67703555461415 ], [ -1.432288436807033, 43.677796949265357 ], [ -1.432331805209135, 43.678047750062198 ], [ -1.432379432638897, 43.678171581165643 ], [ -1.431582661914573, 43.67878079004975 ], [ -1.430666669282161, 43.679142283552871 ], [ -1.430556764333901, 43.679651902719364 ], [ -1.431229012058171, 43.68030960428721 ], [ -1.431704954363886, 43.6805243625789 ], [ -1.432393447018351, 43.6810822084908 ], [ -1.431834464818065, 43.682033478811327 ], [ -1.431514604967982, 43.682397255600598 ], [ -1.4310531710995, 43.682544790473933 ], [ -1.430276984983914, 43.682772879688017 ], [ -1.429149522471052, 43.683133774809235 ], [ -1.42831428094245, 43.68260949570071 ], [ -1.427878819990893, 43.681788747053226 ], [ -1.42758656370091, 43.681070554014553 ], [ -1.427393099384829, 43.680645897612536 ], [ -1.427208844345635, 43.678427320851867 ], [ -1.426941707288075, 43.6770679928322 ], [ -1.426959864225836, 43.676337157024207 ], [ -1.426750423304886, 43.674903902830003 ], [ -1.426656109207455, 43.674208065053961 ], [ -1.426549178710687, 43.672957000574485 ], [ -1.426726965891406, 43.671742876550901 ], [ -1.426826538665123, 43.671242150182806 ], [ -1.42727078203972, 43.66975466285146 ], [ -1.427627439777163, 43.668920055080108 ], [ -1.427277411312393, 43.667763510263207 ], [ -1.427163555782248, 43.666126976804911 ], [ -1.42728471640716, 43.664594328771052 ], [ -1.427381728425517, 43.663811246361419 ], [ -1.427593525194062, 43.663194586565986 ], [ -1.427874937786741, 43.662484348771436 ], [ -1.428285452349729, 43.661855120378185 ], [ -1.429253398285752, 43.662004835214297 ], [ -1.429923962766348, 43.66184252279777 ], [ -1.431467910539359, 43.660626141840517 ], [ -1.432337420612542, 43.659952514354117 ], [ -1.434911637409437, 43.657971209766664 ], [ -1.43800471355766, 43.655429671252023 ], [ -1.439357794107017, 43.654625891308449 ], [ -1.438490889803881, 43.65465210959804 ], [ -1.438154482472576, 43.6549634113331 ], [ -1.437092071122718, 43.654538486222592 ], [ -1.435518632879984, 43.654097605802313 ], [ -1.435112948519476, 43.65415097966703 ], [ -1.435096130157645, 43.654097471955978 ], [ -1.434883915898058, 43.653430240442049 ], [ -1.433880247757735, 43.653308625697804 ], [ -1.433336246954336, 43.653321624228063 ], [ -1.432952735620402, 43.653661416840528 ], [ -1.431888421519469, 43.654030005910506 ], [ -1.430730728979287, 43.654302184423088 ], [ -1.430088575595688, 43.654193398042565 ], [ -1.429781772470413, 43.654232494253854 ], [ -1.429426442311653, 43.654445353211692 ], [ -1.428755193642521, 43.654989639612133 ], [ -1.428266187197607, 43.655340329888986 ], [ -1.427298653160501, 43.655668116070636 ], [ -1.427278480993454, 43.655407170571934 ], [ -1.428243252256649, 43.655043708520559 ], [ -1.429319299325944, 43.654188976400469 ], [ -1.430070520058511, 43.653959974832105 ], [ -1.430894113565409, 43.653722455401635 ], [ -1.431891650419837, 43.6534347608156 ], [ -1.43182730715916, 43.653076432186388 ], [ -1.432085060874652, 43.652876748564957 ], [ -1.432718520514544, 43.65262139641942 ], [ -1.433853005417083, 43.652156321112955 ], [ -1.434276014231032, 43.652472401035872 ], [ -1.434752173574206, 43.652056221486106 ], [ -1.434682914206505, 43.6517983030609 ], [ -1.435112694476426, 43.651419803700442 ], [ -1.435049060643615, 43.651089056135923 ], [ -1.434646080491233, 43.651177084681414 ], [ -1.434106625820238, 43.649811530570332 ], [ -1.434374063508134, 43.649737217017048 ], [ -1.43459378940227, 43.649683256073573 ], [ -1.435028447853419, 43.649367954731126 ], [ -1.434910871312609, 43.64897703561239 ], [ -1.4354056995177, 43.648966035311403 ], [ -1.436595147604295, 43.652305114010019 ], [ -1.436625311899852, 43.652367279224109 ], [ -1.439827983521544, 43.653642423806104 ], [ -1.43992785745895, 43.654458417262795 ], [ -1.440828283328982, 43.654426296982365 ], [ -1.441697447260889, 43.654395284782964 ], [ -1.445603940118636, 43.655154762398034 ] ] ] ] } },
{ "type": "Feature", "properties": { "fid": 7, "gid": 6, "id": 6, "cdmassedea": "FC07", "cdeumassed": "FRFC07", "nommassede": "Arcachon aval", "systemeref": "31", "cdeubassin": "FRF", "typemassed": "C10", "cdeussbass": "FRF_COAC", "cdcategori": "1.2.1", "cdnaturema": "1", "surftotkm": 66.020819093631474 }, "geometry": { "type": "MultiPolygon", "coordinates": [ [ [ [ -1.283777501908956, 44.523792127472845 ], [ -1.283841225006113, 44.524087064348649 ], [ -1.283924428807544, 44.52468461718864 ], [ -1.283942297942068, 44.524693312345043 ], [ -1.284439423557647, 44.524756318812805 ], [ -1.285357991913944, 44.525027202021043 ], [ -1.292148981656235, 44.528111721311127 ], [ -1.296759540405542, 44.532585168757862 ], [ -1.29761541707172, 44.532953933633152 ], [ -1.299603536316524, 44.53441875370028 ], [ -1.300027413024331, 44.534773951295342 ], [ -1.303432342295824, 44.538539313745275 ], [ -1.3038351319618, 44.539702841901587 ], [ -1.305087717086686, 44.540849505424198 ], [ -1.305389135073965, 44.541250016880419 ], [ -1.305482723776418, 44.54149238813735 ], [ -1.305662793208007, 44.541666931532845 ], [ -1.305718019042992, 44.541829094308291 ], [ -1.305964223048306, 44.542067459416103 ], [ -1.308147549768494, 44.548375485585289 ], [ -1.307061908282883, 44.554229871749371 ], [ -1.306865379480973, 44.554668582745492 ], [ -1.306801263135285, 44.554748064471241 ], [ -1.306790347255335, 44.55480205001642 ], [ -1.306651013672746, 44.554966564431524 ], [ -1.306593786363169, 44.555240762106529 ], [ -1.301899586647645, 44.560804226576685 ], [ -1.294582164222862, 44.564661590348081 ], [ -1.292357533089299, 44.565087868480731 ], [ -1.291421348524034, 44.565581889240946 ], [ -1.293363939760564, 44.571191683172017 ], [ -1.293360544271798, 44.571206243999328 ], [ -1.293365804308801, 44.571220516720999 ], [ -1.293414159142174, 44.572013119344156 ], [ -1.292052827085441, 44.578409747930529 ], [ -1.289848177921558, 44.581633597194013 ], [ -1.288558605834685, 44.583096451846217 ], [ -1.286880238773808, 44.585154892255417 ], [ -1.286616808080151, 44.58541112810429 ], [ -1.286428245493401, 44.585687573840403 ], [ -1.28583225185048, 44.586360142702723 ], [ -1.289582693668834, 44.589854766536078 ], [ -1.290062968338914, 44.590518663583197 ], [ -1.290174588729986, 44.590816154072549 ], [ -1.290457892923173, 44.5910904442336 ], [ -1.291412962024221, 44.593851080138315 ], [ -1.294478352392973, 44.596584281341322 ], [ -1.29490252519056, 44.597115906877569 ], [ -1.295767622168548, 44.598303425623385 ], [ -1.295956104940126, 44.598851089198263 ], [ -1.297584207394342, 44.600427999374332 ], [ -1.299768839004073, 44.606736391441785 ], [ -1.299747869561677, 44.608551433390794 ], [ -1.299674915941039, 44.609386246520742 ], [ -1.298336314248244, 44.613997845293746 ], [ -1.297862974111279, 44.614671592486729 ], [ -1.297861938847835, 44.614944946924481 ], [ -1.297788722961521, 44.616043842166377 ], [ -1.296904885924325, 44.619208724526679 ], [ -1.296897048810442, 44.619355428408497 ], [ -1.296829873980239, 44.619789848793737 ], [ -1.296798696648128, 44.619887826568863 ], [ -1.254026524355659, 44.6185543140788 ], [ -1.25326115016506, 44.618428953219407 ], [ -1.253052893901512, 44.618193515466203 ], [ -1.253049506258862, 44.618148637012219 ], [ -1.2527940840411, 44.617933427819246 ], [ -1.252213523679544, 44.617774722296588 ], [ -1.251895966968873, 44.617741938831678 ], [ -1.251525120174728, 44.617838048924426 ], [ -1.250929210325147, 44.61831107429677 ], [ -1.250367850314555, 44.618558745392043 ], [ -1.249549562101956, 44.618761060975494 ], [ -1.249228616751973, 44.618683391265563 ], [ -1.248787342645257, 44.618700367105546 ], [ -1.248307733190454, 44.619025693669293 ], [ -1.247603105422298, 44.61972894812066 ], [ -1.247245022199932, 44.620184622353108 ], [ -1.246551942730405, 44.621022451550068 ], [ -1.245658043094883, 44.621894591177814 ], [ -1.244867566216119, 44.622637951412067 ], [ -1.244524339047013, 44.623101228283652 ], [ -1.244478481217839, 44.623329056992247 ], [ -1.244506201303742, 44.62386809664477 ], [ -1.244784693788742, 44.62421848794316 ], [ -1.244875278935934, 44.624584283317809 ], [ -1.244760487980008, 44.624904778788171 ], [ -1.244807905646709, 44.625534102390802 ], [ -1.24464379471057, 44.626036528109616 ], [ -1.244059366490537, 44.626815949248055 ], [ -1.24337492408114, 44.627960301925022 ], [ -1.243171609814224, 44.628779292537885 ], [ -1.243209538353123, 44.629453990493388 ], [ -1.243360402552667, 44.629764280218765 ], [ -1.243503001695612, 44.629983846759309 ], [ -1.24401600630878, 44.6304234344355 ], [ -1.244675002643344, 44.630804218525469 ], [ -1.245014349144167, 44.631106241558271 ], [ -1.245025244721596, 44.631421908017195 ], [ -1.244867210371742, 44.631834083356893 ], [ -1.243902279503448, 44.633439305507032 ], [ -1.24356167604223, 44.634128545092068 ], [ -1.243397528984656, 44.634630970637829 ], [ -1.243225925783941, 44.635034458131749 ], [ -1.242836735113412, 44.635725561263541 ], [ -1.242714406780058, 44.63577526783012 ], [ -1.241900736877672, 44.636879563608886 ], [ -1.241502039827092, 44.637616035289426 ], [ -1.241170229549607, 44.638574982319355 ], [ -1.241013406459316, 44.63902290747712 ], [ -1.240994496511225, 44.639095238379397 ], [ -1.240918208239981, 44.639927762505842 ], [ -1.240901325331223, 44.640046047439633 ], [ -1.240906746631474, 44.640289296666381 ], [ -1.240997512381455, 44.641818162401513 ], [ -1.241063767635961, 44.642203310109764 ], [ -1.241103708073612, 44.642733701169547 ], [ -1.241523688564904, 44.644105698680434 ], [ -1.241719087924698, 44.644360068656475 ], [ -1.242067904391341, 44.644805974794643 ], [ -1.243439771658018, 44.645574716337578 ], [ -1.243771007854242, 44.645787041314811 ], [ -1.244077287718582, 44.64582028747386 ], [ -1.244146247757036, 44.645727620665767 ], [ -1.243919635087849, 44.645249407543318 ], [ -1.243845932531137, 44.645108004475468 ], [ -1.243764106125597, 44.644687652478687 ], [ -1.243758649068643, 44.644615233770693 ], [ -1.243347571434026, 44.64417990694853 ], [ -1.242752628651278, 44.643833473475127 ], [ -1.242666098788181, 44.643521732687475 ], [ -1.242721457747548, 44.643248530025886 ], [ -1.243077603742703, 44.642783741396485 ], [ -1.242996478026826, 44.64237256903975 ], [ -1.242993788523154, 44.642336869689515 ], [ -1.242403531489292, 44.641709972230061 ], [ -1.242224330788001, 44.64151840377783 ], [ -1.242183113883015, 44.641465770865871 ], [ -1.242103351420137, 44.641243788297672 ], [ -1.242088380866125, 44.640721645304318 ], [ -1.242621026896241, 44.639899216347089 ], [ -1.24269933646432, 44.639778572325582 ], [ -1.242925768380654, 44.639417989101872 ], [ -1.242906769605852, 44.639013638042336 ], [ -1.242438951191911, 44.638661301012242 ], [ -1.242119190507792, 44.638448533833333 ], [ -1.242111766798891, 44.638178765348037 ], [ -1.242271267639402, 44.63776653808322 ], [ -1.243076752924709, 44.636572535899177 ], [ -1.2436525038674, 44.635657405011905 ], [ -1.243982212000339, 44.635013592499533 ], [ -1.244150483220287, 44.634737074939238 ], [ -1.244662674303843, 44.633644344075357 ], [ -1.244721472678499, 44.633417040407636 ], [ -1.244879512530549, 44.633004865023317 ], [ -1.24527204168328, 44.632358634370647 ], [ -1.245812002775935, 44.631805960284211 ], [ -1.246122869258659, 44.631749003595672 ], [ -1.246255334990944, 44.631833930036521 ], [ -1.246273003831473, 44.632239354276031 ], [ -1.246058891374747, 44.632743704996706 ], [ -1.246034005443661, 44.633420818612372 ], [ -1.246130687633416, 44.633867192367752 ], [ -1.246414728486427, 44.634442414872538 ], [ -1.246703435829404, 44.634927439623489 ], [ -1.247296361568385, 44.635590011646237 ], [ -1.247763415647682, 44.635932127954945 ], [ -1.247897399113884, 44.63601801761962 ], [ -1.248337995967017, 44.636009259948608 ], [ -1.248302297893755, 44.636371728129731 ], [ -1.2480542530955, 44.636597104581504 ], [ -1.247679155000784, 44.636657558255536 ], [ -1.247228939003511, 44.636538816275539 ], [ -1.246859852608545, 44.636507995047872 ], [ -1.246423312243888, 44.636741635872646 ], [ -1.246307751655318, 44.63688110439891 ], [ -1.246136101337906, 44.637112746474088 ], [ -1.2461383578486, 44.638149913321691 ], [ -1.246102567383868, 44.638511361114524 ], [ -1.245889105052953, 44.639195722965546 ], [ -1.245830382249411, 44.639424047739972 ], [ -1.246282800708657, 44.64057894338405 ], [ -1.246489727118234, 44.640796036325725 ], [ -1.246568092069033, 44.640847240044657 ], [ -1.246561619125113, 44.641920546889438 ], [ -1.245982391046057, 44.642789796052462 ], [ -1.245887177874258, 44.643370389775122 ], [ -1.245614214242359, 44.644102047006079 ], [ -1.245472541102403, 44.645739071527132 ], [ -1.245165872317063, 44.646518054687839 ], [ -1.245090127990939, 44.646691794703067 ], [ -1.244855770989638, 44.648278164016027 ], [ -1.244190093771737, 44.649503635885715 ], [ -1.243764871883404, 44.650060076075135 ], [ -1.24371829724972, 44.650278726985469 ], [ -1.242550902051145, 44.651540842895052 ], [ -1.241428720884444, 44.65308047116644 ], [ -1.240141576481581, 44.654599819349308 ], [ -1.239785166494068, 44.654910143790993 ], [ -1.239261946520501, 44.656012479391912 ], [ -1.238884822224279, 44.657875387634654 ], [ -1.238982218358132, 44.658160120056827 ], [ -1.239182342555535, 44.658819398711145 ], [ -1.223794599787999, 44.654446657050762 ], [ -1.199126793316325, 44.647174525370382 ], [ -1.198830666976632, 44.647087181586841 ], [ -1.200103365386732, 44.645642820172903 ], [ -1.200520688596418, 44.64532110919815 ], [ -1.201008921902772, 44.645085693379322 ], [ -1.201425550973271, 44.644754798956676 ], [ -1.202365320687303, 44.643466005483305 ], [ -1.202896996545669, 44.642814652052024 ], [ -1.203285413977781, 44.642086913012498 ], [ -1.203701466730398, 44.641575999749769 ], [ -1.204144799414316, 44.640566915131245 ], [ -1.204147825892649, 44.639935667954795 ], [ -1.204124232783025, 44.639792336150421 ], [ -1.204315830809112, 44.639307349588265 ], [ -1.204330493081488, 44.638332987088504 ], [ -1.204343592735526, 44.636646743722061 ], [ -1.204610355511784, 44.635825430067264 ], [ -1.204668509312375, 44.634570161048877 ], [ -1.204578535235748, 44.632174880015064 ], [ -1.20448499929914, 44.631439905033929 ], [ -1.204433298758766, 44.630900757989828 ], [ -1.204372035036062, 44.630425394864211 ], [ -1.204335655969626, 44.630110703068013 ], [ -1.204194103761501, 44.629557586493576 ], [ -1.203962371014729, 44.62814150577271 ], [ -1.203951638469326, 44.627997685378361 ], [ -1.203857288724637, 44.627424360661244 ], [ -1.203817709469275, 44.626893959351996 ], [ -1.203652017477792, 44.624673414906304 ], [ -1.203529260077158, 44.623028152691994 ], [ -1.203795970292532, 44.622206845347009 ], [ -1.203848765095965, 44.622069813683694 ], [ -1.203857332976042, 44.621167292613251 ], [ -1.203850635638959, 44.621077532604041 ], [ -1.204078906073992, 44.620240298422601 ], [ -1.204110083613146, 44.620139890802271 ], [ -1.204182711784215, 44.619424167692081 ], [ -1.204262254551848, 44.618628395585105 ], [ -1.204591149823449, 44.617623666911015 ], [ -1.204644079874403, 44.617315806151147 ], [ -1.204736940530917, 44.616545099383423 ], [ -1.2047594376129, 44.616328411998019 ], [ -1.204749265854754, 44.615174973586228 ], [ -1.204743861748601, 44.615102553792212 ], [ -1.204806701688698, 44.614946727176736 ], [ -1.20501455104545, 44.614335305885824 ], [ -1.205132286632336, 44.61405157291572 ], [ -1.205243931329418, 44.613686240156817 ], [ -1.205868065743139, 44.612589456966283 ], [ -1.205942514700542, 44.612397386219229 ], [ -1.206189448272826, 44.611811069273244 ], [ -1.206359951387085, 44.611390303045255 ], [ -1.206486356377686, 44.611069414068957 ], [ -1.206531061084038, 44.610977696577599 ], [ -1.207192399346805, 44.609708664502051 ], [ -1.20727019069004, 44.609561472778111 ], [ -1.207912186681218, 44.607842076415245 ], [ -1.208360399898144, 44.607094650103619 ], [ -1.209045985001847, 44.605959703552045 ], [ -1.209372567880557, 44.605424556098285 ], [ -1.209625397803186, 44.604937226526047 ], [ -1.210495571846051, 44.603226503676225 ], [ -1.210637527751845, 44.602941840601716 ], [ -1.210772099536095, 44.602711672287768 ], [ -1.211322330639377, 44.601797701907884 ], [ -1.211334493825466, 44.601788031964944 ], [ -1.21136627839962, 44.601715217132707 ], [ -1.211607697273068, 44.601056471490864 ], [ -1.211933648322778, 44.600187876211713 ], [ -1.2119742400543, 44.600060511859816 ], [ -1.212143173706785, 44.599792206700805 ], [ -1.212550808947142, 44.599154735928195 ], [ -1.212900216054587, 44.59860029382947 ], [ -1.213305149320256, 44.597773687671825 ], [ -1.213868788264129, 44.597040243551064 ], [ -1.21401269426394, 44.59678209640969 ], [ -1.214773157788875, 44.595292376413823 ], [ -1.21502311613366, 44.594940164539018 ], [ -1.215922647843658, 44.593626178463737 ], [ -1.216276031100057, 44.593125785879643 ], [ -1.216732158466023, 44.592468033715676 ], [ -1.217151718782144, 44.591838271504933 ], [ -1.217669992780936, 44.591016523788795 ], [ -1.218819332338564, 44.589178451503614 ], [ -1.219092999020579, 44.58878031590443 ], [ -1.219532113083563, 44.588087399665213 ], [ -1.221426713466654, 44.584237416396078 ], [ -1.22171381774246, 44.583866377715452 ], [ -1.221946841345238, 44.583442170416618 ], [ -1.2232863869894, 44.581605976680876 ], [ -1.223796982308599, 44.580856092974848 ], [ -1.224082806335528, 44.580449295085899 ], [ -1.22495669212259, 44.579161780030631 ], [ -1.225377563078881, 44.578704801613569 ], [ -1.225514564760255, 44.578527710551668 ], [ -1.225986062138132, 44.577906151180969 ], [ -1.226456045629438, 44.577283624633068 ], [ -1.226778858848816, 44.576874379592795 ], [ -1.227076669138058, 44.576475297141613 ], [ -1.227583929787699, 44.575663124928752 ], [ -1.22848260401473, 44.574879939054156 ], [ -1.229018822617751, 44.574454327161938 ], [ -1.229492858922117, 44.574039278601518 ], [ -1.229563005992438, 44.57398237690834 ], [ -1.229662319986794, 44.573780129138989 ], [ -1.229868256530978, 44.573339551857579 ], [ -1.2299567917174, 44.573165335075601 ], [ -1.230842600403117, 44.572364209000177 ], [ -1.231142409176473, 44.571820809429013 ], [ -1.231254506511512, 44.571636482055972 ], [ -1.231292967665554, 44.571481573124274 ], [ -1.231752871946564, 44.569543964605487 ], [ -1.232203270041881, 44.568814757671191 ], [ -1.232615708305627, 44.568437857603243 ], [ -1.233357684619125, 44.568066726803451 ], [ -1.234159012272326, 44.567666718160389 ], [ -1.23625862244756, 44.567063437172685 ], [ -1.237104501636615, 44.566399833960801 ], [ -1.237925940073645, 44.565430293062597 ], [ -1.238480810658761, 44.564588617928656 ], [ -1.238627327922922, 44.564348746476817 ], [ -1.239600658644438, 44.562869068520058 ], [ -1.239953604986612, 44.562539431689231 ], [ -1.24064683319157, 44.561521603884543 ], [ -1.240930934586277, 44.561113800487561 ], [ -1.241828652979438, 44.560133112085374 ], [ -1.242998215608777, 44.55909593166848 ], [ -1.243401170205337, 44.558746970283352 ], [ -1.244097622700782, 44.558115649903783 ], [ -1.244523509754569, 44.55774841262771 ], [ -1.244949333870977, 44.557209328942925 ], [ -1.245629550812837, 44.556362790846805 ], [ -1.247322054011254, 44.555052779448779 ], [ -1.248946923395575, 44.553358688303362 ], [ -1.250332866604332, 44.552178065927862 ], [ -1.25227686253453, 44.550696663757435 ], [ -1.253651434944908, 44.550030953775874 ], [ -1.255786441004976, 44.549263266221892 ], [ -1.256575239855217, 44.548854358835236 ], [ -1.258010256987841, 44.547645142787147 ], [ -1.25806354337985, 44.547517268763805 ], [ -1.258198426366528, 44.547466031545753 ], [ -1.258191651394032, 44.547376277507247 ], [ -1.258313081686597, 44.547317376188936 ], [ -1.259100261466056, 44.546395013833319 ], [ -1.259133955361448, 44.546348705120543 ], [ -1.259188587209634, 44.546219755624428 ], [ -1.259744170567025, 44.545072084921529 ], [ -1.260297114428217, 44.54271544072423 ], [ -1.260130179089463, 44.542171566189047 ], [ -1.2598594403074, 44.541749334410525 ], [ -1.259824720225165, 44.541137956577536 ], [ -1.260280586559165, 44.540318394346464 ], [ -1.260216047871159, 44.53946369497875 ], [ -1.260078243745223, 44.539153963727024 ], [ -1.259859433355438, 44.538756322801383 ], [ -1.259209015459203, 44.537320738883167 ], [ -1.259090847956023, 44.536911027450316 ], [ -1.259034022703118, 44.536669771569422 ], [ -1.258969870409927, 44.536483012337854 ], [ -1.258800271847766, 44.535903439758556 ], [ -1.258241826981975, 44.534851981172274 ], [ -1.258035976774363, 44.534625685041803 ], [ -1.256790408026999, 44.532825391603033 ], [ -1.256353506736086, 44.531716045343458 ], [ -1.256131700169768, 44.530273116737412 ], [ -1.256031563542942, 44.529609030804295 ], [ -1.255436364976071, 44.52723433609647 ], [ -1.255167188786843, 44.526669582893533 ], [ -1.255953943207036, 44.526591117942509 ], [ -1.260721722889542, 44.526115490811655 ], [ -1.26071982216472, 44.526106544856582 ], [ -1.283777501908956, 44.523792127472845 ] ] ] ] } },
{ "type": "Feature", "properties": { "fid": 8, "gid": 7, "id": 7, "cdmassedea": "FC08", "cdeumassed": "FRFC08", "nommassede": "Côte Landaise", "systemeref": "31", "cdeubassin": "FRF", "typemassed": "C6", "cdeussbass": "FRF_COAC", "cdcategori": "1.2.1", "cdnaturema": "1", "surftotkm": 216.70569476940295 }, "geometry": { "type": "MultiPolygon", "coordinates": [ [ [ [ -1.446301343407895, 43.655811325983336 ], [ -1.446301343408041, 43.655811325983201 ], [ -1.445634739718555, 43.655657717908817 ], [ -1.445603940118636, 43.655154762398034 ], [ -1.445572528654256, 43.654750098445255 ], [ -1.445733582674032, 43.65424859748714 ], [ -1.445644669397751, 43.653756303233756 ], [ -1.445514168056575, 43.653671659870064 ], [ -1.445498873785883, 43.653311328637244 ], [ -1.445704806173999, 43.652771180105525 ], [ -1.445789968399941, 43.652271762647679 ], [ -1.445736378440732, 43.651418089485475 ], [ -1.445984657099034, 43.650462079134186 ], [ -1.44605588772087, 43.649783265287397 ], [ -1.446103833085002, 43.649276168667484 ], [ -1.446132893314628, 43.648689064591046 ], [ -1.446244334932519, 43.647566869026157 ], [ -1.446655610436312, 43.646153247697178 ], [ -1.447028083466841, 43.645201355397106 ], [ -1.447351218549763, 43.644557220424694 ], [ -1.447692539927115, 43.644002322990268 ], [ -1.44806142004061, 43.643004560262028 ], [ -1.448159179391131, 43.642504626929025 ], [ -1.448487952892072, 43.6417702745795 ], [ -1.448974729108296, 43.640858685984846 ], [ -1.450081584506365, 43.638649657456888 ], [ -1.450739011730087, 43.637361933579591 ], [ -1.451480474952989, 43.636213915932146 ], [ -1.451807766466015, 43.635479614197159 ], [ -1.452421431531672, 43.634426811286708 ], [ -1.453096821210993, 43.633371473760988 ], [ -1.453438020429568, 43.632816562497915 ], [ -1.453641776035511, 43.632087321090985 ], [ -1.45385389446533, 43.631628707501086 ], [ -1.454312225684345, 43.63098718682096 ], [ -1.454631711931272, 43.630298188042232 ], [ -1.454862100238166, 43.629748840196584 ], [ -1.455705098188557, 43.628460630127073 ], [ -1.455804167397546, 43.628141625387471 ], [ -1.455917186708538, 43.628002013642437 ], [ -1.456354537181763, 43.627091396536052 ], [ -1.457127499676988, 43.625537123482871 ], [ -1.457516395701067, 43.624800275681054 ], [ -1.457904524220036, 43.624198431923979 ], [ -1.458637363833486, 43.622780769075476 ], [ -1.459013514911461, 43.622043416561731 ], [ -1.459421930684265, 43.62153991930203 ], [ -1.459842423968194, 43.62057680871218 ], [ -1.460306324818504, 43.619846072425446 ], [ -1.461234590794405, 43.61886107281849 ], [ -1.461561623818957, 43.618270928354356 ], [ -1.46194620749323, 43.617480047200488 ], [ -1.462218513432848, 43.616837955844318 ], [ -1.462618476418144, 43.616244810633418 ], [ -1.463241580574766, 43.61531834928973 ], [ -1.463863232890941, 43.614536120228692 ], [ -1.464329812623679, 43.613841043989382 ], [ -1.464672851151309, 43.613475187567552 ], [ -1.464834892916879, 43.613152562429775 ], [ -1.464951354686858, 43.613057790233427 ], [ -1.4656242241696, 43.611994293883761 ], [ -1.466841330622018, 43.610420655314364 ], [ -1.467800303984287, 43.609038613643072 ], [ -1.468240164024696, 43.608308830718556 ], [ -1.469277558519858, 43.606832542280998 ], [ -1.469753903494696, 43.605777109929996 ], [ -1.469916623957045, 43.605319475504352 ], [ -1.470190864978507, 43.60486645101156 ], [ -1.470709913210876, 43.604034211445331 ], [ -1.471277349942624, 43.603209178713882 ], [ -1.472300591610879, 43.601860235683979 ], [ -1.472858808736576, 43.600899578189939 ], [ -1.473973148044608, 43.598970160356103 ], [ -1.474627440372062, 43.598141528643318 ], [ -1.474785860515767, 43.597954010461031 ], [ -1.475635026372466, 43.596756386550823 ], [ -1.476194600661706, 43.595832465831371 ], [ -1.477114529135965, 43.594586919974283 ], [ -1.477498745185269, 43.593940172216968 ], [ -1.478076493543293, 43.593249649195791 ], [ -1.478703230495888, 43.592231938826828 ], [ -1.479871190787663, 43.590345234987034 ], [ -1.481175791721329, 43.588317902510525 ], [ -1.482832940019896, 43.586051034906717 ], [ -1.483102763324282, 43.585543964710617 ], [ -1.483678254999148, 43.584808511931264 ], [ -1.484171608693718, 43.583976243223645 ], [ -1.48496288172031, 43.582690952013699 ], [ -1.485426932545902, 43.582131879000663 ], [ -1.486437470818771, 43.580611534949121 ], [ -1.487637293623396, 43.5789943928065 ], [ -1.488033140628212, 43.578355304649833 ], [ -1.48836314479841, 43.57766576779219 ], [ -1.489040796274473, 43.576656113084077 ], [ -1.490240383273351, 43.575037927416105 ], [ -1.491140711777345, 43.573568111416023 ], [ -1.491933802601341, 43.572453451677873 ], [ -1.492150309326095, 43.572039569563636 ], [ -1.493191464753305, 43.570788858148724 ], [ -1.49391876005838, 43.570935031448286 ], [ -1.513643590283463, 43.581429390621828 ], [ -1.512354796940683, 43.583340889921658 ], [ -1.511924194514554, 43.583832526503748 ], [ -1.509566871154158, 43.58608042231819 ], [ -1.509282094346892, 43.586253462206166 ], [ -1.508846780317074, 43.586739059972551 ], [ -1.508807120870408, 43.586866248117488 ], [ -1.508717819194956, 43.586972517602284 ], [ -1.508691938920475, 43.587093039490227 ], [ -1.508323267428364, 43.587810287639115 ], [ -1.50807503223594, 43.588104671230283 ], [ -1.507700235505842, 43.588646882662303 ], [ -1.507382624790238, 43.58921695711507 ], [ -1.506521583963884, 43.590605351201354 ], [ -1.506511088656076, 43.5906180934684 ], [ -1.506479281748095, 43.590672841688416 ], [ -1.505494143826952, 43.592240894245499 ], [ -1.505420222521235, 43.592322892652604 ], [ -1.505247576179218, 43.592623881746114 ], [ -1.50429092560632, 43.594047607526477 ], [ -1.503735630119232, 43.595007569574129 ], [ -1.503603896397378, 43.595157625335673 ], [ -1.503452760682337, 43.595546502762311 ], [ -1.50266679452592, 43.596831137247051 ], [ -1.502072589150936, 43.597803826412367 ], [ -1.501149525995442, 43.59905414674752 ], [ -1.500281804454485, 43.599946834718807 ], [ -1.499704986902404, 43.600757027394408 ], [ -1.499055072460621, 43.601429595676137 ], [ -1.498632123102122, 43.602144614139 ], [ -1.498389356264207, 43.602712004180702 ], [ -1.498379870997958, 43.602760800675156 ], [ -1.497703062243142, 43.604195146373264 ], [ -1.497624447682156, 43.604291764854032 ], [ -1.497599684335649, 43.604409138327057 ], [ -1.496805946624909, 43.605813611445605 ], [ -1.495574609530135, 43.607737740244509 ], [ -1.49533411255797, 43.60800192416761 ], [ -1.494875780006144, 43.608740868722947 ], [ -1.493520345419861, 43.610530211018308 ], [ -1.492088707984806, 43.611989201127777 ], [ -1.491525641053874, 43.612732879626158 ], [ -1.491408137559269, 43.612842201745508 ], [ -1.490524803508544, 43.614142566798741 ], [ -1.490186751163774, 43.614687540558315 ], [ -1.489756126684267, 43.615163630225901 ], [ -1.488941686056703, 43.616413104588808 ], [ -1.488202594128987, 43.617305261751717 ], [ -1.488022872248043, 43.617481734067063 ], [ -1.487967277004248, 43.617732147537907 ], [ -1.487468505781664, 43.618674569900591 ], [ -1.487371279406176, 43.618790384011213 ], [ -1.486508022530404, 43.620244640817297 ], [ -1.485886353795486, 43.621132647375077 ], [ -1.484540921947191, 43.622550364587312 ], [ -1.483889927915464, 43.623424936768039 ], [ -1.483812527275169, 43.623625608904298 ], [ -1.483534797852523, 43.623992122893291 ], [ -1.483432516539859, 43.624520497961811 ], [ -1.483118466833991, 43.625192447697138 ], [ -1.483022811943456, 43.625311288833856 ], [ -1.4829926782283, 43.625454621849109 ], [ -1.482072155206626, 43.627053158125918 ], [ -1.481449554997119, 43.627992695300975 ], [ -1.480843385900534, 43.628648150486221 ], [ -1.480764442564503, 43.628762294178095 ], [ -1.480762176774591, 43.628812885524283 ], [ -1.480632986444217, 43.629618499955356 ], [ -1.479443893356372, 43.63331416791226 ], [ -1.477610958168492, 43.636151102231345 ], [ -1.477174309560193, 43.636690230718315 ], [ -1.476066330744087, 43.637782954517704 ], [ -1.4756769337493, 43.639411166453669 ], [ -1.47540561960766, 43.640810446628954 ], [ -1.475092798330645, 43.641482333169236 ], [ -1.474992999451134, 43.641603383796166 ], [ -1.474964457405687, 43.641749767482388 ], [ -1.473707795878276, 43.64318996697952 ], [ -1.473454613998802, 43.643501992128321 ], [ -1.473319025319316, 43.644999598966422 ], [ -1.473072427715196, 43.645983583679005 ], [ -1.472830900610881, 43.646639548922167 ], [ -1.472790673907078, 43.646951278217074 ], [ -1.472476814953469, 43.647885030387648 ], [ -1.472360612327283, 43.648164402023909 ], [ -1.472349079307776, 43.64824728627017 ], [ -1.472182092317545, 43.648701630569654 ], [ -1.472128280459279, 43.649086018915824 ], [ -1.471847873964602, 43.649989751765375 ], [ -1.471754610317211, 43.650846679154604 ], [ -1.471507613109565, 43.651697667751655 ], [ -1.471037398278853, 43.652906028504482 ], [ -1.471918722658163, 43.656407092563398 ], [ -1.471860780759529, 43.656687480279132 ], [ -1.471918923480099, 43.656856565344327 ], [ -1.471885519416199, 43.657015490369417 ], [ -1.471945201888397, 43.657207205038688 ], [ -1.471945402799683, 43.657656719791895 ], [ -1.470599876441896, 43.663280606027023 ], [ -1.469031603252873, 43.665784368930424 ], [ -1.468723119086069, 43.666183896687102 ], [ -1.466087243143033, 43.668845790024228 ], [ -1.466013756441617, 43.66914940875445 ], [ -1.465864529174242, 43.670212444760843 ], [ -1.465792744920569, 43.672287245683492 ], [ -1.465731794495887, 43.672736820866184 ], [ -1.465441666665522, 43.673667694481118 ], [ -1.46548554380266, 43.673814600352443 ], [ -1.465312042258933, 43.674812501297509 ], [ -1.465468380238667, 43.675282286942142 ], [ -1.466078042673302, 43.678373412532579 ], [ -1.466026552308229, 43.67862367860684 ], [ -1.466079232707743, 43.678774416306446 ], [ -1.466045789942779, 43.678975586456986 ], [ -1.466105517342337, 43.679168344788117 ], [ -1.466105226558711, 43.679568384800561 ], [ -1.465682111823647, 43.681339015135137 ], [ -1.465752800717102, 43.681546860823332 ], [ -1.465725213833138, 43.681687015816642 ], [ -1.465815078969674, 43.681947791462633 ], [ -1.465535067412174, 43.683308223716757 ], [ -1.465866117847771, 43.684266751234517 ], [ -1.465836953938297, 43.684404891809116 ], [ -1.465865272057745, 43.684488448839012 ], [ -1.46580410736788, 43.684785441654391 ], [ -1.465892633382341, 43.685068951361032 ], [ -1.465891787543057, 43.685290646991831 ], [ -1.465774103958605, 43.6857834695005 ], [ -1.46596677424092, 43.687223179185978 ], [ -1.465970211284096, 43.687232339101392 ], [ -1.466025094546778, 43.688033544218932 ], [ -1.466021823079417, 43.688048098816871 ], [ -1.466027086301698, 43.688063390672262 ], [ -1.465813087509598, 43.690349388382842 ], [ -1.466256645826709, 43.691907107154577 ], [ -1.466145117066112, 43.694536959771803 ], [ -1.466016929042466, 43.695383801007864 ], [ -1.464808005129943, 43.69917909704477 ], [ -1.463905047048961, 43.700746995598109 ], [ -1.463450887864028, 43.701437209684833 ], [ -1.463510637239738, 43.702013514704504 ], [ -1.463469045822806, 43.702241781166514 ], [ -1.463551926940534, 43.702483228365374 ], [ -1.463518418024644, 43.702790606936439 ], [ -1.464519707531721, 43.705698977971345 ], [ -1.463200112434473, 43.712123090908889 ], [ -1.46309755027045, 43.712247335533512 ], [ -1.463068227530625, 43.712383412383097 ], [ -1.462882975027074, 43.712738383613356 ], [ -1.462187538486754, 43.713563902376507 ], [ -1.461688794203799, 43.715079460599959 ], [ -1.461559962626251, 43.717069695652384 ], [ -1.46149835831596, 43.717382186876556 ], [ -1.460947500911465, 43.718991332837462 ], [ -1.460855563502694, 43.719573981871889 ], [ -1.460732896255222, 43.719887578044037 ], [ -1.460566766255442, 43.720103741825014 ], [ -1.460382328225079, 43.7206422100043 ], [ -1.460314265616573, 43.720730167625611 ], [ -1.460291977928778, 43.720843347623486 ], [ -1.460376584581156, 43.721088842321308 ], [ -1.459568400236235, 43.724362805118105 ], [ -1.459445678027512, 43.724952748991733 ], [ -1.459056166808896, 43.727512997043419 ], [ -1.458852149139483, 43.72775831342296 ], [ -1.457985646385813, 43.731972559878457 ], [ -1.457803922135281, 43.732190282777857 ], [ -1.457751251634842, 43.7324241199792 ], [ -1.457438702955559, 43.733004181764727 ], [ -1.457408343168251, 43.733039266616565 ], [ -1.457272459686537, 43.733432716880742 ], [ -1.456613672427937, 43.735005435700558 ], [ -1.455847643491621, 43.735929236578627 ], [ -1.455246504046997, 43.73781334810981 ], [ -1.455231853379005, 43.738105626832059 ], [ -1.455164456643588, 43.738502872917294 ], [ -1.45486523743984, 43.739412393521746 ], [ -1.454759998306626, 43.741269882646719 ], [ -1.454631130816693, 43.741982698242438 ], [ -1.453653134215313, 43.744915147552192 ], [ -1.453600004087764, 43.745185054129898 ], [ -1.453568839614176, 43.745251119163342 ], [ -1.453774585127748, 43.746461546561306 ], [ -1.452452832739617, 43.752885739872106 ], [ -1.452253966279782, 43.753124689842466 ], [ -1.452196876314032, 43.753378261349518 ], [ -1.451759494509997, 43.754179191495069 ], [ -1.451455945698397, 43.754534161578022 ], [ -1.450701116984721, 43.755674072748825 ], [ -1.450691926430504, 43.755771318272679 ], [ -1.45065717553451, 43.755911724966573 ], [ -1.450767581729541, 43.756758457207205 ], [ -1.449445278194327, 43.763182660858028 ], [ -1.448791863681758, 43.764331386845768 ], [ -1.448319870199084, 43.765811954196934 ], [ -1.44805102443332, 43.766197671648555 ], [ -1.447569120197131, 43.768535373399651 ], [ -1.446617311814972, 43.769948151310125 ], [ -1.446418244922358, 43.772903863020986 ], [ -1.446227350550899, 43.773841559954782 ], [ -1.446083193578452, 43.774263138275614 ], [ -1.446048772439861, 43.774601484993617 ], [ -1.445862916311033, 43.775294660373348 ], [ -1.445665886720113, 43.776162458230893 ], [ -1.444617207324775, 43.779096272383818 ], [ -1.443719070501061, 43.780656649636704 ], [ -1.443219918963733, 43.78141126267689 ], [ -1.441796353654306, 43.782946639919757 ], [ -1.441749165272834, 43.783521536615865 ], [ -1.441412494574729, 43.784709711252084 ], [ -1.441378271344536, 43.785008873252487 ], [ -1.441054509314444, 43.788706168082243 ], [ -1.440869816659588, 43.789461145683262 ], [ -1.440197380978407, 43.791295107682721 ], [ -1.440141263375199, 43.791607403412385 ], [ -1.439672651519894, 43.792674365160352 ], [ -1.439562835840541, 43.792971001282261 ], [ -1.439522036500157, 43.793064190990478 ], [ -1.438941564512179, 43.797249871609409 ], [ -1.438565754139274, 43.79832186323101 ], [ -1.438143949530897, 43.799323269901706 ], [ -1.436967623622735, 43.805022668141476 ], [ -1.436204339120354, 43.806372071536451 ], [ -1.435891077561627, 43.806864501232063 ], [ -1.432809976792748, 43.810233901362409 ], [ -1.432690753630231, 43.8105401618092 ], [ -1.431969754058784, 43.811821056809428 ], [ -1.43180748413434, 43.812079312909013 ], [ -1.43175103051405, 43.812817453236562 ], [ -1.431621529166856, 43.813398299581337 ], [ -1.430562793570322, 43.816373632668501 ], [ -1.430281101634403, 43.816828832693588 ], [ -1.429879681256537, 43.817884140830891 ], [ -1.429830873142901, 43.817942546085042 ], [ -1.429816601397008, 43.818006984634842 ], [ -1.429596272127391, 43.81844252368947 ], [ -1.429496006798251, 43.818691392625169 ], [ -1.429359029960333, 43.819052906960941 ], [ -1.428970123250204, 43.819566468593514 ], [ -1.428821387148512, 43.820288213274381 ], [ -1.428649266725079, 43.820527225330288 ], [ -1.428193317593393, 43.822244315322592 ], [ -1.427600740276195, 43.823274299028412 ], [ -1.427197865693383, 43.82461011548034 ], [ -1.426903636347629, 43.825005946409433 ], [ -1.426789917239721, 43.825374875629599 ], [ -1.426646685686293, 43.826395463478391 ], [ -1.426285654184228, 43.82741738735718 ], [ -1.426025258837134, 43.828346143974549 ], [ -1.425872075810392, 43.828743251765907 ], [ -1.425729360690592, 43.830847483412413 ], [ -1.425539089524184, 43.831782051711258 ], [ -1.424928033445948, 43.833546781524248 ], [ -1.424920651187949, 43.833671794090243 ], [ -1.424792576267941, 43.834426845522223 ], [ -1.424781900157294, 43.834459185309768 ], [ -1.424778934949811, 43.834500541294567 ], [ -1.424589196176417, 43.835572200201113 ], [ -1.424464270598347, 43.835944626135586 ], [ -1.424432039527075, 43.836318994565161 ], [ -1.424057630753334, 43.837872418264539 ], [ -1.423776602787703, 43.838641038803395 ], [ -1.423726713347541, 43.839006720164328 ], [ -1.423397186203722, 43.83996880489574 ], [ -1.423179191991169, 43.840743484525291 ], [ -1.422935701242551, 43.841369510143224 ], [ -1.422902750762272, 43.841603693573333 ], [ -1.422676454819598, 43.842231214864206 ], [ -1.422621866159734, 43.842569250533508 ], [ -1.422444498254495, 43.843764220858674 ], [ -1.422197166936019, 43.844548165544779 ], [ -1.422117273562151, 43.845300530041399 ], [ -1.421742728571004, 43.846638422554136 ], [ -1.421528704177421, 43.847193350966542 ], [ -1.421496542341287, 43.847418201494023 ], [ -1.421060476123058, 43.84866649454613 ], [ -1.420689745824045, 43.849545423081452 ], [ -1.4206698857242, 43.849654373572356 ], [ -1.420041328930386, 43.851073266542279 ], [ -1.419845318720869, 43.85131926895405 ], [ -1.419781625296819, 43.851627700518343 ], [ -1.418238496082899, 43.853459721791772 ], [ -1.417486035212282, 43.85580880027608 ], [ -1.417343588928601, 43.855981770705775 ], [ -1.417301788968173, 43.856168829104789 ], [ -1.416861736215451, 43.856992414918281 ], [ -1.41685160350474, 43.857054637101534 ], [ -1.416824717435062, 43.857251479889612 ], [ -1.416804484385091, 43.857311976880212 ], [ -1.416784016667909, 43.857433318566123 ], [ -1.416600789133977, 43.858499609321022 ], [ -1.415419660612586, 43.862084307721219 ], [ -1.415055548775859, 43.862570169002112 ], [ -1.414912478396838, 43.864180495262254 ], [ -1.414728365988316, 43.86493132422688 ], [ -1.414065893675516, 43.866726650401446 ], [ -1.413342051830899, 43.870226450474718 ], [ -1.412283119863849, 43.872020006266965 ], [ -1.412047721034336, 43.872362211822676 ], [ -1.41171536382801, 43.873243934278371 ], [ -1.411610423888685, 43.873900234675332 ], [ -1.410408281450681, 43.877608324694627 ], [ -1.410085942510764, 43.877994762966431 ], [ -1.410060708726686, 43.878065731574068 ], [ -1.409996831062591, 43.878523685460799 ], [ -1.409730432842888, 43.879282491312935 ], [ -1.409337824724832, 43.880483848347332 ], [ -1.409007467049334, 43.881289199197994 ], [ -1.408980768972381, 43.881446849625561 ], [ -1.408627516745048, 43.882294245586522 ], [ -1.408477499995342, 43.882721107381045 ], [ -1.40795981368652, 43.887107753277434 ], [ -1.407768444476088, 43.887729923556492 ], [ -1.406958167255201, 43.889756128835188 ], [ -1.406908065988327, 43.889839310583952 ], [ -1.406885867550316, 43.889999895632499 ], [ -1.405642491783437, 43.893979511679397 ], [ -1.405436306757019, 43.89433408438066 ], [ -1.405323077150129, 43.895775367182075 ], [ -1.405133560392333, 43.896621234288332 ], [ -1.404073870556749, 43.89958298393244 ], [ -1.403985583102092, 43.899736561554604 ], [ -1.403940019260494, 43.899996935689828 ], [ -1.403930703831678, 43.900029207663763 ], [ -1.403909595909488, 43.900184614719784 ], [ -1.403712838857452, 43.900769856875137 ], [ -1.403665764475357, 43.901224123593856 ], [ -1.403482775167089, 43.901888271746202 ], [ -1.402573046250134, 43.904249908649319 ], [ -1.401957505804318, 43.905016595311935 ], [ -1.40194851964729, 43.905074631842098 ], [ -1.401936470138162, 43.905108034563398 ], [ -1.401914499446049, 43.905207794823809 ], [ -1.401874855794915, 43.905450433270147 ], [ -1.401643913800131, 43.906015174710134 ], [ -1.401584896507013, 43.906180134072336 ], [ -1.400757938759693, 43.908696655513879 ], [ -1.400451317332463, 43.909064995363522 ], [ -1.400361765796633, 43.909438255289885 ], [ -1.400090516602023, 43.909910554414367 ], [ -1.400390184932298, 43.91077978804482 ], [ -1.400302460198057, 43.911202467761342 ], [ -1.400367530083424, 43.911410587145184 ], [ -1.40038942277868, 43.911483042132048 ], [ -1.40041651300856, 43.911569738546206 ], [ -1.400415482502083, 43.912268878412931 ], [ -1.399698695619599, 43.915247686971973 ], [ -1.399609339809398, 43.916902599201634 ], [ -1.399449485185753, 43.91783302094602 ], [ -1.399240091840248, 43.91846610247606 ], [ -1.399181370618746, 43.919025953078346 ], [ -1.399020089217969, 43.919609946636321 ], [ -1.39810790878969, 43.921985070126652 ], [ -1.39723176874431, 43.923217462405233 ], [ -1.397225498571091, 43.923317679485123 ], [ -1.39706581647202, 43.924251181494547 ], [ -1.396552879572464, 43.925801051206157 ], [ -1.396440767592404, 43.926547299151181 ], [ -1.396135014647827, 43.927365181047783 ], [ -1.395577262425983, 43.928646446406837 ], [ -1.39548974034577, 43.928769054545882 ], [ -1.395454207217376, 43.928922886923957 ], [ -1.395492201802803, 43.929218555846539 ], [ -1.395080783808791, 43.931207270164023 ], [ -1.394936241957302, 43.932393920534906 ], [ -1.394791372294364, 43.932859796978896 ], [ -1.394681049721599, 43.933134785652946 ], [ -1.394159604032972, 43.935642860610578 ], [ -1.393100182339509, 43.937434190489739 ], [ -1.392615499669037, 43.938136512255781 ], [ -1.392526129125936, 43.93899130535727 ], [ -1.392399259949274, 43.939449349146962 ], [ -1.392348338863759, 43.939782098294401 ], [ -1.39112848219322, 43.9435865371007 ], [ -1.390959202172638, 43.943790315426128 ], [ -1.390924860821192, 43.943940999076723 ], [ -1.390816539179611, 43.944811899084428 ], [ -1.390750716016478, 43.945026571567482 ], [ -1.390732461421885, 43.945378817307443 ], [ -1.39057102479845, 43.946310306556036 ], [ -1.390400730512685, 43.946824501784889 ], [ -1.390353083157892, 43.947315924728855 ], [ -1.390229961446475, 43.947788265115662 ], [ -1.390168236536959, 43.948238915391343 ], [ -1.389666808025999, 43.949839943456944 ], [ -1.389524336035189, 43.950821300788498 ], [ -1.389275160631755, 43.951504220169006 ], [ -1.389235155079273, 43.951699440634108 ], [ -1.389309440502578, 43.951939210703294 ], [ -1.389322096011798, 43.951980012970118 ], [ -1.389347638192057, 43.952064735781306 ], [ -1.38934917036567, 43.952761731127588 ], [ -1.387988188941486, 43.958402289214177 ], [ -1.387734172992009, 43.95870797094274 ], [ -1.387625590561934, 43.959402546726125 ], [ -1.38640914574397, 43.963183133414951 ], [ -1.386331365258775, 43.963303330500239 ], [ -1.386263924635333, 43.963645927886958 ], [ -1.385378852608967, 43.966213871320534 ], [ -1.385316425236808, 43.966545961096024 ], [ -1.385202587415487, 43.96679113938859 ], [ -1.385012288559705, 43.967567934478915 ], [ -1.384790813127003, 43.969088209891083 ], [ -1.384650254073943, 43.969535384446665 ], [ -1.384606007188445, 43.970079263522472 ], [ -1.384282382951975, 43.971479289119387 ], [ -1.384264305417653, 43.971530426302721 ], [ -1.384260020554719, 43.971573899901514 ], [ -1.383954327301377, 43.972855755957276 ], [ -1.383799486167353, 43.973281745654049 ], [ -1.383768480981663, 43.973548851563201 ], [ -1.383140867332826, 43.975648100486673 ], [ -1.382525595492893, 43.97719624901297 ], [ -1.38249465614424, 43.97735611718948 ], [ -1.381850167568267, 43.978764022715424 ], [ -1.381760376043499, 43.978875363241066 ], [ -1.381759163451483, 43.97900945196421 ], [ -1.380398254116171, 43.984650998160383 ], [ -1.379769712120182, 43.985585043313215 ], [ -1.379681512513046, 43.987246148160374 ], [ -1.379519889080713, 43.988179716076651 ], [ -1.378644752766626, 43.990822547504983 ], [ -1.378594492308682, 43.991428531667189 ], [ -1.378434600528698, 43.992126928703279 ], [ -1.378324524594603, 43.992430760899552 ], [ -1.37830162687405, 43.992648086560784 ], [ -1.378141367408073, 43.993232028402481 ], [ -1.377898256492775, 43.993860057970821 ], [ -1.377880843137336, 43.994596900959685 ], [ -1.377736047568973, 43.995875306972152 ], [ -1.377021970205881, 43.998253834378524 ], [ -1.37684668580836, 43.999284805000642 ], [ -1.376363177514274, 44.000452077234122 ], [ -1.375913779263178, 44.001028357141415 ], [ -1.375752947213186, 44.001735034302385 ], [ -1.375332501177087, 44.002513458471626 ], [ -1.375275429087834, 44.003212488869742 ], [ -1.375175222242262, 44.003645892142131 ], [ -1.375153914208881, 44.004214811431645 ], [ -1.375009702518149, 44.005263248230669 ], [ -1.373759464584793, 44.009254232311186 ], [ -1.373543463564676, 44.009512147233664 ], [ -1.37354337744096, 44.009663753033152 ], [ -1.373010573852244, 44.01187003678362 ], [ -1.372572372212045, 44.014452579490097 ], [ -1.372256352252663, 44.015213013446932 ], [ -1.372176095974702, 44.015602421132648 ], [ -1.372288459100218, 44.015965703004149 ], [ -1.372288981986802, 44.016781348256565 ], [ -1.370925006007738, 44.022426044040948 ], [ -1.370842838975781, 44.022524745806777 ], [ -1.370818496983742, 44.0226328130044 ], [ -1.370335054610847, 44.023565983899559 ], [ -1.370195762256728, 44.02373056088026 ], [ -1.369372713419512, 44.024977445986181 ], [ -1.369268535823768, 44.026268916449197 ], [ -1.369107053827429, 44.026968398816884 ], [ -1.369019866723995, 44.027208532399086 ], [ -1.368937215802082, 44.027692909560201 ], [ -1.368894160214755, 44.027821214603826 ], [ -1.368884425110473, 44.027978267370614 ], [ -1.368723482073177, 44.0287952902626 ], [ -1.367588280651636, 44.032090381113136 ], [ -1.367471592375822, 44.032229441291065 ], [ -1.367443887988245, 44.032527353715466 ], [ -1.367282717957068, 44.033144329240386 ], [ -1.366827148911803, 44.034352891590359 ], [ -1.366814063050412, 44.034415214011446 ], [ -1.366733648774855, 44.034649977017644 ], [ -1.366714537502524, 44.034773344810276 ], [ -1.366648759395911, 44.034947781986816 ], [ -1.366619659244294, 44.035245743599859 ], [ -1.366458182402719, 44.035836931623578 ], [ -1.366393352900907, 44.036004148296975 ], [ -1.366354990309939, 44.036598379050126 ], [ -1.366194006851888, 44.037415380401377 ], [ -1.366063148988374, 44.037797245570509 ], [ -1.366000223918554, 44.038146898192586 ], [ -1.365806583478023, 44.038595863137978 ], [ -1.365735807973789, 44.039109737871861 ], [ -1.365424443548625, 44.040010226437225 ], [ -1.365073009543299, 44.041042021972743 ], [ -1.364893801660608, 44.042281406151432 ], [ -1.364794739038495, 44.042559074418499 ], [ -1.364732775793006, 44.04301075271642 ], [ -1.364292889027493, 44.044417812925317 ], [ -1.364156226838749, 44.045411349044947 ], [ -1.363785768676737, 44.046480924254105 ], [ -1.363391754071342, 44.047736889569528 ], [ -1.363244953647136, 44.048597755371603 ], [ -1.362915087610039, 44.049391645967674 ], [ -1.362722707197327, 44.049948821916963 ], [ -1.362316575642968, 44.050910274879826 ], [ -1.362295425627445, 44.051024445850885 ], [ -1.36217069399611, 44.051304002710815 ], [ -1.36194117772704, 44.052015056442706 ], [ -1.361918620005814, 44.052150911020604 ], [ -1.362146057419925, 44.052809326828346 ], [ -1.360986704010515, 44.058857426873168 ], [ -1.360664763636356, 44.059555141495068 ], [ -1.360527043915721, 44.059723772481313 ], [ -1.360483408614091, 44.059931505377335 ], [ -1.35946756700141, 44.061654021777514 ], [ -1.358997690956695, 44.062342311420707 ], [ -1.358806863124209, 44.063253139036931 ], [ -1.358766257569408, 44.063857769071021 ], [ -1.358606415047185, 44.064673713190651 ], [ -1.357468821650202, 44.067973971507485 ], [ -1.357187705821376, 44.068312455934944 ], [ -1.357169148867893, 44.068400739453772 ], [ -1.356982423360722, 44.068805111741028 ], [ -1.356956385196778, 44.068910145571806 ], [ -1.356933182246033, 44.068949083004419 ], [ -1.356662981748364, 44.070068830579707 ], [ -1.356520934559406, 44.070237605211126 ], [ -1.356480023638522, 44.07042153715539 ], [ -1.356416232478023, 44.070540203413962 ], [ -1.356366182797522, 44.070956434532171 ], [ -1.356241285550822, 44.07136594039806 ], [ -1.356210002320432, 44.071632022283474 ], [ -1.356167557741045, 44.07177060239713 ], [ -1.355993032013281, 44.073919342592013 ], [ -1.355831088670889, 44.074616763109994 ], [ -1.354878404556537, 44.077247669281519 ], [ -1.354310532857453, 44.079968669355452 ], [ -1.354233588887598, 44.080060986201232 ], [ -1.354211696625589, 44.080163808244407 ], [ -1.354031129265451, 44.080510231398485 ], [ -1.35398362063482, 44.081799799434165 ], [ -1.353823148003018, 44.082959159119021 ], [ -1.352581557322556, 44.086912562891044 ], [ -1.352657114007432, 44.087281230430406 ], [ -1.351314518631106, 44.093705718024324 ], [ -1.350824723431958, 44.094291508659104 ], [ -1.350681600943295, 44.094839807323901 ], [ -1.350104266049477, 44.095774007463959 ], [ -1.349880760965182, 44.096845770987372 ], [ -1.34946262908319, 44.097346653384115 ], [ -1.349339405218816, 44.097827240039841 ], [ -1.348819131960052, 44.098693522110288 ], [ -1.348735732382811, 44.099236709382261 ], [ -1.348603320711343, 44.100191953981401 ], [ -1.347350537569031, 44.104181774375192 ], [ -1.347264772346926, 44.104315641435498 ], [ -1.346077469581239, 44.109996507686397 ], [ -1.345964350978358, 44.1101498476039 ], [ -1.345143718926916, 44.114078650491152 ], [ -1.344775971138426, 44.114696391127133 ], [ -1.344727606990997, 44.115559088868501 ], [ -1.34458294034144, 44.116371425110451 ], [ -1.343402037947633, 44.1198926874808 ], [ -1.34308079057353, 44.120433586313275 ], [ -1.342410020540329, 44.123304447951703 ], [ -1.34198998613152, 44.125474901567117 ], [ -1.341870686751017, 44.125731582608786 ], [ -1.341831322545301, 44.125896873106385 ], [ -1.341734064260502, 44.127637747463794 ], [ -1.341589591541975, 44.128454203156238 ], [ -1.340406571456046, 44.131993046875834 ], [ -1.340326860377972, 44.132088552947621 ], [ -1.340303610445495, 44.132193492483161 ], [ -1.339832653102021, 44.133098272952971 ], [ -1.339697244097737, 44.133503977703263 ], [ -1.33954231590244, 44.133874281981122 ], [ -1.339526467999129, 44.133983074470258 ], [ -1.339041186995327, 44.135262679778172 ], [ -1.338899574502991, 44.136939090578068 ], [ -1.338592495500943, 44.13822918110273 ], [ -1.337787616374929, 44.140431168706655 ], [ -1.337633289643812, 44.141318061287421 ], [ -1.336987648326588, 44.143261004764867 ], [ -1.337021610273477, 44.143365051471683 ], [ -1.337037952940881, 44.144410158569727 ], [ -1.335924385004684, 44.149160374238441 ], [ -1.335868656308292, 44.149559268600598 ], [ -1.33576752570031, 44.149854540765148 ], [ -1.335767469205777, 44.150294871743391 ], [ -1.334445471496371, 44.155743036866895 ], [ -1.334122386927478, 44.15844441208619 ], [ -1.333800605718363, 44.159489566909265 ], [ -1.332978988264881, 44.161529146667483 ], [ -1.332717060738785, 44.161842176105459 ], [ -1.332639220374132, 44.162165510544845 ], [ -1.332153471990053, 44.163024360099769 ], [ -1.33213813358795, 44.163075420711863 ], [ -1.332140743709099, 44.163291893916416 ], [ -1.331979032501412, 44.163978967762496 ], [ -1.33169409199559, 44.166696590619267 ], [ -1.331371128987342, 44.167857293562363 ], [ -1.331194572488661, 44.168315936648298 ], [ -1.330702729680324, 44.171533448892433 ], [ -1.330552379638254, 44.171932436888369 ], [ -1.329991183613197, 44.17461189407986 ], [ -1.330251578214841, 44.17637277108917 ], [ -1.328904417180449, 44.182798367600768 ], [ -1.32875094160601, 44.183016976091686 ], [ -1.328719648142276, 44.183241821702474 ], [ -1.329335520660908, 44.18577655503622 ], [ -1.329259936636704, 44.186135895714393 ], [ -1.329360855204285, 44.186454260307798 ], [ -1.329371312963129, 44.187830628624546 ], [ -1.329458417922555, 44.188510405894178 ], [ -1.32939552645833, 44.188866231204273 ], [ -1.329529889615529, 44.189258763756527 ], [ -1.328944138896337, 44.193838624795525 ], [ -1.328599901789261, 44.194895888689778 ], [ -1.32844682357132, 44.195828128510477 ], [ -1.328324635059559, 44.19619833964353 ], [ -1.328290156577402, 44.196617144550878 ], [ -1.32780771059708, 44.198704109549872 ], [ -1.327515823538663, 44.199507964415801 ], [ -1.327459694677565, 44.199924429960404 ], [ -1.326801184376205, 44.201861582518731 ], [ -1.326384767134642, 44.203398721073555 ], [ -1.325998934767562, 44.205319489186756 ], [ -1.325308858401415, 44.20730204657545 ], [ -1.325246227454663, 44.207663002340283 ], [ -1.325385470308744, 44.208859780326094 ], [ -1.325275260763961, 44.20945954112166 ], [ -1.325464311498827, 44.210053406943885 ], [ -1.325481885728533, 44.211098507809417 ], [ -1.324109903234971, 44.216941249386501 ], [ -1.323711886195746, 44.217614592693486 ], [ -1.323422741692685, 44.218861821171089 ], [ -1.322978078014804, 44.220851602577802 ], [ -1.322667638154556, 44.222301665236024 ], [ -1.322655670997008, 44.22233814893827 ], [ -1.322652140162671, 44.222372296162831 ], [ -1.322631160086101, 44.222468909256449 ], [ -1.322631128832976, 44.2226679435162 ], [ -1.322431977296019, 44.223489343001212 ], [ -1.322151870030433, 44.226050074436174 ], [ -1.321683461920425, 44.227674538782942 ], [ -1.321385528371476, 44.228433219637843 ], [ -1.321347268946079, 44.228684083400488 ], [ -1.32124432167767, 44.22895462428324 ], [ -1.321146289502186, 44.229876794604571 ], [ -1.32108849894377, 44.230069495997675 ], [ -1.321071379322972, 44.230447517987194 ], [ -1.32076595719658, 44.232419227267442 ], [ -1.320549766140545, 44.233089579095562 ], [ -1.320481175607771, 44.233758074586639 ], [ -1.319881546564001, 44.235971663334062 ], [ -1.319587292635433, 44.237142753451629 ], [ -1.319498141422673, 44.23738290830893 ], [ -1.319496133052867, 44.237396382761332 ], [ -1.319508366842156, 44.238581958040562 ], [ -1.319422483600193, 44.238939570608629 ], [ -1.319305240516447, 44.240894683677233 ], [ -1.318983188092589, 44.242633887731088 ], [ -1.318478435466363, 44.244121393399226 ], [ -1.318373585646059, 44.244806564852709 ], [ -1.317891019835844, 44.246083971096191 ], [ -1.317759712041347, 44.246648355008617 ], [ -1.317491920473743, 44.247387449990313 ], [ -1.31743895121075, 44.247788331749234 ], [ -1.317210841096938, 44.248475554219041 ], [ -1.316945955997244, 44.250633629381397 ], [ -1.317472618799508, 44.253361273256552 ], [ -1.316800888430893, 44.258190578126786 ], [ -1.316638534982065, 44.258652858457701 ], [ -1.315961162925776, 44.260248219551073 ], [ -1.315577448130333, 44.260705522214415 ], [ -1.315486339534911, 44.261071597118146 ], [ -1.315275175202046, 44.262354348467355 ], [ -1.314333815344391, 44.265216687944026 ], [ -1.314248948866891, 44.265657825060273 ], [ -1.313911440190132, 44.266385856005726 ], [ -1.313818756599101, 44.266661209933041 ], [ -1.313696121795204, 44.267361422571298 ], [ -1.313696472592653, 44.268520573029754 ], [ -1.313632839030476, 44.26877949966633 ], [ -1.313581269750705, 44.270178635577381 ], [ -1.31346978873872, 44.270984688539045 ], [ -1.313332827649235, 44.272373271782008 ], [ -1.313266726562338, 44.27259410083758 ], [ -1.313245819064518, 44.273047549569874 ], [ -1.313102046562549, 44.273975341753072 ], [ -1.311992371679042, 44.277391949150214 ], [ -1.311928579521251, 44.278136621467098 ], [ -1.311844263146323, 44.278431281218097 ], [ -1.311811887802245, 44.279062493231848 ], [ -1.311506915952381, 44.280917663082064 ], [ -1.311423036154654, 44.281174153776163 ], [ -1.311400021292627, 44.281484319276061 ], [ -1.311076864174494, 44.282991505251388 ], [ -1.310004937541536, 44.286019065984817 ], [ -1.310064975615192, 44.286193409233626 ], [ -1.309683901496943, 44.290070408391195 ], [ -1.309544216293309, 44.290596918039647 ], [ -1.309481439225945, 44.29100326702897 ], [ -1.308775489708446, 44.293187404801415 ], [ -1.308825223970867, 44.293379627926356 ], [ -1.308761573188968, 44.293682880521445 ], [ -1.308757248205658, 44.293883101462228 ], [ -1.308612762440408, 44.295157456495936 ], [ -1.30808392541059, 44.296906642677484 ], [ -1.308060678415658, 44.297013654597521 ], [ -1.308061059425785, 44.297618992402761 ], [ -1.307111644947208, 44.301527336994113 ], [ -1.30711200238928, 44.302043996049264 ], [ -1.306489864877196, 44.304595560064726 ], [ -1.306497743063973, 44.305095472925892 ], [ -1.306472901784604, 44.305200462923523 ], [ -1.306499935914179, 44.305285177184544 ], [ -1.306500251035775, 44.305979222555628 ], [ -1.305709993698031, 44.309220122513018 ], [ -1.305710568372573, 44.309918326271294 ], [ -1.305477860300959, 44.310873827592921 ], [ -1.30515733924961, 44.313539117590764 ], [ -1.304963525580997, 44.314163320860487 ], [ -1.304941100984923, 44.31430536844374 ], [ -1.304905404164632, 44.314419985472782 ], [ -1.304676973451049, 44.316732580966708 ], [ -1.304371232001361, 44.317892687329952 ], [ -1.303936378128755, 44.319033355770806 ], [ -1.303880841549732, 44.319374493627116 ], [ -1.303559509494398, 44.320182399855909 ], [ -1.303441344529256, 44.32033279241859 ], [ -1.303399709631341, 44.320444519041537 ], [ -1.303196980738696, 44.32068640941025 ], [ -1.303077028536003, 44.321253499431826 ], [ -1.302934460517916, 44.321493369571535 ], [ -1.302858994516921, 44.322883006340653 ], [ -1.302699048107965, 44.32381032499795 ], [ -1.30259060842066, 44.324133636393157 ], [ -1.302561787556376, 44.324488332209178 ], [ -1.302399815912802, 44.325183696458701 ], [ -1.30200797728745, 44.326257937040353 ], [ -1.30183166222602, 44.32873485392556 ], [ -1.301686852378163, 44.329429628303458 ], [ -1.301546092785558, 44.329831360880021 ], [ -1.301565867423033, 44.329936920228604 ], [ -1.301774499270375, 44.331522333260395 ], [ -1.301713028475001, 44.331816250000621 ], [ -1.301797560515098, 44.332079507454232 ], [ -1.301814064812094, 44.333003033043468 ], [ -1.301666684620656, 44.3336360077015 ], [ -1.301366076699754, 44.336481124954268 ], [ -1.301205203089679, 44.337060911716918 ], [ -1.300277372933024, 44.339450386231292 ], [ -1.299592514109265, 44.3404848877273 ], [ -1.299592453863833, 44.340750963471109 ], [ -1.299121037750481, 44.342687999984534 ], [ -1.299050861544472, 44.343115238736885 ], [ -1.299046186701612, 44.343287620357593 ], [ -1.298885936201346, 44.344680084401354 ], [ -1.298678341006149, 44.345360427459468 ], [ -1.298672444579345, 44.34540290353722 ], [ -1.298648920276933, 44.345461424871132 ], [ -1.298391691952025, 44.346308472052137 ], [ -1.298218076594881, 44.347494044885885 ], [ -1.297882638391931, 44.348421016389388 ], [ -1.297758258834965, 44.348943899462931 ], [ -1.297517839778174, 44.350676268808712 ], [ -1.298023695983196, 44.352145620411676 ], [ -1.297681632245197, 44.355867708209345 ], [ -1.29753632831448, 44.35644492235113 ], [ -1.297468907320385, 44.356625583807848 ], [ -1.297455364868483, 44.35674978860559 ], [ -1.297133400749976, 44.357909388457841 ], [ -1.296202730967735, 44.360307201577683 ], [ -1.296042449107443, 44.360497122175573 ], [ -1.296020973167552, 44.360698954055053 ], [ -1.295823708721182, 44.361407843828744 ], [ -1.295754407190537, 44.361759757483888 ], [ -1.295436798261813, 44.362675791620021 ], [ -1.295361481109153, 44.363246578472257 ], [ -1.295148539088336, 44.363890993612422 ], [ -1.294999306594038, 44.364430184115363 ], [ -1.294903290446185, 44.365594654867799 ], [ -1.294816823739023, 44.365970852876067 ], [ -1.294711764182123, 44.366571479612944 ], [ -1.294668280872424, 44.366699781202058 ], [ -1.294432187493482, 44.369549984231732 ], [ -1.294324097465083, 44.370014566555326 ], [ -1.294249838208591, 44.37104839182755 ], [ -1.293563862073958, 44.373478261799242 ], [ -1.293645396927277, 44.373918024249541 ], [ -1.293025581503773, 44.378379516752616 ], [ -1.292930347940624, 44.379713111626117 ], [ -1.292785293192501, 44.380407873814931 ], [ -1.292216433473548, 44.382024296768378 ], [ -1.291465311712986, 44.384986437158368 ], [ -1.291195894735683, 44.386720812438014 ], [ -1.291294838097131, 44.38700630588805 ], [ -1.291249699294345, 44.387221294942208 ], [ -1.291294207357826, 44.387353895534304 ], [ -1.291278380468265, 44.387644226045786 ], [ -1.291319765380363, 44.387772825427625 ], [ -1.291319202333842, 44.388121429388981 ], [ -1.291233772941928, 44.388469754901031 ], [ -1.291142431975603, 44.39017761069131 ], [ -1.290980699116052, 44.391104970839159 ], [ -1.289926944606296, 44.39426279430743 ], [ -1.290217161523435, 44.395106110976286 ], [ -1.289800231629083, 44.39910713087945 ], [ -1.289478398127039, 44.400274966451086 ], [ -1.289035499435663, 44.401416880067963 ], [ -1.289015533222875, 44.401933219505281 ], [ -1.288855564855008, 44.403090535141196 ], [ -1.28843107303443, 44.40442987664985 ], [ -1.288495342672046, 44.404601034723761 ], [ -1.288450248157581, 44.404817017145177 ], [ -1.288494628781568, 44.40494757327783 ], [ -1.288449731489408, 44.405143986493663 ], [ -1.288520504335041, 44.40537163807975 ], [ -1.28851979184499, 44.405718196271962 ], [ -1.287138667967067, 44.411373439417204 ], [ -1.286940759762024, 44.411606891630257 ], [ -1.286941935409197, 44.411960585497994 ], [ -1.286807505675816, 44.412509600842867 ], [ -1.28662499369992, 44.414704165628365 ], [ -1.286302586038421, 44.416088599695598 ], [ -1.286242568628589, 44.416251480178154 ], [ -1.286167723135668, 44.417883508335905 ], [ -1.286048683145122, 44.4186496184589 ], [ -1.28599091497791, 44.419697338682546 ], [ -1.285830415744591, 44.420624677994986 ], [ -1.285824366563502, 44.420642413249723 ], [ -1.2860012048142, 44.421154321387014 ], [ -1.285939552580156, 44.421448223062384 ], [ -1.286024281541061, 44.421713574536639 ], [ -1.28604041947147, 44.422635076877206 ], [ -1.284660712327381, 44.428501696671269 ], [ -1.284185934429851, 44.429064012888439 ], [ -1.284047388204024, 44.429594596000648 ], [ -1.283937840480852, 44.429771462286418 ], [ -1.283929683308631, 44.430427690394048 ], [ -1.283769092273934, 44.432159494466219 ], [ -1.283747783766866, 44.432231371017956 ], [ -1.283742961770623, 44.432402728456942 ], [ -1.283608107496958, 44.433595324843772 ], [ -1.28345493120713, 44.43512990286083 ], [ -1.283427886806702, 44.435223630688306 ], [ -1.283421260300779, 44.435434219814468 ], [ -1.283276807116051, 44.436590014243301 ], [ -1.283145572886508, 44.437011023433506 ], [ -1.283117899838313, 44.437386333203271 ], [ -1.283200607690553, 44.437687841854512 ], [ -1.283160674511808, 44.438722584047575 ], [ -1.283169710100024, 44.438751178169355 ], [ -1.283393597263002, 44.441917306369369 ], [ -1.283335378253327, 44.442198741207363 ], [ -1.283419725369373, 44.442457914555654 ], [ -1.283577790418987, 44.448672914201225 ], [ -1.28354841695301, 44.448798655076359 ], [ -1.283531059599612, 44.450071964196525 ], [ -1.283208443627712, 44.453561434533093 ], [ -1.283059773401234, 44.454070715856332 ], [ -1.282992641539537, 44.454974340706109 ], [ -1.282561521818992, 44.457001820071909 ], [ -1.28219889898208, 44.458728970660907 ], [ -1.281995730170948, 44.461323422389718 ], [ -1.281995145866399, 44.461784458280206 ], [ -1.282122570191162, 44.462063892426357 ], [ -1.282184376498467, 44.462285656550897 ], [ -1.282604148807586, 44.464758488916104 ], [ -1.282557047718833, 44.466823833005556 ], [ -1.282503524007895, 44.467312402468792 ], [ -1.282442599462921, 44.46802194873203 ], [ -1.282401237962817, 44.468162555207321 ], [ -1.282391142602955, 44.468498073808668 ], [ -1.282256112190189, 44.46955557847685 ], [ -1.282109326145336, 44.470027658180776 ], [ -1.282056519326892, 44.470684313649336 ], [ -1.281732011688806, 44.472132773250188 ], [ -1.281626825840476, 44.472422973175163 ], [ -1.281603952502819, 44.472649603667534 ], [ -1.281222366407516, 44.474061768187347 ], [ -1.28071259724069, 44.475385363727838 ], [ -1.280659272099365, 44.475698603085618 ], [ -1.28032071544777, 44.476503922913942 ], [ -1.280318545246333, 44.476649432286131 ], [ -1.280258442650504, 44.477372343676201 ], [ -1.280195095437223, 44.478492460572092 ], [ -1.280054909296388, 44.479000425062004 ], [ -1.279972313301187, 44.480202634846584 ], [ -1.27977684091109, 44.481172406174522 ], [ -1.279679483554913, 44.481450988213204 ], [ -1.279655526686523, 44.481705511808549 ], [ -1.279458569686274, 44.482495840736512 ], [ -1.279355419861265, 44.482773616585419 ], [ -1.279334169434247, 44.482957892039117 ], [ -1.279264622156166, 44.483198438333304 ], [ -1.279189631590273, 44.483735178191232 ], [ -1.278885440744914, 44.484695103550941 ], [ -1.278780823759778, 44.485599989596132 ], [ -1.278364032306214, 44.486982383067719 ], [ -1.277995935930436, 44.488495198460299 ], [ -1.27789659908665, 44.488765595620563 ], [ -1.277875513163756, 44.488952975264404 ], [ -1.277570241702805, 44.490031551903961 ], [ -1.277402387908409, 44.490760086174433 ], [ -1.277269491094849, 44.491561732903413 ], [ -1.27720678721719, 44.491751520002893 ], [ -1.27720037187252, 44.491853829392475 ], [ -1.277310227215357, 44.492173048685196 ], [ -1.277359748315782, 44.492965600629546 ], [ -1.277356379118606, 44.492980135785665 ], [ -1.277255275900954, 44.495442308857484 ], [ -1.277127490481126, 44.496323193165075 ], [ -1.276996616789916, 44.496730781782169 ], [ -1.276954919416469, 44.497247875258395 ], [ -1.276721653834078, 44.498281777970156 ], [ -1.278064776615907, 44.501845394382897 ], [ -1.278294221771236, 44.503687135750823 ], [ -1.278158967224424, 44.504430063684161 ], [ -1.2783843013008, 44.505154939114092 ], [ -1.278385504312351, 44.506562765809377 ], [ -1.278329468800343, 44.506789454580201 ], [ -1.278289556212284, 44.508073839200918 ], [ -1.278167387452177, 44.509042240789533 ], [ -1.27812428455808, 44.509178758496979 ], [ -1.278430863240061, 44.510516711849739 ], [ -1.277993222969947, 44.512586709301097 ], [ -1.278017044390116, 44.512688045587979 ], [ -1.278347988781753, 44.513642538395359 ], [ -1.278357363400797, 44.513653565473184 ], [ -1.2794092442103, 44.515036075705886 ], [ -1.279499837888891, 44.515122815286126 ], [ -1.280051550467697, 44.515922541066267 ], [ -1.280083268927396, 44.516012258963102 ], [ -1.280166177075557, 44.516091023515727 ], [ -1.280603291429265, 44.516745996582479 ], [ -1.281024606121374, 44.517356115011154 ], [ -1.281080968088966, 44.517515159653612 ], [ -1.281225389678291, 44.517653747676199 ], [ -1.282013221002821, 44.519007817204596 ], [ -1.282329874251935, 44.519626542767888 ], [ -1.282473978682641, 44.520140588246569 ], [ -1.283036762095963, 44.521267942292667 ], [ -1.283271194421788, 44.521930626705405 ], [ -1.283476704398073, 44.522927408395951 ], [ -1.283707646664481, 44.523468499086889 ], [ -1.283777501908956, 44.523792127472845 ], [ -1.26071982216472, 44.526106544856582 ], [ -1.260721722889542, 44.526115490811655 ], [ -1.255953943207036, 44.526591117942509 ], [ -1.255167188786843, 44.526669582893533 ], [ -1.255156521467899, 44.52664720176066 ], [ -1.254643120108752, 44.525570010938097 ], [ -1.254426954561257, 44.52488380743597 ], [ -1.253856327392533, 44.523004267298198 ], [ -1.253697261756706, 44.521387076852989 ], [ -1.252993702991469, 44.519070777756511 ], [ -1.252676993334331, 44.5158731728026 ], [ -1.252447570773749, 44.515503553818149 ], [ -1.252249879454131, 44.515213518714098 ], [ -1.252007635361581, 44.515015215581791 ], [ -1.251950983508147, 44.514927386469616 ], [ -1.251790358162509, 44.514635921291024 ], [ -1.251702671324768, 44.514477686960412 ], [ -1.251499905994491, 44.51313325217901 ], [ -1.251528745464954, 44.512681047893302 ], [ -1.251607393552189, 44.511713434895306 ], [ -1.251699638397307, 44.511267991467925 ], [ -1.251708395017638, 44.511213440902303 ], [ -1.251742764205134, 44.511005492828609 ], [ -1.251765452369437, 44.510130052141918 ], [ -1.251795670966825, 44.509696206932681 ], [ -1.251782765008935, 44.509524860272961 ], [ -1.251932340417623, 44.509005603883658 ], [ -1.251980841059715, 44.508814499812125 ], [ -1.251881482632036, 44.508159595391099 ], [ -1.251874031020626, 44.508060663162404 ], [ -1.251249976298294, 44.507138565046496 ], [ -1.25086392386457, 44.505846209912811 ], [ -1.25092029949921, 44.504924465920148 ], [ -1.251077859630655, 44.504169641074846 ], [ -1.25116003472393, 44.503761411250721 ], [ -1.251215906932636, 44.503497399065459 ], [ -1.251438316079403, 44.50293953442953 ], [ -1.251504324647739, 44.502810151348051 ], [ -1.25149011543875, 44.50262146655313 ], [ -1.251428517456557, 44.501632671713622 ], [ -1.250884299494231, 44.499093395281285 ], [ -1.250943972498997, 44.497873869043126 ], [ -1.251064917324018, 44.496651980066837 ], [ -1.250990166311883, 44.494482272950798 ], [ -1.251257920271607, 44.492344363041781 ], [ -1.251278688128474, 44.491955892124366 ], [ -1.251332969877121, 44.491006615739941 ], [ -1.251355238381344, 44.490960750201445 ], [ -1.251375390758296, 44.490564120195515 ], [ -1.251656906054982, 44.489786103685887 ], [ -1.251505522411815, 44.488439704152995 ], [ -1.251835382994338, 44.486804699837002 ], [ -1.251937029066053, 44.48631389014372 ], [ -1.252316165390282, 44.485162848241906 ], [ -1.252433182241915, 44.48404135534043 ], [ -1.252531839655624, 44.482676104755107 ], [ -1.252831365023583, 44.481473921706801 ], [ -1.252947196622073, 44.481000975684474 ], [ -1.253081223827633, 44.480598928242465 ], [ -1.253098682801762, 44.480508241636898 ], [ -1.253046532672078, 44.47981572488905 ], [ -1.252954739345828, 44.479260780398945 ], [ -1.253090624578999, 44.47839018655521 ], [ -1.253486569084198, 44.477121885563548 ], [ -1.253584119300375, 44.476747840511187 ], [ -1.253702490372279, 44.475986346639054 ], [ -1.253745579968709, 44.475723851184718 ], [ -1.25360999339641, 44.47341126396288 ], [ -1.2538533923429, 44.47180619130804 ], [ -1.253880405658099, 44.471652740895877 ], [ -1.253857371160759, 44.471517588840598 ], [ -1.253656132971252, 44.470173127787149 ], [ -1.253965556285823, 44.46843969455395 ], [ -1.253996940602419, 44.467509719697553 ], [ -1.253994125897533, 44.467320598102582 ], [ -1.254196138772598, 44.466645888065045 ], [ -1.254359702262726, 44.466143481243869 ], [ -1.25435517730376, 44.464926445656026 ], [ -1.254345038836357, 44.464791818965182 ], [ -1.254874089563366, 44.462959890440679 ], [ -1.254913144907126, 44.462795746296045 ], [ -1.254814277217143, 44.461312320146938 ], [ -1.254733121122017, 44.460746742560126 ], [ -1.254776194322813, 44.460484248446527 ], [ -1.254770126474669, 44.460403676590765 ], [ -1.254809138844463, 44.460257945818284 ], [ -1.254907331766285, 44.459722263598074 ], [ -1.254835418095956, 44.458426005207343 ], [ -1.254938043584223, 44.457114822141762 ], [ -1.255143949977037, 44.456340743481434 ], [ -1.255441283211472, 44.455112049886409 ], [ -1.255591974172396, 44.454439321511536 ], [ -1.255589628457751, 44.453403253458617 ], [ -1.255666050684126, 44.452408125221346 ], [ -1.255862495254407, 44.451679417266114 ], [ -1.256135089109227, 44.450956971857217 ], [ -1.256163153905917, 44.450324782369165 ], [ -1.256150581119762, 44.449153070715454 ], [ -1.256293089988026, 44.44820141779951 ], [ -1.256437007552364, 44.447609756887729 ], [ -1.2564067461383, 44.446032655316763 ], [ -1.256517547884611, 44.445001422731664 ], [ -1.256799087063798, 44.443223041276163 ], [ -1.2573197308418, 44.441453826827029 ], [ -1.257630537887386, 44.440405655241761 ], [ -1.257804137224988, 44.440037874027787 ], [ -1.257820789654541, 44.439406127552203 ], [ -1.257968029686629, 44.438688525660325 ], [ -1.257998025193272, 44.438101269111975 ], [ -1.258111193576295, 44.437916869924663 ], [ -1.258311134028026, 44.436060837087226 ], [ -1.258344505482233, 44.435518455992046 ], [ -1.258388274600468, 44.43524672939094 ], [ -1.258398593250556, 44.434398383657793 ], [ -1.258487569089818, 44.432907711993209 ], [ -1.258445496393877, 44.432008205198436 ], [ -1.258461589030108, 44.431880748891416 ], [ -1.258526723491617, 44.431418968241395 ], [ -1.258582779632282, 44.43015459918373 ], [ -1.258831491724388, 44.429117011032133 ], [ -1.259090438060887, 44.428385882181274 ], [ -1.259364852297399, 44.42751913773948 ], [ -1.259471389637516, 44.426262021972128 ], [ -1.259551189797753, 44.425483612749929 ], [ -1.259679532044924, 44.424667525477467 ], [ -1.259906785019798, 44.424027632263069 ], [ -1.259938175768957, 44.423440323958602 ], [ -1.260139961128338, 44.422765616137688 ], [ -1.26018007034585, 44.422312986790452 ], [ -1.260374393722595, 44.421539350953019 ], [ -1.260385411465195, 44.420681776283956 ], [ -1.260510316450298, 44.418513615424636 ], [ -1.260642147555433, 44.416759441493852 ], [ -1.260852633781962, 44.416030185391264 ], [ -1.261206479583149, 44.41538538923222 ], [ -1.261312096858719, 44.415120473846613 ], [ -1.261695362768829, 44.414203482222376 ], [ -1.261888214709582, 44.413429901639027 ], [ -1.261936567884093, 44.413067986924233 ], [ -1.261879004877696, 44.410960083141646 ], [ -1.262228408808397, 44.409594349043999 ], [ -1.262270716458317, 44.409322679169755 ], [ -1.262420512466826, 44.408640776403104 ], [ -1.262574413249728, 44.408183740503425 ], [ -1.262793533695518, 44.407418347296606 ], [ -1.262822229085692, 44.406966161012328 ], [ -1.262867914690417, 44.406739365374179 ], [ -1.262921406464858, 44.40460977655637 ], [ -1.263077947704218, 44.404017622519746 ], [ -1.263241943359998, 44.403524395331516 ], [ -1.263277398949062, 44.40316195783933 ], [ -1.263288446019601, 44.402305409873506 ], [ -1.263431445374221, 44.401533759860087 ], [ -1.263748686280164, 44.400575337833608 ], [ -1.26388141080631, 44.399497232853889 ], [ -1.264007402112981, 44.398500193497505 ], [ -1.264231500594939, 44.397139311849152 ], [ -1.264373244492332, 44.39650272513159 ], [ -1.264466430511118, 44.395922230944677 ], [ -1.264688169360852, 44.395192533354461 ], [ -1.264762511571941, 44.394513553934225 ], [ -1.264746389756908, 44.393296998848371 ], [ -1.26484714085348, 44.392798038776228 ], [ -1.265114648309575, 44.392164759085297 ], [ -1.26516369649551, 44.391982837795076 ], [ -1.265386145426917, 44.391433131408199 ], [ -1.265476658976764, 44.390798530112313 ], [ -1.265595099852446, 44.389531754331664 ], [ -1.265861399094754, 44.387899206441958 ], [ -1.265962867040541, 44.387580237554467 ], [ -1.26601532969621, 44.386271016215296 ], [ -1.266252130956691, 44.384909641711566 ], [ -1.266190366794252, 44.382936939467996 ], [ -1.266336661748488, 44.382210166064276 ], [ -1.266825958181414, 44.381020040205811 ], [ -1.26691705429953, 44.380393599579591 ], [ -1.266977812702727, 44.379535129442658 ], [ -1.267349110972386, 44.378123532347097 ], [ -1.267448608929931, 44.376776690360821 ], [ -1.267714717843311, 44.375143127739747 ], [ -1.268139119612667, 44.373774473063683 ], [ -1.26834523500901, 44.373009577505115 ], [ -1.268533649471572, 44.372010117096622 ], [ -1.268505875735252, 44.371641952492602 ], [ -1.268668293280147, 44.370959556361242 ], [ -1.26914451693608, 44.369598092363688 ], [ -1.269475737860749, 44.367826986281244 ], [ -1.269490817178315, 44.367195313990543 ], [ -1.269615125054925, 44.36683965672735 ], [ -1.269682522553191, 44.366069916836921 ], [ -1.269828729139528, 44.365343144474423 ], [ -1.269951230900487, 44.364302260813893 ], [ -1.270017871959205, 44.36335253268976 ], [ -1.270129430274433, 44.363168182647563 ], [ -1.270161373887879, 44.362590066366757 ], [ -1.270555070254026, 44.360816533777687 ], [ -1.270632683175316, 44.360182434129776 ], [ -1.270778862377123, 44.359455662502278 ], [ -1.270943425751001, 44.357971284073344 ], [ -1.271138517065024, 44.35706157193934 ], [ -1.271298304448454, 44.356515311901362 ], [ -1.271455378561758, 44.356103147411815 ], [ -1.271547214000205, 44.355657718317694 ], [ -1.27155398661272, 44.354576327337455 ], [ -1.271532144284713, 44.354116904079653 ], [ -1.271608983317423, 44.353302817651745 ], [ -1.271877578291678, 44.352706302428729 ], [ -1.272154362670555, 44.352199476935247 ], [ -1.272254169932183, 44.351708733506754 ], [ -1.272268365813965, 44.349724923943988 ], [ -1.272398318916958, 44.348953778164464 ], [ -1.272495459890879, 44.348408928900241 ], [ -1.272997048280839, 44.346235366686699 ], [ -1.273141953626661, 44.345643656289603 ], [ -1.273148032013681, 44.344742312878481 ], [ -1.273193549141469, 44.34451449966209 ], [ -1.273241771305842, 44.344152591512263 ], [ -1.273547012307671, 44.343022780176447 ], [ -1.273710047419561, 44.34252037289351 ], [ -1.273869692020241, 44.341973093031847 ], [ -1.273913365900919, 44.34089027230511 ], [ -1.27427954581565, 44.338585937166087 ], [ -1.274543892124876, 44.337764560475435 ], [ -1.274732080094409, 44.336765105982764 ], [ -1.274867982165072, 44.335903720035013 ], [ -1.275100972185208, 44.334497486291674 ], [ -1.275205680733232, 44.334223389100543 ], [ -1.275332020776409, 44.33323554551496 ], [ -1.275329242239087, 44.332198515573445 ], [ -1.275541192964412, 44.331514187454793 ], [ -1.275920351771115, 44.330553329571444 ], [ -1.27603098180634, 44.330187970493284 ], [ -1.276081904478356, 44.328031935848024 ], [ -1.276322377694425, 44.326895434694308 ], [ -1.276704727841517, 44.325807621109568 ], [ -1.276849542262437, 44.325215911567547 ], [ -1.276939898766245, 44.32458234034452 ], [ -1.276952615412422, 44.323769729866633 ], [ -1.277024748666541, 44.323045837611588 ], [ -1.277309239469591, 44.322322884946381 ], [ -1.277441678536247, 44.321416629836619 ], [ -1.277389223618992, 44.319741256637805 ], [ -1.27759235581373, 44.318922257771305 ], [ -1.277929151323278, 44.318062256224025 ], [ -1.278294544116757, 44.316920889332124 ], [ -1.278594034233218, 44.315737083887036 ], [ -1.278682358365392, 44.315246785635452 ], [ -1.278952535484341, 44.314335166243282 ], [ -1.279081462540852, 44.313383021133603 ], [ -1.279169162413309, 44.312884564560122 ], [ -1.279278435343146, 44.311672368293515 ], [ -1.279444719708288, 44.311214831660173 ], [ -1.279550342208651, 44.310444632081676 ], [ -1.279621783713456, 44.30990078237361 ], [ -1.279587804395432, 44.309451046691784 ], [ -1.279897476231298, 44.308402876438279 ], [ -1.280163637110364, 44.307589601236636 ], [ -1.28019561106099, 44.307183322900052 ], [ -1.280348312305554, 44.306546299877368 ], [ -1.280376035684915, 44.305914146442618 ], [ -1.280483198263089, 44.305503915733098 ], [ -1.280538078777413, 44.304420668571595 ], [ -1.281147630470153, 44.302007634768117 ], [ -1.28127040420337, 44.300974928287005 ], [ -1.28133346732905, 44.299981370406321 ], [ -1.281584751572494, 44.299160490137368 ], [ -1.281803285926774, 44.298565903389353 ], [ -1.281962728688915, 44.298018623314157 ], [ -1.282085478943379, 44.296985917921845 ], [ -1.28266380111916, 44.295160163610753 ], [ -1.282748049510915, 44.294616837412974 ], [ -1.282791107717521, 44.294037273639326 ], [ -1.282886005879093, 44.292636422185886 ], [ -1.28302507023537, 44.291819915543329 ], [ -1.283291281731713, 44.291178463571867 ], [ -1.283552578245068, 44.290321391082315 ], [ -1.28360321235944, 44.289823356522859 ], [ -1.283614721432725, 44.289146834779373 ], [ -1.283698083413299, 44.288422507247027 ], [ -1.283952674573271, 44.287646497167003 ], [ -1.284380909838455, 44.286511868228466 ], [ -1.284445974565026, 44.286374319907701 ], [ -1.28465016452622, 44.285591069403068 ], [ -1.284685932262696, 44.284237530203335 ], [ -1.284839138184613, 44.283608666393938 ], [ -1.285294799975564, 44.280841597497393 ], [ -1.285365250258615, 44.279946966697999 ], [ -1.285799119847645, 44.277720786714831 ], [ -1.285837025146567, 44.277224272631912 ], [ -1.285973414297698, 44.276542879077603 ], [ -1.286143629195313, 44.276139388888119 ], [ -1.286389370548439, 44.275228710527877 ], [ -1.286430585427908, 44.274776047676646 ], [ -1.28642878128252, 44.273603992299698 ], [ -1.286571141533476, 44.272832359358922 ], [ -1.287098379345419, 44.27133383183974 ], [ -1.287292219519781, 44.270414950937969 ], [ -1.287501568639673, 44.268703820409208 ], [ -1.287716529526616, 44.268064360347999 ], [ -1.288099532580675, 44.266165412537632 ], [ -1.288116889770797, 44.265397638792372 ], [ -1.288353539219548, 44.264217295412145 ], [ -1.288392141816662, 44.263899744159694 ], [ -1.288733100374603, 44.262273478734066 ], [ -1.288843514798586, 44.261908118904188 ], [ -1.289041460837405, 44.26104430721815 ], [ -1.289473513222955, 44.259945310075892 ], [ -1.289565051624443, 44.259499886637116 ], [ -1.289680172651268, 44.258369293801607 ], [ -1.289939639318731, 44.257322042627735 ], [ -1.290103171419677, 44.257000631280704 ], [ -1.290305094018007, 44.256189847709386 ], [ -1.290548373614323, 44.255098225337839 ], [ -1.290521208835094, 44.254739264974774 ], [ -1.290634992733483, 44.25441877474762 ], [ -1.290682332559349, 44.254047696827193 ], [ -1.290971739650639, 44.252738462095323 ], [ -1.291009505834796, 44.252240932601289 ], [ -1.290992861867068, 44.251024464225729 ], [ -1.29157729854456, 44.249289463981192 ], [ -1.291699768482569, 44.248256772667624 ], [ -1.291782967233058, 44.247532453648859 ], [ -1.292140017255195, 44.246121362034856 ], [ -1.292276055663035, 44.245268150825005 ], [ -1.292832621007596, 44.243354224836246 ], [ -1.293005564108511, 44.241823508139838 ], [ -1.29312020578375, 44.241684015327138 ], [ -1.293127297155403, 44.240781641215385 ], [ -1.293381545754676, 44.240005627623397 ], [ -1.293774798718916, 44.239224174165066 ], [ -1.293810651653541, 44.238870933256457 ], [ -1.294013718269917, 44.237907706001778 ], [ -1.294142296368473, 44.236956598831895 ], [ -1.294213759611145, 44.236096709293328 ], [ -1.294563422873387, 44.234740109331703 ], [ -1.294891971345149, 44.233781174743683 ], [ -1.295055671520585, 44.232467650514508 ], [ -1.29556582129214, 44.22943660881171 ], [ -1.295744686716451, 44.228492738092513 ], [ -1.295858388532034, 44.228172246680572 ], [ -1.29589360366837, 44.22781084901262 ], [ -1.296098042987585, 44.227035758127414 ], [ -1.296305122039275, 44.226126579410661 ], [ -1.296496863715209, 44.225353008050035 ], [ -1.296721613524685, 44.224001296170826 ], [ -1.296819002544364, 44.223465636538315 ], [ -1.296863632304755, 44.223228649294029 ], [ -1.296959705507205, 44.222675653949565 ], [ -1.297091521319851, 44.221768399997799 ], [ -1.297168510071727, 44.220963526186715 ], [ -1.297300395820792, 44.220057292524601 ], [ -1.297592180865347, 44.218783754035904 ], [ -1.297858814364004, 44.217835420748209 ], [ -1.298004278742843, 44.217108663530546 ], [ -1.298077989531691, 44.216429720126825 ], [ -1.298130389764406, 44.215300567904933 ], [ -1.297980071809849, 44.212828275200764 ], [ -1.297844194838564, 44.212517562627582 ], [ -1.297790477425546, 44.212465460586088 ], [ -1.297236372375264, 44.211946125159223 ], [ -1.297233669165756, 44.211910434016666 ], [ -1.296629711709785, 44.211709086041644 ], [ -1.295509606898395, 44.211320328699465 ], [ -1.294544509882503, 44.210987880070853 ], [ -1.294367421962822, 44.210959017200494 ], [ -1.293542843380575, 44.210829703192225 ], [ -1.293137552749177, 44.210772952122603 ], [ -1.291983527608027, 44.210593110467336 ], [ -1.291919757281884, 44.210577196197015 ], [ -1.290722679136773, 44.210335614821823 ], [ -1.289512881419619, 44.21007610850674 ], [ -1.289373354433214, 44.210054973625169 ], [ -1.288473801329866, 44.210080946942703 ], [ -1.288282541728923, 44.210052628644974 ], [ -1.287662625215296, 44.209959247904315 ], [ -1.287048843772691, 44.2099658548847 ], [ -1.285933129436478, 44.209972642126459 ], [ -1.285804977391281, 44.209932648498608 ], [ -1.284667656462854, 44.209634461074387 ], [ -1.284628068055953, 44.209618620725884 ], [ -1.283930812847975, 44.209348234569639 ], [ -1.283508086634318, 44.2092297413541 ], [ -1.283201475716393, 44.209142508461767 ], [ -1.282781701775638, 44.208554449873397 ], [ -1.282583506176659, 44.208264566051781 ], [ -1.282275391172452, 44.208006588602998 ], [ -1.282229757181128, 44.207891775775586 ], [ -1.281979084577735, 44.207396319929039 ], [ -1.281081192637615, 44.206953745574026 ], [ -1.280785939231596, 44.206866063300438 ], [ -1.280170805833825, 44.206854276210414 ], [ -1.280005555768503, 44.206473100200341 ], [ -1.279927119077409, 44.205772503950925 ], [ -1.280009962754722, 44.20538164564767 ], [ -1.280436478162794, 44.205211585101601 ], [ -1.281153432203949, 44.205084391035371 ], [ -1.281995304318108, 44.205124138099343 ], [ -1.282262464833018, 44.205329508285118 ], [ -1.282653997891402, 44.205882873021174 ], [ -1.28279571705288, 44.206083936009904 ], [ -1.283143029938539, 44.206710619753956 ], [ -1.283216261486698, 44.206851968845079 ], [ -1.283728620807862, 44.207498796974335 ], [ -1.283825371807401, 44.20761263533371 ], [ -1.284884636124926, 44.207706258460895 ], [ -1.285099371023021, 44.207725482924538 ], [ -1.286048131626789, 44.20801262381022 ], [ -1.286972107226092, 44.208291520878511 ], [ -1.287222318788736, 44.208290944778426 ], [ -1.287685881281179, 44.208291231983779 ], [ -1.288455899464297, 44.208188508170586 ], [ -1.289173757708195, 44.208242256413357 ], [ -1.289545672633812, 44.208516130199989 ], [ -1.289706127432048, 44.208644859318341 ], [ -1.290550181047325, 44.208881851788171 ], [ -1.290640856213302, 44.208915123964474 ], [ -1.291631337277754, 44.209245588201405 ], [ -1.29177294570344, 44.209294253438003 ], [ -1.292915697885939, 44.209663749612673 ], [ -1.29380284384406, 44.209962443259947 ], [ -1.293964701497313, 44.210109521719971 ], [ -1.294207103658919, 44.210325040242125 ], [ -1.295024474446369, 44.210528270764414 ], [ -1.296046389185767, 44.210784849756884 ], [ -1.296211489625612, 44.210824407225147 ], [ -1.297387097729088, 44.211119955571746 ], [ -1.298562795325414, 44.211416511119637 ], [ -1.298690341620698, 44.211448331919307 ], [ -1.299289924098403, 44.210766163357967 ], [ -1.299393447880837, 44.210312084622529 ], [ -1.299402112299397, 44.210257537953673 ], [ -1.29945941597128, 44.20936241024117 ], [ -1.299562858567767, 44.208907311928179 ], [ -1.299729160877754, 44.207630508090155 ], [ -1.300059179202272, 44.205868627970816 ], [ -1.300086634082341, 44.205236501277916 ], [ -1.300062755728797, 44.204921401198547 ], [ -1.300477861540221, 44.203607226653212 ], [ -1.300623255973163, 44.202880471252783 ], [ -1.301090100483048, 44.201105041694859 ], [ -1.301444768485958, 44.199838236527405 ], [ -1.301569657741901, 44.198841250922307 ], [ -1.301732031239206, 44.198338837909596 ], [ -1.301919356329039, 44.197340425624823 ], [ -1.302020899872868, 44.197029611049942 ], [ -1.302263916169086, 44.194946924879048 ], [ -1.302359658318319, 44.194222116937759 ], [ -1.30255120987537, 44.193448547630041 ], [ -1.302592236658739, 44.192995897396891 ], [ -1.302898787725459, 44.191901779794598 ], [ -1.302927132403134, 44.191450650139025 ], [ -1.30308380249697, 44.190723451041052 ], [ -1.303218411166908, 44.190005299882976 ], [ -1.303280967330858, 44.189011784705251 ], [ -1.30341608319606, 44.188150426681645 ], [ -1.303803942708413, 44.187323125793917 ], [ -1.304015705972245, 44.186647969689005 ], [ -1.30410904703871, 44.185067202706527 ], [ -1.304022986333638, 44.183763489991868 ], [ -1.304475704707813, 44.182798635852144 ], [ -1.304601276592095, 44.181811852840717 ], [ -1.304899506617619, 44.180628055807048 ], [ -1.30491414251877, 44.179996436984929 ], [ -1.304975962058702, 44.17899374848237 ], [ -1.305131204642337, 44.178229785455201 ], [ -1.30553707976881, 44.176816752440921 ], [ -1.305641350994573, 44.176542647830246 ], [ -1.305707175477117, 44.175592986256596 ], [ -1.306273061102438, 44.17445390135471 ], [ -1.30655760421649, 44.173090633602619 ], [ -1.306595181033056, 44.172593118993447 ], [ -1.306644525754467, 44.172419356592798 ], [ -1.306561829283263, 44.171160522083092 ], [ -1.306485878593053, 44.170983501022981 ], [ -1.306469048342773, 44.17044312345913 ], [ -1.306842082688563, 44.169572416928638 ], [ -1.307098365314004, 44.168661296182442 ], [ -1.307456100678596, 44.1674393604467 ], [ -1.307790773121554, 44.166569135735628 ], [ -1.307873647252817, 44.165844834852564 ], [ -1.307888246297612, 44.165213220510068 ], [ -1.307974521171537, 44.164533787499003 ], [ -1.308238438398419, 44.163892372164597 ], [ -1.308640305246038, 44.163065527446832 ], [ -1.308862134303647, 44.162524972618201 ], [ -1.309098794642618, 44.161524617191482 ], [ -1.309136341571826, 44.161027104726898 ], [ -1.309437772946505, 44.159888175508875 ], [ -1.309656177040317, 44.159302752714268 ], [ -1.30964936709408, 44.159213018204895 ], [ -1.309708286784768, 44.159165699716226 ], [ -1.309873880134789, 44.158708152276127 ], [ -1.310356858634184, 44.157472077610571 ], [ -1.310434446579266, 44.156847191449046 ], [ -1.310485672238129, 44.155538098162722 ], [ -1.310793060857465, 44.154309952512023 ], [ -1.310883565532918, 44.153855358072768 ], [ -1.310800802202507, 44.152596539034185 ], [ -1.310950036366926, 44.151923833663197 ], [ -1.311164291982404, 44.151284365951255 ], [ -1.311406722197028, 44.15019275621885 ], [ -1.311564844663634, 44.149637316812857 ], [ -1.311544331918892, 44.149367095320933 ], [ -1.311603936493844, 44.149328953392704 ], [ -1.311693548809186, 44.148694390086824 ], [ -1.311704695092938, 44.148017914018524 ], [ -1.311821600390666, 44.146751240718508 ], [ -1.312015390410616, 44.145842571856377 ], [ -1.312275508670274, 44.144984474856663 ], [ -1.312497452904697, 44.143623665518753 ], [ -1.312860149389771, 44.142302315758435 ], [ -1.313123722775101, 44.141490104790485 ], [ -1.313337914631915, 44.140850636368064 ], [ -1.313747877177026, 44.139310600791369 ], [ -1.314125108922292, 44.138349704442135 ], [ -1.314384541544585, 44.137483448292677 ], [ -1.314496323908904, 44.136486982471169 ], [ -1.314991037200482, 44.135259633025768 ], [ -1.315268897958785, 44.134617652933386 ], [ -1.31528952559585, 44.13406660376647 ], [ -1.315286802745781, 44.133039876106629 ], [ -1.315511162415205, 44.132535005644762 ], [ -1.315677599290811, 44.132258443368784 ], [ -1.315894167471312, 44.13148285210324 ], [ -1.315905260417342, 44.130806381801591 ], [ -1.316099628014572, 44.12990689064555 ], [ -1.316303517515291, 44.129132821362532 ], [ -1.316441624918046, 44.128315321083157 ], [ -1.317078776939238, 44.126497340856623 ], [ -1.317125359115596, 44.126269478752619 ], [ -1.317294283501294, 44.125857814018445 ], [ -1.317336039643013, 44.125585141494732 ], [ -1.317605592677682, 44.124853482214881 ], [ -1.318034442889821, 44.123583716189465 ], [ -1.318415806423406, 44.122847646123084 ], [ -1.318581224000198, 44.122390094373493 ], [ -1.318509262565352, 44.121275077608765 ], [ -1.318771960387704, 44.120453685044119 ], [ -1.31905993624633, 44.119946298528205 ], [ -1.319444672422962, 44.119255092327649 ], [ -1.319614256777842, 44.118852602702418 ], [ -1.31969702721089, 44.117308070459494 ], [ -1.319893718317567, 44.116272459118818 ], [ -1.320156373048351, 44.115451065447559 ], [ -1.320533260813505, 44.114489139655987 ], [ -1.32068390341051, 44.113987167745513 ], [ -1.320696025728691, 44.113175659074813 ], [ -1.320901905732966, 44.112410709442379 ], [ -1.321330798664778, 44.111311727643908 ], [ -1.321537961779645, 44.110582522091704 ], [ -1.321665792017401, 44.10963144596542 ], [ -1.321935834084102, 44.108907939719451 ], [ -1.322146392460118, 44.108223599615208 ], [ -1.322174542837979, 44.107772484968557 ], [ -1.322235822451842, 44.107589041659729 ], [ -1.322533994431872, 44.106414420401407 ], [ -1.322688087604738, 44.105958333176105 ], [ -1.323195310318251, 44.104901251991741 ], [ -1.323406753025361, 44.10439687596277 ], [ -1.323642698890149, 44.103225732335389 ], [ -1.324202940356743, 44.100552680364082 ], [ -1.324320597446926, 44.099953825257927 ], [ -1.324492727186774, 44.099586000978356 ], [ -1.324936104283029, 44.098847458180082 ], [ -1.325223199132299, 44.098349294303098 ], [ -1.325313499527863, 44.09789470159572 ], [ -1.32528868396537, 44.097400680231353 ], [ -1.325443731225156, 44.096808528610531 ], [ -1.325591947722561, 44.09612664647419 ], [ -1.325775947978673, 44.095262326804963 ], [ -1.326606429362437, 44.093345633459933 ], [ -1.326752210742163, 44.092799869425392 ], [ -1.326894192851277, 44.09203641409492 ], [ -1.326994791274049, 44.091717436503828 ], [ -1.326961660250307, 44.091114313470271 ], [ -1.326945984457183, 44.090908341989937 ], [ -1.326533931700917, 44.090248607951665 ], [ -1.326281599158414, 44.089897559636313 ], [ -1.32564265320243, 44.08972440532542 ], [ -1.325565655763492, 44.089700857553787 ], [ -1.325128923250444, 44.089537094670547 ], [ -1.324425022830185, 44.089330705055687 ], [ -1.324028568643899, 44.089211369227868 ], [ -1.323274463586605, 44.088997751549492 ], [ -1.32240377695794, 44.088743733376596 ], [ -1.322121107865928, 44.088646487956971 ], [ -1.321683773315022, 44.088474554132119 ], [ -1.321004665586038, 44.088257960160782 ], [ -1.320080380108015, 44.087951836348225 ], [ -1.319862754022336, 44.087888835972606 ], [ -1.318710856509407, 44.087537480851879 ], [ -1.317673442266918, 44.087217392960945 ], [ -1.317581706307302, 44.087167830612685 ], [ -1.316905762012619, 44.086824270623872 ], [ -1.316578899214158, 44.08663057393894 ], [ -1.31601542126817, 44.08629177753896 ], [ -1.315575315547171, 44.086101521356554 ], [ -1.314760860768349, 44.085746024960905 ], [ -1.314857605569877, 44.085543803537348 ], [ -1.314869021816512, 44.085525967238404 ], [ -1.314988520808975, 44.085287053460505 ], [ -1.315626688000858, 44.085451092494367 ], [ -1.315819533291514, 44.085524282360275 ], [ -1.316550113551948, 44.085765466581151 ], [ -1.316947921553965, 44.085903183216523 ], [ -1.317782435638473, 44.086186282238693 ], [ -1.318077739487498, 44.086282016712346 ], [ -1.319130581829495, 44.08663728637967 ], [ -1.319208347043624, 44.08667103527295 ], [ -1.320280656133249, 44.08713291204355 ], [ -1.321341742710501, 44.087596244965304 ], [ -1.321975437968811, 44.087868834223528 ], [ -1.322414086544749, 44.088058101087213 ], [ -1.323230036905688, 44.088413485149097 ], [ -1.323511311053894, 44.088492373782096 ], [ -1.324663257526784, 44.08884367861063 ], [ -1.324803896559757, 44.088883121186392 ], [ -1.3256357006477, 44.089129453039035 ], [ -1.325812502920298, 44.089159283273695 ], [ -1.326257174597896, 44.089240911353393 ], [ -1.326865686369542, 44.08886503762109 ], [ -1.327068967539845, 44.088739387112483 ], [ -1.327238634778129, 44.08850767884379 ], [ -1.327277599701153, 44.088199319983083 ], [ -1.327283815063418, 44.087460665193603 ], [ -1.327280095036551, 44.087243994171196 ], [ -1.327396829346706, 44.086969378594866 ], [ -1.327431679264524, 44.086606978062704 ], [ -1.327849078904947, 44.085193428298211 ], [ -1.328005693323587, 44.084790416958562 ], [ -1.328255839759498, 44.083789502521455 ], [ -1.328583879660545, 44.083010506289078 ], [ -1.328739784258838, 44.082598317487637 ], [ -1.328922778255818, 44.082374261043064 ], [ -1.329299376493745, 44.081413342073745 ], [ -1.329651038560575, 44.079957386998942 ], [ -1.329814193084867, 44.07865309444815 ], [ -1.329969142203572, 44.078060942497494 ], [ -1.330295123718723, 44.077237022979041 ], [ -1.330513932544885, 44.0768315469548 ], [ -1.330841901448879, 44.076052546938215 ], [ -1.330956038919121, 44.075912007174942 ], [ -1.33149749421684, 44.074322740146783 ], [ -1.332024429501852, 44.072859840346531 ], [ -1.3323844455272, 44.071682750753965 ], [ -1.332766729362216, 44.070630573059233 ], [ -1.332859722049238, 44.070212688261364 ], [ -1.332810850318735, 44.069403605916847 ], [ -1.332697280854223, 44.068732085201518 ], [ -1.332845337385111, 44.068050203758737 ], [ -1.333348255986278, 44.067092450964175 ], [ -1.333579032192629, 44.066677290186945 ], [ -1.333685438879141, 44.066268078238444 ], [ -1.333716817745483, 44.065860815591407 ], [ -1.333862135399014, 44.065143246404176 ], [ -1.333838128890164, 44.064828177238475 ], [ -1.334224784010192, 44.064001843208175 ], [ -1.334838404101566, 44.06285969892776 ], [ -1.335107435290909, 44.062128021654317 ], [ -1.335312474350576, 44.06154308304739 ], [ -1.335359362684973, 44.061172023625033 ], [ -1.335497031673727, 44.060354529642872 ], [ -1.335542849203247, 44.060136920353614 ], [ -1.335688382193935, 44.059590134769337 ], [ -1.336327708865913, 44.058618779459664 ], [ -1.336424697649901, 44.058253915473252 ], [ -1.336487151575615, 44.057268608769867 ], [ -1.336655731301692, 44.056856929720794 ], [ -1.33716082864673, 44.056115888374521 ], [ -1.337505432442443, 44.05539041335787 ], [ -1.337750370342643, 44.054343666094702 ], [ -1.337821737857937, 44.053475618452651 ], [ -1.337835975958371, 44.052844038547278 ], [ -1.337975080787351, 44.052027508796925 ], [ -1.338316150619606, 44.051256149502706 ], [ -1.33898383910156, 44.050193653855452 ], [ -1.339215205644716, 44.049787661761457 ], [ -1.339182941564134, 44.048211917244039 ], [ -1.339375882006134, 44.047302229198145 ], [ -1.339778666189884, 44.045853426526378 ], [ -1.339995621184259, 44.045258802963374 ], [ -1.340851908595803, 44.043881997116124 ], [ -1.341067804777412, 44.043422411331917 ], [ -1.341177537072099, 44.043058060846448 ], [ -1.341105502661386, 44.042113889563431 ], [ -1.34104092488506, 44.041936455913643 ], [ -1.340944425993356, 44.041489271032091 ], [ -1.341103627965325, 44.041122957151572 ], [ -1.341401272486506, 44.040750124215911 ], [ -1.341694776703158, 44.040341659907419 ], [ -1.34218499567106, 44.039241190476233 ], [ -1.342367587250384, 44.038196911861043 ], [ -1.3424189456789, 44.037067846478074 ], [ -1.342493370635842, 44.036073885906212 ], [ -1.342590281543019, 44.035709021056761 ], [ -1.342863561113523, 44.035203176602948 ], [ -1.34313097059324, 44.03443472855519 ], [ -1.343077146576783, 44.03358085993208 ], [ -1.34329402040249, 44.032986233927573 ], [ -1.343476175235417, 44.032754002423488 ], [ -1.343567639285666, 44.032299355049219 ], [ -1.3439790705415, 44.030985194447879 ], [ -1.344138145818619, 44.030617858702655 ], [ -1.344387745731815, 44.029300922375029 ], [ -1.34462287147535, 44.028128762664338 ], [ -1.344785437241931, 44.027807309130516 ], [ -1.344995421435313, 44.027122955835473 ], [ -1.345593744049406, 44.02562136631758 ], [ -1.345671806684837, 44.024843053235472 ], [ -1.34577210349454, 44.024523050711231 ], [ -1.346038372226952, 44.023926456281515 ], [ -1.346196429527024, 44.023379162254201 ], [ -1.346238122638627, 44.022124692715167 ], [ -1.34627974210805, 44.021853044380421 ], [ -1.34666836458667, 44.020891592540629 ], [ -1.346778926596837, 44.020706177916821 ], [ -1.346936967850967, 44.020158883817778 ], [ -1.347136295136035, 44.019484155324072 ], [ -1.347194472297962, 44.018445844493378 ], [ -1.347534593353221, 44.017666314217955 ], [ -1.347915489986591, 44.016938341454896 ], [ -1.348025127497059, 44.016573989547716 ], [ -1.347900547443359, 44.014775923508061 ], [ -1.348061988024876, 44.014273492127536 ], [ -1.348634293148337, 44.013268932685179 ], [ -1.348777566609885, 44.01267722546671 ], [ -1.348904644762813, 44.011725149684231 ], [ -1.348867586893775, 44.010275414677515 ], [ -1.349041798548046, 44.009773496833773 ], [ -1.349306572751244, 44.00914013768692 ], [ -1.349352615192551, 44.008778315813565 ], [ -1.349301129390063, 44.008104361589872 ], [ -1.34922526326048, 44.007927385915217 ], [ -1.34919677469001, 44.007387512872356 ], [ -1.349400771202184, 44.006793389535133 ], [ -1.349702628495784, 44.00633036701791 ], [ -1.349908729645127, 44.005745363234624 ], [ -1.350084217268903, 44.004611367170483 ], [ -1.350560878713863, 44.003339590628059 ], [ -1.351116522216443, 44.002100461745151 ], [ -1.351620645885422, 44.001188598494686 ], [ -1.351782015190621, 44.00068616551944 ], [ -1.35185137692949, 43.999962403644432 ], [ -1.35189638215543, 43.999735618607794 ], [ -1.35202310498474, 43.999595576259019 ], [ -1.352185469710359, 43.999273097359158 ], [ -1.352703675586427, 43.998360668054168 ], [ -1.352969749559314, 43.997764065648312 ], [ -1.353120808754651, 43.997127045966131 ], [ -1.353601734011767, 43.994763873219441 ], [ -1.353643298414679, 43.994492226323132 ], [ -1.353788490202384, 43.993945436967181 ], [ -1.354056952938315, 43.993213741620771 ], [ -1.354313724095488, 43.992310699362513 ], [ -1.354344992845773, 43.991904467394775 ], [ -1.354455470601287, 43.991404059274984 ], [ -1.354719475637014, 43.990762537019187 ], [ -1.355009196493901, 43.990309186942113 ], [ -1.355116319385778, 43.990079925057515 ], [ -1.355247762941204, 43.989353688596218 ], [ -1.355302252970233, 43.988269510151468 ], [ -1.355346144007668, 43.987861752616006 ], [ -1.355544548011216, 43.986862857048713 ], [ -1.356047462549025, 43.986086016363657 ], [ -1.3563814232834, 43.985396702761292 ], [ -1.356828138822438, 43.983404077016893 ], [ -1.356913949628439, 43.98289646956772 ], [ -1.357062512234105, 43.982394540917291 ], [ -1.357165083326048, 43.981939444716829 ], [ -1.357406692868072, 43.980858031540862 ], [ -1.357554225732635, 43.980176150610674 ], [ -1.35775007493639, 43.979311326697591 ], [ -1.357838906542486, 43.97867678555756 ], [ -1.357779462826749, 43.977733172526356 ], [ -1.357852854536719, 43.977063453809123 ], [ -1.357951977664639, 43.976563497054599 ], [ -1.358227169614417, 43.975921521207781 ], [ -1.358686699345641, 43.975227191075142 ], [ -1.359022291362781, 43.97472700148429 ], [ -1.359119070274784, 43.974363154362223 ], [ -1.359433660680685, 43.973403593595471 ], [ -1.359901718656049, 43.972673123656428 ], [ -1.360115779946974, 43.972213575335111 ], [ -1.360197707112119, 43.971489312855752 ], [ -1.360528098456577, 43.970755131421072 ], [ -1.360778906378294, 43.969943334445951 ], [ -1.360929210851373, 43.968170137705286 ], [ -1.361001850874637, 43.967491244502895 ], [ -1.361166476203599, 43.967033668331716 ], [ -1.361599126470818, 43.965989618871369 ], [ -1.361798300024235, 43.965169655635492 ], [ -1.361742239182058, 43.964270912937565 ], [ -1.361899980471649, 43.963723614993604 ], [ -1.362320798609775, 43.96254401932277 ], [ -1.362388945219212, 43.961640316511144 ], [ -1.362501818701782, 43.961320822383584 ], [ -1.362766503148347, 43.960543239274806 ], [ -1.362871004429329, 43.959467297142893 ], [ -1.362914819196848, 43.959059543386573 ], [ -1.362959748162175, 43.958832759167549 ], [ -1.363172695449917, 43.958193258717039 ], [ -1.363569920171619, 43.957501396566556 ], [ -1.363606149038642, 43.95701315435884 ], [ -1.363696628508739, 43.95654933393476 ], [ -1.363841627350277, 43.956002543267431 ], [ -1.364368326311133, 43.954413729784875 ], [ -1.364399424600254, 43.954006484326172 ], [ -1.365048536284638, 43.952223580074552 ], [ -1.365460228331946, 43.950908323312667 ], [ -1.365609979016789, 43.950091354735157 ], [ -1.365913729185728, 43.949178232987194 ], [ -1.366398838137221, 43.947861060234743 ], [ -1.36644022932182, 43.94758839633166 ], [ -1.366697022515209, 43.94685714117356 ], [ -1.366852208185706, 43.94612994956406 ], [ -1.366999264500151, 43.945592277544911 ], [ -1.367049991888525, 43.945275265219117 ], [ -1.367592415140248, 43.943081410497072 ], [ -1.367709285507823, 43.942814930867279 ], [ -1.368004957075202, 43.941631119616979 ], [ -1.368094746736474, 43.941177551648394 ], [ -1.36845459876504, 43.940000375620343 ], [ -1.368625961467255, 43.939632515423263 ], [ -1.368942306143182, 43.938718882703427 ], [ -1.369165427009902, 43.938213957725196 ], [ -1.369292702507694, 43.937271075279241 ], [ -1.369605584608625, 43.936312582110212 ], [ -1.369812553465253, 43.935763305039096 ], [ -1.369907002844378, 43.935038542447117 ], [ -1.370079140021529, 43.933868877093133 ], [ -1.370213702766285, 43.93318750618365 ], [ -1.370933384485163, 43.931499922625619 ], [ -1.371030014144385, 43.931136074186583 ], [ -1.371142077346234, 43.929995403555687 ], [ -1.371347945825886, 43.92926617892487 ], [ -1.371413532867827, 43.928497575267102 ], [ -1.371404166721798, 43.927065196223474 ], [ -1.371448958590001, 43.926837393257962 ], [ -1.371644492378897, 43.925973591049363 ], [ -1.371899711031704, 43.925242389513933 ], [ -1.372466221654711, 43.924326908792274 ], [ -1.372630708755263, 43.923870346515997 ], [ -1.372695127323211, 43.922920779008798 ], [ -1.372914790855848, 43.922372011308987 ], [ -1.373408530186292, 43.921504438559211 ], [ -1.373517743438992, 43.921139061822906 ], [ -1.373559159440582, 43.920867419064564 ], [ -1.373701833295057, 43.919960735449358 ], [ -1.373905262271968, 43.919366596745007 ], [ -1.373894493954383, 43.919060229762607 ], [ -1.374312000033508, 43.917826527584559 ], [ -1.374456173096317, 43.917271579147375 ], [ -1.37447666303307, 43.916413767925675 ], [ -1.374512598525863, 43.916052350830597 ], [ -1.374784574847982, 43.915374672822082 ], [ -1.375024786640762, 43.914283067814807 ], [ -1.375114399283867, 43.91382848192049 ], [ -1.375093748704263, 43.913559327820856 ], [ -1.375340459768939, 43.912386672117314 ], [ -1.375659988059927, 43.911517893696264 ], [ -1.375758841422317, 43.911017940109964 ], [ -1.376430962455829, 43.908882262882976 ], [ -1.376493512256693, 43.908572956726559 ], [ -1.376578082086772, 43.908200385201297 ], [ -1.376984338070823, 43.906840317165724 ], [ -1.377252093919707, 43.906108602341 ], [ -1.377738688248965, 43.904818939892927 ], [ -1.378039512955353, 43.903689105981591 ], [ -1.378547332700345, 43.901865785323082 ], [ -1.378656475501354, 43.901500407743626 ], [ -1.379121307397724, 43.900094008122963 ], [ -1.379364894494613, 43.899048281580789 ], [ -1.379516024291747, 43.898419418525663 ], [ -1.379625232587329, 43.89805506024608 ], [ -1.379970092270632, 43.896689267310585 ], [ -1.380341788379479, 43.895691573495078 ], [ -1.380493363050456, 43.895234497229133 ], [ -1.380763372866342, 43.894367694377635 ], [ -1.381120554230875, 43.893181390596411 ], [ -1.381534347787343, 43.891903841243398 ], [ -1.381712303148126, 43.890814728594648 ], [ -1.381737608167946, 43.890002750686783 ], [ -1.381834725244244, 43.889647057762737 ], [ -1.382388270993405, 43.888587851857004 ], [ -1.382605360588747, 43.888174160033707 ], [ -1.38281649274225, 43.887498909017737 ], [ -1.383069120452355, 43.886406794815009 ], [ -1.383198870746578, 43.885500627412426 ], [ -1.383511157506933, 43.884541104641713 ], [ -1.383646148781913, 43.883868912825001 ], [ -1.383810351650805, 43.883411325315947 ], [ -1.384421269507566, 43.882124820736962 ], [ -1.384721920836669, 43.880996003399424 ], [ -1.384811404072032, 43.880541418669026 ], [ -1.38496869306763, 43.879994114740413 ], [ -1.38538315899247, 43.878580514855408 ], [ -1.385924950024741, 43.876395832211983 ], [ -1.38649640092905, 43.874579129259814 ], [ -1.386904519596567, 43.873083969058747 ], [ -1.386997500075009, 43.872675261747162 ], [ -1.38726841631767, 43.871988395001843 ], [ -1.387821282229088, 43.870758408095774 ], [ -1.388301254761509, 43.869702133249433 ], [ -1.388681235550693, 43.868650903678081 ], [ -1.388870037243934, 43.867705542137131 ], [ -1.389199459898184, 43.866971319533754 ], [ -1.38948665118263, 43.866643761819951 ], [ -1.389769763806387, 43.866281597716224 ], [ -1.389782183038778, 43.865469121188958 ], [ -1.389944536462467, 43.864823434189901 ], [ -1.390180795459422, 43.863686972050729 ], [ -1.390607194575752, 43.862597052427041 ], [ -1.390921842236724, 43.861818423762926 ], [ -1.391184633492359, 43.86086189859418 ], [ -1.391387173256707, 43.860095965408455 ], [ -1.391316945267299, 43.859017866342114 ], [ -1.391115672482805, 43.858844966951288 ], [ -1.390085331826882, 43.858238112585887 ], [ -1.389559871908713, 43.858205072231279 ], [ -1.389053991709808, 43.858261232959883 ], [ -1.389012089760651, 43.858047143978858 ], [ -1.389092272047633, 43.857637929685083 ], [ -1.389146678830072, 43.857040565801746 ], [ -1.389416574957997, 43.856507132481944 ], [ -1.39048248993013, 43.85546407072534 ], [ -1.390812730551977, 43.855053987207931 ], [ -1.391222004004878, 43.854550727085204 ], [ -1.392049339901918, 43.853805642115063 ], [ -1.393586601875592, 43.852590159828729 ], [ -1.39435526739981, 43.851891394011055 ], [ -1.394696101765945, 43.851472689528791 ], [ -1.394924426044483, 43.850877513996608 ], [ -1.395080202174847, 43.850312874450935 ], [ -1.395118436201258, 43.850148733895949 ], [ -1.3951536210452, 43.849651337530915 ], [ -1.39541996815171, 43.849054627925078 ], [ -1.39581463515466, 43.848362750829864 ], [ -1.396127292206948, 43.847413408444439 ], [ -1.396413754115722, 43.845958918668032 ], [ -1.39643773474096, 43.845462997197622 ], [ -1.396712569713644, 43.844830150137959 ], [ -1.39721174706732, 43.843863054377188 ], [ -1.397478948890467, 43.843131318049942 ], [ -1.397619444590674, 43.842368901777512 ], [ -1.397766140212904, 43.841687023194666 ], [ -1.398139015029496, 43.840860007127517 ], [ -1.398252046847564, 43.839594542219487 ], [ -1.398497062818362, 43.83855691049785 ], [ -1.398708457539528, 43.837908212070552 ], [ -1.398925157978204, 43.837493481188666 ], [ -1.399575906478333, 43.836899651780172 ], [ -1.399804453237282, 43.836620450416618 ], [ -1.399971140588322, 43.8361985328741 ], [ -1.399869920820302, 43.835526662088931 ], [ -1.40060542050757, 43.833613281323309 ], [ -1.401110979806355, 43.832566145138372 ], [ -1.400873338688411, 43.831755596078537 ], [ -1.400972540733654, 43.831264819103886 ], [ -1.401192656808367, 43.830894941361962 ], [ -1.401571249263255, 43.829978714818409 ], [ -1.401707414697176, 43.82916124911857 ], [ -1.401902864423951, 43.828306619193377 ], [ -1.402207609141198, 43.827257365075766 ], [ -1.402485121992096, 43.826661210803522 ], [ -1.402709376067573, 43.826345361860938 ], [ -1.402817408557959, 43.82611601892814 ], [ -1.40352382966923, 43.825275506233282 ], [ -1.403737067018295, 43.82481693281315 ], [ -1.403775439652142, 43.824508594476079 ], [ -1.403743068566335, 43.823923939230113 ], [ -1.403518450477929, 43.823428864484789 ], [ -1.403458335699983, 43.822484345108407 ], [ -1.40367953567627, 43.821799450752216 ], [ -1.404060078945192, 43.820928133246149 ], [ -1.404670860766569, 43.819965696171394 ], [ -1.405099488161874, 43.818912449368156 ], [ -1.40527095984362, 43.818553733798289 ], [ -1.405369393558198, 43.818053781889162 ], [ -1.405333550140675, 43.817424274053771 ], [ -1.405474338237973, 43.816832618899689 ], [ -1.40586174111918, 43.816051008562908 ], [ -1.406667486896835, 43.815035679096134 ], [ -1.406728260384075, 43.814853239442826 ], [ -1.406838307897444, 43.814668806423192 ], [ -1.406724375136183, 43.813997463597303 ], [ -1.406691979848501, 43.813412813069213 ], [ -1.406901143723038, 43.812737603563846 ], [ -1.407021568748486, 43.812687736307176 ], [ -1.407069668528829, 43.812505809331363 ], [ -1.407387198681602, 43.811770993160245 ], [ -1.407828384296333, 43.81071722839468 ], [ -1.408337890138028, 43.808938728590725 ], [ -1.409001467626945, 43.806577234570682 ], [ -1.409133212777563, 43.805850956800867 ], [ -1.409300528450822, 43.805439227424195 ], [ -1.409612648276431, 43.80448885236811 ], [ -1.409722666543261, 43.804304417638114 ], [ -1.409770750679852, 43.804122490429158 ], [ -1.410170598069223, 43.803339338676487 ], [ -1.410362845136172, 43.80261061006231 ], [ -1.410458452415254, 43.802074978587463 ], [ -1.411268541835118, 43.800150332568734 ], [ -1.411620481357653, 43.798747366865641 ], [ -1.41171245592183, 43.798329482548027 ], [ -1.412170905369972, 43.796697226081513 ], [ -1.412645152531937, 43.795416106707947 ], [ -1.412750488980632, 43.795006883940545 ], [ -1.412693715669531, 43.794107241049929 ], [ -1.412941601405918, 43.793295468658421 ], [ -1.413176432288764, 43.792789985529303 ], [ -1.413487788779567, 43.791831451613632 ], [ -1.4135838330861, 43.79146657732128 ], [ -1.413790564262943, 43.790926440517801 ], [ -1.413923076090052, 43.790065144659096 ], [ -1.414140560513429, 43.789335388704018 ], [ -1.414396033554925, 43.788604092311729 ], [ -1.414529160904181, 43.787750952310006 ], [ -1.414740264831691, 43.787103262909817 ], [ -1.414822432135984, 43.786558971615918 ], [ -1.414728056066617, 43.785976844012531 ], [ -1.414384623022652, 43.785404814613813 ], [ -1.414367298867007, 43.785180543495358 ], [ -1.414368294321579, 43.784864517678187 ], [ -1.415068063920714, 43.785061117537886 ], [ -1.415464017857568, 43.785198451895603 ], [ -1.415664836715743, 43.784911135854323 ], [ -1.415695477727869, 43.784503918032406 ], [ -1.415620061154927, 43.784002831349625 ], [ -1.415583767689444, 43.783697521230891 ], [ -1.415662456366662, 43.783108376357212 ], [ -1.415870694651962, 43.782423987866792 ], [ -1.416488861677185, 43.781236210420424 ], [ -1.416753339542478, 43.780640550816621 ], [ -1.416965652613701, 43.780009170577223 ], [ -1.417109773754023, 43.7794633877633 ], [ -1.417496887781649, 43.778500748506318 ], [ -1.417818495309908, 43.777676772635054 ], [ -1.418016916884357, 43.776865976033356 ], [ -1.418676833553572, 43.774631391132147 ], [ -1.419010212469155, 43.773941917954289 ], [ -1.419748357638071, 43.772884235040287 ], [ -1.420018408264631, 43.772197329857164 ], [ -1.419890885970959, 43.770219683148596 ], [ -1.420428193071716, 43.768810195079446 ], [ -1.420462338975273, 43.768448853045655 ], [ -1.420831978024824, 43.76726194112247 ], [ -1.42087644805647, 43.767034140401456 ], [ -1.421078337170919, 43.766269216608137 ], [ -1.421339150147125, 43.765627678723327 ], [ -1.421798288324996, 43.764978083268559 ], [ -1.422009856800428, 43.764338544358445 ], [ -1.422032993283803, 43.763670870134334 ], [ -1.422212617978124, 43.762618476783963 ], [ -1.422463099723515, 43.761661373702921 ], [ -1.422883432345422, 43.760346617161268 ], [ -1.422972423841068, 43.759892035471864 ], [ -1.423013488442078, 43.759620401131343 ], [ -1.423221553361787, 43.758936008873022 ], [ -1.42325784434443, 43.758438574872493 ], [ -1.42373307607611, 43.75703159631778 ], [ -1.424026629242217, 43.755847769366923 ], [ -1.424256936541252, 43.754630722565196 ], [ -1.424495609164279, 43.753540137287374 ], [ -1.425001300143408, 43.752527659765875 ], [ -1.42526894922564, 43.751975823995885 ], [ -1.425470016456537, 43.751201725011441 ], [ -1.425643226952435, 43.750067783791344 ], [ -1.426040505282152, 43.748438998008538 ], [ -1.426299949373974, 43.747617529728018 ], [ -1.426480076517001, 43.746573295261378 ], [ -1.426803536735365, 43.744811507132184 ], [ -1.427179743920024, 43.743895298997359 ], [ -1.427401591837891, 43.743390316130025 ], [ -1.427547558729237, 43.742852630147034 ], [ -1.427607589382681, 43.741715114291949 ], [ -1.427919753555792, 43.74075549392623 ], [ -1.427953835442709, 43.740394156073812 ], [ -1.428044991111404, 43.739804503632463 ], [ -1.428214069689745, 43.739274057407236 ], [ -1.428403173471749, 43.738492262189631 ], [ -1.428604072037721, 43.737717144798218 ], [ -1.428727057865538, 43.736901227802406 ], [ -1.429045507214538, 43.736041562847177 ], [ -1.429502999922182, 43.735211003555321 ], [ -1.429747613854443, 43.734345139769886 ], [ -1.429894360671497, 43.733672439081708 ], [ -1.430559651115316, 43.731355779765963 ], [ -1.430603422875355, 43.731119825420656 ], [ -1.43080434475294, 43.730345727050114 ], [ -1.430987888839026, 43.72934736827969 ], [ -1.430956539971967, 43.728942680235377 ], [ -1.431087324551419, 43.727900454943494 ], [ -1.431357737734552, 43.727222715879051 ], [ -1.431915006225962, 43.726389104610071 ], [ -1.432178452135988, 43.725621660287736 ], [ -1.432358402896446, 43.724577431015661 ], [ -1.432398067982489, 43.724124856927169 ], [ -1.432626032351748, 43.722899719867613 ], [ -1.4331728262907, 43.720803644585644 ], [ -1.433814310005356, 43.718983893637315 ], [ -1.434286103099269, 43.717703820851121 ], [ -1.434327004784366, 43.717431170325803 ], [ -1.434558570465578, 43.716889988422977 ], [ -1.434844740829538, 43.715616460049937 ], [ -1.435280391647154, 43.714652810809177 ], [ -1.435458745660475, 43.713752828377281 ], [ -1.435562429518105, 43.713162664016345 ], [ -1.436304335587758, 43.711203824940881 ], [ -1.43649386856849, 43.710430184790766 ], [ -1.436647527694815, 43.709703001391837 ], [ -1.436886471042217, 43.70860318939345 ], [ -1.43698293813849, 43.708247488218589 ], [ -1.437183693576539, 43.707473389661537 ], [ -1.437557283675432, 43.705565363852912 ], [ -1.437580215213407, 43.704897711834747 ], [ -1.437866258494104, 43.703624185550311 ], [ -1.43820785884384, 43.701140737398468 ], [ -1.438524544082388, 43.700262716712452 ], [ -1.438952979438353, 43.699208341254021 ], [ -1.439214934550141, 43.698260973664752 ], [ -1.439300220973001, 43.697761546139894 ], [ -1.439281392823767, 43.696410482024028 ], [ -1.439470836666098, 43.695636844230179 ], [ -1.43951169792424, 43.695364195715456 ], [ -1.439725729419527, 43.694598756733406 ], [ -1.439823649542467, 43.694098813645716 ], [ -1.439834508493591, 43.692476583105758 ], [ -1.440087957256254, 43.691420148925012 ], [ -1.440275405952824, 43.690475824667281 ], [ -1.4404563740058, 43.689611525014648 ], [ -1.440573057149956, 43.688390932311201 ], [ -1.44057427926728, 43.687443990670175 ], [ -1.440552066994987, 43.687012354881283 ], [ -1.440442064014294, 43.685430858118629 ], [ -1.440635734189534, 43.684567063947405 ], [ -1.440655706251237, 43.684025314363787 ], [ -1.440617571811638, 43.68320678054021 ], [ -1.440526583024204, 43.682669564787155 ], [ -1.440452090078039, 43.681545750111489 ], [ -1.440530382846695, 43.680956626452378 ], [ -1.440562328177826, 43.679297758096446 ], [ -1.440680184678572, 43.678256071822872 ], [ -1.440703633052193, 43.677759174751166 ], [ -1.440842436765584, 43.676987610006464 ], [ -1.440917933067916, 43.676344406364109 ], [ -1.440888072420396, 43.674688068066025 ], [ -1.440959393515449, 43.674009246529828 ], [ -1.4412252450016, 43.673277483064744 ], [ -1.441374468260213, 43.672640470170826 ], [ -1.441567435431279, 43.671604919533863 ], [ -1.441621348456253, 43.670701848904713 ], [ -1.4416912981598, 43.669842092873949 ], [ -1.441663464522361, 43.669483293090408 ], [ -1.441714025893682, 43.668210197892016 ], [ -1.441818841988799, 43.667799961613767 ], [ -1.4417311383965, 43.66650593329355 ], [ -1.44198302839971, 43.665594772238613 ], [ -1.442303650526499, 43.664770784943173 ], [ -1.443194022436504, 43.663120800856319 ], [ -1.443594505194995, 43.662527707083619 ], [ -1.443646555103897, 43.662399805212367 ], [ -1.443914296044292, 43.661838725135247 ], [ -1.444449284720656, 43.660420044998759 ], [ -1.44459915068667, 43.659792206944154 ], [ -1.444924472428511, 43.659192979852335 ], [ -1.445270789751555, 43.658682876647674 ], [ -1.445582884085407, 43.657913423765585 ], [ -1.445775989297555, 43.657679539688104 ], [ -1.446263708543273, 43.656614540541554 ], [ -1.446345389575366, 43.656070271938987 ], [ -1.446301343408034, 43.655811325983336 ], [ -1.446301343407895, 43.655811325983336 ] ] ] ] } },
{ "type": "Feature", "properties": { "fid": 9, "gid": 9, "id": 9, "cdmassedea": "FC10", "cdeumassed": "FRFC10", "nommassede": "Panache de l'Adour", "systemeref": "31", "cdeubassin": "FRF", "typemassed": "C6", "cdeussbass": "FRF_COAC", "cdcategori": "1.2.1", "cdnaturema": "1", "surftotkm": 19.869181486230417 }, "geometry": { "type": "MultiPolygon", "coordinates": [ [ [ [ -1.555643963032507, 43.521506027997454 ], [ -1.55477794819662, 43.522562406440429 ], [ -1.553692096476489, 43.52413453608051 ], [ -1.553680570491498, 43.52415247774929 ], [ -1.553847587755383, 43.524316563738225 ], [ -1.556020765374216, 43.530615479996477 ], [ -1.556008026313965, 43.530677781482474 ], [ -1.556020429293572, 43.530714458230563 ], [ -1.555939847434734, 43.531112194165878 ], [ -1.556048955508762, 43.531465999772522 ], [ -1.556048616613384, 43.531564978704147 ], [ -1.555225772230473, 43.535002904012991 ], [ -1.555221334445904, 43.535020589821755 ], [ -1.554713769946975, 43.537138894608574 ], [ -1.550127417778106, 43.542711344175295 ], [ -1.54295832551678, 43.546580583395162 ], [ -1.540597912641864, 43.547010740118019 ], [ -1.536729340550346, 43.54787850319498 ], [ -1.536629584185853, 43.547891345006228 ], [ -1.536348920151386, 43.547911728379326 ], [ -1.536082301200329, 43.548264599237534 ], [ -1.535585717336934, 43.549051477029529 ], [ -1.533910846962707, 43.551191937052458 ], [ -1.531607143518595, 43.555225026666911 ], [ -1.530678246128789, 43.556913961428627 ], [ -1.530385240019247, 43.557255394294003 ], [ -1.529116192223622, 43.559219400087024 ], [ -1.527945953063601, 43.56065407237336 ], [ -1.527754544897382, 43.560842365223571 ], [ -1.527262802849808, 43.561326970847439 ], [ -1.527247212835177, 43.561348141602025 ], [ -1.527099131523197, 43.561611183567869 ], [ -1.526661318683402, 43.562117558711556 ], [ -1.52528483701821, 43.564172998184688 ], [ -1.524653530139092, 43.564900746077313 ], [ -1.52421606954494, 43.565539049025681 ], [ -1.52420342769638, 43.565603413998282 ], [ -1.524017380526209, 43.565829668163495 ], [ -1.523930902130457, 43.565955448238093 ], [ -1.523790644305913, 43.566103764224259 ], [ -1.523717300324658, 43.56619298415395 ], [ -1.523588285003281, 43.566633673907681 ], [ -1.522171662101989, 43.568350288531541 ], [ -1.522158132075839, 43.568380665103902 ], [ -1.522095352782203, 43.568459208111435 ], [ -1.522020966534862, 43.568575256433938 ], [ -1.521988130655542, 43.568739328141916 ], [ -1.520134633138789, 43.571609670714643 ], [ -1.519909402044336, 43.571885755111168 ], [ -1.519455526790247, 43.572723613318303 ], [ -1.518137588133203, 43.574267573918057 ], [ -1.518042009075961, 43.574490569025514 ], [ -1.517816068705494, 43.574777010014024 ], [ -1.517741416358694, 43.575141524385096 ], [ -1.516044079134341, 43.577201062413927 ], [ -1.515995438602555, 43.577404855001753 ], [ -1.515564499047066, 43.578163544028712 ], [ -1.514794635233609, 43.579048740173818 ], [ -1.514666577749271, 43.579672881819945 ], [ -1.514596239939273, 43.580017661541433 ], [ -1.513643590283463, 43.581429390621828 ], [ -1.49391876005838, 43.570935031448286 ], [ -1.493191464753305, 43.570788858148724 ], [ -1.493759571729351, 43.569962649771085 ], [ -1.49408035731402, 43.569318467390268 ], [ -1.495184498105842, 43.568065126069747 ], [ -1.495694470398626, 43.567287329154453 ], [ -1.496387328048893, 43.56649274649628 ], [ -1.496712982315649, 43.565893344830293 ], [ -1.497373350260644, 43.564523402518759 ], [ -1.497765472535034, 43.563839440407378 ], [ -1.498736353192381, 43.562628396348813 ], [ -1.500018150270253, 43.561276629625603 ], [ -1.500595362575237, 43.560730174772424 ], [ -1.500952500972193, 43.56006707972449 ], [ -1.50103081430054, 43.559792863069774 ], [ -1.501075605298775, 43.559575253390406 ], [ -1.501617749973902, 43.559066035960271 ], [ -1.502779361301084, 43.557134343045526 ], [ -1.504151101859136, 43.55519391059179 ], [ -1.504594175695438, 43.554372834242052 ], [ -1.504977172929345, 43.553717853930607 ], [ -1.505906369310716, 43.552606633888018 ], [ -1.507555866437332, 43.550428638996038 ], [ -1.508463815331419, 43.549048334767761 ], [ -1.509952914050907, 43.547192925941154 ], [ -1.510735419821306, 43.545952790254404 ], [ -1.511003315420191, 43.545265764755939 ], [ -1.511332944054508, 43.544720344687562 ], [ -1.512443289144224, 43.543556537226017 ], [ -1.5130598727667, 43.542585051763261 ], [ -1.513441076006025, 43.541766512396961 ], [ -1.513844274673745, 43.54120984172301 ], [ -1.513833611223766, 43.54107429149056 ], [ -1.515329467590558, 43.539309525771628 ], [ -1.5159459785126, 43.538481177598676 ], [ -1.517193548454231, 43.536545740692155 ], [ -1.518030945444691, 43.535078309696893 ], [ -1.518288289508581, 43.534562464773252 ], [ -1.518310696445994, 43.534525743077495 ], [ -1.518812389528046, 43.533828953903566 ], [ -1.519534900760044, 43.533402102565425 ], [ -1.519999737820076, 43.533022799759863 ], [ -1.520690356575153, 43.532191332931035 ], [ -1.521249978148614, 43.531267163608014 ], [ -1.521604768045062, 43.530900622860841 ], [ -1.522036205689988, 43.530882627465921 ], [ -1.523043753754518, 43.531255735440013 ], [ -1.523171957528168, 43.53129537706328 ], [ -1.523928569073871, 43.530403966757667 ], [ -1.524361456251744, 43.529893980055746 ], [ -1.525033279944134, 43.529306625506635 ], [ -1.524891061040361, 43.529231783340663 ], [ -1.524647256200649, 43.529116190497746 ], [ -1.52464989916676, 43.528989288742217 ], [ -1.524506958411509, 43.528905273668926 ], [ -1.52454384257449, 43.528588800751322 ], [ -1.524654883336905, 43.528268210216844 ], [ -1.524735639325139, 43.527723931277272 ], [ -1.524837687045795, 43.527449728981722 ], [ -1.52493884046726, 43.527003782178994 ], [ -1.525141313310904, 43.526274460667956 ], [ -1.525586757226957, 43.525490005022206 ], [ -1.525909061600351, 43.524854862757195 ], [ -1.526023623777021, 43.524579114438517 ], [ -1.526115050850271, 43.524170383295946 ], [ -1.526206772156202, 43.523444662112063 ], [ -1.526512788159436, 43.522621034296371 ], [ -1.526973055761511, 43.522025118011236 ], [ -1.527319441732737, 43.521695718362565 ], [ -1.527720884184939, 43.521138043416151 ], [ -1.528044554027776, 43.520538625509367 ], [ -1.528537156750343, 43.519391242140834 ], [ -1.528874136170118, 43.518800468217883 ], [ -1.529502192464919, 43.517963375281042 ], [ -1.53034806379522, 43.517233740094362 ], [ -1.531248532529675, 43.516412857084347 ], [ -1.531672291050807, 43.515818445735476 ], [ -1.532060464904865, 43.515396279324023 ], [ -1.532426131958646, 43.514849284258183 ], [ -1.533902034723198, 43.513310029072947 ], [ -1.538122311974414, 43.507797946786347 ], [ -1.539023342423583, 43.50650764012871 ], [ -1.540571017703052, 43.504477545388561 ], [ -1.541702577883327, 43.502817633037481 ], [ -1.542500807277891, 43.501792343047953 ], [ -1.543113612490506, 43.50078504645716 ], [ -1.546150635677721, 43.496409858945839 ], [ -1.546156747272983, 43.496401053733862 ], [ -1.546575832939595, 43.496428535742744 ], [ -1.557231928302229, 43.497126766465072 ], [ -1.566501993896914, 43.504273183244393 ], [ -1.554476811348428, 43.514120814864057 ], [ -1.555643963032507, 43.521506027997454 ] ] ] ] } },
{ "type": "Feature", "properties": { "fid": 10, "gid": 10, "id": 10, "cdmassedea": "FC11", "cdeumassed": "FRFC11", "nommassede": "Côte Basque", "systemeref": "31", "cdeubassin": "FRF", "typemassed": "C14", "cdeussbass": "FRF_COAC", "cdcategori": "1.2.1", "cdnaturema": "1", "surftotkm": 54.082509924583803 }, "geometry": { "type": "MultiPolygon", "coordinates": [ [ [ [ -1.771599638211614, 43.388589174681051 ], [ -1.771879773859845, 43.406280413479287 ], [ -1.771722130265613, 43.406029924112687 ], [ -1.770760220052393, 43.407207886709685 ], [ -1.767132043682899, 43.409579266831074 ], [ -1.766454708879593, 43.409934987343661 ], [ -1.762944346069403, 43.411449124774087 ], [ -1.754310370129221, 43.413045500232016 ], [ -1.745495550061825, 43.412111881362733 ], [ -1.744958487692358, 43.411878629741921 ], [ -1.744633572156659, 43.411843518422167 ], [ -1.744478868916126, 43.411776186075642 ], [ -1.744181976755333, 43.411737941516783 ], [ -1.743824852233381, 43.411627765018885 ], [ -1.739460325929725, 43.411165183963213 ], [ -1.739388807119758, 43.41113385441259 ], [ -1.739307609490298, 43.411125594421179 ], [ -1.738630171000796, 43.410946082986726 ], [ -1.731130923653342, 43.407661472208076 ], [ -1.726138046819598, 43.40278190026261 ], [ -1.726031346116611, 43.402812712231345 ], [ -1.724041332997812, 43.403282620844315 ], [ -1.721554527077358, 43.403924831696621 ], [ -1.721428542325797, 43.403942981952653 ], [ -1.720940138134136, 43.404154160232565 ], [ -1.719764780895735, 43.404767501981986 ], [ -1.716297121371802, 43.406256839445973 ], [ -1.713469816241478, 43.406806489307463 ], [ -1.712032248375816, 43.407213108340983 ], [ -1.711918148828746, 43.407239068149394 ], [ -1.711591156948985, 43.407414239300103 ], [ -1.709760774948091, 43.408025296415083 ], [ -1.708372728275809, 43.408273299342511 ], [ -1.706105305358088, 43.409504838097455 ], [ -1.704198092429077, 43.410090839220572 ], [ -1.702609155277476, 43.410518482419825 ], [ -1.702123569474416, 43.410591344920547 ], [ -1.701882138827055, 43.410676659051234 ], [ -1.701787261803331, 43.410694654205948 ], [ -1.701708268118575, 43.410737828714879 ], [ -1.698572147800145, 43.411625466761656 ], [ -1.697284288300374, 43.41191185200239 ], [ -1.69476164036585, 43.412235166258036 ], [ -1.693573073046731, 43.412828087920097 ], [ -1.684935630556733, 43.414420015951023 ], [ -1.681446293372621, 43.414049202437404 ], [ -1.679488454852692, 43.414503639792407 ], [ -1.679405140338911, 43.414525308290358 ], [ -1.67933820060386, 43.414539158292627 ], [ -1.679308959525984, 43.414545385953701 ], [ -1.679092969902911, 43.414712212092965 ], [ -1.678465839864113, 43.415045908689486 ], [ -1.674825392073844, 43.417301089078038 ], [ -1.673962676212208, 43.417704353825918 ], [ -1.67216807047703, 43.418431963721751 ], [ -1.670040051256751, 43.418761623509283 ], [ -1.669532472775317, 43.419269171761087 ], [ -1.668199636152859, 43.419644504184255 ], [ -1.666968312920881, 43.419914992440589 ], [ -1.666923395581977, 43.419919768356188 ], [ -1.666855427753991, 43.419938785931038 ], [ -1.666507076595116, 43.420013592908305 ], [ -1.665828497576266, 43.420260456135772 ], [ -1.664991197423955, 43.420421436341947 ], [ -1.664013295640925, 43.420817566668845 ], [ -1.663863009949902, 43.420893232642143 ], [ -1.663747887822199, 43.420925351856646 ], [ -1.663476924455936, 43.42103541260505 ], [ -1.663175841021799, 43.421098136785815 ], [ -1.662856125928992, 43.421279076367298 ], [ -1.661192804232584, 43.421905764476392 ], [ -1.660834193101114, 43.421975754211424 ], [ -1.660508459368389, 43.422151750821868 ], [ -1.658600430694062, 43.422738004741099 ], [ -1.658372667793928, 43.422797993701145 ], [ -1.658097494998698, 43.422908176967013 ], [ -1.657663991710667, 43.422999516527049 ], [ -1.657222696188046, 43.423242684258028 ], [ -1.655375427335984, 43.423910093769173 ], [ -1.655188450313639, 43.423946916581428 ], [ -1.655026163308301, 43.424033330314721 ], [ -1.653612520079337, 43.424327961385373 ], [ -1.650607293110881, 43.426241271309557 ], [ -1.649437154769271, 43.426824759039334 ], [ -1.64837750454817, 43.427268079809316 ], [ -1.648039296884408, 43.427469235221423 ], [ -1.647929296517816, 43.427514549801117 ], [ -1.647238208147578, 43.428173065184929 ], [ -1.646041125428433, 43.429223488832783 ], [ -1.644127327181084, 43.430261190335976 ], [ -1.642308712117093, 43.432261296225214 ], [ -1.639207631221681, 43.436043716622152 ], [ -1.638712167604861, 43.436344470478105 ], [ -1.637668820204065, 43.437616946821471 ], [ -1.630518773856229, 43.441491665234047 ], [ -1.630214255900143, 43.441548244603055 ], [ -1.629976777832772, 43.441673475806823 ], [ -1.629421860315626, 43.441852652633528 ], [ -1.629122703187959, 43.441904906435923 ], [ -1.628731225884589, 43.442013099765653 ], [ -1.627583137916362, 43.443412011067259 ], [ -1.622145047245893, 43.446630391072347 ], [ -1.621596596855411, 43.446862902678525 ], [ -1.61988333695092, 43.4475206309912 ], [ -1.618888565029554, 43.447703550871339 ], [ -1.618780732857265, 43.447761101365323 ], [ -1.617946649388193, 43.447914394965636 ], [ -1.617547322669092, 43.449896005582168 ], [ -1.615180284365963, 43.453381676630052 ], [ -1.615089631716273, 43.453482949654784 ], [ -1.614993100107703, 43.453621520174416 ], [ -1.614260505786592, 43.45440610745451 ], [ -1.614019854492698, 43.454753066796556 ], [ -1.613549079033244, 43.455436279498663 ], [ -1.612934566067082, 43.456107228019974 ], [ -1.610880601530198, 43.458026752180139 ], [ -1.608455100906519, 43.459341274687098 ], [ -1.607734678905886, 43.460182070925377 ], [ -1.607056632366268, 43.460549119211123 ], [ -1.606760297103777, 43.460910466599557 ], [ -1.605846710928956, 43.463487125557073 ], [ -1.605315212369955, 43.464235395190975 ], [ -1.604985851757251, 43.465863905253485 ], [ -1.600409964958769, 43.4714361448574 ], [ -1.600187533034827, 43.471556634690081 ], [ -1.600101347750878, 43.471661832831309 ], [ -1.599991590408031, 43.47173283812684 ], [ -1.599952736372711, 43.471929097186262 ], [ -1.60003113194435, 43.472183991716506 ], [ -1.600031479582763, 43.472497362271319 ], [ -1.598703053772041, 43.47810347561726 ], [ -1.598666567315338, 43.478149140795814 ], [ -1.598670014547665, 43.478158274894071 ], [ -1.599323909164334, 43.481364276285824 ], [ -1.598023210262994, 43.487788982105862 ], [ -1.596137969082484, 43.490084513582786 ], [ -1.593445056068364, 43.493363050119534 ], [ -1.5933030967041, 43.493440402152636 ], [ -1.591413373397657, 43.495738083746431 ], [ -1.584253073542298, 43.499611962014939 ], [ -1.581251649049749, 43.500203498262586 ], [ -1.581173800668734, 43.500245502635408 ], [ -1.579266066400987, 43.500595177850407 ], [ -1.576500669610563, 43.501139849974557 ], [ -1.574114682405951, 43.504042824580914 ], [ -1.573449927256787, 43.504408171207238 ], [ -1.572347897350044, 43.505586237865799 ], [ -1.572266095836267, 43.50563247961145 ], [ -1.572249275221667, 43.505655775854841 ], [ -1.572216407755376, 43.505672439792832 ], [ -1.572198039641034, 43.505693720022471 ], [ -1.57208740992598, 43.50575341435416 ], [ -1.57201815293212, 43.505838377676483 ], [ -1.571968396716596, 43.505877304167676 ], [ -1.570768494518961, 43.506515598242494 ], [ -1.570174254177048, 43.506897947682923 ], [ -1.569041394435952, 43.507667830538139 ], [ -1.568974596823337, 43.50770631643082 ], [ -1.568787739386666, 43.507790395887575 ], [ -1.568167756286593, 43.508190157244279 ], [ -1.56810211237434, 43.508224499938684 ], [ -1.566111661583131, 43.509068683902719 ], [ -1.565823807693875, 43.509229585393719 ], [ -1.565772707743272, 43.509248977275242 ], [ -1.565722969945301, 43.509267270101134 ], [ -1.565577631797676, 43.509296228202352 ], [ -1.565404179931145, 43.509369520154429 ], [ -1.565035099052787, 43.509565343512541 ], [ -1.564923259771545, 43.509586914163286 ], [ -1.564868595388802, 43.509615678612313 ], [ -1.56477095226946, 43.509637771758648 ], [ -1.564718651624691, 43.509660277707219 ], [ -1.564559187984475, 43.509689761026799 ], [ -1.564485424676695, 43.50972955620577 ], [ -1.564419737087032, 43.50974222739579 ], [ -1.564384093457386, 43.509760004145008 ], [ -1.564297615942652, 43.509779624738684 ], [ -1.564196293991872, 43.510162677234547 ], [ -1.562833466041739, 43.512401620404297 ], [ -1.562341009072231, 43.513072995806297 ], [ -1.561712543749439, 43.513723532617931 ], [ -1.561215030377808, 43.51444561378112 ], [ -1.560599524293416, 43.515120432912667 ], [ -1.560542263248043, 43.515174044497627 ], [ -1.559796293142653, 43.516283448570036 ], [ -1.559300796560594, 43.516848745741029 ], [ -1.559066718967128, 43.517218025598631 ], [ -1.558971852762744, 43.517322486417022 ], [ -1.558818196256085, 43.517562033128719 ], [ -1.5583884800209, 43.518095074338454 ], [ -1.558323446697536, 43.518159285538914 ], [ -1.557936681287196, 43.518761898112253 ], [ -1.557204858397329, 43.51956045367028 ], [ -1.557192238283809, 43.519624839035799 ], [ -1.555643963032507, 43.521506027997454 ], [ -1.554476811348428, 43.514120814864057 ], [ -1.566501993896914, 43.504273183244393 ], [ -1.557231928302229, 43.497126766465072 ], [ -1.546575832939595, 43.496428535742744 ], [ -1.546156747272983, 43.496401053733862 ], [ -1.547024660303966, 43.495150587493697 ], [ -1.547473296437333, 43.494555065985203 ], [ -1.548006587372446, 43.49394678632828 ], [ -1.548705125942955, 43.493385758707127 ], [ -1.549301055157131, 43.493089773389343 ], [ -1.549605463323146, 43.49303200043483 ], [ -1.550285102846897, 43.49301266026302 ], [ -1.550789226916468, 43.493135659061053 ], [ -1.550801825314907, 43.49313512987009 ], [ -1.551438616195762, 43.493514314473941 ], [ -1.551502554119731, 43.493700791969367 ], [ -1.551887728419205, 43.493864570900278 ], [ -1.553238343683662, 43.494672858764204 ], [ -1.55387709797603, 43.494916977219063 ], [ -1.554316768273156, 43.494988476931944 ], [ -1.554987834592383, 43.494878465221369 ], [ -1.555290089123389, 43.494775776522786 ], [ -1.555583827781406, 43.494583464176728 ], [ -1.555634748774834, 43.494446351787225 ], [ -1.555635997807256, 43.493364484668234 ], [ -1.55549199613167, 43.492965626397456 ], [ -1.555426847110793, 43.492923375414655 ], [ -1.555285797142739, 43.4927033318667 ], [ -1.554963612090514, 43.492536916784069 ], [ -1.553910875276171, 43.492526979626199 ], [ -1.553655998248319, 43.492447712215245 ], [ -1.553525704174991, 43.492363208037673 ], [ -1.553509775899218, 43.49200293281438 ], [ -1.553801737250021, 43.491009055436571 ], [ -1.553967692152582, 43.49058694232594 ], [ -1.554359617406962, 43.490074551581841 ], [ -1.554350877763655, 43.48980497762291 ], [ -1.554458121128097, 43.489439524796957 ], [ -1.554789255001586, 43.488939913200653 ], [ -1.555448620355103, 43.488506253964246 ], [ -1.556033119969106, 43.488084941608051 ], [ -1.556662079613275, 43.487427602087713 ], [ -1.557723778417074, 43.486454503748824 ], [ -1.558663267463618, 43.485658318054888 ], [ -1.559411776770783, 43.484950940031823 ], [ -1.559408216920413, 43.484906099633768 ], [ -1.560017843755314, 43.484483706517707 ], [ -1.560610142643957, 43.484143839710818 ], [ -1.561764440448994, 43.483878464252349 ], [ -1.562320075644539, 43.483855063581714 ], [ -1.562794188355635, 43.483600939893449 ], [ -1.563171252773785, 43.48352166096884 ], [ -1.563721944162141, 43.483436088260895 ], [ -1.563986253568945, 43.483333949140288 ], [ -1.564359384527483, 43.483364240021288 ], [ -1.564601133935077, 43.483137281484069 ], [ -1.564885974470171, 43.483134480682871 ], [ -1.564907156610777, 43.483241973883153 ], [ -1.564966104665102, 43.483365258185124 ], [ -1.565154412069483, 43.483402312633189 ], [ -1.565411874361953, 43.483373056604435 ], [ -1.565674884246476, 43.483254607864787 ], [ -1.565722637406314, 43.483378363681005 ], [ -1.565774743370729, 43.483574534166067 ], [ -1.566037958625468, 43.483617632336212 ], [ -1.566250001451899, 43.483635279277166 ], [ -1.566162078120845, 43.48376577675441 ], [ -1.56610856128363, 43.484028772587997 ], [ -1.566182296674031, 43.484179040880278 ], [ -1.566420322399058, 43.48422320008784 ], [ -1.56695222513736, 43.484219181375373 ], [ -1.567458875956366, 43.484197819608021 ], [ -1.56790727892987, 43.484079728167025 ], [ -1.56828433943686, 43.484000431436584 ], [ -1.568494276663366, 43.483991577585222 ], [ -1.568724003833371, 43.48409027487773 ], [ -1.569098674501403, 43.484281019225158 ], [ -1.56928487949173, 43.484291570126452 ], [ -1.56954380318283, 43.484280647926767 ], [ -1.569763499430054, 43.484235592034651 ], [ -1.569726143747633, 43.484083791061209 ], [ -1.570141288252344, 43.484165460663597 ], [ -1.570300349010811, 43.484293721495689 ], [ -1.570477035057161, 43.484484634297061 ], [ -1.570745286577329, 43.48459090473748 ], [ -1.570889133512413, 43.484845575994221 ], [ -1.571069152129842, 43.484937163574969 ], [ -1.571271653122412, 43.484676057283139 ], [ -1.571164194231502, 43.484419850971896 ], [ -1.571009859762477, 43.484192208053543 ], [ -1.570610280306618, 43.483829716406397 ], [ -1.57028620924929, 43.483798399370329 ], [ -1.569527561773385, 43.483758829327236 ], [ -1.569313762572629, 43.483560278238663 ], [ -1.569337045249753, 43.483235159936825 ], [ -1.569129653603093, 43.483117116763282 ], [ -1.568328660399391, 43.48284517004636 ], [ -1.567862144945382, 43.482576496067658 ], [ -1.568005968724151, 43.48237206401182 ], [ -1.568493085544689, 43.482423096227805 ], [ -1.568712339688143, 43.482531437470925 ], [ -1.568872617489929, 43.482533879778494 ], [ -1.568917010471573, 43.482315235066523 ], [ -1.568864894927627, 43.482119066269945 ], [ -1.568931936092252, 43.482026257577751 ], [ -1.56916021808683, 43.482089226596564 ], [ -1.569286214780233, 43.482119699566276 ], [ -1.569415977166498, 43.481897453415037 ], [ -1.569372239979244, 43.481647760887235 ], [ -1.569497939826683, 43.481515666936986 ], [ -1.569770906173193, 43.481522556475497 ], [ -1.570165570666357, 43.481505905518283 ], [ -1.570361443117844, 43.481479235894753 ], [ -1.570119620105328, 43.481246081518925 ], [ -1.569632511812699, 43.48119505665278 ], [ -1.569127287773459, 43.481216369493971 ], [ -1.568596578664653, 43.481076175878137 ], [ -1.568226145470807, 43.480938422939417 ], [ -1.567860760790922, 43.480846468808394 ], [ -1.567394241938602, 43.480595176761263 ], [ -1.567352182118899, 43.480525374728572 ], [ -1.56697243662137, 43.480270422138226 ], [ -1.566759181266252, 43.479919490938258 ], [ -1.566723681806925, 43.47915513006987 ], [ -1.566800405396029, 43.478565999109982 ], [ -1.567025181175994, 43.477348942287357 ], [ -1.56732505326284, 43.476299477219875 ], [ -1.567497408613567, 43.475977277476034 ], [ -1.567767865801581, 43.475334986247084 ], [ -1.568363433873947, 43.474102289298315 ], [ -1.568743689729248, 43.473446161723054 ], [ -1.569382534421641, 43.472599162329402 ], [ -1.570367905673804, 43.471449189759454 ], [ -1.571154784863327, 43.470451758836177 ], [ -1.572399973927963, 43.468686499982155 ], [ -1.5727934706905, 43.468039000792913 ], [ -1.573199433777196, 43.467706927002148 ], [ -1.57452776250897, 43.467128324441205 ], [ -1.574761531763457, 43.466802495620954 ], [ -1.574848868725202, 43.466347882110568 ], [ -1.574764191921559, 43.465901558073512 ], [ -1.574695488814676, 43.46581448022043 ], [ -1.574666843168602, 43.46545474699488 ], [ -1.574764971746123, 43.465135670823827 ], [ -1.575228998959826, 43.464440192538632 ], [ -1.575850987253288, 43.463701227215211 ], [ -1.577206474485668, 43.462707327393119 ], [ -1.577785948296729, 43.462051947317718 ], [ -1.578223680333068, 43.461185786540376 ], [ -1.579512867951733, 43.459202832100367 ], [ -1.579761360584015, 43.45890397663905 ], [ -1.579804638028511, 43.458830571050157 ], [ -1.580029327413176, 43.458550104255671 ], [ -1.580844946066213, 43.457758949864811 ], [ -1.58136992685518, 43.457195834712124 ], [ -1.581588182745033, 43.456834859061473 ], [ -1.582146556448261, 43.455775436393331 ], [ -1.582387603307037, 43.454908379321381 ], [ -1.582611362948696, 43.454458211126244 ], [ -1.583111578768378, 43.453761165108148 ], [ -1.583910979370398, 43.452609729859034 ], [ -1.584736461272078, 43.451943893650387 ], [ -1.585128581008364, 43.451440577637911 ], [ -1.58702518076082, 43.449160838781339 ], [ -1.5885911494002, 43.447716145978951 ], [ -1.589244471581373, 43.447057569717693 ], [ -1.589906144829383, 43.446046895330966 ], [ -1.59074870634686, 43.44561443780114 ], [ -1.5912137631068, 43.445234794847899 ], [ -1.591800507560305, 43.444534035657824 ], [ -1.592684929061668, 43.443062971861799 ], [ -1.592631100374763, 43.442389383943649 ], [ -1.592738093647296, 43.442024924957671 ], [ -1.592961640762419, 43.441573720605405 ], [ -1.593245629819255, 43.441246740779214 ], [ -1.594004975792306, 43.440546824516794 ], [ -1.594535088055017, 43.4402093949084 ], [ -1.59482116614417, 43.43992628937206 ], [ -1.594931725689132, 43.439606666629786 ], [ -1.594873777491906, 43.439654116479751 ], [ -1.594830680199841, 43.439115044532294 ], [ -1.594941238133171, 43.438795421970902 ], [ -1.59560454675911, 43.437649671576594 ], [ -1.596528290030157, 43.436672816705787 ], [ -1.59818833565574, 43.435025614079791 ], [ -1.598396682600744, 43.43468342832989 ], [ -1.598640272138952, 43.434167965256052 ], [ -1.59879109866159, 43.433738242985399 ], [ -1.599106316987398, 43.433346524877642 ], [ -1.59951832536239, 43.433094864487032 ], [ -1.599550712900508, 43.432885921247411 ], [ -1.599563650876202, 43.432731996915663 ], [ -1.59969246307466, 43.432483168335366 ], [ -1.599617320184018, 43.432315604986542 ], [ -1.599193865096151, 43.432126034037786 ], [ -1.598151649772409, 43.431936167127681 ], [ -1.597107545903811, 43.431862935044144 ], [ -1.597390370948993, 43.431680164761239 ], [ -1.597513419517486, 43.431674937694424 ], [ -1.598577197641811, 43.43183628684708 ], [ -1.599619482055737, 43.432044551625339 ], [ -1.60004008365738, 43.432198454838229 ], [ -1.600357668943348, 43.432292318105787 ], [ -1.600640123691703, 43.432280311663014 ], [ -1.600896686668031, 43.432242820245278 ], [ -1.601007500884662, 43.432084734762689 ], [ -1.601202538240585, 43.432049858161776 ], [ -1.601352187424866, 43.431745949144542 ], [ -1.60168721091654, 43.431461765556286 ], [ -1.601902316144888, 43.431046687882365 ], [ -1.602228338442614, 43.430807875095006 ], [ -1.60244447884761, 43.430563509255485 ], [ -1.603525295417364, 43.430166823515869 ], [ -1.603701946109703, 43.430060126901658 ], [ -1.604777288033606, 43.42943768886024 ], [ -1.606423157221779, 43.428214267387155 ], [ -1.607027104776907, 43.427872606443998 ], [ -1.608248849560669, 43.427694821102108 ], [ -1.608885948290394, 43.428081802417623 ], [ -1.609424102250815, 43.427707141980775 ], [ -1.60956551606497, 43.427161238541892 ], [ -1.609729816310004, 43.426883277556612 ], [ -1.610151454969931, 43.426595376267038 ], [ -1.610645734699493, 43.426583520865584 ], [ -1.610772367422675, 43.426623115557362 ], [ -1.610841078322059, 43.426710168037175 ], [ -1.610851867304787, 43.426844678424416 ], [ -1.611170249525717, 43.426966082690662 ], [ -1.612026449144538, 43.426848818920966 ], [ -1.612098343482382, 43.426818147354581 ], [ -1.612145792179854, 43.42648278966162 ], [ -1.612434241847806, 43.426073765163011 ], [ -1.613686063542269, 43.425642076459212 ], [ -1.614162728559841, 43.425271034897413 ], [ -1.61566344801444, 43.424864496774042 ], [ -1.617791885419508, 43.424431152167536 ], [ -1.618888584214064, 43.424077595492378 ], [ -1.619168000105701, 43.423696544453406 ], [ -1.619370007010134, 43.423137813884111 ], [ -1.619845439755976, 43.422595017440578 ], [ -1.620376627400637, 43.422274789037829 ], [ -1.621312497218229, 43.42192807306872 ], [ -1.621887016262978, 43.421850364931878 ], [ -1.622400015306944, 43.422071808343922 ], [ -1.622822657145959, 43.421954570194018 ], [ -1.622865250104637, 43.421402642411685 ], [ -1.623628688475185, 43.42060416690795 ], [ -1.623948953371665, 43.420121151419721 ], [ -1.624053943810653, 43.419891713577783 ], [ -1.624900244922512, 43.418728742908598 ], [ -1.625540979151238, 43.418079670762964 ], [ -1.626136175607227, 43.417649312618714 ], [ -1.62655435329144, 43.41745965155944 ], [ -1.627158605274978, 43.417298841682118 ], [ -1.627271913413378, 43.417312401100297 ], [ -1.627581583655648, 43.417325742429398 ], [ -1.627824743131611, 43.417279554760889 ], [ -1.628347814140063, 43.417626306048064 ], [ -1.628671544144629, 43.417657448057696 ], [ -1.628959282571934, 43.417555157918507 ], [ -1.629010973661259, 43.417273801997936 ], [ -1.628851504042259, 43.416983074827435 ], [ -1.629073086647644, 43.416198535016711 ], [ -1.628989183185304, 43.415922980473646 ], [ -1.628347377946356, 43.415634482691665 ], [ -1.628467414249145, 43.415278628462019 ], [ -1.628380009364032, 43.415273164939215 ], [ -1.628127046808758, 43.415040629660567 ], [ -1.628088741933468, 43.41456475852727 ], [ -1.628478371239171, 43.413881418300626 ], [ -1.628942840710081, 43.413500603385522 ], [ -1.630574735271409, 43.412899068862593 ], [ -1.630695527537618, 43.412848908682946 ], [ -1.631000168186327, 43.412800081649223 ], [ -1.631023191897815, 43.412789893596035 ], [ -1.631228039740287, 43.412564353947893 ], [ -1.63272020819334, 43.412509672227188 ], [ -1.633518391611981, 43.412754635497585 ], [ -1.635097704687645, 43.412876150407271 ], [ -1.636021638935116, 43.412836563489719 ], [ -1.636993350534527, 43.412624161810321 ], [ -1.637885388469387, 43.412189191870937 ], [ -1.638176210711141, 43.411951772254795 ], [ -1.638092927428823, 43.411684377521993 ], [ -1.637954061546768, 43.411510368959945 ], [ -1.638010799241774, 43.411292187132169 ], [ -1.638114977775132, 43.411053566298271 ], [ -1.638086702838295, 43.410703035300962 ], [ -1.637425603722858, 43.410001304298071 ], [ -1.637472638946732, 43.409819326697317 ], [ -1.637537754099115, 43.409861525808751 ], [ -1.63870806039779, 43.408738741137988 ], [ -1.639056002269372, 43.408462059374671 ], [ -1.640623930773738, 43.407818117637696 ], [ -1.643020187023524, 43.406733690058672 ], [ -1.64343566952359, 43.406373316101515 ], [ -1.643910841812169, 43.406126944198711 ], [ -1.645132474368502, 43.40564197271992 ], [ -1.64516807109003, 43.405631241599934 ], [ -1.645895362729419, 43.405294278291066 ], [ -1.646746805242712, 43.405122736346421 ], [ -1.647548278712196, 43.405096486006165 ], [ -1.648356340875316, 43.405151747598843 ], [ -1.648671140113164, 43.405229223838994 ], [ -1.648866494905053, 43.405355800428737 ], [ -1.648949429988351, 43.405757151611262 ], [ -1.649084775694861, 43.405904712086567 ], [ -1.649856816520931, 43.406277468125381 ], [ -1.650345148511968, 43.40621148629036 ], [ -1.65052600650532, 43.406158720793108 ], [ -1.650715513942008, 43.406195564472796 ], [ -1.650766789461966, 43.406066568171369 ], [ -1.651059014638509, 43.405864839155541 ], [ -1.652193206470927, 43.405825271672896 ], [ -1.652577187438538, 43.405682988313416 ], [ -1.65294413594427, 43.405486220244207 ], [ -1.654004247101553, 43.405449819794043 ], [ -1.655056848575189, 43.405008815001189 ], [ -1.655512209631379, 43.404691666103304 ], [ -1.655752775128287, 43.404752888943854 ], [ -1.656361185115188, 43.404645922965585 ], [ -1.656722250315078, 43.404359413023656 ], [ -1.657318532038023, 43.404397138706635 ], [ -1.65776249744056, 43.404233848240381 ], [ -1.658432710909572, 43.403349139487148 ], [ -1.658429821882426, 43.403313475737697 ], [ -1.6591611112069, 43.403200178907092 ], [ -1.660235048989457, 43.403334903421687 ], [ -1.660665207520112, 43.403451343444232 ], [ -1.661282260431019, 43.403433958420862 ], [ -1.662183389917765, 43.403114953023191 ], [ -1.662181985552782, 43.403097630682119 ], [ -1.661978596379352, 43.402872239084225 ], [ -1.661902761159934, 43.402559548354979 ], [ -1.661996664415203, 43.402195573933419 ], [ -1.663062840963994, 43.401473731309864 ], [ -1.663536666680641, 43.401056565848073 ], [ -1.664068907461491, 43.400771852180604 ], [ -1.664394973721882, 43.400677012892004 ], [ -1.664342223914992, 43.40016495933947 ], [ -1.664916915790424, 43.399798653921167 ], [ -1.66528666992135, 43.399620125848287 ], [ -1.665340316552912, 43.399365249232609 ], [ -1.665157791334282, 43.399103176135085 ], [ -1.664689271418434, 43.398807423607529 ], [ -1.664324261640225, 43.398733182627417 ], [ -1.66358633638237, 43.39893678466251 ], [ -1.662712207690308, 43.398965267074637 ], [ -1.662165817938662, 43.398781247957423 ], [ -1.661805007431081, 43.398291675373486 ], [ -1.66172460757416, 43.39806098402083 ], [ -1.661336128264971, 43.397852772636305 ], [ -1.660890454397022, 43.397682812711096 ], [ -1.660883466134171, 43.397458160222584 ], [ -1.66147437951218, 43.396963360017246 ], [ -1.661345629943039, 43.396897332581361 ], [ -1.661135659389308, 43.39659042388724 ], [ -1.66104510726259, 43.396234400629375 ], [ -1.660987535647425, 43.396146900244091 ], [ -1.660766669941618, 43.395705488738685 ], [ -1.66070278349748, 43.394761393233971 ], [ -1.660861796423743, 43.394439606575077 ], [ -1.660810567972026, 43.393495989046436 ], [ -1.660908013982616, 43.393175833085962 ], [ -1.661246529853975, 43.392629537373182 ], [ -1.661865977648587, 43.391881966552937 ], [ -1.662751908787927, 43.391222086969513 ], [ -1.66423433187542, 43.39031050042756 ], [ -1.665891705276282, 43.38925739496392 ], [ -1.667030725591093, 43.388676539503919 ], [ -1.667949293511324, 43.388420121670038 ], [ -1.669092324637859, 43.388200018105977 ], [ -1.668657304336052, 43.387867053754448 ], [ -1.667505141953417, 43.387214320075969 ], [ -1.66717569218049, 43.387110949716337 ], [ -1.666591982695756, 43.387226120650595 ], [ -1.665058426855226, 43.387661412386933 ], [ -1.664856396980256, 43.387625136712842 ], [ -1.663322834613576, 43.385916199288211 ], [ -1.663189920292568, 43.385660168450833 ], [ -1.663426301738203, 43.385515003849704 ], [ -1.663921232852786, 43.385377093320379 ], [ -1.664332344157602, 43.385260178486128 ], [ -1.664594439989345, 43.385293863786615 ], [ -1.664910116869215, 43.38569436334236 ], [ -1.665197481679565, 43.386177884549483 ], [ -1.665531220094325, 43.386334246042061 ], [ -1.665813435755217, 43.386322070121636 ], [ -1.66629355430505, 43.386139797287747 ], [ -1.666225727301616, 43.385908568812106 ], [ -1.665968368396253, 43.385639505295728 ], [ -1.666228926624596, 43.385187560256497 ], [ -1.666731958017498, 43.384994071360516 ], [ -1.66792127600503, 43.3861053368624 ], [ -1.668834797886452, 43.386840966428849 ], [ -1.669505692901063, 43.387506287559901 ], [ -1.669848374777713, 43.388221566805335 ], [ -1.67021332505042, 43.388295788581559 ], [ -1.67027843985178, 43.388337967327992 ], [ -1.670796465746939, 43.388639732909866 ], [ -1.67094126002949, 43.388903423771026 ], [ -1.67125938750019, 43.389160650289831 ], [ -1.6718235909834, 43.389271251163805 ], [ -1.671938261435754, 43.389302085612769 ], [ -1.672393580654683, 43.38943579272275 ], [ -1.67295190147862, 43.389456660385179 ], [ -1.673494254438294, 43.389298251729457 ], [ -1.674031460434281, 43.389059283611132 ], [ -1.674132468657944, 43.388783950233332 ], [ -1.674613836100584, 43.388772346810278 ], [ -1.674637587771915, 43.388771320138112 ], [ -1.674831442496803, 43.388862125005545 ], [ -1.675099358111966, 43.388967110820239 ], [ -1.675843389243427, 43.388547408618287 ], [ -1.676228538877037, 43.388576768786606 ], [ -1.676547592830334, 43.388707147889896 ], [ -1.676924383558001, 43.388771632861626 ], [ -1.677402261625931, 43.388579181465332 ], [ -1.677711777377524, 43.38857499681545 ], [ -1.678105485816179, 43.38886472349639 ], [ -1.678599427527237, 43.388852558415884 ], [ -1.678776558260456, 43.388754913168547 ], [ -1.679149053513436, 43.388783788028455 ], [ -1.679721075234134, 43.389128168019781 ], [ -1.680090671645446, 43.389121376846369 ], [ -1.680254993026476, 43.389159256698896 ], [ -1.682106601203398, 43.389583213958112 ], [ -1.682321415078046, 43.38965571573501 ], [ -1.682728510717073, 43.389782265708341 ], [ -1.683460993838428, 43.390443820995692 ], [ -1.684054300470088, 43.391049026056486 ], [ -1.684032138069807, 43.391086796983309 ], [ -1.683834779011219, 43.391383697820537 ], [ -1.683449347683855, 43.391661134608846 ], [ -1.682888486647764, 43.3919021973458 ], [ -1.682970242239771, 43.392303578905874 ], [ -1.682869270100579, 43.392578921252856 ], [ -1.682546798226227, 43.392872033977824 ], [ -1.683069670384842, 43.392921994200158 ], [ -1.683690660644761, 43.393264236718089 ], [ -1.684416629347476, 43.393827908729698 ], [ -1.684263769227373, 43.394068689100486 ], [ -1.684559467805882, 43.393911704761656 ], [ -1.684743907607766, 43.393903715845937 ], [ -1.684576105820907, 43.394270915367059 ], [ -1.684352176651626, 43.39455158529293 ], [ -1.684134718230233, 43.39491173199356 ], [ -1.684142104032189, 43.395002417497928 ], [ -1.684332976422448, 43.395228310801329 ], [ -1.684417114555503, 43.395503818161714 ], [ -1.68423557419991, 43.39554746938186 ], [ -1.683622263803049, 43.395609818404338 ], [ -1.683322239339225, 43.395713815530648 ], [ -1.682835540652703, 43.395815668927973 ], [ -1.682509879331133, 43.395604811398762 ], [ -1.682199483720454, 43.395581437910458 ], [ -1.682137255314922, 43.395574929013598 ], [ -1.681559638683013, 43.396230834144419 ], [ -1.681510732101468, 43.396232951013673 ], [ -1.681789196515242, 43.396311902985396 ], [ -1.682370994298103, 43.396637446090764 ], [ -1.683240667124194, 43.396537418726588 ], [ -1.683883061290683, 43.396229427353376 ], [ -1.684472720028102, 43.396186507085972 ], [ -1.685034237887302, 43.396107991316555 ], [ -1.686001736218764, 43.395831917969559 ], [ -1.686533070335427, 43.395537924583145 ], [ -1.687268711760662, 43.39530767436883 ], [ -1.688171695670442, 43.395169351345992 ], [ -1.689853501436046, 43.394573922089776 ], [ -1.690524396640847, 43.394770809169607 ], [ -1.691034743595454, 43.394666872087456 ], [ -1.691999295418429, 43.394372465271118 ], [ -1.693540689816985, 43.39417060991876 ], [ -1.695376818924097, 43.393199257486167 ], [ -1.696533924255706, 43.392842254120872 ], [ -1.698416994564222, 43.39229214060358 ], [ -1.699059084300123, 43.392290830320036 ], [ -1.699187200805862, 43.392348661283236 ], [ -1.699751557044064, 43.392288349357784 ], [ -1.699905677428851, 43.392218254225142 ], [ -1.700888547436785, 43.392148950951622 ], [ -1.701901057011323, 43.391824759223354 ], [ -1.702113734865336, 43.39171632591956 ], [ -1.702764216839477, 43.391354693000174 ], [ -1.703547815435111, 43.391266421131164 ], [ -1.704359135485609, 43.390762806974692 ], [ -1.705070070676023, 43.39067768446867 ], [ -1.705865584153232, 43.390598079856389 ], [ -1.706764609678201, 43.390549753441796 ], [ -1.707346170141145, 43.390254488945637 ], [ -1.707879660037314, 43.389834517983466 ], [ -1.708690693161862, 43.389619240142324 ], [ -1.70905586803799, 43.389558347581911 ], [ -1.709413010193453, 43.389245234322182 ], [ -1.709559807832431, 43.388914694043251 ], [ -1.710253937157306, 43.388487714710898 ], [ -1.711249437615726, 43.38812838302335 ], [ -1.711613987128103, 43.38790594600701 ], [ -1.712341948905478, 43.387738228217501 ], [ -1.712937343443811, 43.387766476998927 ], [ -1.713341676498249, 43.387875651086915 ], [ -1.714016260866469, 43.387809435579506 ], [ -1.714242871971527, 43.387700369771295 ], [ -1.71449331620188, 43.387591286992695 ], [ -1.715678367886869, 43.38728704731421 ], [ -1.717397930849304, 43.387157853597465 ], [ -1.718081519292919, 43.386893866826419 ], [ -1.718885963514362, 43.386308633032641 ], [ -1.71910974136785, 43.386182296742355 ], [ -1.720181944778519, 43.38614368145808 ], [ -1.722585151725231, 43.385615418248634 ], [ -1.725079512195428, 43.384848951622402 ], [ -1.725742362226506, 43.384333248954881 ], [ -1.726433401206182, 43.383717121829477 ], [ -1.727681150382842, 43.383716772102396 ], [ -1.728497364838055, 43.382969383401523 ], [ -1.729357927544983, 43.382164830272153 ], [ -1.729732673614905, 43.382067657155972 ], [ -1.730719688005673, 43.382204450010846 ], [ -1.731196542816575, 43.38244536167813 ], [ -1.731235768734271, 43.382462051436583 ], [ -1.731670385542503, 43.382496207186215 ], [ -1.731784516457305, 43.38238384416892 ], [ -1.731885878967792, 43.382252611146299 ], [ -1.732211085656622, 43.382013416250722 ], [ -1.732676876760515, 43.381813059866076 ], [ -1.732745713012392, 43.381439880392364 ], [ -1.732711763326547, 43.381027229807351 ], [ -1.732644455211117, 43.380515828669829 ], [ -1.732818532719761, 43.380229050784195 ], [ -1.733069579920407, 43.380128076766745 ], [ -1.733490158381045, 43.38028145579414 ], [ -1.733811471249367, 43.380284772698786 ], [ -1.733559753947565, 43.38037759733627 ], [ -1.73367662813057, 43.38074162480499 ], [ -1.734212671634096, 43.380645554557908 ], [ -1.734654740008823, 43.38077037938254 ], [ -1.735116083770922, 43.38082277913346 ], [ -1.735620364646272, 43.38080069462454 ], [ -1.736148279352363, 43.380759166449835 ], [ -1.736579165595479, 43.380731089136454 ], [ -1.737190833710123, 43.380651119816584 ], [ -1.737715053710442, 43.380564753005409 ], [ -1.737972723314041, 43.380544259579061 ], [ -1.738363806003309, 43.380356354206256 ], [ -1.738596954670514, 43.38017434626137 ], [ -1.738816972423047, 43.380003138890665 ], [ -1.739225645831166, 43.380011813987778 ], [ -1.739939407412236, 43.379673757993586 ], [ -1.742166678211347, 43.379720279180496 ], [ -1.742471689729621, 43.379661908695162 ], [ -1.742797564332119, 43.379873602193271 ], [ -1.743087038595389, 43.380085869031582 ], [ -1.743418042719808, 43.380359712507534 ], [ -1.743450579867906, 43.380448271030886 ], [ -1.744446473594889, 43.380539556260985 ], [ -1.7450521690963, 43.381288084656397 ], [ -1.745925152465549, 43.381384750751415 ], [ -1.746299865499041, 43.381287520346483 ], [ -1.747523890147848, 43.381153001646354 ], [ -1.748539062811334, 43.381477572555198 ], [ -1.749136661911409, 43.382127247382016 ], [ -1.749101953444609, 43.382759699358289 ], [ -1.748778371218286, 43.383170668986175 ], [ -1.748888729696742, 43.383165822353391 ], [ -1.748898363641502, 43.383435358664315 ], [ -1.748684418820852, 43.383679946310551 ], [ -1.748943618293616, 43.383983515926708 ], [ -1.74990108412943, 43.384355604919577 ], [ -1.750424674621853, 43.384702776687725 ], [ -1.750579549787711, 43.385236915553115 ], [ -1.750709890220222, 43.385321176105926 ], [ -1.751188132436889, 43.385119168336651 ], [ -1.751372534771362, 43.385111065986145 ], [ -1.751506663475874, 43.385241175123028 ], [ -1.751946498007613, 43.385321037708579 ], [ -1.752354463725895, 43.385032126020164 ], [ -1.752390003664436, 43.384715610230657 ], [ -1.752112180290566, 43.384186876741943 ], [ -1.752292875731021, 43.384133942218092 ], [ -1.75254614903033, 43.384212797707555 ], [ -1.752928917094417, 43.384195974051664 ], [ -1.753622729162266, 43.383633735333795 ], [ -1.753750762485517, 43.383673100168409 ], [ -1.753974542259453, 43.384294192674488 ], [ -1.754250134667545, 43.384643046418226 ], [ -1.754948999428072, 43.384209085413524 ], [ -1.767898114393066, 43.387615804939713 ], [ -1.771599638211614, 43.388589174681051 ] ] ] ] } }
]
}
