{
"type": "FeatureCollection",
"name": "DCE_2022_2027_masses_deau_de_transition_Adour_Garonne",
"crs": { "type": "name", "properties": { "name": "urn:ogc:def:crs:OGC:1.3:CRS84" } },
"xy_coordinate_resolution": 1e-15,
"features": [
{ "type": "Feature", "properties": { "fid": 1, "gid": 1, "id": 1, "cdmassedea": "FT01", "cdeumassed": "FRFT01", "nommassede": "Estuaire Charente", "systemeref": "31", "cdeubassin": "FRF", "typemassed": "T1", "cdeussbass": "FRF_CHAR", "cdcategori": "1.2.2", "cdnaturema": "1", "surfacetot": 25.372452872419547 }, "geometry": { "type": "MultiPolygon", "coordinates": [ [ [ [ -1.076956885700278, 45.949670892164605 ], [ -1.076966839345235, 45.949668668748579 ], [ -1.077923545311316, 45.949454957651518 ], [ -1.07830638257363, 45.949396137865449 ], [ -1.079145436207232, 45.949556170546956 ], [ -1.07949553619683, 45.949570142794229 ], [ -1.079665113481998, 45.949582441307207 ], [ -1.080109587119904, 45.949484561265479 ], [ -1.08183428039534, 45.949206458676471 ], [ -1.082647559974918, 45.949177103320324 ], [ -1.083735962669231, 45.949218631436487 ], [ -1.084369389424681, 45.949394235127897 ], [ -1.085153856310768, 45.9495101566242 ], [ -1.086114059050513, 45.94938543830817 ], [ -1.087061526748119, 45.949089294255586 ], [ -1.087573071389965, 45.949025791403542 ], [ -1.088816193229175, 45.949215141039801 ], [ -1.089915794267781, 45.949229604912098 ], [ -1.090676227609898, 45.949022040070254 ], [ -1.092338293642808, 45.948790032850823 ], [ -1.0937578067481, 45.948747866960062 ], [ -1.096018212643108, 45.948909518353368 ], [ -1.0965855413397, 45.948708906406814 ], [ -1.09690378995916, 45.948472298892206 ], [ -1.097255245670213, 45.947972576784991 ], [ -1.097401166062251, 45.947154958129715 ], [ -1.097492233294744, 45.946999218514655 ], [ -1.097682839069679, 45.946604561903733 ], [ -1.098045293090214, 45.946095230343424 ], [ -1.098735217665926, 45.945808316575103 ], [ -1.099094600580247, 45.945435163303202 ], [ -1.099280978102372, 45.945338375686916 ], [ -1.099801309248639, 45.945373737016176 ], [ -1.100317612099252, 45.945355018255022 ], [ -1.10050367421965, 45.94525733269937 ], [ -1.100503911178514, 45.945257208288133 ], [ -1.115904165290592, 45.951902426021668 ], [ -1.115904165289158, 45.951902426021569 ], [ -1.114538879628574, 45.951807845380124 ], [ -1.112010826843888, 45.952738726434859 ], [ -1.111934918629748, 45.952754599896672 ], [ -1.111069201723405, 45.952935629077558 ], [ -1.110992968915322, 45.952955792610894 ], [ -1.110519585184381, 45.953550024527502 ], [ -1.110499219167822, 45.954318087436519 ], [ -1.1095959592819, 45.954341702182845 ], [ -1.109152108433645, 45.954447860617471 ], [ -1.107268498447747, 45.954327003767247 ], [ -1.106216094465891, 45.953904822801583 ], [ -1.10531352462517, 45.953937586348935 ], [ -1.105196213016583, 45.954095308277559 ], [ -1.105066420191592, 45.954262690892712 ], [ -1.105147531776733, 45.954484827556293 ], [ -1.107753439196375, 45.956834391724236 ], [ -1.108526679551348, 45.95888012297717 ], [ -1.109555063500953, 45.959843354071836 ], [ -1.110291768176721, 45.960357805438719 ], [ -1.11056938098993, 45.960617815330956 ], [ -1.110649113846849, 45.960836884129662 ], [ -1.110650600363803, 45.960840968369631 ], [ -1.112253173586363, 45.96169327841266 ], [ -1.113163265435869, 45.961759431084722 ], [ -1.113957353143698, 45.962000652958288 ], [ -1.115169174139036, 45.961785717798911 ], [ -1.11645200047823, 45.961657195255846 ], [ -1.117498687245427, 45.9619802565269 ], [ -1.117946630191924, 45.961928142439142 ], [ -1.118568228080069, 45.961589374116357 ], [ -1.119982946086244, 45.961321982483909 ], [ -1.120108329838466, 45.961272399219119 ], [ -1.120340186429698, 45.96090299221531 ], [ -1.12034031078256, 45.960902794087616 ], [ -1.12037796853962, 45.961633110682534 ], [ -1.120424320709857, 45.962532015966069 ], [ -1.121258381937559, 46.000447813337964 ], [ -1.121254999069182, 46.000500251079835 ], [ -1.121280032640371, 46.001583169693127 ], [ -1.121299693274428, 46.002433632373538 ], [ -1.121109752894929, 46.002755203238685 ], [ -1.120584768048587, 46.002639055546283 ], [ -1.11997858227493, 46.002250836362087 ], [ -1.119426029457013, 46.001680318772522 ], [ -1.118761126730139, 46.001388910896075 ], [ -1.117855107529516, 46.001367768769171 ], [ -1.115815456820023, 46.001793614209959 ], [ -1.115234442476937, 46.001810228452385 ], [ -1.114578028569178, 46.001649237026768 ], [ -1.113643861978294, 46.001182734981775 ], [ -1.111556921124693, 45.999851878297946 ], [ -1.110102195545384, 45.999309575461318 ], [ -1.109566404322512, 45.999013428476822 ], [ -1.108884959766901, 45.998447543835262 ], [ -1.108191381186527, 45.997701753497346 ], [ -1.107922463299699, 45.997531170537172 ], [ -1.107644898413721, 45.997054318677222 ], [ -1.107623048567654, 45.996865752038396 ], [ -1.107841313497303, 45.996600843361051 ], [ -1.107790229529986, 45.99645391470434 ], [ -1.107161539734199, 45.995710273170317 ], [ -1.107080746260202, 45.995442691209441 ], [ -1.106819001444688, 45.995402594060508 ], [ -1.106460525504633, 45.994829487394348 ], [ -1.10612375753861, 45.994616276850955 ], [ -1.104805735503469, 45.994204210217902 ], [ -1.103805201790072, 45.993694955909326 ], [ -1.103030982205699, 45.992681549553438 ], [ -1.102152802046973, 45.992077675861879 ], [ -1.101871804292059, 45.991727176265293 ], [ -1.101642419524656, 45.991149378552109 ], [ -1.101305692740965, 45.990936153673879 ], [ -1.100584941811652, 45.990777418659675 ], [ -1.099741884895609, 45.99071328028711 ], [ -1.099152217531273, 45.990594873492164 ], [ -1.098740171359181, 45.990204027950114 ], [ -1.098386890315445, 45.989716373968704 ], [ -1.098005603685744, 45.988783388441234 ], [ -1.097817842433387, 45.987843395166422 ], [ -1.097655080141503, 45.987308264503604 ], [ -1.097682479371211, 45.986721163367179 ], [ -1.097917891773726, 45.986356465465803 ], [ -1.097763893869951, 45.985956273670922 ], [ -1.09740188871716, 45.98533367784939 ], [ -1.096425646959648, 45.984192293182069 ], [ -1.096086924084219, 45.983934042025346 ], [ -1.095425372757114, 45.983682964788919 ], [ -1.095104933889922, 45.983739645980236 ], [ -1.094351457336461, 45.984077996970846 ], [ -1.093737779942917, 45.984591626445358 ], [ -1.093412885985775, 45.984553784850881 ], [ -1.092689229898056, 45.984354531862181 ], [ -1.091954442557962, 45.983970827818602 ], [ -1.091548852805379, 45.983665388027177 ], [ -1.091492605648733, 45.982770227440028 ], [ -1.091587911184792, 45.982225759980544 ], [ -1.091144015170721, 45.981335597648439 ], [ -1.090880628987929, 45.9812549492475 ], [ -1.09029982392392, 45.981271435633673 ], [ -1.089030373938628, 45.981628400125643 ], [ -1.087870044421138, 45.981661304346169 ], [ -1.085987409229928, 45.981494854283305 ], [ -1.085100865372178, 45.980755908665756 ], [ -1.084885819877736, 45.980402992003924 ], [ -1.083606936396585, 45.979326535773261 ], [ -1.083520231343431, 45.978193525181403 ], [ -1.083438902871052, 45.976888997989697 ], [ -1.083363638514854, 45.976711374474348 ], [ -1.083321307775156, 45.976036628600262 ], [ -1.08356182223107, 45.975757439472389 ], [ -1.083578927006461, 45.974994887277226 ], [ -1.08350032677349, 45.974772299415037 ], [ -1.083466719906491, 45.974232493436929 ], [ -1.083494877070179, 45.972608420730985 ], [ -1.08334511845791, 45.972298231241147 ], [ -1.083340682531461, 45.971175777329087 ], [ -1.083188547109801, 45.970816080194773 ], [ -1.083073350291991, 45.970013217928376 ], [ -1.083090126313687, 45.969246169315831 ], [ -1.083018210801922, 45.96911351000719 ], [ -1.082869089255114, 45.967766344917813 ], [ -1.082787165219029, 45.967498792086303 ], [ -1.082810618383338, 45.966821672418433 ], [ -1.082636006501923, 45.966106615669688 ], [ -1.082339115150891, 45.965486141112237 ], [ -1.082028128561408, 45.964640750292943 ], [ -1.081616064566673, 45.964245345903336 ], [ -1.08098605024297, 45.963456547827278 ], [ -1.080092439425483, 45.962582576284582 ], [ -1.078988011754018, 45.9614456918911 ], [ -1.076993450948091, 45.959479765303023 ], [ -1.076975271663925, 45.959164360423699 ], [ -1.077003050874745, 45.958668191167831 ], [ -1.076929522874187, 45.958537290593227 ], [ -1.076663128428477, 45.958319467868449 ], [ -1.076399540411254, 45.958234289311669 ], [ -1.075944916859942, 45.958205587147752 ], [ -1.075821842806762, 45.958237072662975 ], [ -1.075118500041281, 45.958411192879538 ], [ -1.074631633378449, 45.958243884589194 ], [ -1.073475934735534, 45.957843679690818 ], [ -1.072316717495549, 45.957448098732648 ], [ -1.071161052374689, 45.957047870202267 ], [ -1.071028454533189, 45.957003049557827 ], [ -1.069993840649029, 45.956666079750143 ], [ -1.068825355738477, 45.956284323644162 ], [ -1.067997227878279, 45.956012043827165 ], [ -1.067648858684076, 45.955916369520899 ], [ -1.067142736459647, 45.955767756861498 ], [ -1.066402644945162, 45.955794365905874 ], [ -1.066370078690351, 45.955791028231708 ], [ -1.065117564229153, 45.955881133716431 ], [ -1.063835058194055, 45.955967794292313 ], [ -1.062550301364489, 45.95605902946356 ], [ -1.061741279869901, 45.956115134051998 ], [ -1.061272689005157, 45.956177043934794 ], [ -1.060008409826629, 45.956353174700958 ], [ -1.059245579737371, 45.956457195846212 ], [ -1.058766153968135, 45.956582601829716 ], [ -1.057557596432538, 45.956900974444821 ], [ -1.056349982846515, 45.957214791395273 ], [ -1.055141066089556, 45.957528641688604 ], [ -1.053932466838431, 45.957846975603424 ], [ -1.053591244897501, 45.957935846872189 ], [ -1.052737741438467, 45.95817832424629 ], [ -1.051542705507528, 45.958523196078893 ], [ -1.05034861305574, 45.958863512584912 ], [ -1.049721921151245, 45.959043744036677 ], [ -1.049157415654933, 45.959208220727994 ], [ -1.047972022806779, 45.959561724861977 ], [ -1.046782746325668, 45.959915354972786 ], [ -1.045664012378455, 45.96024390729481 ], [ -1.045604431656228, 45.960277596772499 ], [ -1.04510067117934, 45.960530047448849 ], [ -1.045189740404319, 45.960932616450478 ], [ -1.045134688309386, 45.960975160459611 ], [ -1.04506611280097, 45.961027204766644 ], [ -1.044307318830507, 45.961275245624201 ], [ -1.043986996100593, 45.961173987721871 ], [ -1.043780545929313, 45.96110923381557 ], [ -1.043074623630071, 45.9611795496699 ], [ -1.042732009903193, 45.961232369618003 ], [ -1.041472745088348, 45.961426141385459 ], [ -1.041283548737385, 45.961455442287708 ], [ -1.040243915644895, 45.961699962382077 ], [ -1.039022511888388, 45.961987029559388 ], [ -1.038419857139502, 45.96212576240783 ], [ -1.037835374641476, 45.962335977020928 ], [ -1.037029836994496, 45.962617194189825 ], [ -1.036654670074497, 45.962684681963736 ], [ -1.036390373275258, 45.962730179246364 ], [ -1.035375351491124, 45.96267622380563 ], [ -1.03528958188035, 45.96267026657862 ], [ -1.034085086766505, 45.962677158235493 ], [ -1.033547316468653, 45.962678300336613 ], [ -1.032831518259427, 45.962843578449231 ], [ -1.031605193344372, 45.963117213743054 ], [ -1.030376606502948, 45.963395424239245 ], [ -1.029150586396303, 45.963673529546341 ], [ -1.027923264324362, 45.963951667492168 ], [ -1.026695929854354, 45.964229792133878 ], [ -1.02583730153414, 45.964422649876376 ], [ -1.025466964389619, 45.96450345274414 ], [ -1.024758829642762, 45.964650372155923 ], [ -1.024335849953296, 45.964895343421361 ], [ -1.023343623182749, 45.965471632252068 ], [ -1.022350086007942, 45.966047958236359 ], [ -1.021640353314085, 45.966456395890589 ], [ -1.02136297628531, 45.966624046300012 ], [ -1.02070706594036, 45.967026056182242 ], [ -1.020469761858345, 45.967264412958059 ], [ -1.01974046335868, 45.968007147405459 ], [ -1.019431354493962, 45.968324693990105 ], [ -1.019064704265677, 45.968775024402625 ], [ -1.018829709163088, 45.969062886506642 ], [ -1.018336328076901, 45.969513207350097 ], [ -1.018218779289286, 45.9696210730201 ], [ -1.017899304244936, 45.969672993339252 ], [ -1.017571595115919, 45.969594464499039 ], [ -1.017149527333163, 45.969604942648452 ], [ -1.016926405174034, 45.96961286445346 ], [ -1.016172641898005, 45.969950695283977 ], [ -1.016052156880958, 45.970036121282099 ], [ -1.015244513004171, 45.970610289126391 ], [ -1.015250115501299, 45.970704764405987 ], [ -1.015266900042124, 45.970970157899139 ], [ -1.015075100448093, 45.971017538887608 ], [ -1.014626966522755, 45.971078523387142 ], [ -1.014467524049808, 45.971214920976919 ], [ -1.014075187875118, 45.971544420688247 ], [ -1.013559311238506, 45.971846743178645 ], [ -1.013264153535967, 45.972019510902712 ], [ -1.013019690707225, 45.972249087493871 ], [ -1.012986580274264, 45.972592891389532 ], [ -1.012980854301524, 45.972656210443084 ], [ -1.012736715474917, 45.972890283071564 ], [ -1.012177709442452, 45.973275277151842 ], [ -1.01205463132066, 45.973360790364552 ], [ -1.011609426271471, 45.973462232793004 ], [ -1.011213933833691, 45.973341005447629 ], [ -1.011002688556356, 45.97331693602699 ], [ -1.010889163165005, 45.973302927165804 ], [ -1.01051930882063, 45.973586533575144 ], [ -1.009943826801173, 45.973692586750623 ], [ -1.009912236744179, 45.973702722812774 ], [ -1.008797750585191, 45.973954101911225 ], [ -1.00869427815275, 45.97398932564473 ], [ -1.007566453037517, 45.974430512043305 ], [ -1.007283444655372, 45.97453971698085 ], [ -1.006326130596412, 45.974641239968896 ], [ -1.0061284760767, 45.974661762794909 ], [ -1.00536078611325, 45.974774596829079 ], [ -1.005403261919485, 45.974984981578245 ], [ -1.005452862081996, 45.975222163704409 ], [ -1.005493255511084, 45.975883448347901 ], [ -1.005518547795981, 45.976301821410182 ], [ -1.005610627601528, 45.976749388149351 ], [ -1.005621621617085, 45.976776048549802 ], [ -1.005763929767641, 45.977149705004969 ], [ -1.005648731836856, 45.977379196029553 ], [ -1.00531639980347, 45.977521699174687 ], [ -1.00508302317181, 45.977620124621488 ], [ -1.004833570789199, 45.977764201095965 ], [ -1.004502182200026, 45.978186180358229 ], [ -1.004473842700894, 45.978223249298871 ], [ -1.004307927960236, 45.978679946328747 ], [ -1.004107719817841, 45.979038674779332 ], [ -1.003726298684238, 45.979732917008093 ], [ -1.003616150495439, 45.979872061681995 ], [ -1.003546260690147, 45.979960191150276 ], [ -1.003256589838516, 45.980511429443872 ], [ -1.003175857920709, 45.980717156804083 ], [ -1.002835556511161, 45.981585762515934 ], [ -1.002809177649142, 45.981649811110273 ], [ -1.002615675017818, 45.981656655252564 ], [ -1.002328869661171, 45.981572125578076 ], [ -1.001826268275721, 45.981454652140009 ], [ -1.00176463748987, 45.981425273758298 ], [ -1.001561993938839, 45.981324241355004 ], [ -1.001984284758801, 45.980817909039246 ], [ -1.002028649205906, 45.980681092584462 ], [ -1.002309946116734, 45.979819084641932 ], [ -1.002310254491298, 45.979805548978099 ], [ -1.002302710081719, 45.97968409298759 ], [ -1.002425163071524, 45.979589597020471 ], [ -1.002621865904404, 45.978951484278021 ], [ -1.002802814634538, 45.978363519087829 ], [ -1.002882486734292, 45.978072172573825 ], [ -1.003120843472487, 45.977189139333191 ], [ -1.003171921651132, 45.977002493907214 ], [ -1.003182131019331, 45.976289828413996 ], [ -1.003184557916628, 45.97614547839018 ], [ -1.003038514605954, 45.97588014965288 ], [ -1.002651133321276, 45.975497126803091 ], [ -1.002419673595839, 45.97526637662088 ], [ -1.002140686660445, 45.974915584220845 ], [ -1.002003176118248, 45.974785200196365 ], [ -1.001924803265996, 45.974774447297492 ], [ -1.001417160973541, 45.974711251544377 ], [ -1.000697837249387, 45.974511274116352 ], [ -0.999512740304462, 45.9741834927258 ], [ -0.999497262162272, 45.974184039818851 ], [ -0.998208618344997, 45.974139416168178 ], [ -0.998089298932731, 45.974134615742273 ], [ -0.997820837552231, 45.973963771556782 ], [ -0.99730259633385, 45.973932489933112 ], [ -0.997056648891508, 45.974035851198629 ], [ -0.9964828711935, 45.974272513524319 ], [ -0.995865392978437, 45.974334894874886 ], [ -0.995840885795072, 45.97433576031532 ], [ -0.994729750963125, 45.974099990966621 ], [ -0.994639429033472, 45.974067113806711 ], [ -0.993499115980709, 45.973643017292879 ], [ -0.992482364475948, 45.973264140628508 ], [ -0.992420701092082, 45.973180660118842 ], [ -0.992413521340146, 45.973081732517322 ], [ -0.992374685856449, 45.972546624117456 ], [ -0.99192404268109, 45.972733836221131 ], [ -0.991556240739082, 45.972886566543082 ], [ -0.991016110016674, 45.972499879426117 ], [ -0.991054758988342, 45.972444417545411 ], [ -0.991253814401035, 45.972175919380213 ], [ -0.991354242697697, 45.971581799809172 ], [ -0.991444722663381, 45.971046637894837 ], [ -0.991437968535796, 45.97068621843983 ], [ -0.991424307975747, 45.969785056047343 ], [ -0.991421575917397, 45.969604823567686 ], [ -0.991936510136568, 45.969591164998086 ], [ -0.991856315037374, 45.969323501056685 ], [ -0.991805301181108, 45.969244152887235 ], [ -0.991263876045787, 45.96842923280267 ], [ -0.990860319337349, 45.967821333959691 ], [ -0.990736327438107, 45.967609313006434 ], [ -0.99049964249534, 45.967198396928566 ], [ -0.99034647901023, 45.966798059377517 ], [ -0.990349665949068, 45.966752864789491 ], [ -0.990424121675045, 45.965943267563858 ], [ -0.99045436145439, 45.965861053031261 ], [ -0.9906461004013, 45.965349369395348 ], [ -0.990754129896441, 45.964984901195216 ], [ -0.990759895667533, 45.964939615612089 ], [ -0.990918744905917, 45.964045892755358 ], [ -0.990993194935278, 45.963628510097735 ], [ -0.991188835414392, 45.963170786097585 ], [ -0.991501921715054, 45.962442932803093 ], [ -0.991554361060824, 45.962310344138771 ], [ -0.991781471191868, 45.961716261725172 ], [ -0.991860540437804, 45.961433961846325 ], [ -0.99211351299874, 45.960554947805605 ], [ -0.992367440726721, 45.959671390974719 ], [ -0.992174868784475, 45.959547448617641 ], [ -0.992165515974025, 45.959543270460173 ], [ -0.991246831372122, 45.959300686126248 ], [ -0.990954409989591, 45.959279445590838 ], [ -0.990339583239096, 45.959233511736699 ], [ -0.990635186628702, 45.958817344288732 ], [ -0.991052497894839, 45.958225569552404 ], [ -0.991161269217904, 45.957996320818872 ], [ -0.991568675807457, 45.957143416328407 ], [ -0.991810025198934, 45.956638995076453 ], [ -0.992216122280629, 45.955786133752802 ], [ -0.992623496185249, 45.954933225455747 ], [ -0.992885098697055, 45.954387512292051 ], [ -0.993017637386805, 45.954076274153842 ], [ -0.993383074105927, 45.953215826242776 ], [ -0.993618858039313, 45.952652989453689 ], [ -0.993782348554717, 45.952358690185712 ], [ -0.994025973417524, 45.951921805838616 ], [ -0.994172585347568, 45.951501871430054 ], [ -0.994478989370156, 45.950629978707894 ], [ -0.994520785821194, 45.950511288576934 ], [ -0.994968183831868, 45.949801219049142 ], [ -0.995484437993432, 45.948971500825614 ], [ -0.995756724302333, 45.948538107448854 ], [ -0.996040986249646, 45.948162897200689 ], [ -0.996643620475407, 45.947366186392266 ], [ -0.997243985456748, 45.946574060200454 ], [ -0.997847874082197, 45.945777297411794 ], [ -0.998438136775641, 45.945237982353419 ], [ -0.999225141655782, 45.944524901602911 ], [ -1.000009547893486, 45.943811906573131 ], [ -1.000049474888046, 45.943774428365472 ], [ -1.001030988249555, 45.943266341200243 ], [ -1.0016136998363, 45.942961703768191 ], [ -1.001954034546363, 45.942647607616927 ], [ -1.002733222383557, 45.941934776185398 ], [ -1.003080951808776, 45.941615906197477 ], [ -1.003533342247987, 45.941225705877336 ], [ -1.003571013905843, 45.941192814379235 ], [ -1.003557238420788, 45.940967889212402 ], [ -1.003487532966981, 45.940880191858945 ], [ -1.003543463048222, 45.940742964043878 ], [ -1.003872171587426, 45.940429272857379 ], [ -1.004636142400772, 45.939703440341198 ], [ -1.005251360025227, 45.939118118709942 ], [ -1.005344318382397, 45.938957036937474 ], [ -1.005831956744375, 45.938128275975608 ], [ -1.006244633246368, 45.937423891440964 ], [ -1.006296686024125, 45.937286799268676 ], [ -1.00661732491488, 45.936418867993396 ], [ -1.006632424630659, 45.936377758561747 ], [ -1.006621469646249, 45.935517067894949 ], [ -1.00661544069569, 45.93502588051318 ], [ -1.006493183470048, 45.934624468624662 ], [ -1.006453720367556, 45.934490618962279 ], [ -1.006358431751801, 45.933998086109106 ], [ -1.006252133398682, 45.933744881385046 ], [ -1.006132272617418, 45.933465107538723 ], [ -1.005780175274787, 45.932977164886545 ], [ -1.0057237321787, 45.932929573652018 ], [ -1.004897104224789, 45.932242042666786 ], [ -1.004858994491935, 45.932162243841482 ], [ -1.004451740844065, 45.931306574114252 ], [ -1.004416249070623, 45.931262748542032 ], [ -1.004242657544413, 45.931043483578918 ], [ -1.003527529643772, 45.930626998964996 ], [ -1.003512698586974, 45.930618507614199 ], [ -1.002363597392468, 45.930239923421809 ], [ -1.001197757507566, 45.929861920497224 ], [ -1.000029029306904, 45.929479500067906 ], [ -0.999249347704925, 45.929223062708481 ], [ -0.998861279502041, 45.929092525292944 ], [ -0.997695161401544, 45.928709989591866 ], [ -0.997581387527165, 45.928673438343601 ], [ -0.996618209667443, 45.928220600992212 ], [ -0.995551896895142, 45.927717302126553 ], [ -0.995522238810675, 45.927700317332615 ], [ -0.994719209885572, 45.927228280384895 ], [ -0.994575098469717, 45.927129682995435 ], [ -0.993670768266171, 45.926489905732673 ], [ -0.992763881622954, 45.925850212272444 ], [ -0.991856690012394, 45.925206014833684 ], [ -0.991415678397073, 45.924896994035741 ], [ -0.991021656066679, 45.924523197754965 ], [ -0.990254912838317, 45.923801899091345 ], [ -0.989841561507909, 45.923410748636996 ], [ -0.989456950691035, 45.923095222309968 ], [ -0.988620689821676, 45.922412432994719 ], [ -0.987878971880802, 45.921893106932835 ], [ -0.987868011478112, 45.921884477155913 ], [ -0.987159631808404, 45.921129543897791 ], [ -0.986450308502983, 45.920379148376789 ], [ -0.986430965943241, 45.920361797660867 ], [ -0.9855919080709, 45.919710644826679 ], [ -0.985145469442996, 45.919361219898327 ], [ -0.984864038407282, 45.919096140765909 ], [ -0.984734764814213, 45.918969959941343 ], [ -0.983996383237052, 45.918495575755109 ], [ -0.983934519819096, 45.918479723281742 ], [ -0.983405773497911, 45.918331553797017 ], [ -0.982881883859242, 45.918214768198411 ], [ -0.982776798835148, 45.918119290465121 ], [ -0.982540521471929, 45.917906713577736 ], [ -0.982261951436914, 45.917555872164208 ], [ -0.981960686690167, 45.917462796759473 ], [ -0.980785599012616, 45.917093940174247 ], [ -0.980683782111868, 45.917061460280337 ], [ -0.979571592043842, 45.916794064969785 ], [ -0.97835276910566, 45.916498854889568 ], [ -0.9781961875215, 45.916459283951006 ], [ -0.977804425899834, 45.916382907431078 ], [ -0.977088977558784, 45.916403574301562 ], [ -0.97632327669207, 45.91642600441422 ], [ -0.975804016080163, 45.916462302381369 ], [ -0.974522936837019, 45.916556944649251 ], [ -0.973240240220757, 45.916647120937427 ], [ -0.971958827930815, 45.916737237404895 ], [ -0.970992451864183, 45.916807255998265 ], [ -0.970680645450145, 45.916854274728514 ], [ -0.969417303794597, 45.917033890486294 ], [ -0.96815556648424, 45.917217943681848 ], [ -0.967858893778706, 45.917259915046152 ], [ -0.96687930119863, 45.917343886382241 ], [ -0.965600446195591, 45.917451872742809 ], [ -0.964586055962554, 45.91753704475019 ], [ -0.96451515361794, 45.917449368603663 ], [ -0.964505136819414, 45.917364065173331 ], [ -0.964478647761884, 45.917157619567 ], [ -0.964392389832964, 45.916461882470337 ], [ -0.964129175784778, 45.916376442614322 ], [ -0.962971747201045, 45.916376454184139 ], [ -0.962645103794845, 45.916378889398281 ], [ -0.961683218245936, 45.916403589491139 ], [ -0.960395658234292, 45.91644420052701 ], [ -0.960444867323553, 45.917308037888311 ], [ -0.960453291410309, 45.917479051784277 ], [ -0.959686304588291, 45.917591576200564 ], [ -0.959644795971776, 45.91776884731518 ], [ -0.959635143892788, 45.917814266723951 ], [ -0.959186406705499, 45.917843509056631 ], [ -0.958349493308945, 45.917899867648003 ], [ -0.957937179142947, 45.918022500163659 ], [ -0.957019129852095, 45.918298079526544 ], [ -0.956766589176661, 45.918397082018274 ], [ -0.955758348492391, 45.918784002532945 ], [ -0.955663972949059, 45.918854926866345 ], [ -0.954768515419727, 45.919499362088921 ], [ -0.954460254295252, 45.919722027577926 ], [ -0.953990636052416, 45.920216314902326 ], [ -0.953521652280514, 45.920701561568528 ], [ -0.95330680693497, 45.92092997267013 ], [ -0.952739873776625, 45.92141864098874 ], [ -0.952448028417122, 45.92167228311834 ], [ -0.952085982731739, 45.922189848915998 ], [ -0.951515842327329, 45.922994189910256 ], [ -0.95137733098364, 45.92318837181881 ], [ -0.950725882885941, 45.923075896501921 ], [ -0.95045395842224, 45.922977204551479 ], [ -0.950133385777038, 45.922866687529392 ], [ -0.950123719777337, 45.922858009068236 ], [ -0.949857263281438, 45.922637405928526 ], [ -0.949708766461324, 45.922908572242953 ], [ -0.949622751755975, 45.92297018270569 ], [ -0.948689532398138, 45.924621190432276 ], [ -0.94853976603458, 45.92534320905925 ], [ -0.948601052168123, 45.926377931355162 ], [ -0.948856948196582, 45.927405856639275 ], [ -0.949211408809338, 45.927934447772614 ], [ -0.950302806050508, 45.928937691700199 ], [ -0.950609954374086, 45.929742926714219 ], [ -0.95131055256743, 45.930665147017137 ], [ -0.951532942186615, 45.931153266744822 ], [ -0.951809769039831, 45.931463667329375 ], [ -0.952006329743588, 45.931501878242727 ], [ -0.95248844772896, 45.932025999082718 ], [ -0.953033403154174, 45.932507348328066 ], [ -0.953594844084776, 45.933254097546111 ], [ -0.954553649031499, 45.934171780662091 ], [ -0.954776081536923, 45.934659894018246 ], [ -0.955064456165303, 45.936227648838667 ], [ -0.954866131715455, 45.937226371191841 ], [ -0.954804784234934, 45.938351037883393 ], [ -0.954268527786272, 45.940168529256141 ], [ -0.953927690912762, 45.940946826338028 ], [ -0.953963238359311, 45.941531638343612 ], [ -0.954521553104892, 45.942233414761397 ], [ -0.954467440990474, 45.942415631591409 ], [ -0.953842581738519, 45.942748539592245 ], [ -0.95360349519725, 45.943072466200853 ], [ -0.953496399104786, 45.944514298278015 ], [ -0.953365706989024, 45.945555732834968 ], [ -0.953586233941202, 45.945998835240154 ], [ -0.953728729449377, 45.94621925954295 ], [ -0.953735842049074, 45.946354254309732 ], [ -0.952960039485358, 45.946331783434459 ], [ -0.952394419350633, 45.946572448850603 ], [ -0.951408565309996, 45.947368766937636 ], [ -0.950038155593155, 45.948173998509375 ], [ -0.948783729593439, 45.94879483880743 ], [ -0.947440938546167, 45.949013019657237 ], [ -0.94661740579005, 45.949262655530916 ], [ -0.945135348153554, 45.949305344194066 ], [ -0.942998324743965, 45.949190525147827 ], [ -0.942212180765615, 45.948988016654759 ], [ -0.941344833934579, 45.948517847936955 ], [ -0.941212362439259, 45.948472875308845 ], [ -0.940216516894416, 45.946929746238695 ], [ -0.93883460652287, 45.945391040457658 ], [ -0.938219073763763, 45.944826427084273 ], [ -0.937797900380502, 45.944250535533975 ], [ -0.936509835515143, 45.943208933512388 ], [ -0.935712228119852, 45.942826460201509 ], [ -0.935440897641049, 45.942610499438501 ], [ -0.933110689514715, 45.941415784686527 ], [ -0.927820790856364, 45.939273489841739 ], [ -0.92473379090158, 45.938370871211006 ], [ -0.921921667452626, 45.937733628234696 ], [ -0.919516780708801, 45.937442844276461 ], [ -0.917683997601452, 45.937001458594658 ], [ -0.916443438062624, 45.936764934788677 ], [ -0.915528665725309, 45.936566705419828 ], [ -0.913188315088659, 45.936273555235402 ], [ -0.911963417695357, 45.936311429244633 ], [ -0.910946558607935, 45.936567494524418 ], [ -0.910002116114514, 45.936951778085437 ], [ -0.909443407614293, 45.937327226338823 ], [ -0.909193887742772, 45.937471092092146 ], [ -0.909073272869528, 45.937610501258519 ], [ -0.90888181758227, 45.937662199299929 ], [ -0.90770629379349, 45.93850524830939 ], [ -0.905590335240786, 45.93982705696817 ], [ -0.901509515220536, 45.941744058088659 ], [ -0.900623322092384, 45.942040597205242 ], [ -0.898641966926244, 45.942365872229686 ], [ -0.894322288622656, 45.942447083481198 ], [ -0.892307276764596, 45.94218737264945 ], [ -0.890231920941341, 45.942024368993479 ], [ -0.889381614511574, 45.941823710945854 ], [ -0.886400598673804, 45.940510705484421 ], [ -0.883705989724827, 45.939115664057404 ], [ -0.883559247169908, 45.939215369749583 ], [ -0.879802969007185, 45.9372391124393 ], [ -0.87808442982584, 45.935864549632143 ], [ -0.87709018146452, 45.934645447912224 ], [ -0.876799303492828, 45.934037839179361 ], [ -0.87638941908331, 45.933776909725154 ], [ -0.874740292031319, 45.932449509923451 ], [ -0.873004378988441, 45.931760673359065 ], [ -0.872168733784296, 45.931361044539329 ], [ -0.871513499694697, 45.930752378175342 ], [ -0.871155122655791, 45.930322876255872 ], [ -0.87099473226602, 45.929787421921112 ], [ -0.870936772563294, 45.928797672754442 ], [ -0.871332106690833, 45.927841990262095 ], [ -0.872482774450484, 45.926549393406766 ], [ -0.872477737513418, 45.9264594082548 ], [ -0.872605331822241, 45.926455037900119 ], [ -0.875088440355171, 45.923683254762629 ], [ -0.875451738339514, 45.923265091407977 ], [ -0.876410782499442, 45.922024095788814 ], [ -0.876809139212045, 45.921113364580393 ], [ -0.876828771176268, 45.920346349054711 ], [ -0.8765230699668, 45.919545411193653 ], [ -0.875968827315229, 45.918883723763429 ], [ -0.873679180815792, 45.917240192868213 ], [ -0.871979601166194, 45.915756725162545 ], [ -0.871239072667938, 45.915236635036436 ], [ -0.870759746687174, 45.914757183030616 ], [ -0.870450420736752, 45.913866199443206 ], [ -0.869946222530882, 45.912977379556551 ], [ -0.86743543422044, 45.91084544260606 ], [ -0.867084709707891, 45.910357069224631 ], [ -0.866547934244839, 45.910014803634887 ], [ -0.865861906989507, 45.909312503670677 ], [ -0.86480572786574, 45.908893329613392 ], [ -0.863128012480454, 45.907769626900155 ], [ -0.861399133413253, 45.906873042304341 ], [ -0.859158116124428, 45.906039000340023 ], [ -0.857263989168743, 45.905639353755788 ], [ -0.855971596706994, 45.905588790467 ], [ -0.853462787853422, 45.905705913050681 ], [ -0.851863970450819, 45.905927204150231 ], [ -0.848063670971044, 45.907115996284546 ], [ -0.846866920751941, 45.907603009092249 ], [ -0.844453333013869, 45.908253115866515 ], [ -0.841168410438901, 45.909428642288383 ], [ -0.840855949698857, 45.909615064688865 ], [ -0.838875721439274, 45.909943790465753 ], [ -0.836558105456201, 45.910008958511803 ], [ -0.835262184855448, 45.909908689945695 ], [ -0.833626104518313, 45.909504400310716 ], [ -0.831740454055211, 45.909243781914981 ], [ -0.830249452197436, 45.909104992478156 ], [ -0.828745403777537, 45.908741237523266 ], [ -0.827638145214871, 45.908548844633174 ], [ -0.826996733017952, 45.908611134145161 ], [ -0.82669079046188, 45.908891958115255 ], [ -0.825848021265053, 45.908825825406616 ], [ -0.825386832197243, 45.908656617476971 ], [ -0.824542233868457, 45.908545459624307 ], [ -0.824007028724445, 45.908202948622112 ], [ -0.823589162317898, 45.907671648209693 ], [ -0.823351847342045, 45.90691335939804 ], [ -0.823356065014717, 45.905876435059128 ], [ -0.822918718244777, 45.904989680130441 ], [ -0.8218752666589, 45.903668140200985 ], [ -0.820457713069032, 45.901457691989805 ], [ -0.820233485296602, 45.900924343485862 ], [ -0.819813880265326, 45.900348013670445 ], [ -0.81970587668831, 45.899833274595068 ], [ -0.819558686277077, 45.899274782623863 ], [ -0.819484032251771, 45.897974570351757 ], [ -0.819575640742106, 45.897340391035264 ], [ -0.819319810672286, 45.895140247947005 ], [ -0.818950137414216, 45.894296272790619 ], [ -0.818766168414182, 45.893355866286605 ], [ -0.818220623810782, 45.891706441474085 ], [ -0.81765124008508, 45.890774549678078 ], [ -0.81710507566118, 45.890252074523069 ], [ -0.815858960186913, 45.888757031047234 ], [ -0.814558080535762, 45.887439626249567 ], [ -0.813937705183685, 45.886739334676996 ], [ -0.812572523030972, 45.885424080930036 ], [ -0.809683465759354, 45.883389391834392 ], [ -0.807629329353025, 45.882412854752772 ], [ -0.805132242003058, 45.881581926428161 ], [ -0.803113978257685, 45.881235180487245 ], [ -0.801868433406988, 45.88086239717947 ], [ -0.799582515731451, 45.880339782199705 ], [ -0.797710944150884, 45.88030354577505 ], [ -0.795955242764605, 45.880038001618836 ], [ -0.792732153143876, 45.880038073144362 ], [ -0.791380620694161, 45.88007442498423 ], [ -0.78991628685093, 45.880385004108327 ], [ -0.788112202579582, 45.880391421338274 ], [ -0.786770444183919, 45.880607695693548 ], [ -0.784615207982868, 45.881252388628525 ], [ -0.783993106017067, 45.881629330925414 ], [ -0.783550332573795, 45.881779389704718 ], [ -0.781601049567423, 45.882642506279844 ], [ -0.781353242123647, 45.882831106027382 ], [ -0.780716960097138, 45.88298312218992 ], [ -0.779772529092542, 45.883366318271136 ], [ -0.77812153117003, 45.883818213042453 ], [ -0.776263977657095, 45.884006530100905 ], [ -0.772852338958736, 45.884102481301611 ], [ -0.772534920901382, 45.884198725373501 ], [ -0.771503771947291, 45.884183568759425 ], [ -0.770337369146904, 45.884078256966049 ], [ -0.768534949595598, 45.884129378080054 ], [ -0.766743535690799, 45.884360407004479 ], [ -0.764747606253043, 45.884413411216578 ], [ -0.763189976968186, 45.88423091032297 ], [ -0.762469817696271, 45.884025009156673 ], [ -0.761110553696491, 45.883930533042225 ], [ -0.759673824922944, 45.883608732539479 ], [ -0.757663378904191, 45.883391641559875 ], [ -0.755279323316576, 45.883412312406925 ], [ -0.753420417633891, 45.883600296963948 ], [ -0.752197564688281, 45.88363190150374 ], [ -0.750536664809717, 45.88390341271483 ], [ -0.749442902960421, 45.883935209246758 ], [ -0.748073697545412, 45.883656098051382 ], [ -0.746163914042885, 45.882944143341142 ], [ -0.745178371398946, 45.882611708243786 ], [ -0.743804397494218, 45.882242554690663 ], [ -0.741892952130692, 45.881485511155539 ], [ -0.740000825599756, 45.881088398840738 ], [ -0.737079109497167, 45.880716303667548 ], [ -0.735059545758288, 45.88032332618284 ], [ -0.733425078984421, 45.879917587744188 ], [ -0.730919620485745, 45.87890503840341 ], [ -0.729225633851733, 45.878591357100035 ], [ -0.725398840245332, 45.87815418392119 ], [ -0.723843545469147, 45.878268567372096 ], [ -0.723730144829703, 45.878290335292313 ], [ -0.721877075321997, 45.87856325286625 ], [ -0.720797758135325, 45.878864747225876 ], [ -0.715658971326634, 45.879182627833806 ], [ -0.714037260191238, 45.879001567719165 ], [ -0.712563279584964, 45.879135658318532 ], [ -0.710972920017748, 45.879534983868759 ], [ -0.709145166955794, 45.880262108489234 ], [ -0.707050407355524, 45.880858233333804 ], [ -0.705326261773051, 45.881131151066711 ], [ -0.701979074366109, 45.881222851639208 ], [ -0.698243469879624, 45.881277586721012 ], [ -0.693609029243474, 45.88140215451098 ], [ -0.688777933792618, 45.881442805161392 ], [ -0.686709901215889, 45.881361565770639 ], [ -0.68508177460726, 45.881045079596227 ], [ -0.683829602593259, 45.880540525051195 ], [ -0.682505030202968, 45.879898589144887 ], [ -0.681977424809935, 45.879690417748989 ], [ -0.681435360212461, 45.879207766276629 ], [ -0.681267519733128, 45.878492058143024 ], [ -0.681222910630044, 45.876510273924019 ], [ -0.681549041464137, 45.875422386993392 ], [ -0.682431342268735, 45.873870140843096 ], [ -0.683415466820416, 45.873031236845151 ], [ -0.684600750666396, 45.872325490217314 ], [ -0.686618578250605, 45.87150692104305 ], [ -0.688197831501866, 45.870923496559811 ], [ -0.690137404290808, 45.869882047265101 ], [ -0.693297435767482, 45.868760095430147 ], [ -0.695836516158656, 45.868059529589004 ], [ -0.697497509525368, 45.867793319591904 ], [ -0.698980277835936, 45.867794351090588 ], [ -0.700408470086656, 45.867981954947695 ], [ -0.701305783933549, 45.86791198696698 ], [ -0.702509300093273, 45.867520963091039 ], [ -0.703818221878073, 45.866720801731589 ], [ -0.704558209084034, 45.866115075799883 ], [ -0.704851997125177, 45.865609622938216 ], [ -0.70493089784553, 45.864710057981405 ], [ -0.704593412347916, 45.86327875394386 ], [ -0.703959116927138, 45.861135997509116 ], [ -0.703734143239322, 45.860552904175385 ], [ -0.70366227131613, 45.859252617725858 ], [ -0.703781917754877, 45.857941542753643 ], [ -0.703720543928872, 45.856816701430681 ], [ -0.703269958444713, 45.855659550727019 ], [ -0.702789590223606, 45.855134413469692 ], [ -0.701723165961318, 45.854488758034549 ], [ -0.700739829097411, 45.854196455629982 ], [ -0.699318329483184, 45.854103303920269 ], [ -0.695707257221281, 45.854063787516587 ], [ -0.692169890626528, 45.854161474905958 ], [ -0.690163794042332, 45.853988159254214 ], [ -0.688729980960289, 45.853710475072425 ], [ -0.687220942886611, 45.853214368314724 ], [ -0.68609007470175, 45.852566169521261 ], [ -0.684704601262116, 45.85162965313625 ], [ -0.684684511588064, 45.851358996416486 ], [ -0.684798061692221, 45.851225395002643 ], [ -0.684807932085343, 45.851213781604613 ], [ -0.685268887184805, 45.851686992637418 ], [ -0.686266276679018, 45.852249408927747 ], [ -0.688436406158736, 45.85304395849235 ], [ -0.690069745797514, 45.85345034704806 ], [ -0.691694075397187, 45.853721785820504 ], [ -0.693498584830418, 45.853716865075874 ], [ -0.696648012173988, 45.853586761766309 ], [ -0.699555504340263, 45.853734941282887 ], [ -0.701242520739311, 45.853959116703663 ], [ -0.702291650681928, 45.854289824274233 ], [ -0.703163250276619, 45.854896789542089 ], [ -0.703843507196218, 45.855555099051244 ], [ -0.704215468787577, 45.856444381816914 ], [ -0.704391318216793, 45.857295022925022 ], [ -0.704183719354162, 45.859370737697816 ], [ -0.704384648548561, 45.860671298449503 ], [ -0.704986399811446, 45.862233663183993 ], [ -0.705410321648863, 45.864067798290783 ], [ -0.705713230358025, 45.864869196021786 ], [ -0.705695998286525, 45.865726171794122 ], [ -0.705468028504019, 45.866270034554141 ], [ -0.704421716047781, 45.867156259202225 ], [ -0.703236796897682, 45.867862213567548 ], [ -0.702168080317938, 45.868338975104386 ], [ -0.701277245322694, 45.868543959776702 ], [ -0.699536632238811, 45.868546896039625 ], [ -0.698502778652695, 45.868486098466754 ], [ -0.696832279043279, 45.8685723378684 ], [ -0.695173287907931, 45.868888053065923 ], [ -0.690996633315526, 45.870264145188749 ], [ -0.689244195567127, 45.871209349883074 ], [ -0.686029011311903, 45.872513275778971 ], [ -0.685346675105085, 45.872981769076716 ], [ -0.684977241253535, 45.873304829812426 ], [ -0.684873385374552, 45.873758954555854 ], [ -0.685042546004011, 45.874474615264226 ], [ -0.685601484422633, 45.875267706923104 ], [ -0.685813863156878, 45.875625874624532 ], [ -0.686427757109585, 45.876236874981466 ], [ -0.689399238178486, 45.879849441464913 ], [ -0.690213163911031, 45.880593620417514 ], [ -0.690871625151511, 45.880847060958978 ], [ -0.691391525277713, 45.88092022248874 ], [ -0.69589714017797, 45.880799958955379 ], [ -0.697963877308643, 45.880881072451452 ], [ -0.701114845376479, 45.880750844595937 ], [ -0.703047740040767, 45.880741594260741 ], [ -0.705365568491079, 45.880679119540055 ], [ -0.707656996903594, 45.88016672058427 ], [ -0.711327934296771, 45.878941861876307 ], [ -0.712725249847629, 45.878589442197878 ], [ -0.714334364293551, 45.878545562387949 ], [ -0.715886893986352, 45.878638744386784 ], [ -0.719227831039001, 45.87845668270932 ], [ -0.722619076938069, 45.878006923065179 ], [ -0.723127809186204, 45.877818873843488 ], [ -0.723379453576648, 45.877760997812501 ], [ -0.725824626560462, 45.877693901442527 ], [ -0.727767002566084, 45.877864211449669 ], [ -0.728678368785831, 45.878018940905797 ], [ -0.730570612910509, 45.878420740124959 ], [ -0.732074639057009, 45.878826319501179 ], [ -0.733132583280472, 45.879296203878674 ], [ -0.734771532662404, 45.87978744021737 ], [ -0.736267598844414, 45.880017436466758 ], [ -0.737701047094528, 45.880294560181987 ], [ -0.738933463941754, 45.880443094285795 ], [ -0.741083134404535, 45.880831695241135 ], [ -0.742716396725125, 45.881237365636345 ], [ -0.743378161810994, 45.881535474370246 ], [ -0.744291400375614, 45.881735094675136 ], [ -0.745797211393825, 45.882144946225033 ], [ -0.747974204166488, 45.883028343312347 ], [ -0.749343393491888, 45.883307455709875 ], [ -0.750504599801207, 45.883318496257623 ], [ -0.751076573164789, 45.883168788220487 ], [ -0.753715445186695, 45.883099171610439 ], [ -0.754865677965359, 45.882930229561602 ], [ -0.755704900803482, 45.882951917381504 ], [ -0.757892683698908, 45.882892689947425 ], [ -0.761208949446253, 45.883386348409708 ], [ -0.762122283181076, 45.883585824686655 ], [ -0.763476992415422, 45.883594796105555 ], [ -0.764454733788104, 45.883792108390345 ], [ -0.767098172322562, 45.88380767192109 ], [ -0.767798897085145, 45.883653584825623 ], [ -0.76889116229198, 45.883581091749853 ], [ -0.769214928330982, 45.883615366510753 ], [ -0.771336537533385, 45.883513011014543 ], [ -0.775975853134529, 45.883475246459192 ], [ -0.777129108164118, 45.88335105106836 ], [ -0.77929119126325, 45.882841506160496 ], [ -0.78175257660686, 45.881916213243997 ], [ -0.782751588811463, 45.881350866440506 ], [ -0.783827527635937, 45.881003807757523 ], [ -0.785025853682519, 45.880521916386328 ], [ -0.786868580806055, 45.88006348878897 ], [ -0.790842804209702, 45.879686784494268 ], [ -0.793219974062269, 45.879530359249848 ], [ -0.796051477668276, 45.879448770879634 ], [ -0.797229462362886, 45.879778810073482 ], [ -0.798970423381125, 45.879774369415117 ], [ -0.801240274581371, 45.880027075368446 ], [ -0.802684864212512, 45.880478810967077 ], [ -0.803335816464016, 45.880596635647976 ], [ -0.804522873343981, 45.881057018808903 ], [ -0.805367320871953, 45.881172823334524 ], [ -0.805824802131202, 45.881292643259506 ], [ -0.806538343553744, 45.881363264518029 ], [ -0.807585517909058, 45.881648022119812 ], [ -0.808718098293733, 45.882290507423342 ], [ -0.809710547176786, 45.882716830214719 ], [ -0.810646883284896, 45.883320838206984 ], [ -0.811244335345829, 45.88361622436188 ], [ -0.811782644637381, 45.884008265028761 ], [ -0.81197765097197, 45.884046762547086 ], [ -0.812256255628909, 45.884397978852846 ], [ -0.813466639746387, 45.885267688589138 ], [ -0.815579732446827, 45.887278912154841 ], [ -0.816143792091165, 45.888116329523719 ], [ -0.817852194060128, 45.889780566821798 ], [ -0.818830884029577, 45.891104320322967 ], [ -0.819406756058887, 45.8921667119589 ], [ -0.819992673133935, 45.894490928036483 ], [ -0.820096125495908, 45.89516359119046 ], [ -0.82039646491427, 45.89591975275318 ], [ -0.82041822684501, 45.897406570469258 ], [ -0.820356323500141, 45.898580675073994 ], [ -0.820753373658938, 45.899874495658509 ], [ -0.820903288284672, 45.900230046166627 ], [ -0.821084197174242, 45.901125477348714 ], [ -0.821495438096599, 45.901562345966219 ], [ -0.822550035591227, 45.903063820480746 ], [ -0.823654787843483, 45.904338202933005 ], [ -0.823811522388335, 45.904828752339661 ], [ -0.824030844744372, 45.90527210649141 ], [ -0.824477051105043, 45.907420727860988 ], [ -0.82469357858093, 45.907823606089394 ], [ -0.82547967896639, 45.90802238970182 ], [ -0.827089873666284, 45.907981402224955 ], [ -0.827284975497563, 45.908019873352963 ], [ -0.82850304981293, 45.90789297243866 ], [ -0.82903675456905, 45.908194943980952 ], [ -0.829494511526226, 45.908314668165161 ], [ -0.829891288085354, 45.908486042323879 ], [ -0.831452951431987, 45.908712595934112 ], [ -0.832938974932873, 45.908761382615673 ], [ -0.836842806570032, 45.909368204712329 ], [ -0.838262583969587, 45.90937409312594 ], [ -0.839540417607125, 45.909159396098943 ], [ -0.841251667751713, 45.908659487462813 ], [ -0.841565969929985, 45.908518079122601 ], [ -0.842135794713032, 45.908318398189699 ], [ -0.842825358855726, 45.907983916957626 ], [ -0.845361515282643, 45.907239518941118 ], [ -0.848915488496581, 45.906239521531695 ], [ -0.850558433846313, 45.90565163582712 ], [ -0.85214693034969, 45.905245893992678 ], [ -0.853748558590176, 45.905065072812967 ], [ -0.856001529187721, 45.90500175041344 ], [ -0.856191632250546, 45.90495018580755 ], [ -0.85721978554235, 45.904879037366221 ], [ -0.858262656414394, 45.905073339802684 ], [ -0.860553307364472, 45.905639739163554 ], [ -0.863199370474839, 45.906779967125935 ], [ -0.863724763513161, 45.906942321580402 ], [ -0.865663303527735, 45.908102173095067 ], [ -0.866260346123959, 45.908401809688918 ], [ -0.86746360837336, 45.909131488279201 ], [ -0.867670085860089, 45.909349816389124 ], [ -0.868212206092066, 45.90978655904707 ], [ -0.868764393681022, 45.910403269726757 ], [ -0.869446996014589, 45.91105608445055 ], [ -0.870969474561096, 45.91281612086776 ], [ -0.871252345660491, 45.913257221160393 ], [ -0.871549739707229, 45.913923217516029 ], [ -0.872391219396423, 45.915070950395673 ], [ -0.873559919682491, 45.916297623448649 ], [ -0.874773530585245, 45.917207194519968 ], [ -0.876808644306724, 45.918904512654031 ], [ -0.877301630349831, 45.919613376314992 ], [ -0.877495486290632, 45.920733701612903 ], [ -0.877417444479473, 45.921588370990669 ], [ -0.877252525313749, 45.922089895967076 ], [ -0.876602751504312, 45.923099408046902 ], [ -0.87611155955965, 45.923517452509522 ], [ -0.874351020213285, 45.925412510349901 ], [ -0.873813947269636, 45.926152175814785 ], [ -0.872900939033758, 45.927076016103072 ], [ -0.87207467925761, 45.928407094464596 ], [ -0.871861327666221, 45.929176232888459 ], [ -0.871968640996471, 45.929893819142791 ], [ -0.872448425481115, 45.930377763109057 ], [ -0.874234464155603, 45.931137015190217 ], [ -0.875644922784981, 45.932084922612034 ], [ -0.876109628382254, 45.932298896018828 ], [ -0.876721217819183, 45.932818876592428 ], [ -0.877286989528528, 45.933660486047557 ], [ -0.877965251151975, 45.934227761532803 ], [ -0.879688612340566, 45.936111552005983 ], [ -0.880568509628464, 45.936807132884425 ], [ -0.881367528540689, 45.937235009200442 ], [ -0.884546670615699, 45.938631489757142 ], [ -0.885893042159438, 45.93958148351286 ], [ -0.888078041749327, 45.940511649095285 ], [ -0.890047864966689, 45.941084034224247 ], [ -0.893564080263874, 45.941612172659589 ], [ -0.894531878072734, 45.941628435858192 ], [ -0.894975148013197, 45.941482439508533 ], [ -0.89555240768571, 45.941421984914854 ], [ -0.897576641148435, 45.941812050396173 ], [ -0.898604139653597, 45.941740570198725 ], [ -0.900330508580198, 45.941464661178657 ], [ -0.901598353838725, 45.941064798358433 ], [ -0.904611095431727, 45.939630965407716 ], [ -0.905106987116501, 45.939298283970622 ], [ -0.905859109590555, 45.938916178616999 ], [ -0.907161675158999, 45.938023680862159 ], [ -0.908879330526058, 45.936535288706281 ], [ -0.909755193243196, 45.936058717980572 ], [ -0.910962525993764, 45.935755503691368 ], [ -0.913341771187694, 45.935596552812555 ], [ -0.914640026494592, 45.935736443835786 ], [ -0.915295068761946, 45.935898593146071 ], [ -0.916009457030791, 45.935968523473001 ], [ -0.917704977502132, 45.936279449939562 ], [ -0.9190202107181, 45.936693692354098 ], [ -0.919476486907014, 45.936768038461103 ], [ -0.919833450218454, 45.936264291206591 ], [ -0.920346176867433, 45.936205944325089 ], [ -0.923663894935397, 45.936649867857376 ], [ -0.925301441037144, 45.937052854991947 ], [ -0.92660488732883, 45.937282591538498 ], [ -0.92759058063731, 45.937568430703756 ], [ -0.928515671977324, 45.93794652784684 ], [ -0.929900611251492, 45.938448387298394 ], [ -0.930830233516418, 45.938871389611307 ], [ -0.931490495164068, 45.939123427709013 ], [ -0.935667092072273, 45.940984233516318 ], [ -0.936466277726299, 45.941407223850533 ], [ -0.936797241261993, 45.941535452936371 ], [ -0.937997015656599, 45.942174398771115 ], [ -0.9391458727617, 45.943040510011819 ], [ -0.939628291234435, 45.943569182496852 ], [ -0.940659872475535, 45.944619688572814 ], [ -0.942611620215329, 45.947040126329867 ], [ -0.943218846462642, 45.947469765336479 ], [ -0.943685877142336, 45.947728474618863 ], [ -0.944729863653508, 45.947921979726125 ], [ -0.946021717555999, 45.947931012251694 ], [ -0.946914856964631, 45.947769112925073 ], [ -0.948374931180246, 45.947366519045744 ], [ -0.949629329260207, 45.946745683275338 ], [ -0.950619075005425, 45.946039407347811 ], [ -0.95104027428435, 45.945533309972141 ], [ -0.951437244140961, 45.94461781955664 ], [ -0.95145939655379, 45.943900256498843 ], [ -0.951335518706222, 45.942912801197188 ], [ -0.951590120780976, 45.942858824139783 ], [ -0.952116440979602, 45.943025264769524 ], [ -0.952567644963085, 45.943009495893904 ], [ -0.952891880276521, 45.940883858998021 ], [ -0.953810681801306, 45.936853041670012 ], [ -0.953800164400349, 45.935591137482497 ], [ -0.953549308206523, 45.934653204860481 ], [ -0.952985590657073, 45.933856945300114 ], [ -0.952854756740331, 45.93381643805845 ], [ -0.952417192992613, 45.934057139424439 ], [ -0.952108197629965, 45.934288837219412 ], [ -0.951850407548469, 45.93429784717916 ], [ -0.951086273829143, 45.933373340344069 ], [ -0.950455255207457, 45.932538848685738 ], [ -0.948508838010027, 45.930208527904618 ], [ -0.947305929693366, 45.928442783905005 ], [ -0.946645688208716, 45.927108896873527 ], [ -0.947547194440531, 45.927086439618904 ], [ -0.947463730327583, 45.92676927902081 ], [ -0.947318359914931, 45.925426434079263 ], [ -0.947457501701619, 45.924519956684264 ], [ -0.947968092698041, 45.923334530086713 ], [ -0.948694845740295, 45.922281301305823 ], [ -0.948850759297507, 45.922059466462578 ], [ -0.948861067315656, 45.92204107399575 ], [ -0.948506353112115, 45.921922729061016 ], [ -0.948396169430005, 45.921881496500362 ], [ -0.948359764410477, 45.921878259910102 ], [ -0.94709847507634, 45.921692392517841 ], [ -0.947201874732688, 45.921332642713281 ], [ -0.947426083915666, 45.920982198587467 ], [ -0.947674772444362, 45.920594834300111 ], [ -0.948046520560534, 45.920194155379541 ], [ -0.94840151245245, 45.919812092710053 ], [ -0.948756178232442, 45.919443564445388 ], [ -0.949479347502958, 45.9187015125163 ], [ -0.949616570364523, 45.918561475016702 ], [ -0.950363900148205, 45.918048485751946 ], [ -0.950856421612166, 45.917711197168835 ], [ -0.951275816274742, 45.917417035380382 ], [ -0.952179012053371, 45.916772357498246 ], [ -0.952835136260776, 45.916303112105169 ], [ -0.953026476092076, 45.916251339720056 ], [ -0.953145997211416, 45.916314781503687 ], [ -0.95335926685199, 45.916424533652915 ], [ -0.953552546535461, 45.91641777366079 ], [ -0.954235415435589, 45.916087335720214 ], [ -0.955295457028252, 45.915576895643717 ], [ -0.95593449963185, 45.915266012770054 ], [ -0.956175716916754, 45.914991591308357 ], [ -0.95622016815096, 45.914981019256629 ], [ -0.95692333152326, 45.914807637879029 ], [ -0.957828127885424, 45.914582110712026 ], [ -0.958150240271795, 45.914534766446273 ], [ -0.95821176425221, 45.914528103857656 ], [ -0.958198119588431, 45.915380617541743 ], [ -0.958265776976883, 45.915423329568988 ], [ -0.958656198100753, 45.915427689464089 ], [ -0.95994503897653, 45.915441150141469 ], [ -0.960370573329889, 45.915448782123391 ], [ -0.961233228184251, 45.915427570185003 ], [ -0.961219631921609, 45.915202639913652 ], [ -0.961033367341748, 45.914947695559931 ], [ -0.960868372350385, 45.914719054437775 ], [ -0.960988806092322, 45.91457959011187 ], [ -0.961498052549188, 45.914476088803433 ], [ -0.961656535470852, 45.914470534232393 ], [ -0.962849989626844, 45.914433206559671 ], [ -0.96294372484628, 45.914425412052779 ], [ -0.963811809227371, 45.914318334788057 ], [ -0.964218966774304, 45.914304055732963 ], [ -0.965163740634391, 45.914275424893489 ], [ -0.965493892795378, 45.914214252954224 ], [ -0.966246633620096, 45.91406612180122 ], [ -0.966443142284549, 45.914104307634318 ], [ -0.966743347736864, 45.914075739897875 ], [ -0.967084459808194, 45.914041227490927 ], [ -0.96764449080455, 45.913710507846837 ], [ -0.967845474896367, 45.913667387363489 ], [ -0.967898942007089, 45.913656494109127 ], [ -0.968809617660534, 45.913764274076293 ], [ -0.969117574597966, 45.913789525644319 ], [ -0.969262854089706, 45.913797948441321 ], [ -0.970348639920267, 45.913629077069167 ], [ -0.970379562770234, 45.913627990848532 ], [ -0.971183214935664, 45.913559184672323 ], [ -0.971658679087657, 45.913596576641986 ], [ -0.97294204806531, 45.913695735329739 ], [ -0.974164215352796, 45.913788015166624 ], [ -0.974222844754767, 45.913794970064323 ], [ -0.975502043012515, 45.913907771208152 ], [ -0.976778994320498, 45.914025145306255 ], [ -0.977067629518556, 45.914051055214202 ], [ -0.977937402113564, 45.914128644483128 ], [ -0.97834841996359, 45.914114178537972 ], [ -0.97911600375044, 45.914064618154875 ], [ -0.979533776685707, 45.914036385505767 ], [ -0.9803717126624, 45.914191716293502 ], [ -0.980772481475894, 45.91426776627813 ], [ -0.981160113011082, 45.914447966025541 ], [ -0.981527396719632, 45.914543225617408 ], [ -0.981695583496238, 45.914600415801438 ], [ -0.982666732482086, 45.914989971817114 ], [ -0.983480649792695, 45.915312930052622 ], [ -0.983790299607989, 45.915432754755464 ], [ -0.984801095909878, 45.915816387933766 ], [ -0.984898748274933, 45.915880568365104 ], [ -0.985825019250544, 45.916506107680966 ], [ -0.986748734211532, 45.917131730306842 ], [ -0.987677949919112, 45.917761660290822 ], [ -0.98850114303693, 45.918318684766568 ], [ -0.988622309404817, 45.918368507969497 ], [ -0.989362523535847, 45.91867148642568 ], [ -0.989823350845344, 45.918862599991932 ], [ -0.990423776368706, 45.919179522263761 ], [ -0.990786354422497, 45.919369592212362 ], [ -0.991389011745041, 45.919645856964735 ], [ -0.99155272195054, 45.919712207915524 ], [ -0.991976317997152, 45.920423073653041 ], [ -0.992471870150523, 45.921253118952862 ], [ -0.992968725863105, 45.922083116568778 ], [ -0.993060997108008, 45.922233137063344 ], [ -0.993450458879924, 45.922918154979492 ], [ -0.993475301206136, 45.922957851462527 ], [ -0.993636772612608, 45.923028787150372 ], [ -0.993762536309048, 45.923159591087988 ], [ -0.994543885995226, 45.922888540336224 ], [ -0.994899454659913, 45.922767778132638 ], [ -0.995481181641432, 45.922291887730857 ], [ -0.995821783344734, 45.922018371428926 ], [ -0.996422947382528, 45.922362287616238 ], [ -0.996509624066864, 45.92271988231694 ], [ -0.997069253884066, 45.923078788538312 ], [ -0.997247843503847, 45.923189688142649 ], [ -0.997709680807759, 45.923358194978903 ], [ -0.998229732367107, 45.923420951597983 ], [ -0.998619286367042, 45.923465780542955 ], [ -0.998871775044797, 45.92336668463841 ], [ -0.998892948790249, 45.922946668993291 ], [ -0.998900521455406, 45.922784104347969 ], [ -0.999238757953959, 45.922086885936977 ], [ -0.999588238833059, 45.921366727151401 ], [ -0.999778680213935, 45.921409579725491 ], [ -1.000962915501714, 45.921687758033265 ], [ -1.000964875972823, 45.921714738144424 ], [ -1.00101238327703, 45.922492983928471 ], [ -1.001067269818082, 45.922608255829523 ], [ -1.001380112685195, 45.923250879279493 ], [ -1.00142189850981, 45.923470304540082 ], [ -1.001475338221729, 45.923743416309911 ], [ -1.001307786716524, 45.924353452430623 ], [ -1.00126381107815, 45.924512797671092 ], [ -1.000934932958729, 45.925214199576814 ], [ -1.000921429160661, 45.92524172697668 ], [ -1.000954197515097, 45.925781557254879 ], [ -1.001220929070429, 45.926056137062382 ], [ -1.001297690882621, 45.92613456877276 ], [ -1.00203107525037, 45.926518860781677 ], [ -1.002247656566456, 45.926583325831288 ], [ -1.002952530156432, 45.926806324418244 ], [ -1.003466061442021, 45.926761091030627 ], [ -1.004685142063842, 45.926663815562137 ], [ -1.004718609814824, 45.926626563958237 ], [ -1.004927128040424, 45.926384747862002 ], [ -1.005270930759156, 45.925818051909211 ], [ -1.005454244377482, 45.925514011928222 ], [ -1.005768220637571, 45.92537214762342 ], [ -1.00621926461796, 45.925356164873413 ], [ -1.006355373089148, 45.9254865894722 ], [ -1.006321775839471, 45.925983689265578 ], [ -1.006195395866281, 45.926200056236226 ], [ -1.006030433349467, 45.926489922426981 ], [ -1.005886735603615, 45.927072071998602 ], [ -1.005874869713766, 45.927122083345097 ], [ -1.005756505134495, 45.92730660781919 ], [ -1.005843250166751, 45.92766419537373 ], [ -1.006189777598004, 45.927809705880662 ], [ -1.006637852101163, 45.928001207632398 ], [ -1.006844951416854, 45.928219281382461 ], [ -1.006946741305708, 45.928481661586538 ], [ -1.006998127531564, 45.928619596656148 ], [ -1.007721480272902, 45.929184540675493 ], [ -1.008584163147484, 45.929852739236978 ], [ -1.009444616805488, 45.930525519291947 ], [ -1.009504927100695, 45.930572971555485 ], [ -1.010164366962471, 45.931270908286145 ], [ -1.010332456986178, 45.931449785669386 ], [ -1.010633863054602, 45.931826806421597 ], [ -1.010891387392874, 45.932151283844348 ], [ -1.010936821691474, 45.932420168817984 ], [ -1.011244922252313, 45.932729326603649 ], [ -1.01126008271981, 45.932742313596606 ], [ -1.011708041646807, 45.933587502156122 ], [ -1.011979344638827, 45.934100836582907 ], [ -1.012086107774653, 45.934448694315741 ], [ -1.012299616011024, 45.935126377132434 ], [ -1.012333698687981, 45.935328040440965 ], [ -1.01240022598145, 45.935708883765891 ], [ -1.012337767923583, 45.935756182907845 ], [ -1.011772166277066, 45.935974615968028 ], [ -1.01107707525591, 45.936242722295113 ], [ -1.010977909960589, 45.936584360858774 ], [ -1.01086397438165, 45.936971605990507 ], [ -1.010894225939436, 45.937475460143432 ], [ -1.010896847135152, 45.937511433396608 ], [ -1.011358518548491, 45.937675387866825 ], [ -1.011821591315532, 45.937929456458583 ], [ -1.011791902793481, 45.938426420691009 ], [ -1.011611902051961, 45.938811502185267 ], [ -1.011448612398144, 45.939159924247129 ], [ -1.011155936603694, 45.939648183993839 ], [ -1.0110398348574, 45.939846158240812 ], [ -1.01052941095167, 45.940432304992427 ], [ -1.010436400850341, 45.94053929398072 ], [ -1.009773569639832, 45.941162399698364 ], [ -1.009001584276547, 45.941884044424008 ], [ -1.008230867786025, 45.942605638192859 ], [ -1.007461420220197, 45.943327181030959 ], [ -1.006689374230129, 45.944048809983116 ], [ -1.005918597163461, 45.94477038800386 ], [ -1.005149089072123, 45.945491915119213 ], [ -1.004575321543298, 45.946026175062926 ], [ -1.004439537244256, 45.946238362940846 ], [ -1.004339790833274, 45.94639517552374 ], [ -1.004431811067975, 45.94684274331825 ], [ -1.00441953880717, 45.947118181690129 ], [ -1.004405420354521, 45.947474834098287 ], [ -1.003693984907242, 45.947698384788538 ], [ -1.003139137076303, 45.947871305896967 ], [ -1.002769086543988, 45.948150390364752 ], [ -1.002718574157333, 45.948237834918892 ], [ -1.002233704971477, 45.949070987887126 ], [ -1.001833763971989, 45.949756869256021 ], [ -1.001762040842381, 45.949908179291697 ], [ -1.001360329747074, 45.950765434722364 ], [ -1.001320127104229, 45.950852513753304 ], [ -1.001081828026805, 45.951077339863346 ], [ -1.000431056731083, 45.951104867250962 ], [ -0.999800170047487, 45.951032506266358 ], [ -0.999456199280525, 45.950995079106214 ], [ -0.999231194631962, 45.951634189438472 ], [ -0.998919702899639, 45.952506277356107 ], [ -0.998609817402609, 45.953382815524236 ], [ -0.998519481604325, 45.953633962343126 ], [ -0.998308947698795, 45.954259033798486 ], [ -0.998011609920053, 45.955130617853349 ], [ -0.997714589413613, 45.956006697817692 ], [ -0.997417559457481, 45.956882776998512 ], [ -0.997315332341679, 45.957183933307725 ], [ -0.998099817961074, 45.957341046549239 ], [ -0.998127549900133, 45.957349082855643 ], [ -0.998561617501309, 45.95750505321022 ], [ -0.998233318771519, 45.958377731755526 ], [ -0.997902103925568, 45.959246003795919 ], [ -0.997572168152586, 45.960114229293275 ], [ -0.997560270329007, 45.960146207416194 ], [ -0.997217720756487, 45.96098331956248 ], [ -0.996997705051952, 45.961514049069685 ], [ -0.996869383316211, 45.961847684214753 ], [ -0.996535546935887, 45.962716043358462 ], [ -0.996201700026899, 45.963584401512136 ], [ -0.995868169171505, 45.964457255375109 ], [ -0.995772317619536, 45.96470408548263 ], [ -0.995774844206931, 45.965344165510743 ], [ -0.99577823383443, 45.965871509200284 ], [ -0.995860469357791, 45.966238279960407 ], [ -0.995866951089877, 45.966274116907741 ], [ -0.996163198734599, 45.966899314516461 ], [ -0.996299436632365, 45.967083848239071 ], [ -0.996516390802319, 45.967382744768805 ], [ -0.997098433661153, 45.967776941032255 ], [ -0.99779566480006, 45.96824370456892 ], [ -0.998052455957895, 45.968378894301452 ], [ -0.998862835986171, 45.968801079260885 ], [ -0.999104120148864, 45.968900748918472 ], [ -1.000213133922605, 45.969357451404939 ], [ -1.00038506794459, 45.969428012659577 ], [ -1.001398803818209, 45.969712251196221 ], [ -1.001699733116543, 45.969796281461306 ], [ -1.002639507329125, 45.969952385877065 ], [ -1.003330308318171, 45.970063193218621 ], [ -1.003908499390279, 45.970101341130899 ], [ -1.004301910739067, 45.970123484559636 ], [ -1.00506953802335, 45.970010657697948 ], [ -1.005169136071895, 45.969975574241708 ], [ -1.006208633034752, 45.969618685506497 ], [ -1.006337606292683, 45.969614118688916 ], [ -1.006531066139466, 45.969607268187104 ], [ -1.007068329663454, 45.969953411305738 ], [ -1.00743273232492, 45.969985587764356 ], [ -1.007457237389572, 45.969984719815415 ], [ -1.007777686237356, 45.969928286605999 ], [ -1.008437204607554, 45.969467620856435 ], [ -1.008582511747069, 45.969367799085532 ], [ -1.008699667553771, 45.969183317376263 ], [ -1.008816075858831, 45.968633691980656 ], [ -1.0089004073152, 45.968229467681454 ], [ -1.009212335875563, 45.967790128687177 ], [ -1.009784348752383, 45.966980909175994 ], [ -1.010355382944133, 45.966176229141851 ], [ -1.010927362257839, 45.965367003845273 ], [ -1.011498363010314, 45.964562318036087 ], [ -1.012068057484188, 45.963757675076437 ], [ -1.012639986508391, 45.962948441112871 ], [ -1.013210937156902, 45.962143746652146 ], [ -1.013781543092384, 45.961334552659714 ], [ -1.014011328200769, 45.961010819348694 ], [ -1.014561826486094, 45.960635129805681 ], [ -1.014630758421428, 45.960587600623427 ], [ -1.015441612609859, 45.96011250057564 ], [ -1.015552768506701, 45.960058963684993 ], [ -1.016607273385843, 45.959539139073591 ], [ -1.017663376162692, 45.959023755477958 ], [ -1.01871655183523, 45.958503957015559 ], [ -1.019640203719612, 45.958051866986928 ], [ -1.019783916104711, 45.958001677057418 ], [ -1.020929080261887, 45.957591295304354 ], [ -1.021282868433638, 45.957461502778422 ], [ -1.021714703334505, 45.957355984124909 ], [ -1.022109471798156, 45.957256290061956 ], [ -1.02255781368217, 45.95719977256838 ], [ -1.022956703556034, 45.957280261429418 ], [ -1.02334237149806, 45.957356710891411 ], [ -1.024173760201699, 45.95757058604152 ], [ -1.025047733141772, 45.957800973331018 ], [ -1.02534034430693, 45.957948352210927 ], [ -1.025980412806827, 45.958268205792415 ], [ -1.02637582949884, 45.958389381582734 ], [ -1.026442249682379, 45.958396034032212 ], [ -1.027024887699963, 45.958460951788901 ], [ -1.027669943613036, 45.958442494296719 ], [ -1.027723771493485, 45.958436069377505 ], [ -1.02899176828652, 45.958273697117953 ], [ -1.029527135147595, 45.95820503575333 ], [ -1.030220275821884, 45.958013533980917 ], [ -1.030796759938265, 45.957853234785262 ], [ -1.031463699511642, 45.957815942226681 ], [ -1.032598043440617, 45.957752967132514 ], [ -1.032741772016903, 45.957720793096826 ], [ -1.033044372250435, 45.957651396209911 ], [ -1.033349532407398, 45.957370015056583 ], [ -1.033602443627416, 45.957275338252614 ], [ -1.033777116448738, 45.957242059391618 ], [ -1.035024648877604, 45.957012722490489 ], [ -1.036270881509147, 45.956783417852151 ], [ -1.036539018086138, 45.956737782808055 ], [ -1.037328396992103, 45.956290333740974 ], [ -1.037723246610278, 45.956068855432299 ], [ -1.038450485248683, 45.955867067396511 ], [ -1.038802663157436, 45.955768834262962 ], [ -1.039240021596379, 45.955527799039487 ], [ -1.039224446514214, 45.955280395376789 ], [ -1.03922312624184, 45.955262409080255 ], [ -1.039217484192833, 45.955167934979855 ], [ -1.039066733041584, 45.9548577329846 ], [ -1.039316889515016, 45.954672973796924 ], [ -1.039573471143141, 45.954663810645627 ], [ -1.039780801109619, 45.954881824089703 ], [ -1.039974205030042, 45.9548749164532 ], [ -1.040064759132384, 45.95485815700831 ], [ -1.041288247830516, 45.954566489873805 ], [ -1.041946553058485, 45.954412224789891 ], [ -1.042500417835791, 45.954261688469408 ], [ -1.043704475620481, 45.953934621752779 ], [ -1.044904981649988, 45.953612177111765 ], [ -1.045502006090084, 45.953451065304499 ], [ -1.046121309206968, 45.953311695168679 ], [ -1.047348302247731, 45.953033359957551 ], [ -1.047595844041864, 45.952848674747308 ], [ -1.047627067087842, 45.952306551137504 ], [ -1.047766904793872, 45.952274496444304 ], [ -1.048988047583625, 45.951987334923608 ], [ -1.049598927949025, 45.95183922959869 ], [ -1.049612894172795, 45.952064149116808 ], [ -1.049685996246414, 45.952196783481703 ], [ -1.049803355854611, 45.952210614959647 ], [ -1.051049782727695, 45.952337297836607 ], [ -1.051076561594342, 45.952349863889381 ], [ -1.051581825555028, 45.952593252779138 ], [ -1.052172674387204, 45.952752422234298 ], [ -1.052212973781169, 45.952755486844303 ], [ -1.052690747353555, 45.952783452763342 ], [ -1.053075845808621, 45.952729078045287 ], [ -1.053392657670254, 45.952537388738357 ], [ -1.053946115088398, 45.952206473059782 ], [ -1.054469644720479, 45.952065980306408 ], [ -1.054708053831873, 45.952003332884203 ], [ -1.05490144576907, 45.951996399746463 ], [ -1.055361676495985, 45.95211965970659 ], [ -1.055709192342235, 45.952134249429541 ], [ -1.056008342097107, 45.95214155572684 ], [ -1.056895775005612, 45.951834715036682 ], [ -1.057145415528043, 45.951749117420604 ], [ -1.058117523617544, 45.951556448081554 ], [ -1.058453910489044, 45.95149027707086 ], [ -1.05931421303152, 45.951324151088265 ], [ -1.059685663530409, 45.951225158907356 ], [ -1.06064795139384, 45.950969701742203 ], [ -1.060793332994539, 45.950820212494371 ], [ -1.060829355959899, 45.950782851725606 ], [ -1.061261562701337, 45.950456251431817 ], [ -1.061575205461814, 45.950309735794903 ], [ -1.061784023109179, 45.950284202988293 ], [ -1.062471362179984, 45.95019188995964 ], [ -1.063015439859271, 45.950032584417507 ], [ -1.06367613065606, 45.9498420356841 ], [ -1.063998435993298, 45.949830454736542 ], [ -1.064241258866423, 45.949880338758625 ], [ -1.064390886887363, 45.949911029231771 ], [ -1.065522649380646, 45.9499379785805 ], [ -1.066812362624835, 45.949968254075053 ], [ -1.066847503907701, 45.949971498905924 ], [ -1.067811428454801, 45.949896257805989 ], [ -1.068087442407458, 45.949940431486802 ], [ -1.068267057219731, 45.949974546761638 ], [ -1.068786069885256, 45.950000960768172 ], [ -1.069338900955463, 45.949872868346681 ], [ -1.069867234385848, 45.949745654684726 ], [ -1.070590027082565, 45.949661032727619 ], [ -1.071863226421438, 45.949520523544358 ], [ -1.072046252176972, 45.949495900108396 ], [ -1.073151518142669, 45.94949667624018 ], [ -1.074441473289713, 45.949495296629856 ], [ -1.075144465011253, 45.949492510961655 ], [ -1.075725110904251, 45.94954823160154 ], [ -1.076956885700278, 45.949670892164605 ] ] ] ] } },
{ "type": "Feature", "properties": { "fid": 2, "gid": 2, "id": 2, "cdmassedea": "FT02", "cdeumassed": "FRFT02", "nommassede": "Estuaire Seudre", "systemeref": "31", "cdeubassin": "FRF", "typemassed": "T1", "cdeussbass": "FRF_COAC", "cdcategori": "1.2.2", "cdnaturema": "3", "surfacetot": 22.59366751696944 }, "geometry": { "type": "MultiPolygon", "coordinates": [ [ [ [ -1.140943284505944, 45.798307692888777 ], [ -1.139256397545912, 45.799122552327511 ], [ -1.137706766069804, 45.800067614650828 ], [ -1.135299931839257, 45.801720379848248 ], [ -1.135291108390992, 45.801585444356483 ], [ -1.135034748009086, 45.80126120419704 ], [ -1.134942417511903, 45.801147364643718 ], [ -1.13336411654831, 45.801642550940272 ], [ -1.13266025135077, 45.801023609003309 ], [ -1.132622500506807, 45.799658878936242 ], [ -1.132164715468644, 45.799364556446712 ], [ -1.132699898705058, 45.796991445970257 ], [ -1.129344356199938, 45.797267645412759 ], [ -1.129104420438676, 45.798092488949699 ], [ -1.131125730332413, 45.799159150990263 ], [ -1.131329733169335, 45.800075945918174 ], [ -1.130356851273531, 45.80089156794525 ], [ -1.129780085182688, 45.801832445054323 ], [ -1.128949623300357, 45.801605857301865 ], [ -1.128537777384396, 45.801494691633671 ], [ -1.129115630663135, 45.800585342028505 ], [ -1.129873707977432, 45.800223949668037 ], [ -1.128491590939188, 45.799206007172174 ], [ -1.121841702078407, 45.795991132962016 ], [ -1.125281435212661, 45.791685894582599 ], [ -1.125402536035061, 45.791271181872908 ], [ -1.126178529565123, 45.790426734697256 ], [ -1.12583640858389, 45.789988391901531 ], [ -1.124478212812484, 45.789010114976378 ], [ -1.122974817621296, 45.790728762844147 ], [ -1.123438923319147, 45.791126584663424 ], [ -1.121387999447373, 45.794231329079466 ], [ -1.120667663009298, 45.794424468641189 ], [ -1.120095274325944, 45.794648267312027 ], [ -1.119343607739135, 45.793575630586446 ], [ -1.117448575690414, 45.796061431381354 ], [ -1.115087404095463, 45.798902345542963 ], [ -1.114602157760435, 45.798739705965971 ], [ -1.114557844481303, 45.798231854102738 ], [ -1.115056179858902, 45.797636576096231 ], [ -1.114874080555983, 45.797061614308461 ], [ -1.115337352832856, 45.796670499600445 ], [ -1.116084284365716, 45.791458382325679 ], [ -1.117060299139133, 45.791427263169112 ], [ -1.119333575743532, 45.790298256972228 ], [ -1.120328475127132, 45.789035574989377 ], [ -1.119945597043637, 45.788395819274704 ], [ -1.112935762052375, 45.783318076409884 ], [ -1.110620216108127, 45.784552196823832 ], [ -1.110092019797311, 45.785455127597558 ], [ -1.109800768066894, 45.786286300011298 ], [ -1.10932277926671, 45.787223464714671 ], [ -1.108724107664136, 45.78778630579464 ], [ -1.107045691169195, 45.788284776915333 ], [ -1.105255697676337, 45.789328308841277 ], [ -1.102697515020903, 45.789818159043094 ], [ -1.101411611416428, 45.789026347762132 ], [ -1.102602590294566, 45.788315762467235 ], [ -1.105111511138724, 45.787043219308131 ], [ -1.10629059516203, 45.784822662936627 ], [ -1.105933099658938, 45.784556151426131 ], [ -1.107775581666363, 45.77968293451832 ], [ -1.104181297397778, 45.776856227812075 ], [ -1.102400050268615, 45.777250178706787 ], [ -1.101554894262045, 45.777790391557929 ], [ -1.099842674310185, 45.778524436908647 ], [ -1.098339380584866, 45.778948789803252 ], [ -1.097847365101247, 45.778813383673544 ], [ -1.095505687469142, 45.777942663979665 ], [ -1.095121868787242, 45.777650026958995 ], [ -1.094906441920501, 45.777125847530854 ], [ -1.093003962033154, 45.775955091833218 ], [ -1.091963992380646, 45.775762908701211 ], [ -1.089291142286123, 45.773984355762437 ], [ -1.087607510873119, 45.773364631137376 ], [ -1.085864375611401, 45.772201513317789 ], [ -1.083600102357516, 45.77151711428322 ], [ -1.082174568762002, 45.770883455667168 ], [ -1.083234155964059, 45.768311320877302 ], [ -1.079909388475138, 45.765843845534853 ], [ -1.076828299627118, 45.768033717432004 ], [ -1.075572471711425, 45.767497538204296 ], [ -1.074399763039234, 45.76759854077217 ], [ -1.07305203191626, 45.767038605826308 ], [ -1.071647166836369, 45.767048782510187 ], [ -1.071611481037946, 45.766477500049326 ], [ -1.070665185684862, 45.766538726990049 ], [ -1.069157861533743, 45.767553444343633 ], [ -1.06879474233059, 45.767800989778458 ], [ -1.067390164987524, 45.767080737625797 ], [ -1.064800484547356, 45.76842748904717 ], [ -1.064342034630812, 45.768132938396079 ], [ -1.06381056048204, 45.76779142605433 ], [ -1.065745743556413, 45.7668470127389 ], [ -1.066424917956823, 45.765397853326292 ], [ -1.068714319998297, 45.764314369451007 ], [ -1.070106480506899, 45.764115331417443 ], [ -1.074464773861963, 45.763538590862041 ], [ -1.079722295242545, 45.762108595513723 ], [ -1.072426257308844, 45.75843206477159 ], [ -1.07143815921368, 45.75855342325341 ], [ -1.068393309115132, 45.757667011501688 ], [ -1.067583740346338, 45.758480697338214 ], [ -1.06646880321032, 45.75658230916639 ], [ -1.062148141539227, 45.754844588769764 ], [ -1.060411534588862, 45.754578055672539 ], [ -1.059765518930099, 45.754375908757254 ], [ -1.059238043517918, 45.754647378864853 ], [ -1.058179835135472, 45.754392442678949 ], [ -1.053255229770205, 45.756792294180691 ], [ -1.052931916739159, 45.75637111672377 ], [ -1.052516193677653, 45.755831535179517 ], [ -1.053048901338122, 45.754928736839595 ], [ -1.054850909371467, 45.754016341103167 ], [ -1.055376885789034, 45.752987537255486 ], [ -1.054911782072548, 45.752810412363715 ], [ -1.055218329711172, 45.75191573875675 ], [ -1.051479207753526, 45.750756321488588 ], [ -1.051924272844971, 45.74988823707924 ], [ -1.050509089844491, 45.748978829541976 ], [ -1.049824879229083, 45.74890423659555 ], [ -1.049639684812781, 45.748117419274706 ], [ -1.050231660234585, 45.748163769553877 ], [ -1.051570063838949, 45.747078730880034 ], [ -1.053477200982327, 45.745689189478817 ], [ -1.050820728067204, 45.743007562115139 ], [ -1.044087314384982, 45.739566108895737 ], [ -1.03926124759972, 45.742088069507325 ], [ -1.040489343738892, 45.742909638579256 ], [ -1.040197150061277, 45.743298816343298 ], [ -1.038263376217473, 45.743516911984912 ], [ -1.043351301852688, 45.746751780216215 ], [ -1.042592383695467, 45.746905242675453 ], [ -1.042404675034723, 45.747543144983311 ], [ -1.03634278964344, 45.743950901250734 ], [ -1.036128252685218, 45.744909843001359 ], [ -1.034692316720617, 45.746602296821756 ], [ -1.034725308952236, 45.747142114341464 ], [ -1.031724720168471, 45.750143848106063 ], [ -1.031236992687421, 45.748578877930512 ], [ -1.033478829020786, 45.745275209918859 ], [ -1.033084915632623, 45.744748311165665 ], [ -1.030722145538024, 45.744629980074073 ], [ -1.028544622482505, 45.743837748030359 ], [ -1.028685173489332, 45.743557716357678 ], [ -1.029230693421406, 45.742456217284904 ], [ -1.029682807178198, 45.742440049232755 ], [ -1.030333494467915, 45.742709816904018 ], [ -1.032952064225596, 45.742593582047469 ], [ -1.033385376939105, 45.742266998114204 ], [ -1.034292225823462, 45.742270599389904 ], [ -1.035498984771963, 45.741285146161452 ], [ -1.036162357447535, 45.740283078437379 ], [ -1.038235485216167, 45.740123137309709 ], [ -1.040073996382338, 45.738357585892977 ], [ -1.037510021187552, 45.736434272692016 ], [ -1.035863323042411, 45.736137114926983 ], [ -1.0361383377018, 45.735460030959452 ], [ -1.034484238319159, 45.73433809706227 ], [ -1.03313974931343, 45.733840730283767 ], [ -1.028758163794457, 45.730291678225754 ], [ -1.026957782616867, 45.731203609908668 ], [ -1.025529336629661, 45.730276362702256 ], [ -1.024735257152556, 45.730192028242776 ], [ -1.023366265737183, 45.729037217501251 ], [ -1.023361067241941, 45.728541491775673 ], [ -1.024316233980934, 45.727921295737538 ], [ -1.024332752573973, 45.727352661340916 ], [ -1.02482844319833, 45.72714109516653 ], [ -1.024734289817257, 45.726855928714301 ], [ -1.023946569899624, 45.726469308100761 ], [ -1.023675551966969, 45.726194967171153 ], [ -1.022776166387172, 45.726060283232897 ], [ -1.022718709229951, 45.725836921003143 ], [ -1.022642192613025, 45.725528582037931 ], [ -1.019390309648508, 45.724395872414291 ], [ -1.019407883375008, 45.723858760893535 ], [ -1.017541086061033, 45.723289693843142 ], [ -1.017331462552346, 45.722796752825914 ], [ -1.016117462795883, 45.722087164762158 ], [ -1.015636983893888, 45.722135853284463 ], [ -1.015367458901375, 45.722731535694969 ], [ -1.014928204650648, 45.72263899534255 ], [ -1.01394016940908, 45.721885264277788 ], [ -1.013104035852284, 45.721946615629662 ], [ -1.012682998667771, 45.722565721723541 ], [ -1.012599793630031, 45.723299022736555 ], [ -1.012815603284055, 45.723895440576911 ], [ -1.012255780385321, 45.723915382866757 ], [ -1.01115211187128, 45.723359601318812 ], [ -1.011233837444227, 45.722180038162875 ], [ -1.008956903645366, 45.720746332157439 ], [ -1.007396257606206, 45.7202067816675 ], [ -1.006958320659571, 45.720114164596581 ], [ -1.006700358056554, 45.719929487322453 ], [ -1.006470989199328, 45.719766333579024 ], [ -1.006046501671676, 45.719930203986046 ], [ -1.00595120617444, 45.719965150978332 ], [ -1.005957585879214, 45.719928858216399 ], [ -1.006011763172411, 45.719575289178749 ], [ -1.005340371165641, 45.719387279912738 ], [ -1.005192031679821, 45.71934747267607 ], [ -1.004534845906193, 45.719231085282033 ], [ -1.004160712994308, 45.719059549406317 ], [ -1.003550538703214, 45.718774680827011 ], [ -1.003017918859167, 45.718671889970238 ], [ -1.001778040291024, 45.718436440271311 ], [ -1.001745617697324, 45.718433084032434 ], [ -1.000598405329147, 45.718090640288239 ], [ -0.999615248206721, 45.718094000284871 ], [ -0.999342830467635, 45.71818932990481 ], [ -0.998195392670072, 45.718590724955568 ], [ -0.997978159911212, 45.718666059285226 ], [ -0.997079436253549, 45.719036072596211 ], [ -0.996014493054498, 45.719475090505384 ], [ -0.995970531697863, 45.719490174785292 ], [ -0.99535924702563, 45.719705712944553 ], [ -0.994758033647551, 45.719704496834353 ], [ -0.994704109231602, 45.719706409363248 ], [ -0.99436310870594, 45.719583257016701 ], [ -0.994538810208166, 45.719360632306589 ], [ -0.994737376820138, 45.719222852106974 ], [ -0.99503025182227, 45.719018611648579 ], [ -0.995785568259922, 45.718712309518047 ], [ -0.996175737054435, 45.71855420436254 ], [ -0.996602815575913, 45.718052164512521 ], [ -0.996664699170222, 45.717982345512112 ], [ -0.996171782612101, 45.717751884460171 ], [ -0.99568049570915, 45.717543904596361 ], [ -0.99535136970607, 45.717406809780144 ], [ -0.99449547365699, 45.717211758509151 ], [ -0.994367055655526, 45.717180247369129 ], [ -0.993218511240806, 45.717067696253153 ], [ -0.992026151278969, 45.71675832622573 ], [ -0.991908006519815, 45.716726448240102 ], [ -0.990806858952591, 45.716467931139739 ], [ -0.990431253110462, 45.716382059633368 ], [ -0.98956964945784, 45.716232256214013 ], [ -0.989119909178047, 45.716153514701361 ], [ -0.988315154182526, 45.716042262014916 ], [ -0.987479265998338, 45.715927597788188 ], [ -0.987052343262958, 45.715879597602786 ], [ -0.986495416351898, 45.715813656664928 ], [ -0.985826984618654, 45.716004116933561 ], [ -0.98567808624728, 45.716045451730167 ], [ -0.984858336223626, 45.716047409572248 ], [ -0.984600194031908, 45.71593031395826 ], [ -0.983546459385233, 45.715471690959482 ], [ -0.983507296400817, 45.715464059818096 ], [ -0.982303146949366, 45.715150498951957 ], [ -0.982233484518855, 45.715130421327999 ], [ -0.981032694771866, 45.715024103916598 ], [ -0.979757124522427, 45.714915908244741 ], [ -0.979610758172068, 45.714903047637726 ], [ -0.97846620830325, 45.714898403444188 ], [ -0.977221091713596, 45.714712465054539 ], [ -0.976988053389633, 45.714675612926371 ], [ -0.976168708151537, 45.714790197603861 ], [ -0.975980664643376, 45.714859950319443 ], [ -0.975187080047593, 45.71513591137068 ], [ -0.974878089785093, 45.715313618267288 ], [ -0.974369514365892, 45.715597546548921 ], [ -0.973820459600333, 45.715819786673734 ], [ -0.973224867899088, 45.716057190116949 ], [ -0.972670955496942, 45.716211973666276 ], [ -0.972404910889832, 45.716288979523412 ], [ -0.971539426566482, 45.716639579578143 ], [ -0.971260233789606, 45.716748603162323 ], [ -0.970933647386079, 45.717093719760754 ], [ -0.971141100126757, 45.717311811984814 ], [ -0.971263451998394, 45.717438233776086 ], [ -0.971742349709825, 45.718102075086115 ], [ -0.971921581252959, 45.718357226370962 ], [ -0.971923409090443, 45.718812483409394 ], [ -0.971717694921198, 45.718887359639915 ], [ -0.971268070493218, 45.719042965796042 ], [ -0.970667665716015, 45.718694466950986 ], [ -0.97028366840588, 45.718473580831308 ], [ -0.969790857416931, 45.718243004428047 ], [ -0.96959698831374, 45.718249837364908 ], [ -0.969018909477737, 45.718265701699508 ], [ -0.969077929471296, 45.718173459366206 ], [ -0.968625335148681, 45.718144326488527 ], [ -0.968382947202719, 45.71803114759782 ], [ -0.967502338570055, 45.717633899669664 ], [ -0.967263535194554, 45.717642311503759 ], [ -0.967117171799477, 45.717647466893951 ], [ -0.966040070671741, 45.717901789582264 ], [ -0.966029716597504, 45.717685764587429 ], [ -0.966018710303508, 45.717442713866099 ], [ -0.966945323627543, 45.717333443246645 ], [ -0.96700149167427, 45.717326956805238 ], [ -0.967492168716354, 45.717097791568065 ], [ -0.967820060484325, 45.716752639710734 ], [ -0.967853110711279, 45.716728934759651 ], [ -0.96830875351237, 45.716406329336607 ], [ -0.968636958988511, 45.71606567186511 ], [ -0.968663266295323, 45.716037696128041 ], [ -0.969126231288685, 45.715602125913776 ], [ -0.969453514237152, 45.715374201388109 ], [ -0.969497802519664, 45.715363624196719 ], [ -0.969944535908544, 45.715257715564164 ], [ -0.970476008650367, 45.715166850243889 ], [ -0.970735648294273, 45.715126139698896 ], [ -0.971418286747098, 45.715025432051334 ], [ -0.971963527190685, 45.714875468345149 ], [ -0.97223726852922, 45.714798191856076 ], [ -0.973175000920891, 45.714575772479662 ], [ -0.973219287852484, 45.714565193826665 ], [ -0.973709914635216, 45.714336001566863 ], [ -0.973866312002154, 45.713897702004907 ], [ -0.974035202395976, 45.713418388070181 ], [ -0.974216975492005, 45.713028781952382 ], [ -0.974360281123771, 45.712730695768592 ], [ -0.974358110086692, 45.712270942226283 ], [ -0.974253107660387, 45.712170960569381 ], [ -0.973864253919952, 45.711810506964113 ], [ -0.973352212621892, 45.71154456128275 ], [ -0.973207749928389, 45.711468511674248 ], [ -0.972550553470448, 45.71100932581907 ], [ -0.972379799267924, 45.710979284000729 ], [ -0.971896426080921, 45.710897154387872 ], [ -0.971266588777647, 45.710567732486489 ], [ -0.971238338291006, 45.710550696190211 ], [ -0.970418883810424, 45.710322626984919 ], [ -0.970158844441957, 45.710142453489226 ], [ -0.969761724115042, 45.709863424904675 ], [ -0.96919738791022, 45.709549715805899 ], [ -0.968941222954228, 45.709405468198206 ], [ -0.968121426551946, 45.709064692293289 ], [ -0.966969137608113, 45.708663494102993 ], [ -0.966480622698467, 45.708491361100947 ], [ -0.966478517311786, 45.708031607541784 ], [ -0.966409507907713, 45.708002481435798 ], [ -0.965987421501118, 45.707805466207127 ], [ -0.965330092738266, 45.707576160348218 ], [ -0.96528740946615, 45.707573155237561 ], [ -0.964838445326538, 45.707575439241182 ], [ -0.96418309052375, 45.707463268267759 ], [ -0.964069136306757, 45.70738162568599 ], [ -0.963689721276668, 45.707115478593643 ], [ -0.963047802082998, 45.706849552820884 ], [ -0.962869991158147, 45.706774664545812 ], [ -0.962049592858306, 45.706316657767935 ], [ -0.962022314304424, 45.706313109450292 ], [ -0.960902623451938, 45.706203732311593 ], [ -0.960751799617191, 45.706218053565955 ], [ -0.959920026919044, 45.706319436113198 ], [ -0.959479736062549, 45.706316886023146 ], [ -0.9584608440662, 45.706321150851274 ], [ -0.958399851568455, 45.706242149249306 ], [ -0.958264421818031, 45.706219861285241 ], [ -0.958177130518085, 45.706204897272137 ], [ -0.957491960047708, 45.706089228386467 ], [ -0.957002249416638, 45.706079389323122 ], [ -0.956526980744201, 45.706073548796127 ], [ -0.95576132557694, 45.70625372285712 ], [ -0.95544877264148, 45.706327815182661 ], [ -0.954882721533691, 45.7065280200827 ], [ -0.954628582816048, 45.706663171599139 ], [ -0.954011843560511, 45.707000394337513 ], [ -0.953641545405409, 45.707238799798589 ], [ -0.953445805621652, 45.707362881923139 ], [ -0.952835799097476, 45.707758466330255 ], [ -0.952424719818535, 45.707894613213448 ], [ -0.952394554682301, 45.707904688096114 ], [ -0.952010735627373, 45.707918158640197 ], [ -0.951552767090471, 45.707794479590021 ], [ -0.951290874499987, 45.707605314060629 ], [ -0.951015182789098, 45.707403107931491 ], [ -0.950492998910331, 45.706903000070064 ], [ -0.950334131066787, 45.706750790894979 ], [ -0.949987802943575, 45.706082221490917 ], [ -0.949897931987739, 45.705905051239519 ], [ -0.949566739684417, 45.705736345305091 ], [ -0.948992945819261, 45.705594178783606 ], [ -0.948588275416208, 45.705495667867062 ], [ -0.947808150697529, 45.705473431915841 ], [ -0.947738836009917, 45.705493894206832 ], [ -0.947246250316886, 45.705623863619088 ], [ -0.946503353306817, 45.705726539218446 ], [ -0.946417992183855, 45.705738546930327 ], [ -0.945222289314651, 45.705699300196102 ], [ -0.945001504849767, 45.705689003037158 ], [ -0.943938658736846, 45.70570820094472 ], [ -0.942655989937367, 45.705730577522104 ], [ -0.941371715839989, 45.705748487609853 ], [ -0.940087761433312, 45.705770879886366 ], [ -0.93977423370232, 45.705777341641372 ], [ -0.938490277979899, 45.705799715718456 ], [ -0.937939919717202, 45.705805439292504 ], [ -0.937664620128924, 45.705499504114016 ], [ -0.937689977095254, 45.705458045136517 ], [ -0.937663355205599, 45.705355291335671 ], [ -0.938947937962173, 45.705377984749695 ], [ -0.940230917613607, 45.705396211614286 ], [ -0.940871124129416, 45.705405364492449 ], [ -0.941513579641557, 45.705373862637714 ], [ -0.942793353978413, 45.705311027720711 ], [ -0.944076013492141, 45.705252585164729 ], [ -0.945355782112311, 45.70518972115034 ], [ -0.945613468358571, 45.705176184274379 ], [ -0.946240830643083, 45.704933305509755 ], [ -0.946522586341028, 45.705022608295032 ], [ -0.946764871309009, 45.705099769671378 ], [ -0.947214136415925, 45.705084022260678 ], [ -0.947754853257134, 45.704961381558292 ], [ -0.948544583922803, 45.70477590991495 ], [ -0.948995450738444, 45.704764607192516 ], [ -0.949250888164905, 45.704755648828851 ], [ -0.949839116621071, 45.704919847757175 ], [ -0.950117037551254, 45.705117469877052 ], [ -0.950442457947707, 45.705349489558841 ], [ -0.950718148830699, 45.705659890310244 ], [ -0.950750903423227, 45.70586611230933 ], [ -0.950822837387788, 45.706332427734303 ], [ -0.951037245691674, 45.706685550663138 ], [ -0.951081215222275, 45.706724580550606 ], [ -0.951442921497066, 45.707031961898657 ], [ -0.952098578689459, 45.707238864790497 ], [ -0.952670116081953, 45.707133151474046 ], [ -0.953209851509354, 45.706834704328109 ], [ -0.954219032741468, 45.70628084264618 ], [ -0.954717019067227, 45.705902708288995 ], [ -0.954717337559012, 45.705889172862392 ], [ -0.954745795725606, 45.705315647203172 ], [ -0.95486707267335, 45.705176145430215 ], [ -0.955092341206233, 45.705141184945454 ], [ -0.955248938112337, 45.705117652272328 ], [ -0.956340693218005, 45.705304703364099 ], [ -0.956611546797472, 45.70534928375001 ], [ -0.957615653254981, 45.705318506137004 ], [ -0.95776615770669, 45.705317724515197 ], [ -0.95808190437988, 45.705216464659365 ], [ -0.958453775476927, 45.704982496290803 ], [ -0.958622209004604, 45.704818791934777 ], [ -0.959182366429116, 45.704285175545934 ], [ -0.959419787019795, 45.704114536116599 ], [ -0.960047022120245, 45.703673226255113 ], [ -0.960892748468977, 45.703138573205408 ], [ -0.960993489332561, 45.703071916093833 ], [ -0.961947637221467, 45.702470327031762 ], [ -0.962212318081152, 45.702303230075906 ], [ -0.962394523164598, 45.70211649432337 ], [ -0.962458245412515, 45.701694998468788 ], [ -0.96253317868857, 45.701214502699145 ], [ -0.962552298583992, 45.700799084504382 ], [ -0.962561869976573, 45.700627439813609 ], [ -0.962468658330079, 45.700134829060282 ], [ -0.962351470215836, 45.699918056199778 ], [ -0.962107145611633, 45.699471336000464 ], [ -0.961833327487184, 45.699097782806078 ], [ -0.961687591224459, 45.698895538263862 ], [ -0.961331256618899, 45.698322023126863 ], [ -0.961310066341788, 45.69827768770093 ], [ -0.961037162692915, 45.697701236508941 ], [ -0.960866065745006, 45.697432261943902 ], [ -0.960753394571582, 45.697260409929548 ], [ -0.960484131813252, 45.697039969167704 ], [ -0.960222289673009, 45.696959017718413 ], [ -0.959908809321873, 45.69694750328545 ], [ -0.959577039234688, 45.696932123119822 ], [ -0.958717535989788, 45.69721930845057 ], [ -0.957939515205048, 45.697476574015788 ], [ -0.957691203066721, 45.697620545422829 ], [ -0.957649506120331, 45.697685124328366 ], [ -0.957515112865144, 45.697892712168674 ], [ -0.956559264396446, 45.697894749273935 ], [ -0.955908234760006, 45.697895084919544 ], [ -0.95538777373035, 45.697778127912287 ], [ -0.955336747655933, 45.697730331612824 ], [ -0.954564950012843, 45.697013609762692 ], [ -0.954027109578184, 45.696509562808437 ], [ -0.953850279480073, 45.696267828736524 ], [ -0.953677301123511, 45.696025959185157 ], [ -0.953457422838851, 45.695416074292694 ], [ -0.953214437805999, 45.69473487136537 ], [ -0.953080940529475, 45.694559235944659 ], [ -0.952477325117986, 45.693764467947695 ], [ -0.952377847263833, 45.693632718224151 ], [ -0.952355981413042, 45.693272840285246 ], [ -0.952476884177509, 45.692894425922368 ], [ -0.952572450462476, 45.692593538115908 ], [ -0.952684060956473, 45.692319135305183 ], [ -0.952773208588308, 45.692018472628071 ], [ -0.952844396883542, 45.691772537289154 ], [ -0.952942818254039, 45.691277701768378 ], [ -0.952881199397724, 45.6911356071314 ], [ -0.952503150423222, 45.690274315399066 ], [ -0.95219924409793, 45.689586234558526 ], [ -0.952176121674938, 45.689406723615853 ], [ -0.951841736607331, 45.688634058942171 ], [ -0.94985608118298, 45.686751757641446 ], [ -0.945296547438626, 45.682471226569994 ], [ -0.933607993883518, 45.674116735538689 ], [ -0.933671201613943, 45.673992810026228 ], [ -0.933875833744351, 45.67394057731714 ], [ -0.93439759735294, 45.674224374943954 ], [ -0.941156246715121, 45.678919683146034 ], [ -0.945887408562019, 45.682333305684956 ], [ -0.950422906494346, 45.686510972088044 ], [ -0.952506117477899, 45.688534096686226 ], [ -0.952973001479546, 45.689270550615355 ], [ -0.953022102179737, 45.689381528202738 ], [ -0.953130002848553, 45.690099030514631 ], [ -0.953163697287632, 45.690156452231001 ], [ -0.953415605414636, 45.690584888932889 ], [ -0.953473741746214, 45.691020130279668 ], [ -0.953530592866883, 45.691437384487486 ], [ -0.953785079185413, 45.691883762460257 ], [ -0.95396158531097, 45.692193128541255 ], [ -0.954430717706563, 45.692654506828305 ], [ -0.954713099549045, 45.692933104533275 ], [ -0.955210152829256, 45.693370958854359 ], [ -0.955458521568888, 45.693587636809909 ], [ -0.956088093480183, 45.694025339807496 ], [ -0.956396464510993, 45.69423539939433 ], [ -0.957159163151901, 45.694501619459338 ], [ -0.958307235949999, 45.694903052906355 ], [ -0.959454364063326, 45.695309016566917 ], [ -0.960071732935334, 45.695521723696558 ], [ -0.960495657721045, 45.695817870263916 ], [ -0.961009762664015, 45.696169447969289 ], [ -0.961312746112755, 45.696501403355732 ], [ -0.961491521103818, 45.696697977491638 ], [ -0.961751290139692, 45.697342511179919 ], [ -0.961868492647849, 45.697631413415692 ], [ -0.962285777671419, 45.698157700922714 ], [ -0.963036194852932, 45.698879634685035 ], [ -0.963792087923602, 45.699605879505604 ], [ -0.964466792912417, 45.700258340839468 ], [ -0.964541905866151, 45.700336842008078 ], [ -0.965229503530501, 45.70109704009581 ], [ -0.965499476996895, 45.701398591890857 ], [ -0.965962269649825, 45.701607697642608 ], [ -0.966118584801351, 45.701723910745578 ], [ -0.966366381467968, 45.70191353908583 ], [ -0.966469765153663, 45.70206317309551 ], [ -0.966444417226937, 45.702068574129171 ], [ -0.965803970364773, 45.702181295200397 ], [ -0.965311772492461, 45.702297808084559 ], [ -0.964494914259314, 45.702642139304572 ], [ -0.964168368924854, 45.70298723596904 ], [ -0.964005154075901, 45.703331089896018 ], [ -0.964170574639386, 45.703789601311783 ], [ -0.964500018640958, 45.704364056727741 ], [ -0.964993407860886, 45.704820036028835 ], [ -0.965486207156165, 45.70539324513431 ], [ -0.96597993630954, 45.705853716900322 ], [ -0.966637016985176, 45.706312940903651 ], [ -0.967292729786507, 45.706537787597775 ], [ -0.967949461492431, 45.70688431396858 ], [ -0.969918581771716, 45.707567767958963 ], [ -0.970572988795242, 45.707684447580469 ], [ -0.971886414137403, 45.708143039589899 ], [ -0.973197496965299, 45.70837178487897 ], [ -0.974017314365866, 45.708712523845371 ], [ -0.974674692635407, 45.70894177905403 ], [ -0.975331175710157, 45.709283765740778 ], [ -0.97588713417775, 45.70948052933521 ], [ -0.975466342387162, 45.709964231598349 ], [ -0.975340618886744, 45.710112930290379 ], [ -0.975822312212419, 45.710636902327245 ], [ -0.975931792386604, 45.710709675564068 ], [ -0.976436166895148, 45.711029978120671 ], [ -0.976490427630244, 45.711068635480139 ], [ -0.977084113081263, 45.710430054789832 ], [ -0.977628418268302, 45.710428863485319 ], [ -0.978121581047721, 45.710772095498484 ], [ -0.97877843084956, 45.711118558865181 ], [ -0.979599038850623, 45.71157644400769 ], [ -0.981566563062302, 45.711804437989379 ], [ -0.982222004527932, 45.711916507911347 ], [ -0.984187141543556, 45.711914624860128 ], [ -0.985005297831142, 45.711570105266347 ], [ -0.98533136040225, 45.711112258058904 ], [ -0.985725369953331, 45.710972085080222 ], [ -0.986161036636464, 45.711177565425629 ], [ -0.986268909942413, 45.71122784515601 ], [ -0.986657595035788, 45.711263676112132 ], [ -0.987138998455756, 45.71167490984736 ], [ -0.987469464911954, 45.71195624084293 ], [ -0.987778913875729, 45.712445691382129 ], [ -0.987971080814468, 45.712754459118223 ], [ -0.988110544965107, 45.712974929371406 ], [ -0.989028673720984, 45.71283872443346 ], [ -0.989638725647495, 45.712749491679375 ], [ -0.99029631898827, 45.712712669299222 ], [ -0.991303726934607, 45.712654429491927 ], [ -0.991458529230723, 45.712017796731715 ], [ -0.991593448418557, 45.711783097153955 ], [ -0.991690225193504, 45.711608355792734 ], [ -0.991725107441933, 45.711111218650153 ], [ -0.991832909081325, 45.711071331994859 ], [ -0.99201553697747, 45.711087399257856 ], [ -0.992040252373629, 45.711091031328259 ], [ -0.993267056064772, 45.711290978790515 ], [ -0.994441544734075, 45.7114792442284 ], [ -0.994474970097228, 45.711532156999773 ], [ -0.994800517231942, 45.712012002969914 ], [ -0.995319212243782, 45.712065733610814 ], [ -0.996416957811006, 45.712189078848766 ], [ -0.996586394448693, 45.712165033172163 ], [ -0.996863014527601, 45.712128166870421 ], [ -0.997109646803034, 45.711943593492542 ], [ -0.997082262663979, 45.711493745022125 ], [ -0.997077042633624, 45.711403766216257 ], [ -0.996819227865156, 45.710614964588338 ], [ -0.996682441607135, 45.71020055637927 ], [ -0.996157760315433, 45.70990360216971 ], [ -0.995550879570666, 45.70955546385018 ], [ -0.99521783543714, 45.709292279889247 ], [ -0.99436613042805, 45.708619214812913 ], [ -0.993795771306751, 45.708170592255144 ], [ -0.993503543111032, 45.707955546376347 ], [ -0.99260986018138, 45.707306499199106 ], [ -0.991712022654902, 45.70665308479451 ], [ -0.991380698409665, 45.706484501753259 ], [ -0.990932622166625, 45.705999974642438 ], [ -0.990967913640516, 45.705989707473826 ], [ -0.991729569067608, 45.705773366348772 ], [ -0.992056700737557, 45.705545376356397 ], [ -0.992219623768721, 45.705431403759384 ], [ -0.993162156847043, 45.705100442995104 ], [ -0.99320097322866, 45.705085541900885 ], [ -0.994017688822357, 45.704741002570437 ], [ -0.993871527131649, 45.704570367325815 ], [ -0.993207230532179, 45.703800485664068 ], [ -0.99303023737951, 45.703594877386273 ], [ -0.99243966707379, 45.703079344255642 ], [ -0.992370943955139, 45.703018666326585 ], [ -0.992041960363647, 45.702561479029576 ], [ -0.992180333532672, 45.702268049108433 ], [ -0.992366751480886, 45.701873735327894 ], [ -0.992499507132177, 45.701395668394795 ], [ -0.992528300207862, 45.701295467296767 ], [ -0.992523859171229, 45.700610380260301 ], [ -0.992442273277503, 45.700514093099265 ], [ -0.992030822397255, 45.700037289607927 ], [ -0.991686641156235, 45.699797033808032 ], [ -0.99120954270843, 45.699462308812862 ], [ -0.99066293912519, 45.699269799188357 ], [ -0.990553492010524, 45.699233104714232 ], [ -0.989733991243481, 45.69923509801054 ], [ -0.989401521142837, 45.699174747901601 ], [ -0.989078360322871, 45.699118575190063 ], [ -0.988405128863072, 45.698651034483227 ], [ -0.987928384515158, 45.698320792306966 ], [ -0.98756137102356, 45.697977645702203 ], [ -0.987435823356314, 45.697860371504028 ], [ -0.986944992905519, 45.697976933379302 ], [ -0.986595982739082, 45.697669211761557 ], [ -0.986285829791166, 45.697400686951632 ], [ -0.9856531694891, 45.697066939951462 ], [ -0.9856307033973, 45.697058718928112 ], [ -0.985139302583445, 45.696828164535738 ], [ -0.984483877817666, 45.69694603353706 ], [ -0.983499408868206, 45.696372268159493 ], [ -0.98283990251012, 45.695683311783469 ], [ -0.98281322623621, 45.695616633122988 ], [ -0.982509200770007, 45.69487903394073 ], [ -0.982477990637039, 45.694749401420992 ], [ -0.982342536565394, 45.694190673347542 ], [ -0.982096901821745, 45.69390633180403 ], [ -0.981848379117231, 45.693617583809846 ], [ -0.981520653244688, 45.693390242498026 ], [ -0.981247847920118, 45.693246613042511 ], [ -0.98086399670968, 45.693043795546203 ], [ -0.980394964371312, 45.692587024034175 ], [ -0.980040868519577, 45.692243399348413 ], [ -0.97968128621743, 45.691841361745531 ], [ -0.9792196162266, 45.691325719921018 ], [ -0.979086624898588, 45.691050915650891 ], [ -0.978723310262094, 45.690292864065327 ], [ -0.978720041427037, 45.690193800422591 ], [ -0.978698957867597, 45.689292916774853 ], [ -0.97855229701291, 45.688684992706271 ], [ -0.978564481996815, 45.688675545768888 ], [ -0.979041567772091, 45.688225901322923 ], [ -0.979513204753134, 45.688308408427943 ], [ -0.9796967248702, 45.68833798574083 ], [ -0.98051510513484, 45.688340607517844 ], [ -0.98068022059957, 45.688185999926006 ], [ -0.981004032823712, 45.687877010921731 ], [ -0.981331102889473, 45.687649052358481 ], [ -0.98152624215869, 45.687786411335345 ], [ -0.981822802447392, 45.687992313001757 ], [ -0.981825034545505, 45.688452065605205 ], [ -0.981877742302021, 45.688594462104945 ], [ -0.982156084739054, 45.689369034885431 ], [ -0.98215679322922, 45.68946818920854 ], [ -0.982160323556924, 45.689945928648847 ], [ -0.981833639484424, 45.690286579476677 ], [ -0.981821454703875, 45.690296026768756 ], [ -0.981018174117811, 45.690860906502309 ], [ -0.980878634617746, 45.690888381739207 ], [ -0.98036409451049, 45.690978706108901 ], [ -0.980527219691468, 45.691207362102084 ], [ -0.980768937742316, 45.691419714390079 ], [ -0.981184642008171, 45.691779190635089 ], [ -0.981531054235142, 45.692141116219773 ], [ -0.981844081229027, 45.692468156502997 ], [ -0.982354764645708, 45.6928242695924 ], [ -0.982501134599863, 45.692927287566299 ], [ -0.982990646320678, 45.692810790493049 ], [ -0.983243706738182, 45.693162489697414 ], [ -0.983486815226063, 45.693501016113849 ], [ -0.983952316634429, 45.693908311147062 ], [ -0.9841430120474, 45.694072872889436 ], [ -0.984145421187094, 45.694302703853509 ], [ -0.983818647398189, 45.69453516739366 ], [ -0.983649284492029, 45.694595258231324 ], [ -0.983491147317486, 45.694650443444544 ], [ -0.98365710329041, 45.695221615812386 ], [ -0.983849708320994, 45.69535906166189 ], [ -0.984314204399755, 45.695680736395076 ], [ -0.984877758351837, 45.695877182944926 ], [ -0.984970187133893, 45.695909976758848 ], [ -0.98578948813456, 45.69613793993561 ], [ -0.986054903139682, 45.696232231157509 ], [ -0.986774123263055, 45.696481763456156 ], [ -0.987182066236583, 45.696661168433913 ], [ -0.988086542476218, 45.697052901604899 ], [ -0.988242566835472, 45.697164587293905 ], [ -0.988578691919632, 45.697400629683088 ], [ -0.989371301204793, 45.697507792943902 ], [ -0.990217506843475, 45.697626575793855 ], [ -0.99050021046004, 45.697657129823561 ], [ -0.991199757364616, 45.697740529784255 ], [ -0.991678991477386, 45.697962473929714 ], [ -0.991693758357697, 45.697970966758398 ], [ -0.991695331907013, 45.698313532975249 ], [ -0.991534325980291, 45.698774567661559 ], [ -0.991612970460874, 45.698812353205838 ], [ -0.992189509175023, 45.699116501403147 ], [ -0.992673877360952, 45.699320227112473 ], [ -0.993009631161567, 45.699461598662836 ], [ -0.993503211582727, 45.699917452962161 ], [ -0.993541113229668, 45.699961190540748 ], [ -0.993997546008824, 45.700490491639584 ], [ -0.99399876095324, 45.700774464621531 ], [ -0.993999458768394, 45.700837554553395 ], [ -0.994292183175252, 45.701647661622175 ], [ -0.994330784835657, 45.701754488874656 ], [ -0.994837134868476, 45.702457836229719 ], [ -0.994990394170189, 45.702673300233386 ], [ -0.995484768622511, 45.703246332498409 ], [ -0.996141955493213, 45.703935306332063 ], [ -0.996218676760703, 45.703964140903082 ], [ -0.996961848428095, 45.704275878282928 ], [ -0.99728937741417, 45.704160563001764 ], [ -0.997338460436165, 45.704145295959087 ], [ -0.998434333084859, 45.703817861986415 ], [ -0.998520312959615, 45.703796775990085 ], [ -0.99941604713112, 45.703584635914495 ], [ -0.999731400175392, 45.703496794945494 ], [ -1.000233135584871, 45.703352741438415 ], [ -1.00082583455728, 45.703043157919709 ], [ -1.000886449047934, 45.703009446679893 ], [ -1.001049433716157, 45.70266553938383 ], [ -1.001181158206217, 45.702192004455682 ], [ -1.001209935973294, 45.702091801134429 ], [ -1.001698375065686, 45.701515424445084 ], [ -1.001873942987382, 45.701558774907596 ], [ -1.002190406749639, 45.70162867459436 ], [ -1.002031215478627, 45.700976133478648 ], [ -1.002023477359959, 45.700940342799747 ], [ -1.002183964512235, 45.7003666032331 ], [ -1.002574862589422, 45.700433855778655 ], [ -1.003472096075766, 45.70079417155425 ], [ -1.003658927004204, 45.700868676264413 ], [ -1.00382382633793, 45.701439864804584 ], [ -1.003824325033356, 45.701606651227962 ], [ -1.00382616604376, 45.702129539348576 ], [ -1.003932775246758, 45.702499930727043 ], [ -1.003992680072387, 45.702705178692497 ], [ -1.004485422136012, 45.703165527271146 ], [ -1.004516669129137, 45.703277121567751 ], [ -1.004651620384151, 45.703736669044972 ], [ -1.004820538986764, 45.704149926118475 ], [ -1.004980129837848, 45.704540973683663 ], [ -1.005260130840254, 45.704995361580686 ], [ -1.005474555536855, 45.70534388419329 ], [ -1.005885470204114, 45.705775581093228 ], [ -1.006131891726011, 45.706032799866527 ], [ -1.006549641012898, 45.706540891485012 ], [ -1.006789691391118, 45.706834401597106 ], [ -1.007119148240999, 45.707296042601619 ], [ -1.007163157811294, 45.707335050601223 ], [ -1.007777036574224, 45.707867716596752 ], [ -1.008028772031313, 45.707984987504162 ], [ -1.008268629770356, 45.70809817243704 ], [ -1.008760282318531, 45.708098704089629 ], [ -1.008759560331734, 45.707751595560218 ], [ -1.008593702448541, 45.707523071575025 ], [ -1.007936259217141, 45.707064092216321 ], [ -1.00744551175798, 45.706720899405731 ], [ -1.007587541701067, 45.706319120221266 ], [ -1.007607691804766, 45.706259796054013 ], [ -1.008262670193652, 45.706259024645846 ], [ -1.00856629769611, 45.706577317577157 ], [ -1.008592642637097, 45.706603429154022 ], [ -1.009386074717807, 45.707269450030672 ], [ -1.009413377824218, 45.707291019088373 ], [ -1.00997044299459, 45.708069141701664 ], [ -1.010235318791326, 45.70843840146086 ], [ -1.010351096730856, 45.708916660175326 ], [ -1.010402699238493, 45.709131218069899 ], [ -1.010641295511722, 45.709794448849053 ], [ -1.010731779502895, 45.710048196109511 ], [ -1.011061789919992, 45.710392593477941 ], [ -1.011317416562415, 45.710527752101044 ], [ -1.011717231395712, 45.710734413948821 ], [ -1.01237350615637, 45.710963495009935 ], [ -1.012336953788499, 45.710991846830041 ], [ -1.012048036295629, 45.711195994937732 ], [ -1.012211352044904, 45.711424605367512 ], [ -1.012570468503727, 45.711673288765837 ], [ -1.01319717331301, 45.712115306950082 ], [ -1.013553574433036, 45.712237853251764 ], [ -1.013853470584821, 45.712344379415356 ], [ -1.014180685541268, 45.712224518368423 ], [ -1.014439870779495, 45.711859127400423 ], [ -1.014833613714962, 45.711308608481275 ], [ -1.015116429676509, 45.71110917868463 ], [ -1.015323247940876, 45.710962048704268 ], [ -1.015649521163083, 45.710616803695451 ], [ -1.015932840482112, 45.710814080421308 ], [ -1.016143248200024, 45.71096436591894 ], [ -1.016634576989513, 45.711190288709602 ], [ -1.017033503986986, 45.711189584209187 ], [ -1.017617937212786, 45.711191276880839 ], [ -1.018035921636651, 45.710797669914996 ], [ -1.018108366451061, 45.710731969365355 ], [ -1.018271737327854, 45.710500726826766 ], [ -1.018269711626456, 45.709941774235361 ], [ -1.018267478742904, 45.709468486091701 ], [ -1.018146895195845, 45.709049011921032 ], [ -1.018102079468574, 45.708892821776381 ], [ -1.018099545062946, 45.708433069267095 ], [ -1.018278288788776, 45.708183244920221 ], [ -1.018425315226152, 45.707975126460568 ], [ -1.018918250396615, 45.707975567995035 ], [ -1.019299426180181, 45.708155818874424 ], [ -1.019563721019556, 45.70828614146302 ], [ -1.020231372325614, 45.708618460985782 ], [ -1.020588846510866, 45.708826603611762 ], [ -1.021576816135392, 45.709404450293164 ], [ -1.02220024456519, 45.709765388030256 ], [ -1.022594607278805, 45.709949665883094 ], [ -1.023184872604344, 45.710226125939876 ], [ -1.023749187342881, 45.710305145992258 ], [ -1.024005344482482, 45.71034107577394 ], [ -1.025016432435791, 45.710440190321577 ], [ -1.025152528111434, 45.710453359026502 ], [ -1.026109252972859, 45.710901545204528 ], [ -1.02613719298374, 45.710914071166044 ], [ -1.026940211615997, 45.711584143961346 ], [ -1.027161002292835, 45.711788138290125 ], [ -1.027452506291316, 45.712061736039409 ], [ -1.027812074061706, 45.712562821779535 ], [ -1.027945223685368, 45.712747407864896 ], [ -1.027947349859571, 45.713094470464448 ], [ -1.027537780591067, 45.71328494201105 ], [ -1.027456958924069, 45.713323898729733 ], [ -1.027458776845471, 45.713896386913824 ], [ -1.027163728344535, 45.714051203297892 ], [ -1.026804543606448, 45.714244378431964 ], [ -1.0261494709411, 45.714245257598449 ], [ -1.026024423234944, 45.714330877158126 ], [ -1.025658264186075, 45.714587413787754 ], [ -1.025200560585918, 45.715018535933275 ], [ -1.025167863457636, 45.715046754271505 ], [ -1.02467776024004, 45.715050744898889 ], [ -1.023974618464148, 45.714886522402459 ], [ -1.023693040693176, 45.714819942032271 ], [ -1.022743369313507, 45.714628453485837 ], [ -1.022544962925062, 45.714590457447933 ], [ -1.022055820100942, 45.715049738538895 ], [ -1.022139190807663, 45.715222583937908 ], [ -1.022385454654606, 45.71574125733099 ], [ -1.022782479017107, 45.715961507322639 ], [ -1.023206492085672, 45.716198825059976 ], [ -1.023800730086578, 45.716511208851237 ], [ -1.023863361222539, 45.716540529166728 ], [ -1.024682655274427, 45.716885442170543 ], [ -1.024776936467644, 45.717048879573518 ], [ -1.025014089472649, 45.717459675153918 ], [ -1.025348792107516, 45.717848950806406 ], [ -1.025506666931031, 45.718037164599743 ], [ -1.026379914665307, 45.717726435860051 ], [ -1.026488988038458, 45.717686470147669 ], [ -1.027143591641786, 45.717342976958221 ], [ -1.027477495922525, 45.717403169872583 ], [ -1.027799518692118, 45.71745927844097 ], [ -1.027800850291474, 45.717919076920609 ], [ -1.027767825054575, 45.717942799443321 ], [ -1.027473792806786, 45.718147170833817 ], [ -1.027475121714972, 45.718606969338111 ], [ -1.027641530311233, 45.718700201136322 ], [ -1.028296243787864, 45.719064500080329 ], [ -1.02860986354295, 45.719287714278131 ], [ -1.02985917213171, 45.719932791675639 ], [ -1.030462726344437, 45.720407108808935 ], [ -1.031299709143187, 45.720710769596323 ], [ -1.032314352231541, 45.720696991025186 ], [ -1.032471188814185, 45.720817608762964 ], [ -1.037174558788001, 45.725518111082657 ], [ -1.037648511289896, 45.725591289873492 ], [ -1.039283041580149, 45.725144972190563 ], [ -1.039642910977749, 45.724960750242879 ], [ -1.040080835008549, 45.724805285843125 ], [ -1.040329276265572, 45.724417674723519 ], [ -1.040628806784144, 45.724059788606539 ], [ -1.040814247422146, 45.724183877997099 ], [ -1.04117196248643, 45.724428019982241 ], [ -1.04081880232635, 45.725513673480606 ], [ -1.039967390827993, 45.726599162860005 ], [ -1.040065116402147, 45.727794874674188 ], [ -1.0410760702366, 45.72890823837264 ], [ -1.042248184877543, 45.729812936423798 ], [ -1.043214933904449, 45.730215551816869 ], [ -1.044462465981046, 45.730355611629953 ], [ -1.045504771516904, 45.731156738872876 ], [ -1.045511847818464, 45.731692978500313 ], [ -1.04637088517341, 45.732329362870601 ], [ -1.046913098677192, 45.732296361296385 ], [ -1.047036566675161, 45.731872648856658 ], [ -1.047493764114527, 45.732050082828124 ], [ -1.04816661743614, 45.73251731756708 ], [ -1.048497417765028, 45.733429643960783 ], [ -1.051775890823077, 45.733117920459939 ], [ -1.052066914612148, 45.733188603934273 ], [ -1.052706128150103, 45.733336929002547 ], [ -1.053791921884138, 45.734447499616621 ], [ -1.054583120933714, 45.73480674798428 ], [ -1.055497455465672, 45.735562804627349 ], [ -1.05592367153614, 45.735633120580886 ], [ -1.056238559858854, 45.735905812078848 ], [ -1.056085104095624, 45.736235940480604 ], [ -1.056619494629498, 45.73644662780837 ], [ -1.056856932266078, 45.736681531095137 ], [ -1.057144862222954, 45.736797397655145 ], [ -1.057390045785613, 45.736892261020884 ], [ -1.057391366753278, 45.736910246997432 ], [ -1.057409603569916, 45.73719361862922 ], [ -1.056533510906841, 45.737274758123107 ], [ -1.056002849035807, 45.737325422089071 ], [ -1.055323864691174, 45.737548232487384 ], [ -1.05449020798405, 45.737821688633595 ], [ -1.054146161918416, 45.737906203195656 ], [ -1.052937185110193, 45.738206677205071 ], [ -1.052020581733042, 45.738438014359332 ], [ -1.051768442998447, 45.738564299698986 ], [ -1.051645583966348, 45.738627326696125 ], [ -1.051890645881549, 45.738825898900856 ], [ -1.051916367027738, 45.738843007379245 ], [ -1.052362907364211, 45.738786372186382 ], [ -1.052617425103754, 45.738727625536264 ], [ -1.053839623554919, 45.738449221584226 ], [ -1.055060525404452, 45.738170850614026 ], [ -1.055089734089362, 45.738165290967132 ], [ -1.055461085924238, 45.737926505681848 ], [ -1.056030725329423, 45.737775256860346 ], [ -1.056170675897211, 45.737752184973452 ], [ -1.05711278892594, 45.737605553802261 ], [ -1.057431620186753, 45.737598580608264 ], [ -1.0576268304346, 45.737591550354161 ], [ -1.058686804420442, 45.737769773554753 ], [ -1.059445489696745, 45.737895725536418 ], [ -1.059730832147374, 45.738151439378285 ], [ -1.05954487833662, 45.738442168503745 ], [ -1.059720901793016, 45.738471893197236 ], [ -1.060129428689836, 45.738669066731539 ], [ -1.060144705816185, 45.738911969570658 ], [ -1.058166663677009, 45.739821793719869 ], [ -1.058176940663417, 45.739979217221737 ], [ -1.059013087566363, 45.740282718858573 ], [ -1.060701813187264, 45.741515779666656 ], [ -1.060675927634794, 45.741881892807214 ], [ -1.06100234822246, 45.741960296459055 ], [ -1.061619979138562, 45.742321248309878 ], [ -1.062510387637175, 45.742293656574077 ], [ -1.062857064110897, 45.742682404638096 ], [ -1.063153946000566, 45.743059422217918 ], [ -1.064311133118236, 45.743734524895409 ], [ -1.065406797512895, 45.744605698209448 ], [ -1.06694683757319, 45.745424757136405 ], [ -1.068112108778734, 45.746225768383212 ], [ -1.069401677721914, 45.747017771703355 ], [ -1.070672271399737, 45.747499365509135 ], [ -1.071340119009794, 45.748277738811289 ], [ -1.073144338312413, 45.748956430620773 ], [ -1.073611751851065, 45.749286684625702 ], [ -1.074524286272088, 45.749609860412832 ], [ -1.075319469153366, 45.7497389016536 ], [ -1.075227977205044, 45.749755735661836 ], [ -1.075241996649961, 45.749980650826281 ], [ -1.075518473423779, 45.75009688863814 ], [ -1.07583609987545, 45.750229671288267 ], [ -1.076672080856616, 45.750492481251108 ], [ -1.076754046954162, 45.750521075186178 ], [ -1.077092533841128, 45.750779336408591 ], [ -1.077435093879858, 45.751127618355596 ], [ -1.077492697637376, 45.751175127076564 ], [ -1.077706038782249, 45.751343237255547 ], [ -1.07777595493416, 45.751435384843987 ], [ -1.077973997764397, 45.751518387569639 ], [ -1.078498543978295, 45.751679742999436 ], [ -1.078766507102694, 45.751854891434071 ], [ -1.079405813450167, 45.751791174915788 ], [ -1.079615846186377, 45.751652826506252 ], [ -1.080209726096769, 45.751270649259787 ], [ -1.080625242240616, 45.751106824952089 ], [ -1.080963438384083, 45.750977358294662 ], [ -1.081408985132376, 45.751010815731746 ], [ -1.081203501170391, 45.751297782203622 ], [ -1.081123660879959, 45.751611757412903 ], [ -1.081334534629565, 45.751816018240852 ], [ -1.082001178320211, 45.752157058550004 ], [ -1.082538184183298, 45.752800350318459 ], [ -1.082945568679816, 45.752979455652465 ], [ -1.083602232509781, 45.753045832370837 ], [ -1.084914912454891, 45.753047852288041 ], [ -1.08578665109665, 45.753444555983819 ], [ -1.086524588239146, 45.75413915628566 ], [ -1.087926839325405, 45.754115351733574 ], [ -1.088507840844129, 45.754968921209972 ], [ -1.089683234875719, 45.75588207356693 ], [ -1.090400507252873, 45.756748724030295 ], [ -1.092409698428067, 45.757491823170078 ], [ -1.09294210503429, 45.757792593069013 ], [ -1.093360492616722, 45.757736821887164 ], [ -1.095232005886235, 45.756726557154259 ], [ -1.095982166309265, 45.756663228425182 ], [ -1.095850013904678, 45.756965592562416 ], [ -1.095990313063187, 45.757763007868824 ], [ -1.096212493454854, 45.758431209120801 ], [ -1.097073339574326, 45.758661412745937 ], [ -1.097362249775054, 45.75894396323357 ], [ -1.099186616553617, 45.759121085355517 ], [ -1.100934866893555, 45.759071013367219 ], [ -1.101047148938136, 45.759247268728728 ], [ -1.102172861037456, 45.760996186902368 ], [ -1.102792004170187, 45.761717558286357 ], [ -1.103548737523202, 45.762244559519694 ], [ -1.105737741761664, 45.762940311885941 ], [ -1.106166041007156, 45.763519836944234 ], [ -1.106940327636792, 45.764316690525547 ], [ -1.108758810282438, 45.765364029242008 ], [ -1.109531821498801, 45.766142879713186 ], [ -1.111133388745506, 45.767026767016105 ], [ -1.110860243153497, 45.767217070693626 ], [ -1.110871064289341, 45.767397018175799 ], [ -1.111004967640745, 45.767482305913198 ], [ -1.111455026942313, 45.767470400089501 ], [ -1.112721824340661, 45.76695529822365 ], [ -1.113293325570674, 45.767051667996547 ], [ -1.114692194030473, 45.767496556340383 ], [ -1.114066980218237, 45.767907112737788 ], [ -1.114164061515761, 45.768345408722219 ], [ -1.115402904610418, 45.769183866775975 ], [ -1.115689727429316, 45.769678354788475 ], [ -1.11841473700998, 45.771594165711385 ], [ -1.118911600022621, 45.771742830227957 ], [ -1.119303327665476, 45.772071168976666 ], [ -1.119437211098052, 45.77234580868064 ], [ -1.122504165077094, 45.77490278086195 ], [ -1.122591530036374, 45.775192644480121 ], [ -1.122344189617227, 45.775314403540676 ], [ -1.122311194194999, 45.775545548045166 ], [ -1.122657990053667, 45.775875519833939 ], [ -1.122777949911173, 45.776308466380804 ], [ -1.123108123267278, 45.776364020856832 ], [ -1.123364376824987, 45.776016504638832 ], [ -1.124156124553619, 45.776023613383188 ], [ -1.126742484558658, 45.776438444441474 ], [ -1.127044943328109, 45.776467950402235 ], [ -1.12757811709737, 45.776791085628219 ], [ -1.128217943787373, 45.777782095808817 ], [ -1.12951202295709, 45.779060236260541 ], [ -1.129380241405512, 45.779434768943105 ], [ -1.129434139123737, 45.779793483799345 ], [ -1.130749794807121, 45.780394530443878 ], [ -1.13078020428051, 45.780645898789288 ], [ -1.130496279781021, 45.78107109298687 ], [ -1.130725381035906, 45.781256570346834 ], [ -1.130622650535882, 45.781382066507739 ], [ -1.130107569457472, 45.782352252615986 ], [ -1.130138683992275, 45.782526948831908 ], [ -1.132677346831991, 45.782609765929408 ], [ -1.134154981366427, 45.782997442984275 ], [ -1.135068089646867, 45.783315633124374 ], [ -1.13609493749607, 45.783809989411765 ], [ -1.136671165433675, 45.784465145905124 ], [ -1.136656752758977, 45.784479200554586 ], [ -1.13666766130075, 45.784659145703415 ], [ -1.137385489702612, 45.784813154382491 ], [ -1.137892089965506, 45.784848668426733 ], [ -1.137851127016299, 45.78498993939143 ], [ -1.138000475368689, 45.785056596921144 ], [ -1.139838210796033, 45.785552721319249 ], [ -1.140836086220556, 45.786553069690228 ], [ -1.142073846520826, 45.787400322507388 ], [ -1.142311483453264, 45.787887544881265 ], [ -1.142331124562732, 45.78852705186172 ], [ -1.142443007729941, 45.788987333015193 ], [ -1.142806811934163, 45.789163331599745 ], [ -1.143498748430286, 45.789246116934137 ], [ -1.144539416788287, 45.78897793229843 ], [ -1.145690714051615, 45.788466711561952 ], [ -1.146462274339473, 45.788528516600984 ], [ -1.147066491550618, 45.787563986378913 ], [ -1.147479702835829, 45.787539771718308 ], [ -1.147898842788243, 45.786942736639531 ], [ -1.148201382412714, 45.786800856055997 ], [ -1.14838295974262, 45.786713020117858 ], [ -1.148739265868167, 45.786772050126991 ], [ -1.149238366222021, 45.787118888463041 ], [ -1.149531732659624, 45.787797920200063 ], [ -1.14914547200116, 45.788592133557664 ], [ -1.148384647782818, 45.789787870594303 ], [ -1.148395595576461, 45.78996781465063 ], [ -1.148661533487465, 45.790093291408454 ], [ -1.148483048151041, 45.790325291113916 ], [ -1.148290234095523, 45.790332384094967 ], [ -1.147371586342045, 45.790046058166013 ], [ -1.147312449552503, 45.790133897737746 ], [ -1.147317921728354, 45.790223869819243 ], [ -1.147580817300011, 45.790308882961313 ], [ -1.147530869998482, 45.790536153353706 ], [ -1.147729157747559, 45.790619033732895 ], [ -1.147670358825367, 45.790711369733586 ], [ -1.146808654755548, 45.791320169077984 ], [ -1.145747694212431, 45.791850621847132 ], [ -1.145445775503283, 45.792172818268845 ], [ -1.14497790583447, 45.792911401465759 ], [ -1.14486670998763, 45.793181499306115 ], [ -1.14481884038542, 45.79345377825647 ], [ -1.144415227500668, 45.794189996847919 ], [ -1.143675234554974, 45.794704123166419 ], [ -1.143301792299463, 45.794898189736038 ], [ -1.14287128810568, 45.795225102104851 ], [ -1.142578511964871, 45.79568672202344 ], [ -1.141646932021605, 45.796207870756383 ], [ -1.141515000600802, 45.79616762907429 ], [ -1.141243586812977, 45.795952163047893 ], [ -1.140707175710859, 45.795606658005759 ], [ -1.139717456160732, 45.795232704427306 ], [ -1.139653178729314, 45.795235063800149 ], [ -1.139653853303904, 45.795244056328663 ], [ -1.139665384709992, 45.79541496155764 ], [ -1.13973721009969, 45.795547584475834 ], [ -1.140210621948111, 45.795895406622407 ], [ -1.140892924973614, 45.796501567789385 ], [ -1.141761669609175, 45.797015214427908 ], [ -1.141834787704664, 45.797147788809269 ], [ -1.141402505903254, 45.79743418207228 ], [ -1.14059303628278, 45.797865172447267 ], [ -1.140536305863035, 45.798002514577512 ], [ -1.140943284505944, 45.798307692888777 ] ] ] ] } },
{ "type": "Feature", "properties": { "fid": 3, "gid": 3, "id": 3, "cdmassedea": "FT06", "cdeumassed": "FRFT06", "nommassede": "Estuaire Adour Amont", "systemeref": "31", "cdeubassin": "FRF", "typemassed": "T4", "cdeussbass": "FRF_ADOU", "cdcategori": "1.2.2", "cdnaturema": "1", "surfacetot": 5.9938788325622516 }, "geometry": { "type": "MultiPolygon", "coordinates": [ [ [ [ -1.350364198328724, 43.4972743855364 ], [ -1.352899643904976, 43.500552030880804 ], [ -1.351119437433298, 43.50059005235601 ], [ -1.349215830267047, 43.500968328268193 ], [ -1.348429104805166, 43.501220662025489 ], [ -1.348187514027806, 43.501315957563335 ], [ -1.34744794895345, 43.501341124864787 ], [ -1.343294733299811, 43.502287085690661 ], [ -1.342691848996218, 43.502532007968753 ], [ -1.341411079794378, 43.502799580638516 ], [ -1.340565983381276, 43.503099246901527 ], [ -1.338340665915845, 43.503300988481392 ], [ -1.334494236242074, 43.504018065812019 ], [ -1.329399826567183, 43.504766845073888 ], [ -1.327569990061652, 43.505141783932828 ], [ -1.325231278355031, 43.505482938197964 ], [ -1.324432088014206, 43.505555378500702 ], [ -1.320961727064937, 43.505400957210846 ], [ -1.315528742303353, 43.504711882812231 ], [ -1.314900609032784, 43.504556684131963 ], [ -1.311858032390564, 43.504344394877606 ], [ -1.310425435907924, 43.504158102137062 ], [ -1.304889821090788, 43.503796962220356 ], [ -1.302015959969243, 43.503307386138864 ], [ -1.299693825197921, 43.502746290186501 ], [ -1.299244154974134, 43.502493819050457 ], [ -1.29911311769219, 43.502363861873469 ], [ -1.298313937847868, 43.502436109599024 ], [ -1.297806828082192, 43.502226457764671 ], [ -1.297365684799986, 43.50210429146329 ], [ -1.295978549516856, 43.500704118049072 ], [ -1.294879836787797, 43.499932233427018 ], [ -1.294478821260787, 43.499452558270463 ], [ -1.293968392984511, 43.499197970452038 ], [ -1.292776086195955, 43.498911827777263 ], [ -1.291973589137541, 43.498939110079299 ], [ -1.290085680382258, 43.49936526940941 ], [ -1.288503647500698, 43.499959496306502 ], [ -1.287487163586063, 43.500486273510575 ], [ -1.287078007593408, 43.500858367083694 ], [ -1.286748540531983, 43.501502120574841 ], [ -1.286392255663708, 43.501736965595462 ], [ -1.283681076599527, 43.503042534976977 ], [ -1.282775412047748, 43.503380174158231 ], [ -1.282475343490367, 43.503522681145704 ], [ -1.278173440264932, 43.505062148652335 ], [ -1.277694008579602, 43.505306329747413 ], [ -1.277088701519227, 43.505505919940639 ], [ -1.275938357069996, 43.506082916947591 ], [ -1.274554711451875, 43.506669102924789 ], [ -1.273063294895964, 43.5075208165334 ], [ -1.272643093418272, 43.50771308249255 ], [ -1.271256695265774, 43.508479537492747 ], [ -1.270531241256703, 43.508728875333603 ], [ -1.269454826665844, 43.509302886784255 ], [ -1.26904582516066, 43.509679406640778 ], [ -1.268874569799478, 43.509906902594267 ], [ -1.267360423039494, 43.510588234039069 ], [ -1.266349332633645, 43.511209197145142 ], [ -1.264843795110813, 43.511840596483552 ], [ -1.262855428803128, 43.5128558777552 ], [ -1.261257436794931, 43.51397741227742 ], [ -1.259572118740133, 43.514890613473128 ], [ -1.257090582020301, 43.515735947916845 ], [ -1.254485258055628, 43.516766285580275 ], [ -1.25400562808409, 43.517010364016137 ], [ -1.251831886347474, 43.517834483102085 ], [ -1.251164630541966, 43.51803635153761 ], [ -1.250440783711734, 43.518510739907079 ], [ -1.249893977735915, 43.518667331444775 ], [ -1.249358902083461, 43.518999158633875 ], [ -1.247538916710188, 43.519552530072104 ], [ -1.245759317482715, 43.519748386942823 ], [ -1.243126765183522, 43.520365039535555 ], [ -1.24080202754952, 43.520757847141567 ], [ -1.239958226262355, 43.521101702355878 ], [ -1.236564607079013, 43.523369775797221 ], [ -1.233606986656908, 43.524719700018942 ], [ -1.230693388403353, 43.525761478198206 ], [ -1.227130807881165, 43.527139328083784 ], [ -1.225138843312064, 43.528104467300849 ], [ -1.223541761792418, 43.529270428074355 ], [ -1.223242976503721, 43.529417217866524 ], [ -1.222245755693763, 43.529496602000826 ], [ -1.220265975658212, 43.530461172522578 ], [ -1.218759757595141, 43.531096433083853 ], [ -1.217013254270123, 43.532051864247514 ], [ -1.215771263392667, 43.532947106024842 ], [ -1.215478632728044, 43.533228784834471 ], [ -1.215218256275097, 43.534000257028239 ], [ -1.214437527805266, 43.534566702974168 ], [ -1.212445488113572, 43.535351397878536 ], [ -1.211967832195134, 43.535626739193653 ], [ -1.211623311106277, 43.536045573206074 ], [ -1.210720753459188, 43.536657267723015 ], [ -1.21013754235523, 43.537216010724812 ], [ -1.209778992231361, 43.537410131950381 ], [ -1.209436174963269, 43.53786943758314 ], [ -1.208722848810802, 43.538343122787971 ], [ -1.208377958350534, 43.53875745506457 ], [ -1.207470300874583, 43.539283723213302 ], [ -1.20692943699596, 43.539525453161161 ], [ -1.206463079435734, 43.539989541275602 ], [ -1.205442172506295, 43.540475134104156 ], [ -1.2043645129202, 43.541048512480238 ], [ -1.203511135254717, 43.541437490613561 ], [ -1.202915880131285, 43.541816458257543 ], [ -1.201619100038316, 43.542848801379002 ], [ -1.2006824597869, 43.543691483324658 ], [ -1.200202047646668, 43.54393083624565 ], [ -1.199429663555574, 43.544631994509906 ], [ -1.198418962739246, 43.5452928177153 ], [ -1.197044254652305, 43.54605781844802 ], [ -1.196565412205177, 43.546522344174271 ], [ -1.196305049972849, 43.54729827051478 ], [ -1.196948747261206, 43.54871496899208 ], [ -1.197478483221367, 43.549284626915608 ], [ -1.199027087402389, 43.550319405987729 ], [ -1.200303702578625, 43.550954740643093 ], [ -1.202008176486352, 43.551528436343482 ], [ -1.202707248219028, 43.551821209603332 ], [ -1.204222690561191, 43.552316601039522 ], [ -1.204987663294275, 43.552696907330898 ], [ -1.206449697640778, 43.55332498697949 ], [ -1.207269712671281, 43.553577002069517 ], [ -1.208158257161564, 43.553952494596501 ], [ -1.210464474986584, 43.555228036315498 ], [ -1.210971403886885, 43.555433611942725 ], [ -1.211542330153658, 43.555650215856609 ], [ -1.211870554615205, 43.555952827716496 ], [ -1.212769889726765, 43.556508070448743 ], [ -1.213783291553025, 43.556878671701874 ], [ -1.214597364659979, 43.55703175390417 ], [ -1.2153717958568, 43.557555789232971 ], [ -1.215960266428734, 43.558078037224007 ], [ -1.217001795548224, 43.558898028830505 ], [ -1.217960931871945, 43.559405857490113 ], [ -1.218527959991732, 43.559568517959953 ], [ -1.21939530803053, 43.560192532712037 ], [ -1.219583028250337, 43.560622228212104 ], [ -1.219552658382851, 43.561118973565414 ], [ -1.218759079718822, 43.562492366665367 ], [ -1.218181055419349, 43.56314105677707 ], [ -1.217237722081876, 43.563894047780337 ], [ -1.216269259378955, 43.56423803993178 ], [ -1.214728292252552, 43.564514163982047 ], [ -1.21194874760186, 43.564595083379899 ], [ -1.210332358591711, 43.564468612072758 ], [ -1.209011189306212, 43.56410991340416 ], [ -1.206137764246885, 43.563653715201653 ], [ -1.205007323019176, 43.563377676584956 ], [ -1.203257706140463, 43.563292306673823 ], [ -1.202255857620838, 43.563096854423129 ], [ -1.201452421017305, 43.563123468221455 ], [ -1.200136680876143, 43.562854556495893 ], [ -1.199887189345725, 43.562814659837258 ], [ -1.197906131037582, 43.562783215202408 ], [ -1.19767265792628, 43.563012997723739 ], [ -1.196091202069103, 43.563650826667669 ], [ -1.194721357830046, 43.564505702786086 ], [ -1.19359859387757, 43.565351010069392 ], [ -1.193326205823532, 43.565947196940485 ], [ -1.193348799529211, 43.566527477020927 ], [ -1.193522828215445, 43.567331662577459 ], [ -1.193933077453851, 43.567960029778845 ], [ -1.19471009559003, 43.568520155482915 ], [ -1.196107021214671, 43.569101353928886 ], [ -1.198310544169404, 43.569714398526841 ], [ -1.199741699864679, 43.569848224168631 ], [ -1.200310504495133, 43.570051460066011 ], [ -1.201219819921606, 43.570741574870908 ], [ -1.201814878761139, 43.571353751606161 ], [ -1.202369880681798, 43.572332391272077 ], [ -1.2026305235947, 43.573538676793625 ], [ -1.202621390818035, 43.574395002815095 ], [ -1.202249396047851, 43.575576236191807 ], [ -1.201471182147996, 43.576998454319821 ], [ -1.200369651176104, 43.578203421087679 ], [ -1.200006758101871, 43.578528321107541 ], [ -1.199672579245692, 43.579126921107132 ], [ -1.199320248993868, 43.580442537584645 ], [ -1.199427921004245, 43.581168201781068 ], [ -1.199495061461903, 43.581255706160221 ], [ -1.199929695336787, 43.581283936846262 ], [ -1.200558156581296, 43.582435452301873 ], [ -1.20160358853268, 43.583525771670438 ], [ -1.20187875929195, 43.583965632184132 ], [ -1.203501208896479, 43.585182263946827 ], [ -1.209361030012914, 43.587874490343623 ], [ -1.21104019155576, 43.588998719857123 ], [ -1.211296403395401, 43.589128439387196 ], [ -1.21246286935154, 43.589988715638256 ], [ -1.212791295044552, 43.590291331952592 ], [ -1.214344913844638, 43.591375338396432 ], [ -1.216062705448019, 43.592128573135376 ], [ -1.217414730874467, 43.592981595102131 ], [ -1.220220267391676, 43.594296198695844 ], [ -1.221669130727559, 43.594694884105046 ], [ -1.223683092947397, 43.595224741284682 ], [ -1.224876062711364, 43.595498185656908 ], [ -1.226209158157366, 43.596040982317753 ], [ -1.227807595048487, 43.596852755491661 ], [ -1.229500484504058, 43.598187944121349 ], [ -1.23048925542989, 43.599154089745525 ], [ -1.232612337008328, 43.60043642830118 ], [ -1.233820282064811, 43.60193463841113 ], [ -1.234641931400193, 43.603389339691667 ], [ -1.235076883929805, 43.605399761877926 ], [ -1.235096880490002, 43.607885917415935 ], [ -1.235231140097606, 43.610038730902723 ], [ -1.234797819788198, 43.612213687405635 ], [ -1.23459871896036, 43.61497421463713 ], [ -1.234331317300336, 43.616827329053017 ], [ -1.233381324779823, 43.619463957901118 ], [ -1.232877969874385, 43.621515495542077 ], [ -1.232448103505779, 43.622563978031003 ], [ -1.231989993090776, 43.623163023631783 ], [ -1.231425282425033, 43.624216757026851 ], [ -1.231349331028798, 43.624985628031894 ], [ -1.229879756677985, 43.626250315594056 ], [ -1.229345297212142, 43.626807269461843 ], [ -1.22822721687618, 43.627742868276336 ], [ -1.227417429839684, 43.628670960074658 ], [ -1.227192512164934, 43.629035638519774 ], [ -1.226189325306978, 43.630016301709205 ], [ -1.22506243023691, 43.630817047718814 ], [ -1.224404539987792, 43.631198562737936 ], [ -1.222976013172073, 43.632317382066695 ], [ -1.218363790865424, 43.635033129444089 ], [ -1.215665812795457, 43.636471462750968 ], [ -1.213089783136131, 43.638085209156628 ], [ -1.211960481030413, 43.638840850377349 ], [ -1.211903990609905, 43.638933147784343 ], [ -1.211472314653728, 43.639170647433112 ], [ -1.211240152314004, 43.639404915782585 ], [ -1.209533298378148, 43.640845205577506 ], [ -1.209362405472262, 43.641086105941781 ], [ -1.208655798388809, 43.64168566403751 ], [ -1.207597304466242, 43.642798940962912 ], [ -1.206586438968788, 43.644460014759979 ], [ -1.206315871538664, 43.645101240279502 ], [ -1.205721202162515, 43.645705454211807 ], [ -1.205600437839378, 43.645750677590961 ], [ -1.205136833157209, 43.646264212457368 ], [ -1.204625035510421, 43.647000372537576 ], [ -1.203626599003041, 43.647886016131508 ], [ -1.203260316523934, 43.648170509189065 ], [ -1.203139545068075, 43.64821572991039 ], [ -1.203024458258307, 43.648355342875092 ], [ -1.202902778460793, 43.648405103806539 ], [ -1.201103658185016, 43.650353419843462 ], [ -1.200458947506747, 43.651139751855517 ], [ -1.198978720206452, 43.652260232431345 ], [ -1.19856050264355, 43.652497156865778 ], [ -1.197845660419781, 43.652970808049133 ], [ -1.196321546447397, 43.653561314996658 ], [ -1.194677062677107, 43.654016781245744 ], [ -1.190022313365716, 43.655106463811997 ], [ -1.185725046269746, 43.655740649120808 ], [ -1.184612150873679, 43.65577901066834 ], [ -1.181527714858209, 43.6551949305641 ], [ -1.180450578611835, 43.654821891308117 ], [ -1.17879791534257, 43.654146597466827 ], [ -1.177916603647392, 43.653905667017028 ], [ -1.175693869559976, 43.653035994601325 ], [ -1.174290849602139, 43.652396095090907 ], [ -1.17270943829233, 43.651862146278859 ], [ -1.171391796595922, 43.651592869878286 ], [ -1.170760084509294, 43.651387353705736 ], [ -1.16825292067619, 43.650920413902362 ], [ -1.165453885706148, 43.65073942845035 ], [ -1.162537234591694, 43.650869233782402 ], [ -1.16137638861461, 43.651134459087579 ], [ -1.159866021880329, 43.651764462333553 ], [ -1.158784116598606, 43.652296950059949 ], [ -1.155935511636945, 43.654545929539509 ], [ -1.154586696959494, 43.655985121342539 ], [ -1.152919805780314, 43.657112076418549 ], [ -1.151173449494754, 43.657931179895776 ], [ -1.1497554326063, 43.658246646359288 ], [ -1.146727626212147, 43.658389267769635 ], [ -1.145746286467665, 43.658548353958125 ], [ -1.144222098887966, 43.658957901399326 ], [ -1.14216227461293, 43.659923964933142 ], [ -1.141304342585283, 43.660565369058396 ], [ -1.141261694515847, 43.660597252914265 ], [ -1.140963225893815, 43.660591382174125 ], [ -1.140743930084318, 43.660200144398011 ], [ -1.140873808651981, 43.66014426990359 ], [ -1.141110828579136, 43.659955029627383 ], [ -1.142843616829883, 43.658911351796263 ], [ -1.14437167445283, 43.658366520356687 ], [ -1.145954475144446, 43.657909681904115 ], [ -1.148969111894964, 43.657551333797258 ], [ -1.150339037215799, 43.657462974987716 ], [ -1.15156226901925, 43.657199994851347 ], [ -1.152585710787947, 43.656714869862057 ], [ -1.153650226787413, 43.655872252016422 ], [ -1.156884123237214, 43.652842708193646 ], [ -1.157726882696884, 43.652229287556914 ], [ -1.159397913244092, 43.651196704710415 ], [ -1.160421181550728, 43.650711507949346 ], [ -1.161764705522034, 43.650398748192082 ], [ -1.163689596062438, 43.650248407272414 ], [ -1.164363992919709, 43.650136960210915 ], [ -1.166224305381097, 43.650173764054195 ], [ -1.170096695433958, 43.650678461193749 ], [ -1.173555567116602, 43.651518783022624 ], [ -1.174694985864294, 43.651709281575087 ], [ -1.176213153913445, 43.652209590740739 ], [ -1.1786398100539, 43.653391284038008 ], [ -1.182114134325797, 43.654456017147652 ], [ -1.185180176710016, 43.6549416706196 ], [ -1.187102535482452, 43.654975733955681 ], [ -1.19054674613266, 43.654369891153472 ], [ -1.193297392806025, 43.653750158710771 ], [ -1.196522200679856, 43.652607443029346 ], [ -1.197253088864374, 43.652403501576217 ], [ -1.197973276539875, 43.652019754720456 ], [ -1.198495901173553, 43.651463423836965 ], [ -1.199866146215272, 43.65038324444145 ], [ -1.200462548656624, 43.650004265135266 ], [ -1.200574350546312, 43.649819728651643 ], [ -1.200813517376114, 43.649679826159684 ], [ -1.201871510826933, 43.648742347947099 ], [ -1.204669392130672, 43.645728147870294 ], [ -1.205890917667958, 43.644248162023715 ], [ -1.207132095687949, 43.64227631798434 ], [ -1.208585663903476, 43.640562045521861 ], [ -1.21012123514532, 43.639340161470223 ], [ -1.210114632470862, 43.639250310539246 ], [ -1.210295174384623, 43.639157711243811 ], [ -1.210289808638246, 43.639067812380418 ], [ -1.210528576760167, 43.638923396994613 ], [ -1.210714554984087, 43.638735974036628 ], [ -1.214726567030237, 43.636318688164032 ], [ -1.215381275125351, 43.635892305187362 ], [ -1.216644101675994, 43.635266602830754 ], [ -1.217891601955704, 43.634416212612052 ], [ -1.219463101188734, 43.633602779464873 ], [ -1.220648340823314, 43.632750268971058 ], [ -1.222031432470415, 43.632074773208174 ], [ -1.223519415850421, 43.630904095887004 ], [ -1.224870940989287, 43.629734199910878 ], [ -1.226296627372484, 43.628561399935883 ], [ -1.227107602530017, 43.627682829899165 ], [ -1.227518383627805, 43.627315422120397 ], [ -1.228975847127868, 43.625650263354146 ], [ -1.229849488093003, 43.624764725662871 ], [ -1.230758473131729, 43.623467815927711 ], [ -1.231321108505039, 43.622369114038399 ], [ -1.231925702401075, 43.620142436058096 ], [ -1.232172131312348, 43.619146160266872 ], [ -1.233120092234982, 43.616279851272104 ], [ -1.233618282717071, 43.613151743929038 ], [ -1.23374791614038, 43.611078742159037 ], [ -1.233978978749593, 43.609808240100762 ], [ -1.234039802559617, 43.607828031839567 ], [ -1.233858503654637, 43.606699762682922 ], [ -1.233696114070203, 43.605088688789735 ], [ -1.233386969478027, 43.60410957718539 ], [ -1.232973376037259, 43.603445404438197 ], [ -1.232538535048255, 43.602426140702164 ], [ -1.231735461382558, 43.601272557437305 ], [ -1.231017707589874, 43.60066979511501 ], [ -1.229017621089809, 43.599373623943613 ], [ -1.22802083104582, 43.598281630368341 ], [ -1.226914540443526, 43.597419157323891 ], [ -1.225825677642951, 43.596826311865549 ], [ -1.224556122750899, 43.596321583923846 ], [ -1.223239182347173, 43.596048453581766 ], [ -1.222738973544524, 43.595973304488723 ], [ -1.220601701420586, 43.595452728982771 ], [ -1.219456175554048, 43.59494762723768 ], [ -1.217727508647148, 43.594014653231611 ], [ -1.21632579343706, 43.593379814227447 ], [ -1.215366103796116, 43.592871959120046 ], [ -1.213968074424713, 43.592286506443955 ], [ -1.212163080775713, 43.591122145189047 ], [ -1.211112374247256, 43.590167269031859 ], [ -1.209762241047588, 43.589354649788483 ], [ -1.208549439325124, 43.58875744429357 ], [ -1.207648403638111, 43.588202202048166 ], [ -1.207011903644945, 43.587907009524308 ], [ -1.205793230197188, 43.587228910730694 ], [ -1.204838430071949, 43.586801875856835 ], [ -1.202849047496982, 43.585653532460057 ], [ -1.201571632397837, 43.585018212345069 ], [ -1.200086807504548, 43.584021484365799 ], [ -1.199360968696315, 43.583283700182875 ], [ -1.198398217755309, 43.581730639297241 ], [ -1.198107501585885, 43.580840860902512 ], [ -1.198088761267174, 43.579535100218465 ], [ -1.19845713873533, 43.578489175662106 ], [ -1.198856737980872, 43.57793760489438 ], [ -1.199986685389618, 43.577001861939898 ], [ -1.200334827249395, 43.576627976668064 ], [ -1.200422147798296, 43.576043436277985 ], [ -1.200697800357389, 43.575492151196237 ], [ -1.20084361534718, 43.574860295007817 ], [ -1.20072757442008, 43.573783560464356 ], [ -1.200736077311404, 43.572918250226607 ], [ -1.200637696685811, 43.572336395122235 ], [ -1.200088725607085, 43.571456626520479 ], [ -1.199627941281486, 43.571019447667503 ], [ -1.198862759921153, 43.570639098734837 ], [ -1.197299388915808, 43.570375222929179 ], [ -1.196120375921408, 43.57031721015985 ], [ -1.195070600305392, 43.570348794545822 ], [ -1.19483207848807, 43.570493169177389 ], [ -1.194456029411577, 43.570417605924675 ], [ -1.193756773325928, 43.570124775723528 ], [ -1.193866392291905, 43.569895284662898 ], [ -1.193550084794563, 43.569772358465165 ], [ -1.192931905962943, 43.569791744986979 ], [ -1.192413924036058, 43.569401799806656 ], [ -1.192033945493477, 43.569272319616267 ], [ -1.192079737925617, 43.569000246092259 ], [ -1.192301031747099, 43.568586239210369 ], [ -1.191934289863272, 43.567654345692368 ], [ -1.19190968574517, 43.567249840546943 ], [ -1.191588878675721, 43.567082032819783 ], [ -1.19216191248669, 43.566343587253627 ], [ -1.192446670657145, 43.565746925652299 ], [ -1.192597070661776, 43.565159960792364 ], [ -1.19293657359882, 43.564651283498883 ], [ -1.193463784219287, 43.564184905235734 ], [ -1.193585622133014, 43.564139650108913 ], [ -1.195188631110853, 43.563050519457875 ], [ -1.196466532503702, 43.562514547718258 ], [ -1.197375030768373, 43.56221360177571 ], [ -1.197979160543066, 43.561969477216785 ], [ -1.198966676187662, 43.561935763712796 ], [ -1.200154480639324, 43.56213305555395 ], [ -1.200707508560877, 43.562071096805425 ], [ -1.201313348140452, 43.561867432583057 ], [ -1.202500928098974, 43.561875494372281 ], [ -1.202947346347436, 43.562083453686611 ], [ -1.203311750391023, 43.561983738419627 ], [ -1.203306402788757, 43.561893843988805 ], [ -1.203735872903971, 43.561836656964168 ], [ -1.204055450637949, 43.562004476070548 ], [ -1.205175817751066, 43.562109720268268 ], [ -1.208147335814634, 43.562147666111422 ], [ -1.208894335875241, 43.562213293763662 ], [ -1.209715890322569, 43.562501278385483 ], [ -1.210841966707532, 43.562700850627706 ], [ -1.213017085324491, 43.562674966907316 ], [ -1.214611968243642, 43.562441822430621 ], [ -1.215825948254179, 43.562083798587253 ], [ -1.217089213602949, 43.561503093772757 ], [ -1.217630450085703, 43.561045055475191 ], [ -1.21804459229132, 43.560172979918484 ], [ -1.217982132997237, 43.560031244691132 ], [ -1.21741088231313, 43.559760622538292 ], [ -1.214308273755631, 43.558358475499638 ], [ -1.21302861577688, 43.557669346828206 ], [ -1.211061515578183, 43.556880751624121 ], [ -1.210422048377407, 43.556540662646157 ], [ -1.208143127903886, 43.555705555271878 ], [ -1.206134976409252, 43.555233824506395 ], [ -1.205048526635822, 43.554676774516984 ], [ -1.203524281738067, 43.554231287862436 ], [ -1.20168591873932, 43.553302393701692 ], [ -1.199137155528406, 43.552297360241916 ], [ -1.198245408605665, 43.551876871208684 ], [ -1.197597448829562, 43.551401890774457 ], [ -1.197150147143461, 43.551180434085879 ], [ -1.196260442485709, 43.550584155326106 ], [ -1.195571869831477, 43.549926029859201 ], [ -1.195332219178232, 43.549579403443687 ], [ -1.194914125269594, 43.548825217103015 ], [ -1.194530812725106, 43.547614678793444 ], [ -1.194437870633577, 43.547122722309538 ], [ -1.195111948205754, 43.546024458979232 ], [ -1.19552871091211, 43.545557836696538 ], [ -1.195697078355793, 43.545285527881454 ], [ -1.196230330393665, 43.544904496169941 ], [ -1.196396642588138, 43.544587215657096 ], [ -1.197235713107194, 43.544153799913339 ], [ -1.19865121414457, 43.54284661567069 ], [ -1.199291009877487, 43.542195647515719 ], [ -1.201471624961294, 43.540462353673412 ], [ -1.204099431014366, 43.538765737062263 ], [ -1.205226465830193, 43.537784994912045 ], [ -1.206592223847775, 43.536885079955695 ], [ -1.20725450369615, 43.536593590316706 ], [ -1.208441217116953, 43.53578619255272 ], [ -1.208435863926703, 43.535696300031411 ], [ -1.208620201618031, 43.535693650600408 ], [ -1.209457395130461, 43.535034956577761 ], [ -1.209578829127556, 43.534985192211323 ], [ -1.2119375016976, 43.533154661083096 ], [ -1.212175825498949, 43.533010252674856 ], [ -1.212954492582876, 43.532398853588461 ], [ -1.213288591005404, 43.531804724560821 ], [ -1.213384040049976, 43.531350513955438 ], [ -1.213507855562048, 43.531350207514436 ], [ -1.213679064259106, 43.531118303345039 ], [ -1.214281562913327, 43.530874141425848 ], [ -1.215619926485633, 43.530515772378415 ], [ -1.218479561930362, 43.529575625542215 ], [ -1.220218658335904, 43.528706052411685 ], [ -1.222970257821132, 43.527040172093329 ], [ -1.22429111168709, 43.526412071530721 ], [ -1.224847432782646, 43.52621469765775 ], [ -1.229139870231134, 43.523465952906825 ], [ -1.230461236596478, 43.522846763092303 ], [ -1.231972497765045, 43.522301234359411 ], [ -1.233905728267256, 43.52138330571649 ], [ -1.234256625833791, 43.521054247430229 ], [ -1.23949484186308, 43.518633032870142 ], [ -1.24083342669583, 43.518283340185754 ], [ -1.24161753852539, 43.517986863221303 ], [ -1.242856368200216, 43.517812240285416 ], [ -1.24523064658605, 43.517237241428852 ], [ -1.247161973761548, 43.516499342337603 ], [ -1.247474210344219, 43.516351955946341 ], [ -1.252796745394146, 43.514296181211698 ], [ -1.254913042607747, 43.513550880515965 ], [ -1.255454694526848, 43.513308867515342 ], [ -1.257283752302032, 43.512714452867314 ], [ -1.258318250744016, 43.512457571268826 ], [ -1.259761822889603, 43.511824195864001 ], [ -1.260241718447853, 43.511584584881696 ], [ -1.260970586877388, 43.511380235252247 ], [ -1.261826463480503, 43.511035733678199 ], [ -1.262798859188157, 43.510776744469652 ], [ -1.264371213914869, 43.51022834188359 ], [ -1.26504166951048, 43.510071313108241 ], [ -1.26697128963569, 43.509116867686579 ], [ -1.267386077460695, 43.508834735631829 ], [ -1.268044386444528, 43.508497961349391 ], [ -1.269171624232223, 43.507741757823659 ], [ -1.269888284529834, 43.507357622085827 ], [ -1.271085856819257, 43.506549070165832 ], [ -1.27215886137678, 43.505930124268566 ], [ -1.27292628929902, 43.505363761447136 ], [ -1.275327157067242, 43.504025663601603 ], [ -1.27687279880084, 43.503072663512768 ], [ -1.280125006363619, 43.501534162698391 ], [ -1.281968441369355, 43.500393623813885 ], [ -1.282760206193054, 43.500006430383081 ], [ -1.284012611612573, 43.499290167425762 ], [ -1.28587230984585, 43.49841922309367 ], [ -1.286843660866902, 43.49793479262182 ], [ -1.288912187662467, 43.497424953254118 ], [ -1.290874270763096, 43.497180586505515 ], [ -1.292864786696744, 43.497200861059966 ], [ -1.293556943219046, 43.497403200891895 ], [ -1.294452572556587, 43.497876792644661 ], [ -1.296382401933599, 43.499070751589791 ], [ -1.296636835194061, 43.499195818646854 ], [ -1.29856427508101, 43.50053850908013 ], [ -1.299326717073632, 43.500868677218314 ], [ -1.301153664261989, 43.501215162514683 ], [ -1.304057695240318, 43.501216996576836 ], [ -1.305798058159479, 43.501382130781707 ], [ -1.309064693612164, 43.501234266669748 ], [ -1.309945536866971, 43.501293847224375 ], [ -1.310470445496482, 43.501773048774226 ], [ -1.31303947609774, 43.502324090212845 ], [ -1.314474735369736, 43.502546282567579 ], [ -1.316327546289348, 43.502526564267782 ], [ -1.317159577452468, 43.502002350084837 ], [ -1.320170883585856, 43.50155346098208 ], [ -1.321525379591007, 43.501458906926146 ], [ -1.322990094860268, 43.50118423393814 ], [ -1.3245343302085, 43.50117668297284 ], [ -1.324858320994169, 43.501402532061704 ], [ -1.325057886904953, 43.501619830531013 ], [ -1.325550640680076, 43.501604668328795 ], [ -1.325915343914776, 43.50150000500205 ], [ -1.327110613063936, 43.501641505676531 ], [ -1.330328736924194, 43.501720200706707 ], [ -1.331562301308868, 43.501679911279979 ], [ -1.332232134501792, 43.501517976558766 ], [ -1.333956287461127, 43.501417498410937 ], [ -1.334889914720321, 43.50151981947851 ], [ -1.336071393650371, 43.50144551960971 ], [ -1.336925432579688, 43.501280689804624 ], [ -1.339953433238109, 43.50126759095388 ], [ -1.343384992996566, 43.50061649917717 ], [ -1.345140516981149, 43.500064051744666 ], [ -1.348037432250491, 43.498794488507293 ], [ -1.349512287714875, 43.497708083858072 ], [ -1.350231688338409, 43.497368337049934 ], [ -1.350364198328724, 43.4972743855364 ] ] ] ] } },
{ "type": "Feature", "properties": { "fid": 4, "gid": 4, "id": 4, "cdmassedea": "FT07", "cdeumassed": "FRFT07", "nommassede": "Estuaire Adour Aval", "systemeref": "31", "cdeubassin": "FRF", "typemassed": "T3", "cdeussbass": "FRF_ADOU", "cdcategori": "1.2.2", "cdnaturema": "3", "surfacetot": 5.1378982712143957 }, "geometry": { "type": "MultiPolygon", "coordinates": [ [ [ [ -1.524647256200649, 43.529116190497746 ], [ -1.524891061040361, 43.529231783340663 ], [ -1.525033279944134, 43.529306625506635 ], [ -1.524361456251744, 43.529893980055746 ], [ -1.523928569073871, 43.530403966757667 ], [ -1.522460962063477, 43.529918882989293 ], [ -1.52044106103146, 43.529309207208044 ], [ -1.518692169045803, 43.529057689438375 ], [ -1.516268710439357, 43.528874802672803 ], [ -1.514972261154099, 43.528910781615309 ], [ -1.513873359435014, 43.529127769823312 ], [ -1.512819043954504, 43.529077039308454 ], [ -1.511989936215373, 43.528881747060097 ], [ -1.511731372839171, 43.528712270429537 ], [ -1.510547434443152, 43.528572288071949 ], [ -1.509436522687109, 43.528604987013857 ], [ -1.507693521013298, 43.528443168683644 ], [ -1.506080683065276, 43.528361525041618 ], [ -1.502269182425363, 43.527771906648098 ], [ -1.50127627636787, 43.527714009136943 ], [ -1.496577624456312, 43.526075108368865 ], [ -1.494189444227894, 43.52439432167531 ], [ -1.493743502211807, 43.524187515452894 ], [ -1.489475286311638, 43.521395011711967 ], [ -1.489269239226685, 43.521088135960923 ], [ -1.489354522888237, 43.519597673773731 ], [ -1.489322333043854, 43.517080241300384 ], [ -1.48932465964836, 43.515273305052638 ], [ -1.489204089592864, 43.512354017270084 ], [ -1.489491758200647, 43.51202669359315 ], [ -1.490212788119205, 43.511730979260243 ], [ -1.490318832351074, 43.511456236234928 ], [ -1.490339978782056, 43.507895764257078 ], [ -1.490171282074777, 43.507226882582565 ], [ -1.489838768839056, 43.506695456789302 ], [ -1.489759693040939, 43.506428384644984 ], [ -1.489630494448084, 43.506343621281601 ], [ -1.489049831439644, 43.505060994256397 ], [ -1.488720440316827, 43.50475923306972 ], [ -1.488529193534889, 43.504672533088765 ], [ -1.488164767060691, 43.504777743152623 ], [ -1.488110086294977, 43.504870123757044 ], [ -1.487859765243221, 43.504835432989296 ], [ -1.48770864820746, 43.504422652579457 ], [ -1.4877556166628, 43.504199923653843 ], [ -1.487931424264243, 43.504057468888163 ], [ -1.487861658745302, 43.503925184510443 ], [ -1.4872292091099, 43.503721580349783 ], [ -1.486764862188024, 43.503245171179223 ], [ -1.486740486674663, 43.502885717693204 ], [ -1.486901211832113, 43.502518599982928 ], [ -1.486803565315636, 43.501981949349528 ], [ -1.486265968007291, 43.501328341305779 ], [ -1.485693047433593, 43.500887965065303 ], [ -1.485357914902961, 43.500496318532413 ], [ -1.485342840643346, 43.500271653953909 ], [ -1.485271851724057, 43.500139419348436 ], [ -1.483802352289055, 43.499425245834246 ], [ -1.482208795723596, 43.498707174637865 ], [ -1.481119175575405, 43.49811693179376 ], [ -1.478771885491689, 43.497209202011057 ], [ -1.476880487496899, 43.49663854193345 ], [ -1.474356701215902, 43.496053415819738 ], [ -1.472085616538599, 43.495358677731858 ], [ -1.470299919879121, 43.494522215174285 ], [ -1.468104167440193, 43.493107885611039 ], [ -1.468034460835984, 43.492975589526381 ], [ -1.466383781776979, 43.492313728581784 ], [ -1.465224723798271, 43.491622572432725 ], [ -1.464061832755556, 43.490674740058481 ], [ -1.462812763865188, 43.489541209541869 ], [ -1.461931069161113, 43.488356492339271 ], [ -1.461023421024036, 43.487713517277506 ], [ -1.459683302486334, 43.487079328399403 ], [ -1.458167735104995, 43.486592019543899 ], [ -1.455980291642978, 43.486217935670609 ], [ -1.454676783419764, 43.486118352822217 ], [ -1.452454455946241, 43.486331364477742 ], [ -1.449580500976228, 43.486791871091796 ], [ -1.446474319585015, 43.48765832462027 ], [ -1.445635713673087, 43.488048683194869 ], [ -1.444724981596329, 43.488306826013826 ], [ -1.444355747303461, 43.488317468275518 ], [ -1.443827794917571, 43.488740123657621 ], [ -1.442133458805871, 43.48947643704232 ], [ -1.438228758759863, 43.490231204128705 ], [ -1.4345742921986, 43.491214380415485 ], [ -1.432943933538647, 43.491803746678414 ], [ -1.431249698691731, 43.493089557931846 ], [ -1.429789970330635, 43.49412695805276 ], [ -1.429739831922049, 43.494840888452032 ], [ -1.42944266438808, 43.495096338326086 ], [ -1.428847282197702, 43.495593761528632 ], [ -1.428495359254397, 43.495540562198826 ], [ -1.427030437925726, 43.496303294871026 ], [ -1.4268958270283, 43.496516050894911 ], [ -1.424632695191696, 43.496928385303477 ], [ -1.423620048702304, 43.497167976739334 ], [ -1.420246254603208, 43.497544455135831 ], [ -1.419004304394625, 43.497635662125923 ], [ -1.416983818675454, 43.497920793128841 ], [ -1.414466615863414, 43.498185573388859 ], [ -1.412356079069957, 43.498217470035385 ], [ -1.410176916483879, 43.497968270753539 ], [ -1.408326155287349, 43.498030065523935 ], [ -1.406740743658795, 43.498355873633564 ], [ -1.405639461894026, 43.498522304355546 ], [ -1.404331978321238, 43.498566445506889 ], [ -1.40165207027432, 43.49821127419397 ], [ -1.397182436985056, 43.497906153533819 ], [ -1.395866934156619, 43.497635135074965 ], [ -1.393071048755506, 43.497590832518618 ], [ -1.383925966677612, 43.497799015429791 ], [ -1.381694977235899, 43.497695520230018 ], [ -1.372888669536814, 43.496451847899813 ], [ -1.370962826348478, 43.49629076588247 ], [ -1.369544309512828, 43.496338967535252 ], [ -1.368610021407731, 43.496227961905149 ], [ -1.36731831742671, 43.496316075394986 ], [ -1.366207485107115, 43.496536551951799 ], [ -1.365285965226369, 43.496609723660043 ], [ -1.36291592098461, 43.497232306351378 ], [ -1.361656094983907, 43.497805647244604 ], [ -1.360730314625875, 43.498018617062101 ], [ -1.360318239873367, 43.498346069677218 ], [ -1.360151131165362, 43.498623115768339 ], [ -1.358790864282144, 43.499569902816681 ], [ -1.357833667068303, 43.500054432042589 ], [ -1.356602386349666, 43.500320198456102 ], [ -1.355192744175221, 43.500503011943358 ], [ -1.352899643904976, 43.500552030880804 ], [ -1.350364198328724, 43.4972743855364 ], [ -1.350763810850866, 43.496991051635163 ], [ -1.352099000976539, 43.496414814293715 ], [ -1.354574898715882, 43.495522402761615 ], [ -1.355367098378985, 43.495359907993063 ], [ -1.356369122486666, 43.495369185198108 ], [ -1.357678804267606, 43.495550799782414 ], [ -1.358782343040227, 43.495429822381361 ], [ -1.35952523691405, 43.495449494248696 ], [ -1.360674598259327, 43.495051827039966 ], [ -1.362434016053297, 43.494359265596188 ], [ -1.364612372894564, 43.493658810006529 ], [ -1.365464033818308, 43.493448790628257 ], [ -1.366759433101944, 43.493410107050529 ], [ -1.367631634545703, 43.493519123777517 ], [ -1.369995983102155, 43.493572468005446 ], [ -1.371437189685811, 43.493888278516273 ], [ -1.372182253662082, 43.493952829367586 ], [ -1.373475130999255, 43.493864608298551 ], [ -1.374576074418996, 43.493694013125754 ], [ -1.37661024217673, 43.493620876618159 ], [ -1.377083661529831, 43.494246025350698 ], [ -1.378142831559517, 43.494387954444775 ], [ -1.378524581469261, 43.494557250262723 ], [ -1.379525489760559, 43.494746574750465 ], [ -1.38209034381083, 43.495025835331873 ], [ -1.383736700538678, 43.495644064505946 ], [ -1.385224707303597, 43.495728026797885 ], [ -1.385915660284748, 43.495893794545665 ], [ -1.387826496874804, 43.495825442235358 ], [ -1.388869170946567, 43.49570211563563 ], [ -1.39079577130871, 43.495678126632548 ], [ -1.392763684830123, 43.495530781087311 ], [ -1.393297713377263, 43.495198252866956 ], [ -1.394093235825969, 43.495080390568233 ], [ -1.395571193002498, 43.494984399824752 ], [ -1.395799816150343, 43.494704796945257 ], [ -1.39616689589534, 43.494649354730839 ], [ -1.398612847513763, 43.495023161371101 ], [ -1.402699748188014, 43.495150029999195 ], [ -1.403501593921804, 43.49513096175437 ], [ -1.403877768410269, 43.495210288388691 ], [ -1.405049100640382, 43.495167179570899 ], [ -1.4059975153281, 43.495493562945029 ], [ -1.40705814355672, 43.495459439679074 ], [ -1.408343760402113, 43.495276481738969 ], [ -1.409454429569695, 43.495249309890831 ], [ -1.410775607663337, 43.495610042764888 ], [ -1.412751552469744, 43.495583654557215 ], [ -1.413561832737839, 43.495690323234058 ], [ -1.41709868327237, 43.495712901707833 ], [ -1.42048118317336, 43.495466823830107 ], [ -1.42293282029753, 43.494979297312518 ], [ -1.426388769921493, 43.493968594309315 ], [ -1.427163671012065, 43.493535939207305 ], [ -1.42819766935967, 43.493092689067076 ], [ -1.428836539433292, 43.492485358326697 ], [ -1.430069871988736, 43.491497778692903 ], [ -1.430667568981073, 43.491207509400688 ], [ -1.432203643620236, 43.48994169437205 ], [ -1.432722179625463, 43.489379811884113 ], [ -1.433367894876449, 43.488862283682572 ], [ -1.434392938176669, 43.488288675561321 ], [ -1.434935829742886, 43.488090735784027 ], [ -1.43583396012875, 43.487652970024179 ], [ -1.43740179170696, 43.487057106021091 ], [ -1.438852309505282, 43.486384924754837 ], [ -1.440727609813725, 43.485780917366519 ], [ -1.44233552049277, 43.484872450541403 ], [ -1.443436644464198, 43.484516405733032 ], [ -1.44490729567291, 43.484329916843045 ], [ -1.446757038158803, 43.484276531812419 ], [ -1.448805707260189, 43.484426709143698 ], [ -1.450905844146128, 43.484218790566615 ], [ -1.453101511848709, 43.483790634310246 ], [ -1.455068161446815, 43.483633177071518 ], [ -1.4560074497178, 43.483824330868401 ], [ -1.457217116771212, 43.484373813819445 ], [ -1.458468669937171, 43.484601660587799 ], [ -1.45924139362267, 43.485069980890032 ], [ -1.460189949158253, 43.485395887957694 ], [ -1.461411177323567, 43.486125077659416 ], [ -1.463544115224175, 43.487533094576747 ], [ -1.46379695245405, 43.487617295895291 ], [ -1.463802700397442, 43.487707172265509 ], [ -1.464890385794693, 43.488261603576689 ], [ -1.468860463242117, 43.49127892267267 ], [ -1.470599362986718, 43.492342617827397 ], [ -1.471360768978959, 43.492631101706841 ], [ -1.471872622740681, 43.4928938354754 ], [ -1.472570768078271, 43.493180416870842 ], [ -1.473218074827103, 43.493608770098284 ], [ -1.473467104329861, 43.493643545314633 ], [ -1.473469369247596, 43.49368850890918 ], [ -1.474627868061395, 43.494370595446014 ], [ -1.474942093592127, 43.494447732086194 ], [ -1.475908895765404, 43.495052115130846 ], [ -1.479390677544676, 43.496286979806641 ], [ -1.481211996913192, 43.496720816748116 ], [ -1.482084114159071, 43.496824421986808 ], [ -1.48252980195021, 43.497031272076512 ], [ -1.48265896914186, 43.497116043329967 ], [ -1.483293602659446, 43.497364636678398 ], [ -1.483923162694264, 43.497532332904299 ], [ -1.485503206635361, 43.498061695118189 ], [ -1.486190265540121, 43.498172929343575 ], [ -1.486625643066846, 43.498199959980489 ], [ -1.488230815280687, 43.499097717635948 ], [ -1.490072821913449, 43.499841455340089 ], [ -1.491417780324798, 43.500560710113589 ], [ -1.492711968019541, 43.501421734778596 ], [ -1.494703661529663, 43.503474890675442 ], [ -1.494851489438555, 43.503829223897242 ], [ -1.494687295433873, 43.504151441426124 ], [ -1.494767625032113, 43.504418458356668 ], [ -1.495102844548644, 43.504810076916257 ], [ -1.495261533402668, 43.50552442520069 ], [ -1.495808589065701, 43.506312778824515 ], [ -1.496019184604972, 43.507610731560149 ], [ -1.496641868710277, 43.508589696631383 ], [ -1.497050436076708, 43.509158501948278 ], [ -1.497074878734064, 43.509517954728523 ], [ -1.496161717020173, 43.511754693453746 ], [ -1.496077854482045, 43.512343932266347 ], [ -1.495144449694302, 43.513184690760774 ], [ -1.493429759482343, 43.515450140890962 ], [ -1.493224716096849, 43.516089460003975 ], [ -1.493309178691338, 43.517532336352524 ], [ -1.493853123727137, 43.519181458075344 ], [ -1.494907159343386, 43.521255509838497 ], [ -1.49918724273524, 43.524227553303035 ], [ -1.499700735513316, 43.524521651864596 ], [ -1.500576829874232, 43.524670023266133 ], [ -1.501905066995384, 43.525119530263858 ], [ -1.502731782246694, 43.525459183798752 ], [ -1.505614979980541, 43.525853058802255 ], [ -1.506311754793685, 43.526098957036702 ], [ -1.506317220452987, 43.526184342352401 ], [ -1.507869860195301, 43.526272989085726 ], [ -1.507847988726355, 43.525962989616858 ], [ -1.504721407283878, 43.525435098069288 ], [ -1.504085655714476, 43.525366891331913 ], [ -1.503930326789181, 43.524697458511049 ], [ -1.504484953140157, 43.524678918705447 ], [ -1.507346079397422, 43.524933979945359 ], [ -1.507385760135573, 43.525518099965623 ], [ -1.508068074262971, 43.525548303819143 ], [ -1.508292743445062, 43.52522354544913 ], [ -1.50999492665944, 43.525702463315433 ], [ -1.509776088928195, 43.526117101708707 ], [ -1.509716659054203, 43.526164633444814 ], [ -1.509281940391246, 43.526133152348564 ], [ -1.508841752793385, 43.526016284328421 ], [ -1.508656579659885, 43.526023986206802 ], [ -1.508611968095903, 43.526291691545005 ], [ -1.509975205022487, 43.526334114569018 ], [ -1.51284685761827, 43.526737293780101 ], [ -1.515606940225553, 43.527311766730833 ], [ -1.518983951393373, 43.527698241497944 ], [ -1.520787453546233, 43.527857355762933 ], [ -1.521919411712232, 43.528139080401289 ], [ -1.523627658495152, 43.528770744386648 ], [ -1.524647256200649, 43.529116190497746 ] ] ] ] } },
{ "type": "Feature", "properties": { "fid": 5, "gid": 5, "id": 5, "cdmassedea": "FT08", "cdeumassed": "FRFT08", "nommassede": "Estuaire Bidassoa", "systemeref": "31", "cdeubassin": "FRF", "typemassed": "T3", "cdeussbass": "FRF_COAC", "cdcategori": "1.2.2", "cdnaturema": "3", "surfacetot": 7.9513499787390938 }, "geometry": { "type": "MultiPolygon", "coordinates": [ [ [ [ -1.788968155107386, 43.393154864823593 ], [ -1.771599638211614, 43.388589174681051 ], [ -1.767898114393066, 43.387615804939713 ], [ -1.754948999428072, 43.384209085413524 ], [ -1.754921068150472, 43.384080861504579 ], [ -1.754894955505951, 43.384018062829064 ], [ -1.754748677542175, 43.383666261441725 ], [ -1.754748305489542, 43.383663449656645 ], [ -1.754746790049902, 43.383661724593878 ], [ -1.754735231122115, 43.383631882124085 ], [ -1.754724439615327, 43.383482715530249 ], [ -1.754709412366624, 43.38327499398887 ], [ -1.754927174294088, 43.382859852858068 ], [ -1.754700404484503, 43.382284007941514 ], [ -1.754429404558724, 43.381935421724613 ], [ -1.754403145147502, 43.3816735908566 ], [ -1.754833387083645, 43.381381410663273 ], [ -1.755018061380261, 43.381373289618203 ], [ -1.755218831262963, 43.381589774401206 ], [ -1.755539007841782, 43.381755944613644 ], [ -1.75597648148854, 43.381831335423151 ], [ -1.756253667585744, 43.381778065722997 ], [ -1.756280561640658, 43.381772897373381 ], [ -1.756251214580537, 43.381373129016417 ], [ -1.756051301505993, 43.38115210207706 ], [ -1.755972067187206, 43.380892301445037 ], [ -1.755969933025064, 43.380885304233303 ], [ -1.756494538673993, 43.380601316266194 ], [ -1.756504508688652, 43.380595918972155 ], [ -1.757302813655225, 43.37979022411681 ], [ -1.756382264101706, 43.379745103376486 ], [ -1.75548206760778, 43.38009563195267 ], [ -1.755540794851904, 43.379191794109317 ], [ -1.756013801550945, 43.378905118982125 ], [ -1.757776750284893, 43.378436536411769 ], [ -1.758805051752282, 43.377603935367425 ], [ -1.758969823599892, 43.377514425400307 ], [ -1.759339410608416, 43.377313651252678 ], [ -1.759452316541823, 43.377174968159203 ], [ -1.75956621331329, 43.377035066082904 ], [ -1.759980765408926, 43.376794316808152 ], [ -1.761731999353529, 43.376097760301519 ], [ -1.761983916840523, 43.375924273901958 ], [ -1.762202252907622, 43.375773911509228 ], [ -1.769260481194016, 43.374254100826242 ], [ -1.773517298648446, 43.373236779200461 ], [ -1.773519767273527, 43.373243838848367 ], [ -1.77353609310312, 43.373290537060335 ], [ -1.773538905327151, 43.373298581037929 ], [ -1.773664056615788, 43.373656557105186 ], [ -1.773672524013441, 43.373680775105292 ], [ -1.773677158604179, 43.373680674112883 ], [ -1.774226757345208, 43.373668610393253 ], [ -1.774467199511736, 43.373594229687079 ], [ -1.774538714437318, 43.373572106136066 ], [ -1.774871799663457, 43.373469064645676 ], [ -1.774890465529125, 43.373463290511019 ], [ -1.774888751054634, 43.373460585832525 ], [ -1.77480596326232, 43.373329879955485 ], [ -1.774751339975965, 43.373243641369811 ], [ -1.774678065494294, 43.373066408441971 ], [ -1.774681197644432, 43.373066113293198 ], [ -1.775183282654791, 43.373018783655901 ], [ -1.776282031798962, 43.372915200056156 ], [ -1.777755009017418, 43.372813917532383 ], [ -1.778182974635351, 43.372750733460528 ], [ -1.784663468412363, 43.371793725960643 ], [ -1.785353520212075, 43.371655890133113 ], [ -1.785745827095128, 43.371577525388609 ], [ -1.786001106235658, 43.371526531561976 ], [ -1.786025215991084, 43.371503019874666 ], [ -1.786289261633295, 43.371245531095276 ], [ -1.786280129117836, 43.371118646295209 ], [ -1.786256318607681, 43.370787864471104 ], [ -1.785987686392299, 43.370483206139369 ], [ -1.785975550261838, 43.370478744974683 ], [ -1.785715778115158, 43.370383271508231 ], [ -1.785622503015728, 43.370348990316351 ], [ -1.785544224922878, 43.370320219775216 ], [ -1.78541845667891, 43.370332142829021 ], [ -1.78535094524399, 43.370338542557775 ], [ -1.785145927505605, 43.370357977590153 ], [ -1.784747886934825, 43.370395709030419 ], [ -1.784505043661627, 43.370450010689424 ], [ -1.783048365870215, 43.370775718024866 ], [ -1.782805538789012, 43.370830011423251 ], [ -1.782696305854899, 43.370851510204197 ], [ -1.781954141125603, 43.370997573637048 ], [ -1.781704884809008, 43.370962119496809 ], [ -1.781400820857962, 43.370832993073748 ], [ -1.781005103760031, 43.370664941439045 ], [ -1.780990919830028, 43.370467641616159 ], [ -1.780979299303055, 43.370305990700011 ], [ -1.780788346324262, 43.370119049006632 ], [ -1.780713922748672, 43.370046188660417 ], [ -1.780434862915916, 43.369989986833936 ], [ -1.780338433569296, 43.369970566522746 ], [ -1.780329471822149, 43.369961793326411 ], [ -1.78024078069933, 43.369874963995109 ], [ -1.780205744711692, 43.369840664485096 ], [ -1.78020484684844, 43.369837991378063 ], [ -1.780026007519491, 43.369306243259913 ], [ -1.779892355409209, 43.368907639125332 ], [ -1.779990721006122, 43.368854164564446 ], [ -1.780070071515158, 43.368811027329969 ], [ -1.781899065989457, 43.368516090684601 ], [ -1.783015186161141, 43.368428377635276 ], [ -1.783073463221597, 43.368381153128311 ], [ -1.783520312026039, 43.367734141227722 ], [ -1.783565676728515, 43.367507444578834 ], [ -1.783374712530372, 43.36742476590728 ], [ -1.78337346196735, 43.367424895147181 ], [ -1.782822639421858, 43.367481969472699 ], [ -1.782377221237283, 43.36752812046641 ], [ -1.781088861238516, 43.367661596023922 ], [ -1.780620008017464, 43.367710165890252 ], [ -1.780549436560361, 43.36775786598966 ], [ -1.779464841110718, 43.368000338343833 ], [ -1.779335500287266, 43.368029253437733 ], [ -1.778415065442566, 43.368170878031563 ], [ -1.777078576630327, 43.368376504497455 ], [ -1.777091465170792, 43.368555974698175 ], [ -1.777403344164473, 43.369267066249328 ], [ -1.777460219214611, 43.369396740149774 ], [ -1.777759039045675, 43.3702941663323 ], [ -1.777757971609955, 43.370294746154336 ], [ -1.77758090567158, 43.370390969155856 ], [ -1.776243305898747, 43.370658045310229 ], [ -1.775745419294829, 43.370677071354187 ], [ -1.77532071191006, 43.370693299767375 ], [ -1.77514572087122, 43.370651723045746 ], [ -1.774505038492581, 43.370499496605483 ], [ -1.774089535368553, 43.370276901232536 ], [ -1.773799486332904, 43.370121511772048 ], [ -1.772698526883698, 43.369389676351645 ], [ -1.772493666798084, 43.369235896159879 ], [ -1.772242252735205, 43.369047165954889 ], [ -1.770566538498583, 43.366494989054317 ], [ -1.769902195108082, 43.365483099816295 ], [ -1.769871227035641, 43.365051131150167 ], [ -1.769860376807028, 43.364899798049947 ], [ -1.769943374094363, 43.364636506759041 ], [ -1.769960059020319, 43.364583575248936 ], [ -1.769960863825354, 43.364581019827625 ], [ -1.770660254728719, 43.364014432723565 ], [ -1.770661439867596, 43.364013351186252 ], [ -1.770738976245427, 43.363942585642882 ], [ -1.770970161241017, 43.363731585326157 ], [ -1.771123289850711, 43.363591819450036 ], [ -1.771280525600608, 43.363360845321758 ], [ -1.771469183940024, 43.363083706871649 ], [ -1.771565338120863, 43.362862038337063 ], [ -1.771627943517335, 43.36271771198318 ], [ -1.771715224620819, 43.362464311601414 ], [ -1.771832094698448, 43.362125003299852 ], [ -1.772017865237158, 43.361955443377383 ], [ -1.77226843041361, 43.361726742712754 ], [ -1.772295102084295, 43.361702397508424 ], [ -1.772592927444214, 43.361556071417795 ], [ -1.772673307564549, 43.361533048035788 ], [ -1.772944523419318, 43.361455361944898 ], [ -1.772955477768297, 43.36145222404263 ], [ -1.7733755869396, 43.361365483638529 ], [ -1.773982304004864, 43.36124021143948 ], [ -1.774292981077326, 43.361175879510533 ], [ -1.774376961777221, 43.361136119892819 ], [ -1.774602409525551, 43.361029382084716 ], [ -1.774814812139569, 43.360835495437911 ], [ -1.775065384093573, 43.36060676495547 ], [ -1.775169671839239, 43.36052226419914 ], [ -1.775525357338128, 43.36023406183503 ], [ -1.77553158393918, 43.36022901548791 ], [ -1.775830900804191, 43.360242781607155 ], [ -1.776615173495971, 43.360278847805979 ], [ -1.776707073983589, 43.36028307359669 ], [ -1.776823618030562, 43.360188630295639 ], [ -1.777273820657192, 43.359730840705289 ], [ -1.777283363512022, 43.359721136889981 ], [ -1.777739860374734, 43.359208757295875 ], [ -1.778134273709425, 43.358518796804276 ], [ -1.778250811288683, 43.358424360228689 ], [ -1.778252744766901, 43.358423666405471 ], [ -1.778504732039772, 43.358333194054481 ], [ -1.778671589808127, 43.358273287336793 ], [ -1.779003722685709, 43.358417120966052 ], [ -1.779244361839794, 43.358521332497141 ], [ -1.779270691518501, 43.358526636590462 ], [ -1.779638880530461, 43.35860080846377 ], [ -1.779716443995418, 43.358616432899559 ], [ -1.779995168085048, 43.358672581782251 ], [ -1.781398714655694, 43.357710020831775 ], [ -1.781666459041982, 43.357526394511929 ], [ -1.782357505839365, 43.357052447032302 ], [ -1.782593890962141, 43.356908346139164 ], [ -1.782943371550394, 43.356625090379254 ], [ -1.783186111078587, 43.356570807487657 ], [ -1.78318288395558, 43.356525933354114 ], [ -1.783513102476956, 43.356258292468311 ], [ -1.783707263993308, 43.356100923775351 ], [ -1.783947639044985, 43.355954402582313 ], [ -1.784179812367479, 43.355812880841945 ], [ -1.784633007104385, 43.355255612338155 ], [ -1.784787617824332, 43.355047970900159 ], [ -1.784949585692955, 43.354830445658571 ], [ -1.784986751876206, 43.354780530605872 ], [ -1.785150279334713, 43.354560909964519 ], [ -1.785317758935203, 43.354117995890611 ], [ -1.785405412929097, 43.353886185748784 ], [ -1.785409297573463, 43.353876104413629 ], [ -1.785658629336156, 43.353056692715626 ], [ -1.785723588334444, 43.352585193910883 ], [ -1.785739638970482, 43.352468693227031 ], [ -1.785746228420784, 43.352376229855437 ], [ -1.785764910517098, 43.352113195328961 ], [ -1.785806977815232, 43.351520746064708 ], [ -1.785733507747662, 43.351220842073552 ], [ -1.785632498053687, 43.350808079355843 ], [ -1.785617010462078, 43.35079641346389 ], [ -1.785214039833543, 43.350492858459255 ], [ -1.784013892595416, 43.349561553125781 ], [ -1.783357107652793, 43.349022847722829 ], [ -1.782773192533251, 43.348782106405913 ], [ -1.782035268197834, 43.348547278729662 ], [ -1.781151306515539, 43.348430704083462 ], [ -1.780018602067523, 43.348436547528244 ], [ -1.778618278512135, 43.34830210663921 ], [ -1.777691063697159, 43.34830002875578 ], [ -1.777279130997718, 43.348199027880774 ], [ -1.777155912147231, 43.348019789276229 ], [ -1.777052530634, 43.347799957488078 ], [ -1.777051890394128, 43.347798596966435 ], [ -1.776963357294578, 43.347610339217518 ], [ -1.77696278465029, 43.347609123512399 ], [ -1.776912798831586, 43.347502831853959 ], [ -1.776729107394259, 43.347096365065305 ], [ -1.776810547614808, 43.346078463905108 ], [ -1.776616097524331, 43.345522040755881 ], [ -1.776367618742515, 43.344930121004246 ], [ -1.776118156920419, 43.344564730223844 ], [ -1.775708443065277, 43.34418622646124 ], [ -1.774846152507433, 43.343823105264057 ], [ -1.773437891736244, 43.343576217563779 ], [ -1.772748701328344, 43.343301848060037 ], [ -1.772205583712783, 43.34290914705975 ], [ -1.771675859626049, 43.34270388450895 ], [ -1.769451281996273, 43.342563263665447 ], [ -1.768115976195703, 43.342614221712914 ], [ -1.767507773330313, 43.342750212563111 ], [ -1.766556090569765, 43.343124773843307 ], [ -1.765290842527857, 43.343436160136029 ], [ -1.763982337801324, 43.343861904323454 ], [ -1.762533107860845, 43.344480905485625 ], [ -1.761513963396957, 43.344632500576004 ], [ -1.759251367698722, 43.344681124718768 ], [ -1.757786476909598, 43.344360965408882 ], [ -1.756565044816967, 43.343843676453147 ], [ -1.755214099236917, 43.342955381825782 ], [ -1.753274202827729, 43.341751228616566 ], [ -1.752620448916657, 43.341249876365374 ], [ -1.752434274851371, 43.340805913066532 ], [ -1.752334763784072, 43.340133104860605 ], [ -1.752051794231822, 43.339053851561559 ], [ -1.751428592530914, 43.337536532028011 ], [ -1.751318400262664, 43.336713785468689 ], [ -1.751132255799497, 43.336269821251811 ], [ -1.751254235503003, 43.335814206804166 ], [ -1.751646364853202, 43.335536173157251 ], [ -1.751838395643247, 43.335340965782358 ], [ -1.752284526529905, 43.335098459153834 ], [ -1.752660596659383, 43.334595522240633 ], [ -1.752661606922982, 43.334582949010738 ], [ -1.75268783566979, 43.334256213468457 ], [ -1.752496339232857, 43.33373731235713 ], [ -1.752258885676697, 43.333295301646395 ], [ -1.751653895122917, 43.332754496887496 ], [ -1.749387581475083, 43.331299556980177 ], [ -1.748804043718926, 43.331058654799868 ], [ -1.748233859256421, 43.331005107966632 ], [ -1.747569006335879, 43.331067936820588 ], [ -1.747499017260165, 43.331086368180635 ], [ -1.747497574517359, 43.331086747905637 ], [ -1.74590116724128, 43.331507147495458 ], [ -1.74527962483467, 43.331455534603911 ], [ -1.744417384851767, 43.33163859972651 ], [ -1.742884877988703, 43.331809496770255 ], [ -1.741626524302365, 43.331716637747647 ], [ -1.74155848772599, 43.331711616430269 ], [ -1.741539105851496, 43.331710186075824 ], [ -1.740378014699522, 43.331618283761699 ], [ -1.739933931985147, 43.331583130717533 ], [ -1.738769591025742, 43.331138639143902 ], [ -1.737589256056263, 43.330469215145364 ], [ -1.737095167679586, 43.330036898448895 ], [ -1.737006539349193, 43.329514041896772 ], [ -1.737263955921177, 43.328790152612399 ], [ -1.737688786640051, 43.328247889068059 ], [ -1.73794357979213, 43.327486515833016 ], [ -1.738044325641373, 43.32673098106946 ], [ -1.738050383733621, 43.326091776210539 ], [ -1.738010417079242, 43.325529538139712 ], [ -1.737928763419432, 43.325090667031695 ], [ -1.737928527035977, 43.32508939948972 ], [ -1.737927088255054, 43.325081665362561 ], [ -1.737913376965531, 43.325065380829543 ], [ -1.737910981511484, 43.325062537145612 ], [ -1.737849091039535, 43.324989035692802 ], [ -1.737847822804836, 43.324987529525778 ], [ -1.737589714563312, 43.324680996917962 ], [ -1.737149668238823, 43.324284256100768 ], [ -1.736845036311956, 43.323619222214255 ], [ -1.736838978898929, 43.32353399063539 ], [ -1.736813072031389, 43.323169402931512 ], [ -1.736840394829964, 43.322830081483112 ], [ -1.73732721916745, 43.32243581344342 ], [ -1.737688180453042, 43.322143397374482 ], [ -1.737844036825015, 43.321739277947678 ], [ -1.737898203175076, 43.321301558979854 ], [ -1.737909394026854, 43.32121101454868 ], [ -1.737869428336699, 43.32064871741958 ], [ -1.73817017621139, 43.319810446383265 ], [ -1.738543611257421, 43.319270127987949 ], [ -1.739040996837287, 43.319025732998952 ], [ -1.739684424526663, 43.318663078355428 ], [ -1.740076472215699, 43.318385152504867 ], [ -1.740511860434474, 43.317992758352226 ], [ -1.740810541768, 43.317444852675465 ], [ -1.74086186541891, 43.317443829275071 ], [ -1.741112345116132, 43.317427626199667 ], [ -1.74175282139448, 43.31738619179724 ], [ -1.741675997046806, 43.317433789936644 ], [ -1.741674139243776, 43.317523814230782 ], [ -1.741771473372069, 43.317587916518583 ], [ -1.741598118923537, 43.317622027313732 ], [ -1.741384801990313, 43.317799768362654 ], [ -1.741244902696063, 43.318005331002411 ], [ -1.741104817937027, 43.318219896496458 ], [ -1.740324762587833, 43.318967681285351 ], [ -1.73999823746841, 43.319252226983352 ], [ -1.739557576945799, 43.319688589191024 ], [ -1.739280551932937, 43.319964583687785 ], [ -1.739015665330693, 43.320249805810221 ], [ -1.738789070433648, 43.320472417969803 ], [ -1.738524988856748, 43.320712626244607 ], [ -1.738309975217922, 43.320971383005222 ], [ -1.738142975469615, 43.321293701232442 ], [ -1.738187824366916, 43.321510302797229 ], [ -1.738019332333478, 43.321904639297436 ], [ -1.737759866635797, 43.322522992619021 ], [ -1.737661437395082, 43.323107195381624 ], [ -1.737503402817774, 43.323591691342877 ], [ -1.737653073713603, 43.324106596668265 ], [ -1.738958533095902, 43.325390535740695 ], [ -1.738806539674386, 43.326775454774712 ], [ -1.738522801771961, 43.327969915325596 ], [ -1.737948500195005, 43.328899951446878 ], [ -1.737670702744778, 43.329806333649536 ], [ -1.737896432242255, 43.330223029023784 ], [ -1.738654493497755, 43.33054645743281 ], [ -1.740236205047391, 43.331005110399765 ], [ -1.740567126138569, 43.331107803936341 ], [ -1.740689517570514, 43.331154173878005 ], [ -1.740750619811186, 43.331181859948394 ], [ -1.740824054076829, 43.331209681659658 ], [ -1.740873011547984, 43.331228229685074 ], [ -1.740982884438994, 43.331283465932614 ], [ -1.741118910403999, 43.331266954354675 ], [ -1.741229528009367, 43.331286181302126 ], [ -1.741328185183171, 43.331287267123692 ], [ -1.741451321800763, 43.331297626258895 ], [ -1.741586975033348, 43.331299119543644 ], [ -1.741710297441385, 43.331300476134039 ], [ -1.741907054870295, 43.331329654460347 ], [ -1.742079705405452, 43.331331553718684 ], [ -1.742227691960094, 43.331333181676165 ], [ -1.742375678449217, 43.331334808533214 ], [ -1.742511517386724, 43.331327298406912 ], [ -1.742659503942634, 43.331328925773668 ], [ -1.742783011990728, 43.331321278888993 ], [ -1.742930999752034, 43.331322815709733 ], [ -1.743066839745067, 43.331315303934126 ], [ -1.743190161066389, 43.331316659789351 ], [ -1.743399994276248, 43.331309960839896 ], [ -1.743918503237555, 43.331288643823051 ], [ -1.744574334880288, 43.331187792563206 ], [ -1.745799666392654, 43.330985130683274 ], [ -1.746617290723683, 43.330814005975512 ], [ -1.74732318156506, 43.330677669002419 ], [ -1.748014888830448, 43.330631216995243 ], [ -1.748459952830671, 43.330582062301445 ], [ -1.748692968438026, 43.330647643497088 ], [ -1.7489257986816, 43.330722225608845 ], [ -1.749501713032796, 43.330908613984754 ], [ -1.750124990241349, 43.331185560496458 ], [ -1.750575744525603, 43.331460618984018 ], [ -1.751150195240359, 43.331719017839276 ], [ -1.751783917004876, 43.332095028903176 ], [ -1.752172102211658, 43.332414420272094 ], [ -1.752681956670557, 43.332816177830566 ], [ -1.753103280230268, 43.333325020787804 ], [ -1.75322365385121, 43.334073611661502 ], [ -1.7530208022316, 43.334341532486953 ], [ -1.753019697303676, 43.334395547183625 ], [ -1.753018775105934, 43.334440559645337 ], [ -1.753030186832611, 43.334485706337922 ], [ -1.753029265797758, 43.33453071785074 ], [ -1.753028344835512, 43.334575730263062 ], [ -1.753027423871827, 43.334620742676918 ], [ -1.753026502832658, 43.334665754194354 ], [ -1.753025581866095, 43.334710766611288 ], [ -1.753012328070598, 43.334755643847686 ], [ -1.753011405861433, 43.334800656321725 ], [ -1.753010484880925, 43.334845668743171 ], [ -1.753009563824842, 43.334890680268217 ], [ -1.752996310049638, 43.334935558406755 ], [ -1.752982870979726, 43.33498943799632 ], [ -1.752957468247854, 43.335025178651385 ], [ -1.752919548686156, 43.335069787302068 ], [ -1.752893960739612, 43.335114531192183 ], [ -1.752856041069887, 43.335159139823688 ], [ -1.752793270339666, 43.335212481278809 ], [ -1.752755534533795, 43.335248087581938 ], [ -1.752717797451102, 43.335283693927018 ], [ -1.752655211709557, 43.335328032956149 ], [ -1.752605141630069, 43.335363504937717 ], [ -1.752555256757023, 43.335389974545954 ], [ -1.752480336647436, 43.335434179193875 ], [ -1.752405600484512, 43.33546938149405 ], [ -1.752355715354067, 43.335495850114484 ], [ -1.752293497336137, 43.335522185244187 ], [ -1.752231463276233, 43.335539517143147 ], [ -1.752181578005118, 43.335565985684696 ], [ -1.752106841562856, 43.335601188680002 ], [ -1.752044253776361, 43.335645527420482 ], [ -1.751981483069498, 43.335698869268299 ], [ -1.751956078173795, 43.335734609761694 ], [ -1.751930490340259, 43.335779352494569 ], [ -1.751917051307395, 43.335833231932391 ], [ -1.751903980605914, 43.335869107670241 ], [ -1.751878391442008, 43.335913850449479 ], [ -1.751840654611771, 43.33594945645261 ], [ -1.751814881207543, 43.336003201519603 ], [ -1.751789293145066, 43.336047944228305 ], [ -1.75177603807949, 43.336092821359088 ], [ -1.751762783067397, 43.336137699387791 ], [ -1.751761861016279, 43.336182710946687 ], [ -1.751760939037934, 43.336227723405109 ], [ -1.751760015827835, 43.336272735919181 ], [ -1.751759093772486, 43.336317747482688 ], [ -1.751770504884135, 43.336362894373046 ], [ -1.751781916013567, 43.336408041263752 ], [ -1.751780993973159, 43.336453052832105 ], [ -1.75179240512875, 43.336498199724829 ], [ -1.751803818731766, 43.336543256388744 ], [ -1.751827563065826, 43.336588537703001 ], [ -1.751838974284714, 43.336633684595434 ], [ -1.751875051845959, 43.336679100320524 ], [ -1.751898796292034, 43.33672438162381 ], [ -1.751910207593618, 43.336769528513464 ], [ -1.751921618912988, 43.336814675403474 ], [ -1.7519453634515, 43.336859956701225 ], [ -1.751956774816402, 43.336905103590652 ], [ -1.751968186125057, 43.336950249582472 ], [ -1.751979597525714, 43.336995396472602 ], [ -1.751991008944244, 43.337040543363038 ], [ -1.752002420380564, 43.337085690253893 ], [ -1.752013831760726, 43.337130836247105 ], [ -1.752025243232891, 43.337175983138657 ], [ -1.752036654722934, 43.337221130030571 ], [ -1.75206039951927, 43.337266411317152 ], [ -1.752071811054756, 43.337311558208469 ], [ -1.752107890453938, 43.337356973825315 ], [ -1.752119302044554, 43.337402120714763 ], [ -1.752130713578918, 43.337447266706548 ], [ -1.752154458542318, 43.337492547980354 ], [ -1.752178203542933, 43.337537829250465 ], [ -1.752189799326354, 43.33757397382729 ], [ -1.752225693656187, 43.337628391779823 ], [ -1.752249438768736, 43.337673673039042 ], [ -1.752273183918684, 43.337718954294601 ], [ -1.752296745020058, 43.337773237859459 ], [ -1.752320674330422, 43.337809516794785 ], [ -1.752356753007255, 43.33785493240002 ], [ -1.752368350196703, 43.337891076912328 ], [ -1.752404244892513, 43.337945494818804 ], [ -1.752427804979768, 43.337999778418649 ], [ -1.752451735696852, 43.338036057277137 ], [ -1.752463147691264, 43.338081204153752 ], [ -1.752474559703554, 43.338126351030702 ], [ -1.752485971659588, 43.338171497010038 ], [ -1.752497383707632, 43.338216643887662 ], [ -1.75249646104083, 43.338261656476476 ], [ -1.75249553952881, 43.338306668114733 ], [ -1.752506951611116, 43.338351814996059 ], [ -1.752506030105754, 43.338396826637492 ], [ -1.752505108673087, 43.338441839178444 ], [ -1.752516520789654, 43.338486986063423 ], [ -1.752515599289695, 43.338531997709588 ], [ -1.752527011432331, 43.338577144596563 ], [ -1.752526089939032, 43.338622156245933 ], [ -1.752537502107738, 43.338667303134905 ], [ -1.752536579391011, 43.338712314841601 ], [ -1.752547991585691, 43.338757461732548 ], [ -1.752547070180122, 43.338802474286268 ], [ -1.752558484755298, 43.338847530051986 ], [ -1.752557562126115, 43.338892542662997 ], [ -1.752568974373012, 43.338937689557987 ], [ -1.752580386563652, 43.338982835555356 ], [ -1.752591614802534, 43.339036984773195 ], [ -1.75260321114684, 43.339073129347042 ], [ -1.752614623391116, 43.339118275345484 ], [ -1.752626035727409, 43.33916342224223 ], [ -1.752637448081582, 43.339208569139345 ], [ -1.752648860379495, 43.339253715138831 ], [ -1.752660272769426, 43.339298862036657 ], [ -1.752684018911634, 43.339344143258266 ], [ -1.752695431347012, 43.339389290155474 ], [ -1.752707027753174, 43.339425433830016 ], [ -1.752730589960789, 43.339479717371198 ], [ -1.75274200245949, 43.339524864268149 ], [ -1.752765564740695, 43.339579147805821 ], [ -1.752777161303273, 43.33961529237606 ], [ -1.752800907593552, 43.33966057268502 ], [ -1.752812320183149, 43.339705719580792 ], [ -1.752823731560333, 43.339750866531084 ], [ -1.752835144111549, 43.339796012529604 ], [ -1.752846556754786, 43.339841159426484 ], [ -1.752857969415906, 43.339886306323699 ], [ -1.752869382020759, 43.339931452323292 ], [ -1.752880794717638, 43.339976599221202 ], [ -1.752892207432393, 43.340021746119476 ], [ -1.752903620090796, 43.340066892120113 ], [ -1.752927366740733, 43.3401121733149 ], [ -1.752938595525546, 43.340166322543439 ], [ -1.752950192314785, 43.340202467111318 ], [ -1.752961481506894, 43.340247612237988 ], [ -1.752985228276752, 43.340292893426287 ], [ -1.752984307113891, 43.340337905138576 ], [ -1.752995718750971, 43.340383052092491 ], [ -1.753007131562098, 43.340428198094706 ], [ -1.753030878442228, 43.340473479279225 ], [ -1.753042291372949, 43.340518626178827 ], [ -1.753053704247312, 43.340563772180772 ], [ -1.753089785225965, 43.340609187637099 ], [ -1.753113532245614, 43.340654468809774 ], [ -1.753137279302482, 43.340699749978796 ], [ -1.753161026396759, 43.340745031144174 ], [ -1.753172807326294, 43.340772172471098 ], [ -1.753184773528257, 43.340790312305877 ], [ -1.753220854752021, 43.340835727726343 ], [ -1.753232820908158, 43.340853866658755 ], [ -1.753256936032654, 43.3408811431364 ], [ -1.753293017370147, 43.340926558535969 ], [ -1.753292833429842, 43.340935560872346 ], [ -1.753329098764508, 43.340971973925079 ], [ -1.753353030052851, 43.341008252720684 ], [ -1.753365180215732, 43.341017389303708 ], [ -1.753401261723821, 43.341062804671886 ], [ -1.753413411980001, 43.341071942147856 ], [ -1.753449679903923, 43.341108264934434 ], [ -1.753473611324767, 43.341144543707188 ], [ -1.753485761535496, 43.341153680277628 ], [ -1.753534177357407, 43.341199229837059 ], [ -1.75353399345381, 43.341208232175745 ], [ -1.753570259112513, 43.341244645155186 ], [ -1.753594374560224, 43.341271921565742 ], [ -1.753606340998642, 43.341290061360823 ], [ -1.753654757030331, 43.341335610871035 ], [ -1.753654573145224, 43.34134461321085 ], [ -1.75369083896584, 43.341381026153677 ], [ -1.753715139633893, 43.341399300145703 ], [ -1.75375158939755, 43.341426710729159 ], [ -1.753775890029973, 43.341444983810241 ], [ -1.753812339851415, 43.341472394374172 ], [ -1.753836640596611, 43.341490668340178 ], [ -1.753860756199182, 43.341517943798529 ], [ -1.753897207337375, 43.341545354281251 ], [ -1.753921506909911, 43.341563628283374 ], [ -1.753957958105891, 43.341591038746586 ], [ -1.753982258947285, 43.341609312681541 ], [ -1.754018525141504, 43.341645725521893 ], [ -1.75404300977648, 43.341654996203403 ], [ -1.754079459857793, 43.341682406681734 ], [ -1.754103760776148, 43.341700680590669 ], [ -1.754140210915248, 43.341728091049497 ], [ -1.75417684612413, 43.341746499098946 ], [ -1.754201147026318, 43.341764772088958 ], [ -1.754237597252271, 43.341792182516294 ], [ -1.754261898267057, 43.341810456391258 ], [ -1.754298348550798, 43.341837866799096 ], [ -1.754322649529943, 43.341856139763109 ], [ -1.754371434227455, 43.341883685180711 ], [ -1.754383584736347, 43.341892821655485 ], [ -1.754444519946245, 43.341929502616637 ], [ -1.754456855542602, 43.341929637582062 ], [ -1.754505456538126, 43.341966184388291 ], [ -1.754529941387573, 43.341975454961833 ], [ -1.754566391903155, 43.342002865282794 ], [ -1.754603027422832, 43.342021273191826 ], [ -1.754627327419837, 43.342039547042049 ], [ -1.754676113574392, 43.342067091374012 ], [ -1.754688264170254, 43.342076227815845 ], [ -1.754749199842163, 43.342112909508465 ], [ -1.754809951884323, 43.34215859351518 ], [ -1.754822286226051, 43.342158727595127 ], [ -1.754870887646504, 43.342195274243579 ], [ -1.754883038300268, 43.342204410664436 ], [ -1.754931824790778, 43.342231955782566 ], [ -1.75495612490669, 43.342250228663879 ], [ -1.754992760708186, 43.342268636444381 ], [ -1.755041547231328, 43.342296180616401 ], [ -1.755053696777251, 43.342305317970883 ], [ -1.755114634080148, 43.342341998512005 ], [ -1.755175570304351, 43.342378679971908 ], [ -1.755200055436844, 43.342387950396727 ], [ -1.755236506532037, 43.342415360500574 ], [ -1.755285476929759, 43.342433902215618 ], [ -1.755297627773744, 43.342443039489531 ], [ -1.755358564147162, 43.342479719951214 ], [ -1.755370898633081, 43.342479854866667 ], [ -1.75541968551575, 43.342507398872613 ], [ -1.755456320398436, 43.342525806553873 ], [ -1.755480622034906, 43.342544079267363 ], [ -1.755541742300016, 43.342571758175275 ], [ -1.755602680195262, 43.342608438448956 ], [ -1.755627165568169, 43.342617709676702 ], [ -1.75566361701182, 43.342645119641432 ], [ -1.755700253290323, 43.342663527187895 ], [ -1.755724738628236, 43.342672797496014 ], [ -1.755785675590532, 43.342709478621551 ], [ -1.755846612556298, 43.342746158815793 ], [ -1.755858763555087, 43.342755296028869 ], [ -1.755907549673737, 43.342782839874772 ], [ -1.75593185163576, 43.34280111338844 ], [ -1.755968303340325, 43.342828523254354 ], [ -1.756004939758541, 43.342846929802249 ], [ -1.756029241778469, 43.34286520329492 ], [ -1.756065695993038, 43.342892522899703 ], [ -1.75609018033086, 43.34290179407882 ], [ -1.756151118924145, 43.342938474052829 ], [ -1.756212056438742, 43.342975154945648 ], [ -1.756224207469553, 43.342984291221285 ], [ -1.756272994030912, 43.343011835805164 ], [ -1.756297296131266, 43.343030108341971 ], [ -1.756333931626545, 43.343048515733422 ], [ -1.756382719450877, 43.343076059317021 ], [ -1.75639487060422, 43.343085196472195 ], [ -1.756443473803239, 43.343121742440012 ], [ -1.756455624901644, 43.343130878690715 ], [ -1.75651656281359, 43.343167559417381 ], [ -1.756577500728812, 43.343204239212795 ], [ -1.756601986511768, 43.343213510224132 ], [ -1.756638438795901, 43.343240919872862 ], [ -1.75667507576443, 43.34325932709762 ], [ -1.756699376940474, 43.343277600499711 ], [ -1.756748165133399, 43.343305143923338 ], [ -1.756760316318775, 43.343314280141065 ], [ -1.75682125461858, 43.343350960701265 ], [ -1.756882376309191, 43.343378637970872 ], [ -1.756919013443185, 43.343397045114948 ], [ -1.756943499362999, 43.343406316050363 ], [ -1.757004437802504, 43.343442995612001 ], [ -1.75706555975282, 43.343470673678041 ], [ -1.757102197003923, 43.343489080761351 ], [ -1.757126682918095, 43.343498350757955 ], [ -1.757187621645721, 43.343535031116957 ], [ -1.757199956287569, 43.343535164926024 ], [ -1.757248744937786, 43.343562708129326 ], [ -1.757297715801778, 43.343581249901916 ], [ -1.757309867132492, 43.343590386059873 ], [ -1.757370989385908, 43.34361806395647 ], [ -1.757407810060208, 43.343627467678552 ], [ -1.757432296156556, 43.343636738504969 ], [ -1.757493419748216, 43.343664416279204 ], [ -1.757517905799814, 43.343673686188517 ], [ -1.757554542094081, 43.343692093175676 ], [ -1.757615849077178, 43.343710768519166 ], [ -1.757640335168166, 43.343720038401138 ], [ -1.757676971531004, 43.343738445347483 ], [ -1.757738278603085, 43.343757120622257 ], [ -1.757762764733457, 43.34376639047683 ], [ -1.757799585640674, 43.343775794964579 ], [ -1.757860708325929, 43.343803472588405 ], [ -1.757909863975878, 43.34381301077125 ], [ -1.757922015452502, 43.343822146862053 ], [ -1.75798350590991, 43.343831819634872 ], [ -1.758044813106427, 43.343850493839319 ], [ -1.758093968826953, 43.343860031938839 ], [ -1.758106303614692, 43.343860166542534 ], [ -1.758167609650868, 43.343878840731954 ], [ -1.758229100209989, 43.343888513365613 ], [ -1.758290590715521, 43.343898185066415 ], [ -1.75832741179317, 43.34390758937549 ], [ -1.758351898082145, 43.343916859097774 ], [ -1.758413388712852, 43.343926531626956 ], [ -1.758474696149424, 43.343945205589165 ], [ -1.758536186830894, 43.343954878048756 ], [ -1.758597493107032, 43.343973551995973 ], [ -1.75865898383936, 43.343983224385987 ], [ -1.758720474518179, 43.343992895843137 ], [ -1.75876963054623, 43.344002434534673 ], [ -1.758781965291787, 43.344002568163404 ], [ -1.758843456011887, 43.344012239550807 ], [ -1.758904946826775, 43.344021911801342 ], [ -1.758966437588063, 43.344031583119026 ], [ -1.759027928444324, 43.344041255299771 ], [ -1.75908960352203, 43.344041924125882 ], [ -1.75912642359152, 43.344051328218242 ], [ -1.759150910144335, 43.344060598658686 ], [ -1.759179686997042, 43.344065125309761 ], [ -1.759432780715465, 43.344090670254644 ], [ -1.759458731923652, 43.344090951205253 ], [ -1.759500216391933, 43.344097476676509 ], [ -1.75953273821788, 43.344100759513438 ], [ -1.759581896842451, 43.34410129170633 ], [ -1.759643570760455, 43.344101960270855 ], [ -1.759705244754236, 43.344102629698241 ], [ -1.759766919905576, 43.344103298138243 ], [ -1.759791589518894, 43.344103566064867 ], [ -1.759828593902129, 43.344103967495286 ], [ -1.75989026782595, 43.34410463591918 ], [ -1.75995212596604, 43.344096302782262 ], [ -1.76001379988309, 43.344096971135734 ], [ -1.760075473875739, 43.344097640352061 ], [ -1.76013733190728, 43.34408930621133 ], [ -1.760199005893253, 43.344089975357186 ], [ -1.760260863898701, 43.344081641145863 ], [ -1.760322537803552, 43.34408230932339 ], [ -1.76038439585717, 43.34407397593943 ], [ -1.76044606975534, 43.344074644046522 ], [ -1.760483256951787, 43.344066042882908 ], [ -1.760507927782867, 43.344066310591991 ], [ -1.760569601674268, 43.344066978628653 ], [ -1.760631458445324, 43.344058645157745 ], [ -1.76069313356024, 43.344059313069778 ], [ -1.760754808706038, 43.344059891723155 ], [ -1.760816483823807, 43.344060559564838 ], [ -1.760878340552275, 43.344052225952851 ], [ -1.760940198418959, 43.34404389135338 ], [ -1.761001872365557, 43.344044560041574 ], [ -1.761063730206146, 43.344036225371504 ], [ -1.761125404146065, 43.344036893989269 ], [ -1.761187078013137, 43.344037561673908 ], [ -1.761248753186206, 43.344038230167158 ], [ -1.761310609753916, 43.344029895410173 ], [ -1.761322944511328, 43.344030028749216 ], [ -1.761372283689925, 43.344030563887223 ], [ -1.761434141461919, 43.344022229005439 ], [ -1.761495999290306, 43.344013894986354 ], [ -1.761557855796138, 43.344005560088185 ], [ -1.761619530864973, 43.344006227472079 ], [ -1.761681387419087, 43.343997893401315 ], [ -1.761706240788119, 43.343989157567506 ], [ -1.761743427741321, 43.343980555971349 ], [ -1.76180528548025, 43.343972221775694 ], [ -1.761867141896621, 43.343963886700955 ], [ -1.761928816998727, 43.34396455480649 ], [ -1.761990673389001, 43.343956219661166 ], [ -1.762040196250333, 43.343947751170468 ], [ -1.762052531066053, 43.343947885324305 ], [ -1.762114387420542, 43.343939550108381 ], [ -1.762176245061808, 43.343931215700884 ], [ -1.762238285163387, 43.343913877988022 ], [ -1.762275471988601, 43.343905276209476 ], [ -1.762300325302021, 43.343896541137781 ], [ -1.762362365328948, 43.343879203354284 ], [ -1.762424405318541, 43.343861865535423 ], [ -1.762486627858651, 43.343835526207187 ], [ -1.762536333048939, 43.343818055118398 ], [ -1.762548667763841, 43.343818188317627 ], [ -1.762610890200002, 43.343791848918841 ], [ -1.76264826053495, 43.343774243689062 ], [ -1.762673112504894, 43.343765508586834 ], [ -1.762735334753, 43.343739168219578 ], [ -1.762760187924993, 43.343730433043369 ], [ -1.762797374553938, 43.343721831086654 ], [ -1.762859597928369, 43.343695490594591 ], [ -1.762872115070556, 43.343686621385388 ], [ -1.762921820015642, 43.343669150121464 ], [ -1.762983859685101, 43.343651812882506 ], [ -1.76299637679868, 43.343642943659276 ], [ -1.763046081668419, 43.343625472338807 ], [ -1.763108303669077, 43.343599132657836 ], [ -1.763170526769008, 43.343572791989395 ], [ -1.763195560974839, 43.343555054397363 ], [ -1.763232930977626, 43.343537448968775 ], [ -1.763282818072724, 43.343510975170013 ], [ -1.763295152797846, 43.343511109182096 ], [ -1.763357558093607, 43.343475766037017 ], [ -1.76337007511144, 43.343466896771744 ], [ -1.76341977971605, 43.343449425281953 ], [ -1.76346966787948, 43.343422951344557 ], [ -1.7634821849429, 43.343414082964621 ], [ -1.763532254165381, 43.343378606682847 ], [ -1.763544588788532, 43.343378739768525 ], [ -1.763570172209354, 43.343333993974966 ], [ -1.763583418575031, 43.343289205326855 ], [ -1.763608636097331, 43.343262465218999 ], [ -1.76362133659489, 43.343244593502071 ], [ -1.763659254481729, 43.34319998076753 ], [ -1.763671589141164, 43.343200114736689 ], [ -1.763721841609961, 43.343155635949422 ], [ -1.7637343585022, 43.343146766644175 ], [ -1.763784428567559, 43.343111290198685 ], [ -1.763796763134081, 43.3431114232556 ], [ -1.763859349986012, 43.343067077462962 ], [ -1.763921753298914, 43.343031734956639 ], [ -1.763934271363739, 43.343022865574852 ], [ -1.76398415769131, 43.342996391463075 ], [ -1.763996858013779, 43.342978519705675 ], [ -1.764046744274124, 43.342952045565973 ], [ -1.764071779170885, 43.342934307725294 ], [ -1.764109148577805, 43.342916702900375 ], [ -1.764146700138811, 43.342890094796594 ], [ -1.764171551500366, 43.342881359356063 ], [ -1.764233773339358, 43.342855018090546 ], [ -1.764246290087519, 43.342846148728114 ], [ -1.764296176193019, 43.342819675373967 ], [ -1.764333545382736, 43.342802069575143 ], [ -1.764322124459261, 43.342756924632212 ], [ -1.764322488831509, 43.34273891899921 ], [ -1.764695265253162, 43.342607880440099 ], [ -1.764694900923881, 43.342625885174634 ], [ -1.764731538844189, 43.342644289716695 ], [ -1.764756573396587, 43.342626551721757 ], [ -1.76479394239476, 43.34260894666442 ], [ -1.764819158983398, 43.342582205390286 ], [ -1.764856893442443, 43.342546595523494 ], [ -1.764881744473893, 43.342537859024155 ], [ -1.764869592164804, 43.342528723724008 ], [ -1.767394770732976, 43.342114752519677 ], [ -1.767443198354531, 43.342160295887247 ], [ -1.767455349838003, 43.34216943184795 ], [ -1.767503959278031, 43.342205972821105 ], [ -1.767516112011011, 43.342215108721028 ], [ -1.767577784076636, 43.342215773659767 ], [ -1.767639457299734, 43.34221643761105 ], [ -1.767676642223438, 43.342207833987231 ], [ -1.76770131229237, 43.342208100055622 ], [ -1.767763166036773, 43.342199762519151 ], [ -1.767825020919237, 43.342191423995132 ], [ -1.767886875858182, 43.342183086333769 ], [ -1.767948730704756, 43.342174747739143 ], [ -1.76798591555539, 43.342166144009283 ], [ -1.768010586782078, 43.342166319831591 ], [ -1.768072623302784, 43.3421489796945 ], [ -1.768134478085968, 43.342140640993868 ], [ -1.768196332925637, 43.342132303155921 ], [ -1.768221183346573, 43.342123566790264 ], [ -1.768258369353841, 43.342114962912824 ], [ -1.768320224073641, 43.342106624106201 ], [ -1.768382077619598, 43.342098286216562 ], [ -1.768443932377984, 43.342089948237273 ], [ -1.768505787044089, 43.342081609324772 ], [ -1.768567641766679, 43.34207327127487 ], [ -1.768629495241042, 43.342064933243968 ], [ -1.768691349853354, 43.342056594225504 ], [ -1.768753022993326, 43.342057258439908 ], [ -1.768814694904389, 43.34205792267344 ], [ -1.76887654948247, 43.342049583549127 ], [ -1.768938221386652, 43.342050247712272 ], [ -1.768999894522675, 43.342050911785911 ], [ -1.76906174914083, 43.342042573453703 ], [ -1.769074083490685, 43.342042705908874 ], [ -1.769123420965248, 43.342043236613335 ], [ -1.769185275557294, 43.342034898210542 ], [ -1.769246947449409, 43.342035562197673 ], [ -1.769308801940945, 43.34202722282636 ], [ -1.76937047382627, 43.342027886743075 ], [ -1.769432146943253, 43.342028550570305 ], [ -1.769494001474871, 43.342020211991155 ], [ -1.769555673280422, 43.342020874904314 ], [ -1.769617527785836, 43.342012536254586 ], [ -1.769679199659002, 43.3420131999953 ], [ -1.769740872763912, 43.3420138636465 ], [ -1.76980272716069, 43.342005523992988 ], [ -1.76986439902839, 43.342006187628087 ], [ -1.769926070897603, 43.342006851228078 ], [ -1.769987925334465, 43.341998512366651 ], [ -1.77004959835271, 43.341999174943936 ], [ -1.770111452763461, 43.341990836011945 ], [ -1.770173124619091, 43.341991499471085 ], [ -1.77023497900373, 43.341983160468516 ], [ -1.770296650778151, 43.341983822959278 ], [ -1.770358323858645, 43.341984486258539 ], [ -1.770419995710319, 43.341985149576892 ], [ -1.770481668793651, 43.341985812805838 ], [ -1.770543521897215, 43.341977473681226 ], [ -1.770593041801158, 43.341969001288462 ], [ -1.770605376138782, 43.341969133569023 ], [ -1.77066723043687, 43.341960794319441 ], [ -1.770728902266751, 43.341961457461764 ], [ -1.770790756538725, 43.341953118141632 ], [ -1.77085242951762, 43.341953780261228 ], [ -1.770914464954452, 43.341936438497427 ], [ -1.770976136761114, 43.341937101498793 ], [ -1.771000987832376, 43.341928363543687 ], [ -1.771037990971174, 43.341928762037476 ], [ -1.771099845088903, 43.341920421642854 ], [ -1.77116169926316, 43.341912082110909 ], [ -1.771223371046509, 43.341912744971324 ], [ -1.771285225194649, 43.341904405368787 ], [ -1.77134707925046, 43.341896064832994 ], [ -1.771408933362796, 43.341887725159822 ], [ -1.771421267684992, 43.341887857347352 ], [ -1.771470605123017, 43.341888387879294 ], [ -1.771532459209242, 43.341880048135579 ], [ -1.771594313203036, 43.341871707458566 ], [ -1.771655984948248, 43.341872370072373 ], [ -1.771717476859794, 43.341882034970645 ], [ -1.771778967561734, 43.34189169988835 ], [ -1.771803636283925, 43.341891965075575 ], [ -1.771840458284207, 43.341901364771203 ], [ -1.771901949027304, 43.341911029619176 ], [ -1.771963620818128, 43.341911692057586 ], [ -1.772025293840695, 43.341912354406553 ], [ -1.772086965634264, 43.341913016774676 ], [ -1.772148638659666, 43.341913679053299 ], [ -1.772210129393136, 43.341923342828252 ], [ -1.772271620221675, 43.341933007466267 ], [ -1.772333292040268, 43.341933669694001 ], [ -1.772345445481357, 43.341942805049513 ], [ -1.772394420980896, 43.341961339013338 ], [ -1.772456092831126, 43.341962001171055 ], [ -1.772517765913189, 43.341962663239308 ], [ -1.772579437766341, 43.341963325326695 ], [ -1.772641110851145, 43.34196398732464 ], [ -1.772702963618797, 43.341955646965573 ], [ -1.772764636696896, 43.341956308893089 ], [ -1.772826308546086, 43.341956970839767 ], [ -1.772887981552469, 43.341957631799012 ], [ -1.772949835507895, 43.341949291244489 ], [ -1.773011507351701, 43.341949953085589 ], [ -1.773073180427158, 43.341950614837195 ], [ -1.773135033117928, 43.341942274231194 ], [ -1.773196706186678, 43.341942935912392 ], [ -1.773258740831941, 43.341925591906602 ], [ -1.773320413884166, 43.341926253517258 ], [ -1.773382085707578, 43.341926915147141 ], [ -1.773443758762724, 43.341927576687453 ], [ -1.773505611375138, 43.341919235869739 ], [ -1.773567284423396, 43.341919897339679 ], [ -1.773628231944455, 43.341956568393506 ], [ -1.773689542288685, 43.341975234603666 ], [ -1.773751033420672, 43.341984898401229 ], [ -1.773812705311782, 43.341985559785648 ], [ -1.773874378434539, 43.34198622108056 ], [ -1.773936050328476, 43.341986882394629 ], [ -1.773997723454063, 43.341987543619226 ], [ -1.774059395350833, 43.341988204863028 ], [ -1.774121067249019, 43.341988866071674 ], [ -1.774182740378852, 43.341989527190826 ], [ -1.774244412279868, 43.341990188329163 ], [ -1.77430590475117, 43.341999851757045 ], [ -1.774330391643387, 43.342009118801705 ], [ -1.774367214130611, 43.342018517638138 ], [ -1.774428524780091, 43.342037183430421 ], [ -1.774490196734923, 43.342037844428653 ], [ -1.774552050544552, 43.342029502957594 ], [ -1.774613904336273, 43.34202116145125 ], [ -1.774663423679212, 43.342012687195087 ], [ -1.774675758110088, 43.342012819909563 ], [ -1.774737249447543, 43.342022483146835 ], [ -1.774798740805619, 43.342032146349254 ], [ -1.77484807955405, 43.342032674388697 ], [ -1.774909751508868, 43.342033335147775 ], [ -1.774971242907447, 43.342042998252211 ], [ -1.775033277200942, 43.342025654125514 ], [ -1.775094768612036, 43.342035317159699 ], [ -1.775156261274074, 43.342044980104625 ], [ -1.775217752726409, 43.342054643069048 ], [ -1.775266909830662, 43.342064174250872 ], [ -1.775279062459556, 43.34207330843418 ], [ -1.775340553962706, 43.34208297132902 ], [ -1.775402046716801, 43.342092634134595 ], [ -1.775463356624455, 43.342111300293787 ], [ -1.775500361067334, 43.342111696309075 ], [ -1.775524848199133, 43.342120963084135 ], [ -1.775586339794339, 43.342130625839623 ], [ -1.775647650957927, 43.342149290942587 ], [ -1.775709142603948, 43.342158953628484 ], [ -1.77577063427068, 43.342168616279515 ], [ -1.77583212595794, 43.342178278895638 ], [ -1.775893437251826, 43.34219694386001 ], [ -1.775930260188465, 43.342206343063765 ], [ -1.775954748659931, 43.342215609687834 ], [ -1.776016058802917, 43.342234274637626 ], [ -1.776077370215944, 43.342252939498543 ], [ -1.776139043650884, 43.342253599502619 ], [ -1.776188381445356, 43.342254127883216 ], [ -1.776200715856816, 43.342254259525902 ], [ -1.776262027350908, 43.342272924282454 ], [ -1.776323337654478, 43.342291589058938 ], [ -1.776372495143583, 43.342301119740135 ], [ -1.776384649302414, 43.342310254644474 ], [ -1.776446141243837, 43.342319916912658 ], [ -1.776507452887264, 43.342338581531067 ], [ -1.776568946040193, 43.342348153553971 ], [ -1.776630257827944, 43.342366819001136 ], [ -1.776691749870806, 43.342376481130131 ], [ -1.776753061653952, 43.342395145610197 ], [ -1.776765396096882, 43.342395277188494 ], [ -1.77681437224648, 43.342413810110124 ], [ -1.776875684109052, 43.342432474521203 ], [ -1.776924841809761, 43.342442004952453 ], [ -1.776936996085858, 43.342451139795749 ], [ -1.776998488270114, 43.342460801751059 ], [ -1.77705998047508, 43.34247046367144 ], [ -1.777121472700572, 43.342480125556946 ], [ -1.777158295943902, 43.342489523446822 ], [ -1.777182784733148, 43.342498789794909 ], [ -1.777244095575109, 43.342517454052818 ], [ -1.777305407761638, 43.342536119119799 ], [ -1.777330076710511, 43.342536382149056 ], [ -1.777366719913356, 43.342554783254343 ], [ -1.777428030874452, 43.342573447408796 ], [ -1.777464854227493, 43.342582845195011 ], [ -1.777489343105593, 43.342592111474367 ], [ -1.777550170280131, 43.34262877949142 ], [ -1.777562504849415, 43.342628911876851 ], [ -1.77761130130671, 43.34265644683007 ], [ -1.777660279106084, 43.342674978420114 ], [ -1.777672432317546, 43.342684113236793 ], [ -1.777733564617408, 43.342711779555145 ], [ -1.777795598799331, 43.342694433835746 ], [ -1.777857271496059, 43.342695092914937 ], [ -1.777918764094891, 43.342704754348929 ], [ -1.777980438108945, 43.342705414201497 ], [ -1.778041930739442, 43.342715075565579 ], [ -1.778103423390555, 43.342724736894795 ], [ -1.778165097353565, 43.342725395744118 ], [ -1.778177431870398, 43.342725527161477 ], [ -1.778226590036336, 43.342735057003374 ], [ -1.778288262781466, 43.342735715836945 ], [ -1.778349575463825, 43.3427543794173 ], [ -1.778410887030107, 43.342773043915578 ], [ -1.778447891918024, 43.342773438922904 ], [ -1.778472561048328, 43.342773702589689 ], [ -1.7784848955762, 43.342773833971954 ], [ -1.778534595074478, 43.34275635644569 ], [ -1.778572141174975, 43.342729744182229 ], [ -1.778585378130461, 43.342684863488664 ], [ -1.778586280491208, 43.342639850527782 ], [ -1.778467269443109, 43.341197960935041 ], [ -1.77841149547548, 43.340287917696976 ], [ -1.778361378184107, 43.339711098519871 ], [ -1.778196946811628, 43.338682926593748 ], [ -1.777912560166935, 43.336870086750586 ], [ -1.777847949236333, 43.336401165876929 ], [ -1.777824365788243, 43.336346886984423 ], [ -1.777824908530829, 43.336319879837511 ], [ -1.77782635282234, 43.336247859112888 ], [ -1.777838866118356, 43.336238989120709 ], [ -1.777840311620592, 43.336166968345943 ], [ -1.77786479783318, 43.336176234494893 ], [ -1.777875866807297, 43.336239384321715 ], [ -1.777862088129637, 43.336311272751736 ], [ -1.777898908782776, 43.336320670290853 ], [ -1.777910339139377, 43.336365814475904 ], [ -1.777945533155568, 43.336456235188059 ], [ -1.777956422197885, 43.336528387367721 ], [ -1.778022839577093, 43.336907282702462 ], [ -1.778307589926242, 43.338702117580866 ], [ -1.778479122668006, 43.339991493751207 ], [ -1.778639471340626, 43.341839024645807 ], [ -1.778697292517578, 43.342641036338449 ], [ -1.778708724753143, 43.342686180657083 ], [ -1.778720157006617, 43.342731324976057 ], [ -1.778719975802114, 43.342740327422007 ], [ -1.778781108664486, 43.342767993149671 ], [ -1.778842781451195, 43.342768651667093 ], [ -1.778904455469561, 43.342769310094994 ], [ -1.778953612562728, 43.342778839661321 ], [ -1.778965767231429, 43.34278797427902 ], [ -1.779027260115286, 43.34279763508367 ], [ -1.779088753019669, 43.342807295853461 ], [ -1.779150245944663, 43.342816956588308 ], [ -1.779211920018326, 43.342817614840961 ], [ -1.779273592937528, 43.342818274010824 ], [ -1.779335267014006, 43.342818932193119 ], [ -1.77939693986156, 43.34281959039469 ], [ -1.779458613940767, 43.342820248506712 ], [ -1.779520286791138, 43.342820906637982 ], [ -1.779581960873162, 43.342821564679674 ], [ -1.779643814786823, 43.342813220292541 ], [ -1.779705487631788, 43.342813878318232 ], [ -1.779767160552727, 43.342814537206742 ], [ -1.779828834630751, 43.342815195107683 ], [ -1.779890688501834, 43.342806850579485 ], [ -1.779952361342801, 43.342807508464453 ], [ -1.780014215187747, 43.342799163865656 ], [ -1.780051399869818, 43.342790555930399 ], [ -1.780076069014781, 43.342790819231524 ], [ -1.780138103807044, 43.342773472113514 ], [ -1.780199956358232, 43.342765127463167 ], [ -1.780261810121752, 43.342756782723107 ], [ -1.780323663867448, 43.342748437947712 ], [ -1.780348332995534, 43.342748701186757 ], [ -1.78038533788118, 43.342749095531403 ], [ -1.78044719160074, 43.342740750685429 ], [ -1.780508864377231, 43.34274140825314 ], [ -1.78057053846013, 43.342742066629192 ], [ -1.780632211239527, 43.342742724126573 ], [ -1.780693885250573, 43.342743381534397 ], [ -1.780755558032786, 43.342744038961456 ], [ -1.780817051169679, 43.342753698748474 ], [ -1.78085405490599, 43.342754093885198 ], [ -1.780878544401864, 43.342763359398603 ], [ -1.78094003757999, 43.342773019115896 ], [ -1.781001530778729, 43.342782678798301 ], [ -1.781063024072758, 43.342792339343767 ], [ -1.781099848158281, 43.342801735894319 ], [ -1.781124337713918, 43.342811001352437 ], [ -1.781185830984076, 43.342820660930371 ], [ -1.781247144769722, 43.342839323767805 ], [ -1.781296303465707, 43.342848851317811 ], [ -1.781308457290157, 43.342857985727264 ], [ -1.781369771080632, 43.342876647597777 ], [ -1.781406414559285, 43.342895047393981 ], [ -1.78143090420386, 43.342904312783361 ], [ -1.78149203731119, 43.342931977037054 ], [ -1.781504192414529, 43.342941111370664 ], [ -1.781552991019371, 43.342968644552592 ], [ -1.781589634540423, 43.342987043390117 ], [ -1.78161394480521, 43.343005312034805 ], [ -1.781662743516847, 43.343032845168565 ], [ -1.781674897363582, 43.343041978640173 ], [ -1.781735851304545, 43.343078646055758 ], [ -1.781735671800277, 43.343087648454706 ], [ -1.781796805248383, 43.343115312540071 ], [ -1.781808959208442, 43.343124446895111 ], [ -1.781857578628768, 43.343160982343115 ], [ -1.781882068458793, 43.343170247632237 ], [ -1.781918532811734, 43.343197649659075 ], [ -1.781942841964678, 43.343215917389308 ], [ -1.781979306300721, 43.343243318498693 ], [ -1.782015952589743, 43.343261627863306 ], [ -1.782040261800463, 43.343279895572564 ], [ -1.782076726297998, 43.343307297548343 ], [ -1.78210103677759, 43.343325565190128 ], [ -1.782149835993205, 43.343353098110931 ], [ -1.782161810546184, 43.343371233931634 ], [ -1.782198275159212, 43.343398635868382 ], [ -1.782222584485609, 43.343416903538568 ], [ -1.782283718591315, 43.343444568253666 ], [ -1.78234485268111, 43.343472232036888 ], [ -1.782369163315267, 43.343490499620721 ], [ -1.782405807503306, 43.343508899087055 ], [ -1.782466941719947, 43.343536562802619 ], [ -1.782528256682119, 43.343555224924238 ], [ -1.782589391006682, 43.343582888571589 ], [ -1.782601725791721, 43.34358302038256 ], [ -1.78265070482744, 43.343601550678883 ], [ -1.782712019843649, 43.343620211799305 ], [ -1.782736510006282, 43.343629476898265 ], [ -1.782773333743828, 43.343638873837648 ], [ -1.782834648839454, 43.343657534889104 ], [ -1.782896143299549, 43.343667193501162 ], [ -1.782932968317664, 43.343676590332002 ], [ -1.782957458539686, 43.343685855381338 ], [ -1.783018772514566, 43.343704516383568 ], [ -1.783080087834126, 43.343723178194821 ], [ -1.783104757392127, 43.343723440805555 ], [ -1.783141401888515, 43.343741839128093 ], [ -1.783202896489977, 43.343751497566409 ], [ -1.783264211919142, 43.343770159273944 ], [ -1.783325526083043, 43.343788820103519 ], [ -1.783386841591631, 43.343807481742132 ], [ -1.783436001541806, 43.343817009224871 ], [ -1.783448155834948, 43.343826142502735 ], [ -1.783509650652491, 43.343835801665257 ], [ -1.783570966196059, 43.343854462302225 ], [ -1.783607791443782, 43.343863858904733 ], [ -1.783632281853964, 43.343873123802659 ], [ -1.783693596246596, 43.343891784425132 ], [ -1.783755091100601, 43.343901442550688 ], [ -1.783779581550437, 43.343910707415525 ], [ -1.783816226455963, 43.343929106410052 ], [ -1.783877542198074, 43.343947766874592 ], [ -1.783914367555403, 43.343957163373439 ], [ -1.783938856824167, 43.343966428257083 ], [ -1.784000172645694, 43.343985088652637 ], [ -1.784036817668944, 43.344003487573509 ], [ -1.784061127833258, 43.344021754838998 ], [ -1.784122263463156, 43.344049418527973 ], [ -1.784170706003354, 43.344094955372071 ], [ -1.784182860471641, 43.344104088569281 ], [ -1.784243817131572, 43.344140754601575 ], [ -1.784304952975409, 43.344168418189874 ], [ -1.784366627323762, 43.344169073559186 ], [ -1.784428302903786, 43.344169728838857 ], [ -1.784478180882366, 43.34414324615296 ], [ -1.784490696024597, 43.34413437438549 ], [ -1.784540754243461, 43.344098889206478 ], [ -1.784553269366424, 43.34409001743203 ], [ -1.78460332750823, 43.344054532225286 ], [ -1.784615842611931, 43.344045660443932 ], [ -1.784678055205471, 43.344019308350425 ], [ -1.784690570290019, 43.344010436560673 ], [ -1.784740449240568, 43.343983953702612 ], [ -1.784790147885151, 43.343966473286642 ], [ -1.784802662940873, 43.343957601484227 ], [ -1.784864875354021, 43.343931249285106 ], [ -1.784889725253616, 43.343922509024473 ], [ -1.784927088940532, 43.343904896996236 ], [ -1.784964632837358, 43.343878282491083 ], [ -1.784989482698983, 43.343869542207891 ], [ -1.785039540380686, 43.343834056805278 ], [ -1.785052234357771, 43.343816182565419 ], [ -1.785089778138916, 43.34378956801865 ], [ -1.785114806921908, 43.343771825297985 ], [ -1.785152349414904, 43.343745210784853 ], [ -1.785177379389717, 43.343727467995848 ], [ -1.785214921824921, 43.343700853461911 ], [ -1.785240130645182, 43.343674107352243 ], [ -1.785265159331739, 43.343656364598388 ], [ -1.785303062038133, 43.343611745109342 ], [ -1.78534096345549, 43.343567125663057 ], [ -1.78536599206445, 43.343549382887296 ], [ -1.785391200748339, 43.343522636745512 ], [ -1.785416767344391, 43.343477886680702 ], [ -1.785429282197642, 43.343469014809166 ], [ -1.785454669816023, 43.343433267144654 ], [ -1.785492213161954, 43.343406652465987 ], [ -1.785517241654655, 43.343388909657428 ], [ -1.785518138612295, 43.343343896614719 ], [ -1.785555681870601, 43.343317281915823 ], [ -1.78558071030495, 43.343299539093792 ], [ -1.785581607211626, 43.343254526053606 ], [ -1.785619150457058, 43.34322791223245 ], [ -1.785644178758488, 43.343210168499006 ], [ -1.785645076919104, 43.343165156304828 ], [ -1.785682977777957, 43.343120536753901 ], [ -1.785708545124739, 43.343075785681464 ], [ -1.785734111276229, 43.343031035556926 ], [ -1.7857466259835, 43.343022163651703 ], [ -1.785772013133622, 43.342986415026957 ], [ -1.785797580426422, 43.342941664835976 ], [ -1.785810093874273, 43.342932792978473 ], [ -1.785835481020227, 43.342897045239283 ], [ -1.785861048149438, 43.342852294138396 ], [ -1.785873561642772, 43.342843423172106 ], [ -1.785898948635327, 43.342807674522454 ], [ -1.785899846590685, 43.342762662340022 ], [ -1.785900743239742, 43.342717649315624 ], [ -1.785901641117633, 43.342672636238298 ], [ -1.785902537838455, 43.342627624114932 ], [ -1.785891099979413, 43.342582480558647 ], [ -1.785879124342117, 43.342564344263707 ], [ -1.78586732756957, 43.342537205565577 ], [ -1.785855889755964, 43.342492062008716 ], [ -1.785844453190688, 43.342446918397698 ], [ -1.785833015413008, 43.342401774841512 ], [ -1.785821039906198, 43.342383639440548 ], [ -1.785796908668048, 43.342356369294713 ], [ -1.785785469799217, 43.342311315912404 ], [ -1.785761338682837, 43.342284046658051 ], [ -1.785737028712623, 43.342265779798822 ], [ -1.785725591055039, 43.342220636237535 ], [ -1.785701281122995, 43.342202369371144 ], [ -1.785664456595512, 43.342192973493098 ], [ -1.78561583557861, 43.342156439782919 ], [ -1.785604039013449, 43.342129301064539 ], [ -1.785567932619597, 43.342083895450756 ], [ -1.785363810027158, 43.34180259059324 ], [ -1.785112325641173, 43.341421732779942 ], [ -1.784949339262862, 43.340933761830421 ], [ -1.78490623037569, 43.340627153567588 ], [ -1.784880718249992, 43.340050688570983 ], [ -1.784539011928253, 43.339245662841144 ], [ -1.783872925362003, 43.338005063883088 ], [ -1.783902445219427, 43.337762258108619 ], [ -1.78409517519834, 43.337377116565285 ], [ -1.785630962376888, 43.335214450887705 ], [ -1.785729627319345, 43.335215498909029 ], [ -1.784141455622025, 43.337530684582845 ], [ -1.784037935843359, 43.337772703222974 ], [ -1.784020032391441, 43.338051650211547 ], [ -1.784162469492728, 43.338332212018813 ], [ -1.784495064165213, 43.338975062683673 ], [ -1.784815870582698, 43.339590773890023 ], [ -1.785016752608347, 43.340034125273306 ], [ -1.7850529845156, 43.340691743469073 ], [ -1.78510860867066, 43.340989480768854 ], [ -1.785237465381228, 43.341333018302969 ], [ -1.785296803146195, 43.341450705476142 ], [ -1.785655889695222, 43.342003789373017 ], [ -1.785679841834206, 43.34204006194129 ], [ -1.785703613817041, 43.34208533606045 ], [ -1.785715948288768, 43.342085467516213 ], [ -1.785739720318693, 43.342130741628992 ], [ -1.785763671332886, 43.342167014236715 ], [ -1.78578816136857, 43.342176278634632 ], [ -1.785811933492777, 43.342221552734706 ], [ -1.785823728944397, 43.342248691486795 ], [ -1.785848040165114, 43.342266958271843 ], [ -1.785871811218103, 43.342312233314303 ], [ -1.785883610323239, 43.342339281776994 ], [ -1.785907920370826, 43.342357548604291 ], [ -1.785919358198494, 43.342402692151033 ], [ -1.785930794813665, 43.342447835752594 ], [ -1.78594223267708, 43.342492979300047 ], [ -1.785966005052957, 43.342538253377192 ], [ -1.785977442961894, 43.342583396923992 ], [ -1.785976546374832, 43.342628409944403 ], [ -1.785987983079687, 43.342673553547726 ], [ -1.785987086424792, 43.342718565673337 ], [ -1.785986189843252, 43.342763578698481 ], [ -1.785972957402872, 43.342808460354505 ], [ -1.785959726172213, 43.342853341955951 ], [ -1.785934517970363, 43.342880087318598 ], [ -1.785921824473015, 43.342897961649207 ], [ -1.785908593182075, 43.342942843247457 ], [ -1.785870870242366, 43.34297846052074 ], [ -1.785870691384427, 43.342987462925841 ], [ -1.785845124202646, 43.343032214033606 ], [ -1.785807223527415, 43.343076833638285 ], [ -1.785781656182136, 43.343121583836179 ], [ -1.785756090102147, 43.343166334873004 ], [ -1.785743396486499, 43.343184209186568 ], [ -1.785730522752022, 43.343211085959801 ], [ -1.785704955287623, 43.34325583614411 ], [ -1.785679567977312, 43.343291584760458 ], [ -1.785679389088516, 43.343300587167384 ], [ -1.785653821544616, 43.343345337342718 ], [ -1.785628255266096, 43.343390088356941 ], [ -1.785615561561519, 43.34340796265856 ], [ -1.785602687642875, 43.343434838523223 ], [ -1.785564786515064, 43.343479458056734 ], [ -1.785551912631423, 43.34350633481472 ], [ -1.785539218877564, 43.343524209108999 ], [ -1.785513652430701, 43.343568960102218 ], [ -1.785488443708725, 43.343595705375577 ], [ -1.785475749915493, 43.343613579663575 ], [ -1.785437847341593, 43.343658199213166 ], [ -1.785425333604274, 43.343667070134586 ], [ -1.785399945939349, 43.343702818696478 ], [ -1.785362043248068, 43.343747438222543 ], [ -1.785324140498096, 43.343792057736863 ], [ -1.78529893282093, 43.343818802916061 ], [ -1.785286238919781, 43.343836677184875 ], [ -1.785248336052517, 43.343881296675669 ], [ -1.785235642121909, 43.343899170939409 ], [ -1.785210434356824, 43.343925916100225 ], [ -1.785172710342133, 43.343961533156765 ], [ -1.785172531372083, 43.343970535567472 ], [ -1.785122293519888, 43.344015024398665 ], [ -1.785109779656515, 43.344023895285993 ], [ -1.785072055515576, 43.344059512310118 ], [ -1.785046847679083, 43.344086258333988 ], [ -1.785034153566188, 43.344104131678939 ], [ -1.7849839154908, 43.344148620450419 ], [ -1.784933677337757, 43.344193109200077 ], [ -1.784920983166227, 43.344210982533241 ], [ -1.784895775193369, 43.344237728525016 ], [ -1.784858052010552, 43.344273345425819 ], [ -1.784857871759925, 43.344282347892623 ], [ -1.784819969498155, 43.344326967194029 ], [ -1.784794760122762, 43.344353712321158 ], [ -1.784782065947419, 43.344371586538138 ], [ -1.784768833430414, 43.344416468047434 ], [ -1.784743264684388, 43.344461218045659 ], [ -1.784730750740425, 43.344470089790093 ], [ -1.784717697203753, 43.344505968882814 ], [ -1.784704463375397, 43.344550850443341 ], [ -1.784678895750221, 43.344595600376422 ], [ -1.784677996887214, 43.344640613509632 ], [ -1.784677099178618, 43.344685625691916 ], [ -1.784676201543266, 43.344730638773726 ], [ -1.78468763880233, 43.344775781634468 ], [ -1.784699074923579, 43.344820925447941 ], [ -1.784710514671498, 43.344865978976841 ], [ -1.784709615829063, 43.344910992119601 ], [ -1.784721053224737, 43.344956135880949 ], [ -1.784744825657307, 43.34500141031149 ], [ -1.784756263098506, 43.345046554072205 ], [ -1.78476769932734, 43.345091697887767 ], [ -1.784779136804379, 43.345136841649207 ], [ -1.784778777503485, 43.345154846539963 ], [ -1.784790574299338, 43.345181985410967 ], [ -1.784802011737568, 43.345227128275141 ], [ -1.784813448037978, 43.345272272092046 ], [ -1.784824885586694, 43.345317415854844 ], [ -1.784836502180315, 43.345353557198315 ], [ -1.78483632315342, 43.345362559617996 ], [ -1.784847760737974, 43.34540770338149 ], [ -1.784871532225977, 43.345452977854229 ], [ -1.784882969856058, 43.345498121617126 ], [ -1.784894407504058, 43.345543265380343 ], [ -1.784918180315017, 43.345588539793049 ], [ -1.784929616778154, 43.345633683610131 ], [ -1.784941054489602, 43.345678827373099 ], [ -1.784952671228927, 43.345714968713999 ], [ -1.784952492218966, 43.34572397113638 ], [ -1.784976265150105, 43.345769245542556 ], [ -1.784987701694603, 43.345814389359717 ], [ -1.784999139487418, 43.345859533122756 ], [ -1.785010577298151, 43.34590467688615 ], [ -1.785010397066341, 43.345913679364394 ], [ -1.785034350349467, 43.34594995128576 ], [ -1.78505812220774, 43.345995225736239 ], [ -1.785069740314575, 43.346031367018838 ], [ -1.785081895408415, 43.346040501026522 ], [ -1.785093333245242, 43.34608564388941 ], [ -1.785117106510881, 43.34613091917506 ], [ -1.785128723377009, 43.346167059611595 ], [ -1.785140878508729, 43.346176193613616 ], [ -1.785152316493437, 43.346221337372867 ], [ -1.78517608978665, 43.346266611752306 ], [ -1.785187527816798, 43.346311755510996 ], [ -1.78519896463455, 43.346356899324476 ], [ -1.785210402700538, 43.346402043083849 ], [ -1.785221840709792, 43.346447185945607 ], [ -1.785233277581212, 43.346492329760139 ], [ -1.785244715701052, 43.346537473520534 ], [ -1.785244536734158, 43.346546475949047 ], [ -1.785256153838718, 43.346582617281243 ], [ -1.785267591994308, 43.346627761042335 ], [ -1.78527902886275, 43.34667290396029 ], [ -1.78529046705418, 43.346718047722071 ], [ -1.785301905263532, 43.346763191484186 ], [ -1.785301725074548, 43.346772193968825 ], [ -1.785313342260478, 43.346808335301112 ], [ -1.78532478050567, 43.346853479063924 ], [ -1.785336219915847, 43.346898532650926 ], [ -1.785359993633003, 43.346943807013332 ], [ -1.785359275371514, 43.346979816848588 ], [ -1.785359096421234, 43.346988819280291 ], [ -1.785370533507673, 43.347033963098944 ], [ -1.785381971842452, 43.347079106863475 ], [ -1.78539341019515, 43.347124250628305 ], [ -1.785404847260783, 43.347169393550061 ], [ -1.785416285649321, 43.34721453731558 ], [ -1.785415747592332, 43.34724154467056 ], [ -1.785427724055784, 43.347259681081468 ], [ -1.78542682566158, 43.347304693414351 ], [ -1.785425928570964, 43.347349706592205 ], [ -1.785437366937242, 43.347394849463754 ], [ -1.785448804165578, 43.347439993288077 ], [ -1.785447907015367, 43.347485005572828 ], [ -1.785447009938503, 43.347530018757055 ], [ -1.785421440337728, 43.347574769021683 ], [ -1.785408745647216, 43.347592643356066 ], [ -1.785395871927583, 43.347619519227358 ], [ -1.785382637912483, 43.34766440097728 ], [ -1.785357069507094, 43.347709152074771 ], [ -1.785344553647226, 43.347718023068715 ], [ -1.785319164072853, 43.347753770824092 ], [ -1.78529359557861, 43.347798521909617 ], [ -1.785280720528935, 43.3478253978259 ], [ -1.785268025739564, 43.347843272147195 ], [ -1.785254792803854, 43.347888153834681 ], [ -1.785229222894809, 43.347932904066106 ], [ -1.785216708271756, 43.347941775890206 ], [ -1.78520365425124, 43.347977655136482 ], [ -1.78517808426286, 43.348022405358869 ], [ -1.785152874667398, 43.348049150590285 ], [ -1.785140179788987, 43.348067024899599 ], [ -1.785114609711661, 43.348111775110056 ], [ -1.785089219821162, 43.348147522822224 ], [ -1.785089040825067, 43.348156525261494 ], [ -1.785063470742877, 43.348201276360861 ], [ -1.785050237490984, 43.348246157137609 ], [ -1.78502466733898, 43.348290908230837 ], [ -1.785011434110934, 43.348335789903828 ], [ -1.784985863814373, 43.348380540093032 ], [ -1.784972630535524, 43.348425421764368 ], [ -1.784959935443748, 43.348443295159683 ], [ -1.784947061399504, 43.348470171892927 ], [ -1.784946162610878, 43.34851518426327 ], [ -1.784932929270189, 43.348560065934372 ], [ -1.784919694678524, 43.348604947659837 ], [ -1.784918797096874, 43.348649959980101 ], [ -1.784917899513916, 43.348694972301914 ], [ -1.784917000699097, 43.348739984679725 ], [ -1.784916103187894, 43.348784997902577 ], [ -1.784915204370271, 43.348830010283486 ], [ -1.784926519063719, 43.348875152422259 ], [ -1.784925621483284, 43.348920164751831 ], [ -1.784949395711794, 43.34896543927416 ], [ -1.784985504699713, 43.349010845387028 ], [ -1.785009638265879, 43.349038114954226 ], [ -1.785033950862441, 43.349056382071176 ], [ -1.785070420438837, 43.349083783158598 ], [ -1.785094733074023, 43.349102050262537 ], [ -1.785131022410424, 43.349138452933033 ], [ -1.785143179399836, 43.349147586900962 ], [ -1.785191626949553, 43.349193033342999 ], [ -1.785240073428335, 43.3492385699412 ], [ -1.785252229225687, 43.349247703952059 ], [ -1.785300855995444, 43.349284238023117 ], [ -1.785312832847279, 43.349302374474959 ], [ -1.785349302637309, 43.349329774575544 ], [ -1.785373615464597, 43.34934804162026 ], [ -1.785410084156622, 43.349375442653773 ], [ -1.785434218076407, 43.349402712133831 ], [ -1.785470866928085, 43.349421109746977 ], [ -1.785494820803209, 43.349457382615739 ], [ -1.78550697784291, 43.349466515647066 ], [ -1.785555603728347, 43.349503049664186 ], [ -1.785567760861887, 43.349512183586967 ], [ -1.785616206675834, 43.349557720082274 ], [ -1.785676989802917, 43.349603387066054 ], [ -1.785676810894126, 43.349612389516288 ], [ -1.785737773101095, 43.349649054915162 ], [ -1.785737592971093, 43.349658057420335 ], [ -1.785798556495527, 43.349694722731769 ], [ -1.785798376374966, 43.349703725237305 ], [ -1.785859339911631, 43.349740389617835 ], [ -1.785859159800426, 43.349749392123819 ], [ -1.785920122268361, 43.349786057423792 ], [ -1.785919943396892, 43.349795059875667 ], [ -1.785980905877149, 43.349831724244765 ], [ -1.786041868509648, 43.349868389478445 ], [ -1.786054025797344, 43.349877523349143 ], [ -1.786102832450121, 43.349905054624351 ], [ -1.786127145759094, 43.349923321507703 ], [ -1.786163615098834, 43.349950721401285 ], [ -1.786187928446253, 43.34996898827162 ], [ -1.786224399148956, 43.34999638898914 ], [ -1.786248712535004, 43.350014655846458 ], [ -1.786285183220745, 43.350042055646462 ], [ -1.786321832825406, 43.350060453878278 ], [ -1.786346146269371, 43.350078720714606 ], [ -1.786394953232127, 43.350106251862272 ], [ -1.786407109395577, 43.350115385749426 ], [ -1.786468073755077, 43.35015204979846 ], [ -1.786528857028459, 43.350197717276771 ], [ -1.786589641553898, 43.350243383770042 ], [ -1.786601977773801, 43.350243515125619 ], [ -1.78665078499846, 43.350271046161367 ], [ -1.78668743486549, 43.350289444272519 ], [ -1.786711748521878, 43.350307711029863 ], [ -1.786772892018629, 43.350335372455554 ], [ -1.786834034418279, 43.350363034799763 ], [ -1.786883020577829, 43.350381563275754 ], [ -1.786895178032434, 43.350390696157525 ], [ -1.786956141838034, 43.3504273608917 ], [ -1.78701728557906, 43.350455022181805 ], [ -1.787066271875641, 43.350473550576126 ], [ -1.78707842945348, 43.350482684335937 ], [ -1.787139752069653, 43.35050134399723 ], [ -1.787201074650853, 43.350520002726107 ], [ -1.78726239734646, 43.350538662318478 ], [ -1.787323899892012, 43.350548318464455 ], [ -1.787385222657613, 43.350566977987562 ], [ -1.787409895165052, 43.350567239618016 ], [ -1.787446725253968, 43.350576634063934 ], [ -1.787508048089387, 43.350595293517905 ], [ -1.787569729352807, 43.350595947064463 ], [ -1.78763105224861, 43.350614606448971 ], [ -1.787643388475754, 43.350614736787904 ], [ -1.787692554936994, 43.350624262385971 ], [ -1.787753877902791, 43.35064292170123 ], [ -1.787815380641978, 43.35065257756861 ], [ -1.787877063188069, 43.350653141661617 ], [ -1.787938566033599, 43.350662798356986 ], [ -1.788000068824948, 43.350672454119525 ], [ -1.78806157048112, 43.350682110799696 ], [ -1.788123073313784, 43.350691766492474 ], [ -1.788184754762152, 43.350692420586462 ], [ -1.788246257626371, 43.350702076209295 ], [ -1.788308117588291, 43.350693727771038 ], [ -1.788333149609542, 43.350675984158045 ], [ -1.788345664346584, 43.350667111955012 ], [ -1.788370874835952, 43.350640365871918 ], [ -1.788395905584292, 43.35062262229961 ], [ -1.788433630736884, 43.350587003993049 ], [ -1.788446145513838, 43.350578132676951 ], [ -1.788496208125089, 43.35054264543917 ], [ -1.788496386596391, 43.350533642977943 ], [ -1.788558784111747, 43.350498286007181 ], [ -1.788583636283127, 43.350489544854391 ], [ -1.788620823491804, 43.350480934875918 ], [ -1.788682684317745, 43.350472585272463 ], [ -1.788744545200562, 43.350464236531629 ], [ -1.788794248144757, 43.350446753292111 ], [ -1.788806762835734, 43.350437881935235 ], [ -1.788844488843907, 43.350402263435896 ], [ -1.788869339700044, 43.350393522272647 ], [ -1.788931735693329, 43.350358255267011 ], [ -1.788993596417328, 43.350349906384544 ], [ -1.78905510026763, 43.350359472266689 ], [ -1.789079772693799, 43.350359733516328 ], [ -1.789116601691829, 43.350369127446861 ], [ -1.789178104441944, 43.350378783435637 ], [ -1.789239427552721, 43.35039744100758 ], [ -1.789276257906091, 43.350406835727483 ], [ -1.789300572432751, 43.350425101904754 ], [ -1.789361717371482, 43.350452762767944 ], [ -1.789422503255183, 43.350498428631163 ], [ -1.789434839461506, 43.35049855876585 ], [ -1.789483468708088, 43.350535091046424 ], [ -1.789495626681954, 43.350544224535028 ], [ -1.789544256005616, 43.350580756789569 ], [ -1.789568750224956, 43.350590020391067 ], [ -1.789605221697818, 43.3506174200365 ], [ -1.78962953641752, 43.350635686142759 ], [ -1.789666009103952, 43.350663084816134 ], [ -1.789702660183007, 43.350681481911494 ], [ -1.789726974960723, 43.350699747996757 ], [ -1.789775784064726, 43.350727277632409 ], [ -1.789787940894979, 43.350736411144027 ], [ -1.789848906906909, 43.35077307425798 ], [ -1.789909872921685, 43.350809736440674 ], [ -1.789922031021087, 43.350818869883277 ], [ -1.789970660846856, 43.350855401953787 ], [ -1.789995154020992, 43.350864665515239 ], [ -1.790031627100936, 43.350892064968122 ], [ -1.79006827836763, 43.350910461044897 ], [ -1.790092593357768, 43.350928727051162 ], [ -1.79014140290523, 43.350956257424649 ], [ -1.790153559767008, 43.350965389998841 ], [ -1.790214526253825, 43.351002052913145 ], [ -1.790275492818225, 43.351038715794168 ], [ -1.790299987349695, 43.351047979233364 ], [ -1.790336459385372, 43.351075377743896 ], [ -1.790373112171221, 43.351093774563388 ], [ -1.790397427335434, 43.3511120405037 ], [ -1.790446235878473, 43.351139569900106 ], [ -1.790458394132483, 43.351148703284743 ], [ -1.790519360932461, 43.351185365134484 ], [ -1.790580327884762, 43.351222027848856 ], [ -1.790604821312746, 43.351231291274864 ], [ -1.79064129491455, 43.351258690529875 ], [ -1.790690283059673, 43.351277217294843 ], [ -1.790702441381405, 43.351286350652984 ], [ -1.79076340848229, 43.351323012369058 ], [ -1.790788081328759, 43.351323273229355 ], [ -1.790824911295866, 43.351332667483327 ], [ -1.790885878598423, 43.351369330029613 ], [ -1.790946667812647, 43.351414994115906 ], [ -1.790959004293384, 43.351415124974878 ], [ -1.791007635279779, 43.351451656595934 ], [ -1.791019792458206, 43.351460789974212 ], [ -1.791068423521678, 43.351497321569184 ], [ -1.791080581875038, 43.351506453988442 ], [ -1.791129391153292, 43.35153398398289 ], [ -1.791166044409252, 43.351552379642257 ], [ -1.791190360018336, 43.351570645410767 ], [ -1.791251505849275, 43.351598305284739 ], [ -1.791251327805204, 43.351607307757803 ], [ -1.791299959139122, 43.351643839252809 ], [ -1.791312116404333, 43.351652972599531 ], [ -1.791360747815332, 43.351689504068524 ], [ -1.791372727074401, 43.351707639882719 ], [ -1.791433874294005, 43.351735298703993 ], [ -1.791494663172917, 43.351780963447652 ], [ -1.791506999733155, 43.351781094244146 ], [ -1.791555631375835, 43.351817625629096 ], [ -1.791617314068278, 43.351818277766924 ], [ -1.791678996687355, 43.35181892897166 ], [ -1.791741215748271, 43.351792573504177 ], [ -1.791766067994991, 43.351783831611861 ], [ -1.791803612635906, 43.351757214628464 ], [ -1.791816306334952, 43.351739340385144 ], [ -1.791854209285165, 43.351694718326513 ], [ -1.791867082133375, 43.351667841548981 ], [ -1.791892112251442, 43.351650097154085 ], [ -1.791929657977419, 43.351623480075077 ], [ -1.79195468805685, 43.351605735666276 ], [ -1.791992411728101, 43.351570116990281 ], [ -1.792004927326412, 43.35156124430344 ], [ -1.792042828857671, 43.351516623137307 ], [ -1.792055522354745, 43.351498747971227 ], [ -1.792068394990513, 43.35147187027583 ], [ -1.792093961158412, 43.351427118307797 ], [ -1.792107189654592, 43.351382236561086 ], [ -1.792120062240323, 43.351355358861916 ], [ -1.792132755752684, 43.351337484586942 ], [ -1.792170658193421, 43.35129286243108 ], [ -1.792183351601554, 43.35127498725312 ], [ -1.79220856057555, 43.35124824026353 ], [ -1.792246461743243, 43.351203619036681 ], [ -1.792284364007968, 43.351158996845548 ], [ -1.792309393776505, 43.351141252361003 ], [ -1.792334602633398, 43.351114505344782 ], [ -1.792372504846023, 43.351069884023723 ], [ -1.792398069368979, 43.351025132052087 ], [ -1.792435971398901, 43.350980509813901 ], [ -1.792473873370031, 43.350935887563985 ], [ -1.792499259907891, 43.350900138043237 ], [ -1.792511775357325, 43.350891266200271 ], [ -1.792537339692873, 43.350846514201763 ], [ -1.79256272738239, 43.35081076461401 ], [ -1.792562905219118, 43.350801762144229 ], [ -1.792600806974472, 43.350757139855894 ], [ -1.792626193354744, 43.350721390310227 ], [ -1.792626372411775, 43.350712387786395 ], [ -1.792664272828703, 43.350667765533416 ], [ -1.792689660360717, 43.350632015920759 ], [ -1.7927021744922, 43.350623144112092 ], [ -1.792715403485805, 43.350578261365982 ], [ -1.792740968754746, 43.350533509275472 ], [ -1.79275383962468, 43.35050663157282 ], [ -1.79276653275349, 43.350488757235034 ], [ -1.792792097943106, 43.350444005135508 ], [ -1.792805326825452, 43.350399122384516 ], [ -1.792818019839833, 43.350381247144227 ], [ -1.792830891945173, 43.350354370278879 ], [ -1.79286879196825, 43.350309747966421 ], [ -1.792881307232561, 43.350300876084717 ], [ -1.7929313656411, 43.350265386857018 ], [ -1.792943701805353, 43.350265516591634 ], [ -1.793006275372503, 43.350221155440373 ], [ -1.793056512548117, 43.350176662738178 ], [ -1.793069205510357, 43.350158788369392 ], [ -1.793106749721027, 43.350132170912168 ], [ -1.793132135512082, 43.350096421264766 ], [ -1.793132314488127, 43.350087418744366 ], [ -1.793170215407477, 43.35004279717878 ], [ -1.793195422079094, 43.350016049140997 ], [ -1.793208114962867, 43.349998174758056 ], [ -1.793257995181566, 43.349971687852573 ], [ -1.793283024134473, 43.34995394315883 ], [ -1.793320390397159, 43.349936328096611 ], [ -1.793382605444242, 43.349909971777642 ], [ -1.793444821590008, 43.349883614470912 ], [ -1.793506860067335, 43.349866260491794 ], [ -1.793531532302474, 43.349866520726259 ], [ -1.793568540693041, 43.349866911516351 ], [ -1.793630577809863, 43.349849556623141 ], [ -1.793692258419086, 43.34985020757717 ], [ -1.793754117907844, 43.349841855976287 ], [ -1.793815798435429, 43.349842505961952 ], [ -1.793877657897921, 43.349834154290505 ], [ -1.793939338493452, 43.349834805103683 ], [ -1.794001197855067, 43.349826452463681 ], [ -1.794025870075394, 43.349826712585426 ], [ -1.794062878443749, 43.349827103206458 ], [ -1.794124737853988, 43.349818751393833 ], [ -1.794186419591402, 43.349819401113642 ], [ -1.794248277744996, 43.34981104928503 ], [ -1.794310137111129, 43.349802697366528 ], [ -1.794371996384532, 43.349794344514763 ], [ -1.794433855714802, 43.349785992525625 ], [ -1.794495715027142, 43.349777640501202 ], [ -1.794557573016273, 43.349769287598058 ], [ -1.794619254780426, 43.349769937969057 ], [ -1.794681112818189, 43.349761585893319 ], [ -1.794742971993683, 43.349753232829727 ], [ -1.794804831226051, 43.349744880628784 ], [ -1.794866690440485, 43.349736528392505 ], [ -1.794928549636991, 43.349728176120934 ], [ -1.79499040751028, 43.34971982297067 ], [ -1.795052266670921, 43.349711470628499 ], [ -1.795114125813627, 43.349703118250964 ], [ -1.795175984863495, 43.349694764940203 ], [ -1.795238021385762, 43.349677410025585 ], [ -1.795299880464979, 43.34966905754208 ], [ -1.795324731255978, 43.349660314846545 ], [ -1.795361916847348, 43.349651701658821 ], [ -1.795423775881009, 43.349643349104653 ], [ -1.795485813503669, 43.349625993994046 ], [ -1.795522999048813, 43.349617380751191 ], [ -1.795547671186491, 43.349617640525871 ], [ -1.795609708744158, 43.349600285344579 ], [ -1.795671745033992, 43.349582930182528 ], [ -1.795721267851395, 43.349574447137236 ], [ -1.795733603874097, 43.349574576553721 ], [ -1.79579564009894, 43.349557221320985 ], [ -1.795857498968312, 43.349548868519477 ], [ -1.795907199039529, 43.349531382922812 ], [ -1.7959195362838, 43.349531512263482 ], [ -1.795981572406283, 43.34951415692472 ], [ -1.7960436084914, 43.349496801550622 ], [ -1.79608079510026, 43.349488188062274 ], [ -1.796105467185136, 43.349488447709746 ], [ -1.796167504435723, 43.349471092210365 ], [ -1.796229540418568, 43.349453736730212 ], [ -1.796279063042828, 43.349445253430488 ], [ -1.79629139903903, 43.349445382783315 ], [ -1.796353434956885, 43.34942802723252 ], [ -1.796415293606712, 43.349419674112909 ], [ -1.796477152163682, 43.349411320060092 ], [ -1.796489665446941, 43.349402447821653 ], [ -1.796539187988919, 43.349393964403177 ], [ -1.796601225007155, 43.349376608656328 ], [ -1.79662625267207, 43.349358863197303 ], [ -1.796663616296408, 43.349341247043121 ], [ -1.796701158388931, 43.349314629253229 ], [ -1.796726008814477, 43.349305886238199 ], [ -1.796788222853553, 43.349279527919137 ], [ -1.796788399950678, 43.349270524554953 ], [ -1.796850436760964, 43.34925316866687 ], [ -1.796900314660559, 43.349226680097331 ], [ -1.796912650686207, 43.349226810277287 ], [ -1.796975041622259, 43.349191448488533 ], [ -1.796987556011569, 43.349182576139398 ], [ -1.79703725542387, 43.349165090028549 ], [ -1.797087133161353, 43.349138601374705 ], [ -1.797099469168659, 43.34913873153333 ], [ -1.797161682781594, 43.349112372104898 ], [ -1.797199045028728, 43.349094846843499 ], [ -1.797223895283955, 43.349086103715614 ], [ -1.797285930459237, 43.349068746736954 ], [ -1.797347965671993, 43.349051390620886 ], [ -1.797409646699252, 43.349052039400796 ], [ -1.797471148202486, 43.349061690720688 ], [ -1.797532650956679, 43.349071341951053 ], [ -1.797594153656623, 43.349080992248574 ], [ -1.797655478185735, 43.349099645930238 ], [ -1.797717336294306, 43.349091292068337 ], [ -1.797779194384943, 43.349082938171151 ], [ -1.797841407701661, 43.349056579250963 ], [ -1.797903620886518, 43.349030219397619 ], [ -1.797928648, 43.349012473642013 ], [ -1.797966011076457, 43.348994857940674 ], [ -1.79799121636877, 43.348968109650379 ], [ -1.798028757530095, 43.348941490509439 ], [ -1.798041448677933, 43.348923615574193 ], [ -1.798091325744802, 43.348897126462298 ], [ -1.798116353973042, 43.348879380610427 ], [ -1.798154071975967, 43.348843758962346 ], [ -1.798166586108148, 43.34883488647921 ], [ -1.798179810435115, 43.34879000312619 ], [ -1.798217351393199, 43.348763383923462 ], [ -1.798230042443314, 43.348745508968527 ], [ -1.798243266700344, 43.348700625610817 ], [ -1.798268826843261, 43.3486558722783 ], [ -1.798281162675037, 43.348656001404223 ], [ -1.798306722768731, 43.348611248064294 ], [ -1.79834461871037, 43.348566624736492 ], [ -1.798382514518454, 43.348522000498953 ], [ -1.7984077194107, 43.348495252121246 ], [ -1.798420410267845, 43.348477376249669 ], [ -1.798470641817755, 43.348432881990874 ], [ -1.798496201665332, 43.348388128613813 ], [ -1.798533742290415, 43.348361510207368 ], [ -1.798558768919345, 43.348343764315054 ], [ -1.798559656997302, 43.348298750940224 ], [ -1.798535695455255, 43.348262481894174 ], [ -1.79853587358153, 43.348253479377405 ], [ -1.798474548437482, 43.348234826261418 ], [ -1.798412869503393, 43.348234178034296 ], [ -1.798351190570693, 43.348233529772067 ], [ -1.798289510409037, 43.348232881529249 ], [ -1.798227831479111, 43.348232233196676 ], [ -1.798166152625433, 43.348231585726886 ], [ -1.798104472467941, 43.348230937378617 ], [ -1.79804279354218, 43.34823028894057 ], [ -1.797981114617804, 43.348229640467338 ], [ -1.797919612686832, 43.348219989498091 ], [ -1.797857932544433, 43.348219341009255 ], [ -1.797833616236203, 43.348201076785706 ], [ -1.797858644241494, 43.348183331002865 ], [ -1.797920323114922, 43.348183979545873 ], [ -1.797982001989741, 43.348184628053744 ], [ -1.798043682096288, 43.348185276471803 ], [ -1.798105360899025, 43.348185924011403 ], [ -1.798167039778003, 43.348186572413745 ], [ -1.798228896832192, 43.348178218265254 ], [ -1.798290753868534, 43.348169864081406 ], [ -1.798352433962843, 43.348170512323428 ], [ -1.798414112753246, 43.348171159687013 ], [ -1.798475791619806, 43.348171807913374 ], [ -1.798537471718278, 43.348172456049952 ], [ -1.798599150587612, 43.348173104205983 ], [ -1.798660829458425, 43.348173752326844 ], [ -1.798673343292307, 43.348164878891673 ], [ -1.7987475360506, 43.348156654424514 ], [ -1.798911275605862, 43.347987290205857 ], [ -1.79936725295669, 43.347388871881741 ], [ -1.799632336075197, 43.347085503942353 ], [ -1.799809647219418, 43.346853250072435 ], [ -1.799937615110278, 43.346620477525768 ], [ -1.800039313988354, 43.346468469419328 ], [ -1.800114569076092, 43.346406228196415 ], [ -1.800402717710286, 43.346184140601792 ], [ -1.800591473010729, 43.345997027747451 ], [ -1.800640459881514, 43.346015549933256 ], [ -1.800552694012969, 43.346086665088635 ], [ -1.800326932238984, 43.346273390321223 ], [ -1.800100814405103, 43.34647811917084 ], [ -1.800024673533198, 43.346585373659508 ], [ -1.799935486507329, 43.346728508248951 ], [ -1.799796069986429, 43.346916138522957 ], [ -1.799681856163303, 43.347077019100503 ], [ -1.799416063861442, 43.347416397099252 ], [ -1.798935414102464, 43.348014556699958 ], [ -1.798784366446876, 43.348166044994009 ], [ -1.798734135371707, 43.348210539389385 ], [ -1.798721443440209, 43.348228415348729 ], [ -1.798696240040734, 43.348255163739502 ], [ -1.79868301623883, 43.348300047137315 ], [ -1.798657811559751, 43.348326795575183 ], [ -1.798645120809411, 43.348344671472553 ], [ -1.798619561096765, 43.348389424883329 ], [ -1.798594356349141, 43.348416173308266 ], [ -1.798581665484563, 43.348434048301428 ], [ -1.798556105757767, 43.348478802598208 ], [ -1.798530722813947, 43.348514553528666 ], [ -1.798518208807304, 43.348523426051756 ], [ -1.798492648916811, 43.348568179438686 ], [ -1.798467267199463, 43.348603931199953 ], [ -1.798454753163645, 43.348612803716343 ], [ -1.798416857351784, 43.348657427982246 ], [ -1.798404166379018, 43.348675302957894 ], [ -1.798378961406371, 43.348702051338442 ], [ -1.798341065477129, 43.348746675580855 ], [ -1.798340888549431, 43.348755678046039 ], [ -1.798315505350036, 43.348791428933509 ], [ -1.798277609312877, 43.348836053156724 ], [ -1.798239713142165, 43.348880676470237 ], [ -1.7982146861818, 43.348898422295996 ], [ -1.798189481023609, 43.348925170636988 ], [ -1.798151939947249, 43.348951789833329 ], [ -1.798139248902337, 43.348969665679846 ], [ -1.798089016628546, 43.349014159802991 ], [ -1.798038784277272, 43.349058653904272 ], [ -1.798026093098866, 43.349076528841032 ], [ -1.79797621584673, 43.349103017926488 ], [ -1.797963701701776, 43.349111891287386 ], [ -1.797913647394705, 43.34914738281195 ], [ -1.797900954927487, 43.349165257789885 ], [ -1.797851077541118, 43.349191746819422 ], [ -1.79783856458808, 43.34920062011183 ], [ -1.797776172866699, 43.349235981555438 ], [ -1.797713782299202, 43.349271342909397 ], [ -1.797701270435593, 43.349280126010044 ], [ -1.797651214590297, 43.349315617472364 ], [ -1.797626364300929, 43.349324360699931 ], [ -1.797589000906916, 43.349341976288407 ], [ -1.797526965528782, 43.349359333444468 ], [ -1.797502115201711, 43.349368076643763 ], [ -1.797464751741458, 43.349385692189863 ], [ -1.797402714973529, 43.349403048431938 ], [ -1.79737786583912, 43.349411791548384 ], [ -1.797340501156933, 43.349429408004795 ], [ -1.797290623284298, 43.349455896781315 ], [ -1.797277931786328, 43.349473771635722 ], [ -1.797252725941651, 43.349500519770174 ], [ -1.797239501959992, 43.349545402979537 ], [ -1.797238612756735, 43.349590415488279 ], [ -1.797250059666005, 43.349635558140108 ], [ -1.797274198067003, 43.349662825039026 ], [ -1.797286178765829, 43.349680960170588 ], [ -1.797309963019519, 43.34972623200261 ], [ -1.797334101561783, 43.349753499787994 ], [ -1.797370754510246, 43.349771894273154 ], [ -1.797395249643731, 43.349781156097251 ], [ -1.797456574853668, 43.349799809901548 ], [ -1.797518077162755, 43.349809461200259 ], [ -1.797567244568955, 43.349818982305457 ], [ -1.797579580648149, 43.349819111511486 ], [ -1.797640905958058, 43.349837765211866 ], [ -1.797702409568996, 43.349847416351437 ], [ -1.79775139885922, 43.349865940797521 ], [ -1.797763734948788, 43.349866069982575 ], [ -1.797824883356481, 43.349893726051398 ], [ -1.797886208825203, 43.349912379613777 ], [ -1.797898544999964, 43.349912509681424 ], [ -1.797947534333725, 43.349931033141715 ], [ -1.798008682898471, 43.349958689108021 ], [ -1.798069830291535, 43.349986345094955 ], [ -1.798131155938213, 43.350004998519886 ], [ -1.79814349213326, 43.350005128559573 ], [ -1.798192481624499, 43.350023651910249 ], [ -1.798253630405182, 43.350051307740095 ], [ -1.798314779244467, 43.350078963535928 ], [ -1.798351432713086, 43.350097357693471 ], [ -1.798375926912159, 43.350106619352438 ], [ -1.798436897721401, 43.350143277609838 ], [ -1.798497745038841, 43.350179935011774 ], [ -1.798522240526914, 43.350189196583557 ], [ -1.79855889413178, 43.350207590672355 ], [ -1.798620042053034, 43.350235246353641 ], [ -1.798644537584367, 43.35024450789814 ], [ -1.798681368142707, 43.350253899470182 ], [ -1.798742517402356, 43.35028155502858 ], [ -1.798803843580871, 43.350300208076419 ], [ -1.798864992948439, 43.350327863566548 ], [ -1.798925786231136, 43.350373524086393 ], [ -1.79898657961027, 43.350419184573667 ], [ -1.799034860040379, 43.350473718467704 ], [ -1.799095653611647, 43.350519378897182 ], [ -1.799168961556032, 43.35055616578542 ], [ -1.799230289395327, 43.350574818540814 ], [ -1.799291438028489, 43.350602473850351 ], [ -1.799352764726231, 43.350621126591633 ], [ -1.799426251033656, 43.350648911671826 ], [ -1.79947524148447, 43.350667434450806 ], [ -1.799548726679524, 43.350695219503464 ], [ -1.799597717284053, 43.350713743125588 ], [ -1.79964635315493, 43.350750270844408 ], [ -1.799720016486998, 43.350769053246644 ], [ -1.799768830423597, 43.350796578375821 ], [ -1.799842493854786, 43.35081536069535 ], [ -1.799903820957563, 43.350834013127326 ], [ -1.799965148099949, 43.350852665524783 ], [ -1.800026475282041, 43.350871317887751 ], [ -1.800075644008718, 43.350880837860821 ], [ -1.800149484299468, 43.350890617489867 ], [ -1.800210989454278, 43.350900267211223 ], [ -1.800272494629782, 43.350909916897741 ], [ -1.800333998595302, 43.350919566603984 ], [ -1.800395681655871, 43.350920213682599 ], [ -1.800457185653013, 43.350929863318946 ], [ -1.800506532327383, 43.35093038055836 ], [ -1.800580550494958, 43.350931156457307 ], [ -1.800642232340121, 43.350931803450031 ], [ -1.800703914186762, 43.350932450407647 ], [ -1.800765773820846, 43.350924094791324 ], [ -1.800827455660624, 43.35092474167849 ], [ -1.80088913873218, 43.350925388475822 ], [ -1.800950820574724, 43.350926035292652 ], [ -1.801012502418564, 43.350926682074316 ], [ -1.801074184263877, 43.350927328820823 ], [ -1.801136043838772, 43.350918972992865 ], [ -1.801197725677223, 43.350919619668957 ], [ -1.801259585225926, 43.350911263770413 ], [ -1.801321268287905, 43.350911910321386 ], [ -1.801383126579932, 43.350903554406955 ], [ -1.801432649691468, 43.350895068739142 ], [ -1.801506845496226, 43.350886841464856 ], [ -1.801568704964916, 43.350878485389813 ], [ -1.801630386764878, 43.350879131819212 ], [ -1.801692246207286, 43.350870775673577 ], [ -1.801766442018708, 43.350862549119391 ], [ -1.801816141429785, 43.350845060791166 ], [ -1.80187800080868, 43.350836704539567 ], [ -1.80193968256739, 43.350837350792681 ], [ -1.802001541920184, 43.350828994470469 ], [ -1.802063401255037, 43.350820638112978 ], [ -1.802112924195041, 43.350812152134345 ], [ -1.802187296204012, 43.350794922806578 ], [ -1.802249330603097, 43.350777653136234 ], [ -1.802298853553703, 43.350769167970725 ], [ -1.802373226607156, 43.350751937563089 ], [ -1.80243508580539, 43.350743580993615 ], [ -1.802497121270154, 43.35072622190328 ], [ -1.802558980422811, 43.350717865263107 ], [ -1.802621015822567, 43.350700506102079 ], [ -1.80268305241543, 43.350683146851019 ], [ -1.802745087740436, 43.350665787619356 ], [ -1.802807300494295, 43.350639425812176 ], [ -1.802869336965373, 43.350622066455152 ], [ -1.80293154954025, 43.350595703679474 ], [ -1.803006275894952, 43.350560468711961 ], [ -1.803056152096234, 43.350533977278502 ], [ -1.803106028251653, 43.350507485822526 ], [ -1.803180754385267, 43.350472250736928 ], [ -1.803242966730867, 43.350445888683147 ], [ -1.803293018883325, 43.350410394658191 ], [ -1.803355585795455, 43.350366026564828 ], [ -1.803417974085883, 43.350330661928353 ], [ -1.803480540890081, 43.350286294663348 ], [ -1.803555442550651, 43.35024205594307 ], [ -1.803692733341232, 43.350162453225387 ], [ -1.803768696028547, 43.350064198346381 ], [ -1.803698215518379, 43.349883373428625 ], [ -1.80367796397268, 43.349658050874226 ], [ -1.803581927808057, 43.349521979676823 ], [ -1.803547394974048, 43.349395556276839 ], [ -1.8035493407884, 43.349296527740705 ], [ -1.803465817684655, 43.349151583423136 ], [ -1.803406259903048, 43.349042907050254 ], [ -1.803422661729853, 43.348836067238445 ], [ -1.803413863172986, 43.348655886777998 ], [ -1.803367172707925, 43.348520331438593 ], [ -1.803434512663693, 43.348232894882273 ], [ -1.803496191652769, 43.34823354024676 ], [ -1.803493361484043, 43.348377581220277 ], [ -1.803441718744552, 43.348494098752319 ], [ -1.803501099904711, 43.348611777532881 ], [ -1.803498269729769, 43.348755818548 ], [ -1.803495794247164, 43.348881854520364 ], [ -1.803504594213481, 43.349061944828655 ], [ -1.803588294699656, 43.349197887472805 ], [ -1.803673585220315, 43.349252805753267 ], [ -1.803733851762818, 43.349325471920082 ], [ -1.803707764832785, 43.349397234110533 ], [ -1.803754810133702, 43.349514783482206 ], [ -1.803788636715762, 43.349677216858012 ], [ -1.803834621127368, 43.349848782225195 ], [ -1.80384465853167, 43.349965944319329 ], [ -1.803916908899449, 43.350056744832784 ], [ -1.803841122472551, 43.350145996433596 ], [ -1.803766043766176, 43.350199236989035 ], [ -1.803691142323034, 43.350243475853595 ], [ -1.803604080607099, 43.350278582767757 ], [ -1.803541337786225, 43.350331952588441 ], [ -1.803478772284588, 43.350376320733382 ], [ -1.803416205381188, 43.350420688000391 ], [ -1.803365975917309, 43.350465184622401 ], [ -1.803328082615676, 43.350509809773293 ], [ -1.803302525579732, 43.350554564363996 ], [ -1.803326313765136, 43.350599835856137 ], [ -1.803362969164656, 43.350618228323285 ], [ -1.803436456096518, 43.350646009836595 ], [ -1.803485447908808, 43.350664531697824 ], [ -1.803546953380984, 43.350674179521292 ], [ -1.803608281532462, 43.350692829851667 ], [ -1.803669609723636, 43.350711480147503 ], [ -1.803731115351616, 43.350721128764583 ], [ -1.803792443612759, 43.350739778991233 ], [ -1.803853947986077, 43.350749426695465 ], [ -1.803915276317002, 43.350768076852894 ], [ -1.80397648234726, 43.350786726105262 ], [ -1.804037810757539, 43.350805376193748 ], [ -1.804099315242047, 43.350815023759019 ], [ -1.804160644952682, 43.350833673723578 ], [ -1.804222149487869, 43.350843321219251 ], [ -1.804283478037984, 43.350861971169287 ], [ -1.804344983854423, 43.350871618540637 ], [ -1.80439397615064, 43.350890139993616 ], [ -1.804467818416486, 43.350899916621096 ], [ -1.804529323073897, 43.35090956394265 ], [ -1.804590651793839, 43.350928213719527 ], [ -1.804652157732503, 43.350937860916751 ], [ -1.804713486522318, 43.350956510624414 ], [ -1.804774815426798, 43.350975161195528 ], [ -1.804836144296013, 43.350993810834225 ], [ -1.8048976503457, 43.351003457892347 ], [ -1.804959155185588, 43.351013104970328 ], [ -1.805008147799509, 43.351031626147233 ], [ -1.805081990275987, 43.351041401458723 ], [ -1.805143496492603, 43.351051049275405 ], [ -1.805217161925923, 43.35106982704157 ], [ -1.805266330523923, 43.351079345610053 ], [ -1.805327836736927, 43.351088992424273 ], [ -1.805389165906278, 43.351107641751142 ], [ -1.805450672245118, 43.351117289393692 ], [ -1.805512001484336, 43.351135938651304 ], [ -1.805573330763256, 43.351154587874461 ], [ -1.805622323694878, 43.351173108775299 ], [ -1.805696165226361, 43.351182883723396 ], [ -1.805757494689827, 43.351201533740749 ], [ -1.805806487645575, 43.351220053660917 ], [ -1.80588033057393, 43.351229829326904 ], [ -1.805941837050349, 43.351239475793221 ], [ -1.806015503059696, 43.351258253916534 ], [ -1.806064671950349, 43.351267772123585 ], [ -1.806126178498129, 43.351277418485409 ], [ -1.806187685066504, 43.351287064812361 ], [ -1.806249190425068, 43.351296711159108 ], [ -1.806298360617628, 43.35130622920552 ], [ -1.806372203739861, 43.351316004536471 ], [ -1.806433533488821, 43.351334653274606 ], [ -1.806495038939249, 43.351344299482001 ], [ -1.806544032328415, 43.351362819968124 ], [ -1.806617875489852, 43.351372594233936 ], [ -1.80667938108672, 43.351382241234738 ], [ -1.806740887859587, 43.351391887247978 ], [ -1.806790058139582, 43.351401404173707 ], [ -1.806864606345093, 43.351375169071666 ], [ -1.806979514742263, 43.351178271135929 ], [ -1.807299383221968, 43.351226629043481 ], [ -1.807592285810705, 43.351391763801203 ], [ -1.807986351646052, 43.351431889082427 ], [ -1.808458135535064, 43.351283731136277 ], [ -1.808597359234529, 43.351105093372013 ], [ -1.80845284388349, 43.350923499197627 ], [ -1.808357499502458, 43.350751421961974 ], [ -1.808324188036972, 43.350562071514631 ], [ -1.808391330289987, 43.350283633919112 ], [ -1.808518751268348, 43.350708169360722 ], [ -1.808686180881231, 43.350979956160998 ], [ -1.808778884901657, 43.351287072966592 ], [ -1.80930953188416, 43.351283594177609 ], [ -1.809531589563498, 43.351285906296859 ], [ -1.810075503839807, 43.3512286266362 ], [ -1.810433614927553, 43.351214343581191 ], [ -1.81074484095831, 43.351073509424786 ], [ -1.810995087026554, 43.350896023165383 ], [ -1.81107578380265, 43.350554693746368 ], [ -1.811106432485258, 43.35024886201272 ], [ -1.811136728516917, 43.349961035439534 ], [ -1.811303426178889, 43.349638609150709 ], [ -1.811371255121018, 43.349324249952943 ], [ -1.811524558252818, 43.349055710151646 ], [ -1.811676983347924, 43.34883218363187 ], [ -1.812077004112059, 43.348566207288009 ], [ -1.812437557766077, 43.348425881329085 ], [ -1.812813953369281, 43.348105629501866 ], [ -1.813342468668107, 43.34821016378136 ], [ -1.813771947671249, 43.348331677254748 ], [ -1.814191194532215, 43.348345029682093 ], [ -1.814624353116997, 43.348277575197685 ], [ -1.81491298449582, 43.348028442707651 ], [ -1.815103277318731, 43.347760281467878 ], [ -1.815317714485922, 43.347519383674538 ], [ -1.815421478899499, 43.347259329712777 ], [ -1.815300222490137, 43.347150020580706 ], [ -1.814953771258901, 43.347200457965549 ], [ -1.814521495647768, 43.347222990421848 ], [ -1.814399189691017, 43.34716769628271 ], [ -1.81413095763281, 43.347002835230711 ], [ -1.813985033157136, 43.34689326910928 ], [ -1.813938496199981, 43.346748715928257 ], [ -1.813928264273035, 43.34664055663648 ], [ -1.813967900082895, 43.346505900970932 ], [ -1.814316450869446, 43.346347435732966 ], [ -1.814527032390095, 43.346304596749931 ], [ -1.814736911241369, 43.346297767477118 ], [ -1.815366200356045, 43.346295283909079 ], [ -1.815601273908378, 43.346261790848139 ], [ -1.815750875147078, 43.346182300167726 ], [ -1.815900477203435, 43.34610280923043 ], [ -1.816050428383142, 43.346005313085989 ], [ -1.816139926229852, 43.345844160181898 ], [ -1.816191543380431, 43.345727636716219 ], [ -1.816293550955596, 43.345557608274305 ], [ -1.81643203893709, 43.345414971149154 ], [ -1.81658373663884, 43.345227448328075 ], [ -1.816709538600862, 43.345102687940987 ], [ -1.816834464960967, 43.345022939986109 ], [ -1.81695904180474, 43.34496119778332 ], [ -1.81707180766741, 43.344872320043258 ], [ -1.817160427405246, 43.344756179836715 ], [ -1.817224725692815, 43.344621777956704 ], [ -1.817241429359817, 43.34439692980277 ], [ -1.817346054040338, 43.344091861176729 ], [ -1.817410351228963, 43.343957460152453 ], [ -1.817560818388644, 43.343832953679154 ], [ -1.817674280300491, 43.34370806447761 ], [ -1.817862100943139, 43.343565935107897 ], [ -1.818063479610539, 43.343360914745773 ], [ -1.818139933975917, 43.343235642745604 ], [ -1.818192767488415, 43.343056100175765 ], [ -1.818197308354129, 43.342822031701878 ], [ -1.818226866152197, 43.342570303082816 ], [ -1.818254155729453, 43.342435518461102 ], [ -1.818257997495488, 43.342237460968519 ], [ -1.818346960666084, 43.34210331321416 ], [ -1.818485261504625, 43.341969676287775 ], [ -1.818612099450134, 43.341790897281705 ], [ -1.818778382734094, 43.341499340228346 ], [ -1.818833407051348, 43.34153106438967 ], [ -1.818870743354834, 43.341552520550287 ], [ -1.81882895281533, 43.341614489267798 ], [ -1.818761861107213, 43.341702400149678 ], [ -1.818659692750082, 43.341881433822465 ], [ -1.818495849902683, 43.342059829804334 ], [ -1.818406538368924, 43.342211982637089 ], [ -1.818339800396212, 43.34247242167406 ], [ -1.818285398754335, 43.342732897335274 ], [ -1.818307099071917, 43.342886197035767 ], [ -1.818304131312055, 43.343039242116113 ], [ -1.818301859861969, 43.343156276424352 ], [ -1.818250250511627, 43.343272800613498 ], [ -1.818074067604306, 43.343451068399339 ], [ -1.817948097122347, 43.34358483273224 ], [ -1.8178224762543, 43.343700591898063 ], [ -1.817571755961146, 43.343905102378223 ], [ -1.817494600096757, 43.34406638406135 ], [ -1.817342558138431, 43.344271913931586 ], [ -1.817302581384915, 43.344424575646045 ], [ -1.817299434388998, 43.344586622557514 ], [ -1.817246074745295, 43.344793083082941 ], [ -1.817119401017175, 43.344962856576494 ], [ -1.816994824341532, 43.345024598964038 ], [ -1.816869547694997, 43.345122352154419 ], [ -1.816707089708056, 43.345228723972767 ], [ -1.816581462763776, 43.345344481842723 ], [ -1.816554343199604, 43.345470263814441 ], [ -1.816589950309847, 43.345542667681215 ], [ -1.816663438450256, 43.345570440946766 ], [ -1.816724590213074, 43.345598087196308 ], [ -1.816611997689156, 43.345677962094996 ], [ -1.816460998937396, 43.345829474956872 ], [ -1.816311573630683, 43.345899963225051 ], [ -1.816136601747787, 43.346015209710153 ], [ -1.815998636537324, 43.346130838984863 ], [ -1.815861020369623, 43.34622846308622 ], [ -1.815673711137746, 43.34634358083224 ], [ -1.814995257740843, 43.346336462764761 ], [ -1.814463601484093, 43.346393982861926 ], [ -1.814141124733119, 43.346480683981277 ], [ -1.814037881812636, 43.346713729020799 ], [ -1.81406044943261, 43.346822015635013 ], [ -1.81426717703115, 43.346977234273375 ], [ -1.814560429300708, 43.347124345462582 ], [ -1.814832341514173, 43.347100150794844 ], [ -1.815116587799837, 43.347076082705371 ], [ -1.815363827193907, 43.347051631445524 ], [ -1.815584819820117, 43.347107947085462 ], [ -1.815556472618377, 43.347296745678321 ], [ -1.815378519146359, 43.34756503569502 ], [ -1.815189103329372, 43.347788183886209 ], [ -1.815049380286197, 43.347993838258638 ], [ -1.814733800288949, 43.348359749457074 ], [ -1.814127936550051, 43.348425413192764 ], [ -1.813794865680508, 43.348421959026886 ], [ -1.813291195100222, 43.348308680127602 ], [ -1.812970460820068, 43.348305351735398 ], [ -1.812720406766794, 43.348473839726722 ], [ -1.812172708054008, 43.348720276773172 ], [ -1.811848107181757, 43.348915001511124 ], [ -1.811617626476676, 43.349344818984285 ], [ -1.811500980254465, 43.349631658551125 ], [ -1.811421517582337, 43.349909969413417 ], [ -1.811329891626242, 43.350179150197945 ], [ -1.811398286809408, 43.350468002447052 ], [ -1.811308593612932, 43.35063815449513 ], [ -1.811427917394905, 43.350846496279487 ], [ -1.811090614466325, 43.351059095593975 ], [ -1.810790847195315, 43.351245072017242 ], [ -1.8105173335811, 43.351350280244219 ], [ -1.810429219146738, 43.35143940791783 ], [ -1.810549421353901, 43.351602647934214 ], [ -1.81048580340622, 43.351701034579804 ], [ -1.810569346707943, 43.351845974711729 ], [ -1.810613594222026, 43.352107562941278 ], [ -1.810243468767856, 43.351473403570495 ], [ -1.810033394193394, 43.35148922671145 ], [ -1.809500809553622, 43.351591736063355 ], [ -1.808944377161627, 43.351657977675664 ], [ -1.807929779679601, 43.351800480990683 ], [ -1.807350487334763, 43.351767427798748 ], [ -1.806797984675082, 43.35162659744725 ], [ -1.806441634292555, 43.351550844065272 ], [ -1.80608475636279, 43.351502096160523 ], [ -1.805729997029659, 43.351345316753097 ], [ -1.805693164625146, 43.351335927572528 ], [ -1.805619674419961, 43.351308146734041 ], [ -1.805570681449447, 43.351289626728068 ], [ -1.805509176212029, 43.351279979995653 ], [ -1.805448022570505, 43.351252327342507 ], [ -1.805386693228115, 43.351233678046945 ], [ -1.805325188081311, 43.3512240312104 ], [ -1.805251522340679, 43.351205252617596 ], [ -1.805202352482174, 43.35119573499415 ], [ -1.80514084610127, 43.351186087209889 ], [ -1.805079341046329, 43.351176440233935 ], [ -1.805005675446657, 43.351157661474438 ], [ -1.80495650566946, 43.351148143739636 ], [ -1.80489499945539, 43.351138496713851 ], [ -1.804833494492499, 43.351128849598524 ], [ -1.804771811158852, 43.351128205049605 ], [ -1.804710128982113, 43.351127559512911 ], [ -1.804647740696977, 43.351162925813817 ], [ -1.804610023884972, 43.351198548945042 ], [ -1.804621476888627, 43.351243690872089 ], [ -1.804620593425567, 43.351288703499478 ], [ -1.804583053705429, 43.351315324077 ], [ -1.804521900545796, 43.3512876717976 ], [ -1.804461101864431, 43.351242014390294 ], [ -1.804387789594077, 43.351205230170436 ], [ -1.804326991105957, 43.351159572690598 ], [ -1.804278175840143, 43.351132048657561 ], [ -1.804216847004388, 43.351113398700647 ], [ -1.80416767732021, 43.351103879709797 ], [ -1.804094012110497, 43.351085100330678 ], [ -1.804020347023662, 43.351066321799628 ], [ -1.803971531983316, 43.351038797630203 ], [ -1.803910026050958, 43.351029150045349 ], [ -1.803848697443875, 43.351010499881262 ], [ -1.803787492447773, 43.350991850498737 ], [ -1.803726163920045, 43.350973200265713 ], [ -1.803664658098696, 43.350963552541913 ], [ -1.803603152298032, 43.350953904783168 ], [ -1.803541823870356, 43.350935254446227 ], [ -1.803480319350857, 43.350925606563173 ], [ -1.803418636250015, 43.350924961242988 ], [ -1.803356954380948, 43.350924315832955 ], [ -1.80329509512239, 43.350932672930604 ], [ -1.803233413171514, 43.350932026552236 ], [ -1.803171553961792, 43.350940384477241 ], [ -1.80310951846955, 43.350957743957075 ], [ -1.803059995476251, 43.350966229494816 ], [ -1.802985799791042, 43.350974457834575 ], [ -1.802923762975761, 43.350991817263044 ], [ -1.802874063699334, 43.351009305204009 ], [ -1.802799692813861, 43.35102644572801 ], [ -1.802725320764115, 43.351043676377692 ], [ -1.802675620152246, 43.351061164282925 ], [ -1.802613760647967, 43.351069520991928 ], [ -1.80255207863327, 43.351068875122976 ], [ -1.802490219102798, 43.351077231761444 ], [ -1.802428714607836, 43.351067583279601 ], [ -1.802367562744975, 43.351039929787952 ], [ -1.802306412171295, 43.351012276207584 ], [ -1.802245084101203, 43.350993625134798 ], [ -1.802183756070815, 43.350974974027579 ], [ -1.802122072931564, 43.350974327968238 ], [ -1.802060391024275, 43.350973681819035 ], [ -1.80199853152469, 43.350982038175786 ], [ -1.801936672007165, 43.350990394497231 ], [ -1.801887150118417, 43.35099888034167 ], [ -1.801812954148778, 43.35100710697948 ], [ -1.80175127097938, 43.351006460708753 ], [ -1.801689412630176, 43.351014816834287 ], [ -1.801627553032726, 43.351023172979218 ], [ -1.801565693417245, 43.351031529088836 ], [ -1.801503833783823, 43.351039885163139 ], [ -1.801441974132457, 43.351048241202108 ], [ -1.801380114463153, 43.35105659720579 ], [ -1.801318432476032, 43.351055950633629 ], [ -1.801256572855538, 43.351064307464632 ], [ -1.801182376711541, 43.351072533670482 ], [ -1.801132854641214, 43.351081019170223 ], [ -1.801070994891895, 43.3510893749974 ], [ -1.801009312873158, 43.351088728248996 ], [ -1.800947453097648, 43.351097084005552 ], [ -1.800885769841644, 43.351096437241402 ], [ -1.800823911270439, 43.351104792872754 ], [ -1.800762228007476, 43.351104146038146 ], [ -1.800688033047006, 43.351112372748524 ], [ -1.800638331757702, 43.351129859718881 ], [ -1.800563781109936, 43.351156091424251 ], [ -1.800514257646211, 43.351164576696078 ], [ -1.800452575553225, 43.351163929630289 ], [ -1.800390893461621, 43.351163282529299 ], [ -1.800317051550004, 43.351153503117672 ], [ -1.800267705916753, 43.351152985737066 ], [ -1.800206200482698, 43.351143336046043 ], [ -1.800144518415908, 43.351142688804671 ], [ -1.800083013013473, 43.35113303904371 ], [ -1.800021508862042, 43.351123389193219 ], [ -1.799947667139127, 43.351113610427724 ], [ -1.79989867608223, 43.351095086958409 ], [ -1.799837170771682, 43.35108543705806 ], [ -1.799763507071861, 43.351066655628991 ], [ -1.799714516113993, 43.351048132076947 ], [ -1.799653188844705, 43.351029479534667 ], [ -1.799591861615117, 43.351010826957861 ], [ -1.799530712404342, 43.35098317180951 ], [ -1.799481721667259, 43.350964649051171 ], [ -1.799408589696243, 43.350918858983633 ], [ -1.799335281062581, 43.350882071349638 ], [ -1.799274486918786, 43.350836411042209 ], [ -1.799225851210932, 43.350799883153876 ], [ -1.799164524364032, 43.350781230338157 ], [ -1.799103019511523, 43.350771580022794 ], [ -1.799041515910013, 43.350761929617931 ], [ -1.798980189163173, 43.35074327669826 ], [ -1.798918684381957, 43.350733626278412 ], [ -1.798857890724976, 43.350687965742075 ], [ -1.798797095933855, 43.350642305227794 ], [ -1.798748815587418, 43.350587771220688 ], [ -1.798687845339822, 43.350551113072008 ], [ -1.798614359513257, 43.35052332749239 ], [ -1.798553033158535, 43.350504674334026 ], [ -1.798492061893022, 43.350468016132005 ], [ -1.798455585058842, 43.35044061953991 ], [ -1.798431268854223, 43.350422355365168 ], [ -1.798419109564693, 43.350413223779434 ], [ -1.798370474681381, 43.350376694620422 ], [ -1.798345980368385, 43.350367432958294 ], [ -1.798309326729811, 43.350349038795166 ], [ -1.798260637439356, 43.350321513839319 ], [ -1.798248478198143, 43.350312382235124 ], [ -1.798187330373369, 43.350284726342281 ], [ -1.798162834823561, 43.350275463796031 ], [ -1.798126181376807, 43.350257070470057 ], [ -1.798064855463569, 43.350238417038803 ], [ -1.798040361183611, 43.350229154410513 ], [ -1.798003352604986, 43.350228766047714 ], [ -1.797941848536623, 43.350219115076435 ], [ -1.797880522723355, 43.350200461541178 ], [ -1.797819196949885, 43.350181807971495 ], [ -1.797757692962482, 43.350172156895823 ], [ -1.797696011962798, 43.350171508259145 ], [ -1.79763450800702, 43.350161857113527 ], [ -1.797573004071847, 43.350152205933071 ], [ -1.797511678449186, 43.350133552189732 ], [ -1.797450352941173, 43.350114899309872 ], [ -1.797388672006238, 43.350114250498017 ], [ -1.79732716816305, 43.350104599178152 ], [ -1.797265664340463, 43.350094947823379 ], [ -1.797228834114456, 43.350085555770576 ], [ -1.797204161768864, 43.350085296379142 ], [ -1.797142657987481, 43.350075644954593 ], [ -1.797081154226613, 43.350065993495193 ], [ -1.797019651791753, 43.350056342844205 ], [ -1.796957969693872, 43.350055693841441 ], [ -1.796896288827947, 43.35005504474892 ], [ -1.796834607963321, 43.350054395621243 ], [ -1.796772927100082, 43.350053746458379 ], [ -1.796711423424603, 43.350044094788984 ], [ -1.796649742648618, 43.35004344645386 ], [ -1.796587883363164, 43.350051799711451 ], [ -1.796526201275102, 43.350051150462562 ], [ -1.796464343193944, 43.35005950359497 ], [ -1.79640266117377, 43.350058855173607 ], [ -1.796340980310626, 43.350058205764526 ], [ -1.796279120964663, 43.350066558845704 ], [ -1.796217440094664, 43.35006590936618 ], [ -1.796155580797261, 43.350074263274728 ], [ -1.796143244591808, 43.350074133008349 ], [ -1.79609372140709, 43.350082616249971 ], [ -1.7960316847064, 43.350099971660569 ], [ -1.795969825270675, 43.35010832456517 ], [ -1.795932639475506, 43.350116937964806 ], [ -1.795907788579816, 43.350125680802996 ], [ -1.795845751776765, 43.350143036107546 ], [ -1.795783892267858, 43.350151388906127 ], [ -1.795746705186629, 43.350160002296739 ], [ -1.795721854244158, 43.35016874509251 ], [ -1.795659817338652, 43.35018610029104 ], [ -1.795597957756655, 43.350194452983601 ], [ -1.795560771850321, 43.350203066255993 ], [ -1.795535920860976, 43.35021180900933 ], [ -1.795473883853201, 43.35022916410184 ], [ -1.795412024197932, 43.350237516688388 ], [ -1.795374837005536, 43.350246129951749 ], [ -1.79534998719998, 43.350254872608076 ], [ -1.795288127499155, 43.350263225123953 ], [ -1.795226267780393, 43.350271577604488 ], [ -1.795164230689828, 43.35028893341817 ], [ -1.79515189444066, 43.350288803038758 ], [ -1.795102192256592, 43.350306288353138 ], [ -1.795040332464654, 43.350314640727667 ], [ -1.794978295271724, 43.350331996435337 ], [ -1.794916079268455, 43.350358353734819 ], [ -1.794878714375484, 43.350375968401224 ], [ -1.794853685730653, 43.350393713469757 ], [ -1.794803805880117, 43.350420201119384 ], [ -1.794791290960606, 43.35042907412226 ], [ -1.794728897269656, 43.350464433787145 ], [ -1.794666503577032, 43.350499794314999 ], [ -1.794653988544282, 43.350508666404565 ], [ -1.794604108502444, 43.350535153964394 ], [ -1.794542070940726, 43.350552509424872 ], [ -1.794480033266833, 43.350569863952039 ], [ -1.79441817310176, 43.350578215972511 ], [ -1.794356312993562, 43.350586568855697 ], [ -1.794319125343304, 43.350595180860573 ], [ -1.794294275227052, 43.350603923276772 ], [ -1.794232236192689, 43.350621277717117 ], [ -1.794170377241801, 43.350629630439691 ], [ -1.794145525857543, 43.350638372876553 ], [ -1.794108160547541, 43.350655987280568 ], [ -1.794046122631562, 43.350673341560338 ], [ -1.793996598623149, 43.350681823845996 ], [ -1.793984083522524, 43.350690696757297 ], [ -1.793922045531805, 43.350708050966333 ], [ -1.793872343843342, 43.350725535666811 ], [ -1.793859828714087, 43.350734408563987 ], [ -1.79379761176475, 43.350760765228486 ], [ -1.793772761497967, 43.350769507525996 ], [ -1.793735395988897, 43.350787121803101 ], [ -1.79368551528387, 43.350813608945103 ], [ -1.793673000106718, 43.350822481821304 ], [ -1.793610782976739, 43.350848838380095 ], [ -1.793598269011016, 43.350857711193285 ], [ -1.793560367887141, 43.350902332936478 ], [ -1.793547496074521, 43.350929210797737 ], [ -1.793547139477278, 43.350947215796928 ], [ -1.793496901933922, 43.350991707855066 ], [ -1.793484031302142, 43.351018585656035 ], [ -1.793459001948699, 43.351036330410629 ], [ -1.793421278302951, 43.35107194963804 ], [ -1.793408764259505, 43.351080822430852 ], [ -1.79335852649282, 43.351125314429211 ], [ -1.793308288648555, 43.351169806405743 ], [ -1.793295059906162, 43.351214688346644 ], [ -1.793269495995745, 43.351259440536651 ], [ -1.793231594427917, 43.351304063076242 ], [ -1.793193692801293, 43.351348685604073 ], [ -1.793168306496742, 43.351384435299948 ], [ -1.793155791041185, 43.351393307222189 ], [ -1.793117889297162, 43.351437929726515 ], [ -1.79310501944923, 43.351464716417063 ], [ -1.793092326285218, 43.351482591705768 ], [ -1.793054424358536, 43.35152721329294 ], [ -1.793041553400845, 43.351554091052208 ], [ -1.793028860197457, 43.351571966334689 ], [ -1.793003294691282, 43.351616718528554 ], [ -1.792977729145491, 43.351661470717922 ], [ -1.792952163559987, 43.351706222902742 ], [ -1.792926599165195, 43.351750975028494 ], [ -1.792913726792602, 43.35177785193374 ], [ -1.792913370066951, 43.35179585784045 ], [ -1.792900140873226, 43.351840739754358 ], [ -1.792886911733675, 43.351885622566179 ], [ -1.79287368372925, 43.35193050442534 ], [ -1.792848117943578, 43.35197525659477 ], [ -1.792822552118191, 43.352020008759631 ], [ -1.792833997280951, 43.352065151907446 ], [ -1.792845620258213, 43.352101292576414 ], [ -1.792845441231122, 43.352110295110144 ], [ -1.792856885124538, 43.352155437415263 ], [ -1.792855993762647, 43.352200450820689 ], [ -1.79284294222884, 43.352236330261348 ], [ -1.792842764431342, 43.352245332741397 ], [ -1.7928295351543, 43.352290215559975 ], [ -1.792816307012309, 43.352335097425993 ], [ -1.792803077693957, 43.352379980244372 ], [ -1.792789848354998, 43.352424863062701 ], [ -1.792788955631353, 43.35246987563341 ], [ -1.792788064136846, 43.352514888151106 ], [ -1.792787171410413, 43.352559900724849 ], [ -1.792786278682494, 43.352604913300176 ], [ -1.792785387183805, 43.352649925822448 ], [ -1.792784494453191, 43.35269493840083 ], [ -1.792783601721179, 43.352739950980748 ], [ -1.79278271021822, 43.352784963507624 ], [ -1.792781817483419, 43.352829976090582 ], [ -1.792780924822005, 43.352874989573031 ], [ -1.792780033314862, 43.352920002104497 ], [ -1.792791477317848, 43.352965144444333 ], [ -1.79280292141345, 43.353010287682402 ], [ -1.792826703518932, 43.353055560614507 ], [ -1.79282652448592, 43.353064563154717 ], [ -1.79285048443124, 43.353100833597473 ], [ -1.792861928600023, 43.353145976833993 ], [ -1.792861037152058, 43.353190989375371 ], [ -1.792835470797208, 43.353235741584697 ], [ -1.792822598050418, 43.353262618509454 ], [ -1.792809904402735, 43.353280493789462 ], [ -1.792796674787561, 43.353325375741406 ], [ -1.792783446457107, 43.353370258536629 ], [ -1.792770216875588, 43.353415141386343 ], [ -1.792757166243692, 43.353451020795205 ], [ -1.792756987198585, 43.353460023338002 ], [ -1.792731420643643, 43.35350477553186 ], [ -1.792693875217858, 43.353531391974627 ], [ -1.792668844529565, 43.353549136580348 ], [ -1.792631297890196, 43.353575753954843 ], [ -1.792606267163361, 43.35359349854668 ], [ -1.792568720391399, 43.3536201150024 ], [ -1.792543689626022, 43.353637859580374 ], [ -1.792505965016593, 43.353673479402509 ], [ -1.792493450192419, 43.353682351209031 ], [ -1.792443387315172, 43.353717840380895 ], [ -1.79243087247173, 43.353726712180482 ], [ -1.792392968631438, 43.353771334509993 ], [ -1.792380453768708, 43.35378020630413 ], [ -1.792355064657758, 43.353815955929811 ], [ -1.792317163066893, 43.353860488004621 ], [ -1.792279258975772, 43.353905109400941 ], [ -1.792253870977563, 43.353940858951695 ], [ -1.792253693082863, 43.353949861442473 ], [ -1.79220345192274, 43.353994353001582 ], [ -1.792190757921784, 43.35401222821892 ], [ -1.792153210685124, 43.354038844538898 ], [ -1.792128179609797, 43.354056589026406 ], [ -1.792090633620657, 43.354083206168958 ], [ -1.792065244121613, 43.354118954836942 ], [ -1.792052729207597, 43.35412782749345 ], [ -1.792014824735834, 43.35417244880621 ], [ -1.792001952702321, 43.354199326495852 ], [ -1.791989258518927, 43.354217200794366 ], [ -1.791939016921517, 43.354261692239739 ], [ -1.791876438219556, 43.354306053808052 ], [ -1.791838533494116, 43.354350675065049 ], [ -1.791812967061117, 43.354395427017607 ], [ -1.791309833656712, 43.354876348760456 ], [ -1.791297317156527, 43.354885220491319 ], [ -1.791272107398903, 43.354911967287983 ], [ -1.79093262372913, 43.355223532852932 ], [ -1.790883810263626, 43.355196003645027 ], [ -1.790871472973558, 43.355195872777117 ], [ -1.790810323582041, 43.355168213510737 ], [ -1.7907604377397, 43.355194699392491 ], [ -1.790748100450194, 43.355194568510534 ], [ -1.790710195496941, 43.355239189347877 ], [ -1.790709301105046, 43.355284201997684 ], [ -1.79074559795693, 43.35532060385404 ], [ -1.79075775591014, 43.355329737288628 ], [ -1.790769557530465, 43.355356874819755 ], [ -1.790492951647942, 43.355615077365464 ], [ -1.790455402657259, 43.355641694026708 ], [ -1.790430192103087, 43.35566843974464 ], [ -1.790405158558597, 43.355686183910109 ], [ -1.790367610711618, 43.355712800487737 ], [ -1.790330240955982, 43.355730413655124 ], [ -1.790305208584386, 43.355748157743747 ], [ -1.790255322007653, 43.355774643404295 ], [ -1.790242806380569, 43.355783514964699 ], [ -1.790192741522058, 43.355819003097338 ], [ -1.790180224719844, 43.35582787560331 ], [ -1.790130159784244, 43.355863363708202 ], [ -1.790117644118616, 43.355872235254743 ], [ -1.790079916471847, 43.355907853393532 ], [ -1.7900545262266, 43.355943602482675 ], [ -1.790054346751384, 43.355952605038041 ], [ -1.790004102146766, 43.355997095643716 ], [ -1.78999158650742, 43.356005968074484 ], [ -1.789941521226149, 43.356041455198962 ], [ -1.789928826072463, 43.356059330178709 ], [ -1.789891276456929, 43.356085945755197 ], [ -1.789866423300673, 43.356094687190975 ], [ -1.789804198811302, 43.356121042564482 ], [ -1.789779345551959, 43.35612978308253 ], [ -1.789741975420791, 43.356147396950298 ], [ -1.789704425661552, 43.356174012463725 ], [ -1.789679392904508, 43.356191756413544 ], [ -1.789654181824184, 43.356218502859861 ], [ -1.789616631978052, 43.356245118344276 ], [ -1.789591599163078, 43.356262862274747 ], [ -1.789553871010076, 43.356298481138651 ], [ -1.789541355161201, 43.35630735262145 ], [ -1.789515784845154, 43.356352104152307 ], [ -1.78949057361872, 43.356378850563722 ], [ -1.789477878176063, 43.356396724597175 ], [ -1.789427812313596, 43.356432212392491 ], [ -1.789415295260376, 43.356441084814065 ], [ -1.789365229246084, 43.356476571683636 ], [ -1.789352713404211, 43.356485444043749 ], [ -1.789302467793162, 43.35652993434163 ], [ -1.789252223335045, 43.356574424563121 ], [ -1.789239527775356, 43.356592298571265 ], [ -1.789226652601265, 43.356619175136736 ], [ -1.789176408006877, 43.356663665326039 ], [ -1.789114182587326, 43.356690020314197 ], [ -1.789076811814726, 43.356707633061795 ], [ -1.789051958266833, 43.356716374314615 ], [ -1.788989732658703, 43.356742728334297 ], [ -1.788977216701193, 43.356751600652785 ], [ -1.788927150221993, 43.356787088225992 ], [ -1.788914632939859, 43.356795959694097 ], [ -1.788889063150914, 43.35684071103892 ], [ -1.788875829664087, 43.356885592632779 ], [ -1.788862597461998, 43.356930475069994 ], [ -1.788849363933938, 43.356975356663661 ], [ -1.788848470433744, 43.35702027912604 ], [ -1.788835236874146, 43.357065160721042 ], [ -1.788822004599198, 43.357110043159409 ], [ -1.788796613043702, 43.357145791986021 ], [ -1.788796433293473, 43.357154793649599 ], [ -1.788758525613928, 43.357199414767628 ], [ -1.788733312434671, 43.357226161074337 ], [ -1.788695941197903, 43.357243773697576 ], [ -1.788670907665508, 43.357261517428498 ], [ -1.788633357915965, 43.357288132538287 ], [ -1.788608324345115, 43.357305876255325 ], [ -1.788583111049455, 43.357332622529192 ], [ -1.788545739697718, 43.357350235101954 ], [ -1.788495852155708, 43.357376719929078 ], [ -1.788483334753787, 43.357385592249216 ], [ -1.788433268650129, 43.357421079556516 ], [ -1.788420571419187, 43.357438953534597 ], [ -1.788395359208777, 43.357465699712911 ], [ -1.78835745093935, 43.357510319803019 ], [ -1.788319541380567, 43.357554939935881 ], [ -1.78829414931725, 43.357590688656671 ], [ -1.788281633068429, 43.357599560900418 ], [ -1.788243723392213, 43.357644181009753 ], [ -1.788231207124005, 43.357653053248008 ], [ -1.788181139327285, 43.3576885396024 ], [ -1.788168621809157, 43.357697411888246 ], [ -1.788118554010059, 43.35773289911284 ], [ -1.788106037628589, 43.357741770439254 ], [ -1.788055969752397, 43.357777257636073 ], [ -1.788043452121006, 43.35778612901008 ], [ -1.78799338416772, 43.357821616179152 ], [ -1.787980867822418, 43.357830488389652 ], [ -1.78795547535282, 43.357866236140502 ], [ -1.787929903113255, 43.357910987349527 ], [ -1.787917206923559, 43.357928862118655 ], [ -1.787904332064528, 43.357955738499541 ], [ -1.787854263878164, 43.357991225608778 ], [ -1.787841747399886, 43.358000096906409 ], [ -1.787803837119468, 43.358044716875185 ], [ -1.787791320696512, 43.358053589065243 ], [ -1.787753590183267, 43.358089206451979 ], [ -1.787728555993334, 43.358106949976296 ], [ -1.787703341938722, 43.358133696061472 ], [ -1.787677770615271, 43.358178447165493 ], [ -1.787665252838488, 43.358187318498466 ], [ -1.787627522234441, 43.358222936742756 ], [ -1.787602487872875, 43.358240679341797 ], [ -1.787564937066353, 43.358267294998534 ], [ -1.787539902741038, 43.358285038481654 ], [ -1.787514689751572, 43.358311784471923 ], [ -1.787477317438125, 43.358329396688816 ], [ -1.787427427326509, 43.358355881097573 ], [ -1.787414910703292, 43.358364752348265 ], [ -1.787352862545771, 43.358382103789964 ], [ -1.787290814276085, 43.358399454298372 ], [ -1.787228765969121, 43.358416804771437 ], [ -1.787166718930146, 43.358434156052567 ], [ -1.787117187238181, 43.358442635239527 ], [ -1.787104849261576, 43.358442503941887 ], [ -1.787042443406332, 43.358477859335068 ], [ -1.787042263452673, 43.358486861902762 ], [ -1.786992015542719, 43.358531351140847 ], [ -1.78697931885065, 43.358549224910384 ], [ -1.786954104254681, 43.358575970829925 ], [ -1.786940870167364, 43.358620853089711 ], [ -1.786915296730113, 43.358665603186658 ], [ -1.786915117986668, 43.358674605700898 ], [ -1.786902062591974, 43.358710485444696 ], [ -1.786876489084798, 43.358755235535497 ], [ -1.786851275581609, 43.358781981380808 ], [ -1.786826240812786, 43.358799724705726 ], [ -1.786788689208719, 43.358826339206459 ], [ -1.786763654401347, 43.358844082517493 ], [ -1.786726101583479, 43.358870697949826 ], [ -1.786701066737558, 43.358888441246982 ], [ -1.786663335003614, 43.358924058276124 ], [ -1.786663156219906, 43.358933060791742 ], [ -1.786625245643537, 43.35897768032472 ], [ -1.786600210720162, 43.358995423599978 ], [ -1.786587333777773, 43.359022299900445 ], [ -1.786549423083963, 43.359066919409848 ], [ -1.786536905015192, 43.359075791516219 ], [ -1.786499173056981, 43.359111408493177 ], [ -1.786473959222766, 43.359138154257749 ], [ -1.786448924182983, 43.359155897500202 ], [ -1.786411372172478, 43.359182511877151 ], [ -1.786386337094147, 43.359200255105733 ], [ -1.786348604961436, 43.359235872033558 ], [ -1.786336086824942, 43.359244744117824 ], [ -1.786285837708723, 43.359289233053602 ], [ -1.786223250349485, 43.359333590569285 ], [ -1.786173001068744, 43.359378079455695 ], [ -1.786160303936002, 43.359395953140613 ], [ -1.786135088589272, 43.359422698886512 ], [ -1.786109515400845, 43.359467448765749 ], [ -1.78609699717731, 43.359476320823923 ], [ -1.786071602888173, 43.359512069075272 ], [ -1.786046029610768, 43.359556818942529 ], [ -1.786033512588638, 43.359565690939512 ], [ -1.786008118220721, 43.359601439178391 ], [ -1.785970385591371, 43.359637055985182 ], [ -1.785970205466578, 43.359646058558994 ], [ -1.785907617476715, 43.359690415904154 ], [ -1.785845029390477, 43.359734773214583 ], [ -1.785782441207868, 43.359779130490324 ], [ -1.785732189967377, 43.359823619241588 ], [ -1.785719672838953, 43.35983249120401 ], [ -1.785681939880063, 43.359868107916448 ], [ -1.785656725335321, 43.359894853505971 ], [ -1.785631689715053, 43.359912596569515 ], [ -1.785593776464632, 43.359957215828764 ], [ -1.785555864386187, 43.360001835021784 ], [ -1.785530828688461, 43.360019578063429 ], [ -1.785505614007282, 43.360046323620821 ], [ -1.785467880775927, 43.360081940264386 ], [ -1.785455362245308, 43.36009081135456 ], [ -1.785417450046429, 43.360135431401517 ], [ -1.785404932727123, 43.360144302431699 ], [ -1.78536719936945, 43.360179919042828 ], [ -1.785342163536147, 43.36019766204322 ], [ -1.785304610335386, 43.360224276057181 ], [ -1.785279575685624, 43.360241929764626 ], [ -1.785254360715918, 43.360268674370033 ], [ -1.785216807502893, 43.360295289252925 ], [ -1.785191771573142, 43.360313032220077 ], [ -1.785154397251472, 43.360330643661477 ], [ -1.785092346221326, 43.360347992934962 ], [ -1.785079828880452, 43.360356864826961 ], [ -1.785030116185131, 43.360374345593804 ], [ -1.784968065070497, 43.36039169479664 ], [ -1.784955547626318, 43.360400565776544 ], [ -1.784905296436094, 43.360445054110301 ], [ -1.784879720682632, 43.360489804686019 ], [ -1.784866484465057, 43.36053468585925 ], [ -1.784840909872464, 43.360579436374394 ], [ -1.784840729568235, 43.360588438952774 ], [ -1.784827672373351, 43.360624317600397 ], [ -1.784802097636156, 43.360669067211433 ], [ -1.784776881101725, 43.360695812666691 ], [ -1.784764184550833, 43.360713687049106 ], [ -1.784713931634263, 43.360758174461068 ], [ -1.784663679945558, 43.360802662694674 ], [ -1.784651162365222, 43.360811533642128 ], [ -1.784601089693331, 43.360847019323089 ], [ -1.784588572168386, 43.360855891161584 ], [ -1.784550837839906, 43.360891507507283 ], [ -1.784525621091476, 43.360918252908483 ], [ -1.784500585834212, 43.36093599477168 ], [ -1.784462851473626, 43.360971611986791 ], [ -1.784450332594946, 43.360980482966688 ], [ -1.784400080508701, 43.361024971085392 ], [ -1.784374505261537, 43.36106972060896 ], [ -1.784348928818579, 43.361114471080434 ], [ -1.784336411196695, 43.361123342891545 ], [ -1.784286337985283, 43.361158827537288 ], [ -1.784273820344124, 43.361167699341465 ], [ -1.784223747055517, 43.361203183959418 ], [ -1.784211229395174, 43.36121205575666 ], [ -1.784161156104124, 43.361247541244822 ], [ -1.784148457935238, 43.361265414719021 ], [ -1.784123242067084, 43.361292159979577 ], [ -1.784097666486284, 43.361336909446784 ], [ -1.784084968352658, 43.361354783812679 ], [ -1.784047412586099, 43.361381397468179 ], [ -1.784022377055064, 43.361399140124952 ], [ -1.783984821230676, 43.361425753759647 ], [ -1.783959784430361, 43.361443496456985 ], [ -1.783922229778876, 43.361470110016377 ], [ -1.783897013716111, 43.361496855228346 ], [ -1.783884315484984, 43.361514729572903 ], [ -1.7838587396198, 43.361559478991182 ], [ -1.783833522257715, 43.361586224244647 ], [ -1.783820823912538, 43.361604097684996 ], [ -1.783782909377283, 43.361648716312558 ], [ -1.783770391552161, 43.361657588061796 ], [ -1.7837326561928, 43.361693204143826 ], [ -1.783707619198602, 43.361710946786445 ], [ -1.783682402930804, 43.361737691953323 ], [ -1.783645027223454, 43.361755302892433 ], [ -1.783607472223412, 43.361781916348889 ], [ -1.783582435152022, 43.361799658963754 ], [ -1.78354488009415, 43.361826272399334 ], [ -1.783519842984207, 43.361844015000337 ], [ -1.783482287943156, 43.36187062931306 ], [ -1.783457070195476, 43.361897373587176 ], [ -1.783444371739576, 43.361915247885499 ], [ -1.783394477899626, 43.361941730452472 ], [ -1.783344764481501, 43.361959209513756 ], [ -1.783332245290707, 43.361968081268877 ], [ -1.783270012624949, 43.361994432049983 ], [ -1.783257494645735, 43.362003303742263 ], [ -1.783207779902174, 43.362020782795867 ], [ -1.783157885862077, 43.362047265255882 ], [ -1.783145367854116, 43.362056136935529 ], [ -1.783119970521755, 43.362091883666153 ], [ -1.783106731334489, 43.362136764733116 ], [ -1.783081335248001, 43.362172512300369 ], [ -1.783081154663833, 43.362181514886679 ], [ -1.783055577953353, 43.362226265035694 ], [ -1.78303000112859, 43.362271014282264 ], [ -1.783029100626853, 43.362316027108427 ], [ -1.78302820127991, 43.362361038983671 ], [ -1.783027300775449, 43.362406051812869 ], [ -1.783038740251444, 43.36245119545422 ], [ -1.783050359104609, 43.362487336561948 ], [ -1.783061618026466, 43.362541482792381 ], [ -1.783060717545292, 43.362586495627973 ], [ -1.783072157083301, 43.362631639271953 ], [ -1.783132950756711, 43.362677308192538 ], [ -1.78320608333623, 43.362723107926598 ], [ -1.783266877212325, 43.362768776775127 ], [ -1.78331587277289, 43.36278730704052 ], [ -1.783377205962258, 43.362805968164963 ], [ -1.783426201589936, 43.362824498380931 ], [ -1.783500054286228, 43.362834288562382 ], [ -1.783561387585272, 43.362852949583115 ], [ -1.783622901500312, 43.362862608875439 ], [ -1.783684775114823, 43.362854262105373 ], [ -1.783759347427868, 43.362828042749506 ], [ -1.783809062625945, 43.362810562533859 ], [ -1.783871295852171, 43.362784210528488 ], [ -1.783932990198872, 43.362784867052277 ], [ -1.783993963929184, 43.362821532956808 ], [ -1.784055120551375, 43.362849106003779 ], [ -1.784103936007263, 43.362876638506236 ], [ -1.78417706968637, 43.362922438488972 ], [ -1.784238044948386, 43.362959104205387 ], [ -1.784299559015645, 43.36296876221585 ], [ -1.784361073178102, 43.362978421089437 ], [ -1.784422587286613, 43.362988079030181 ], [ -1.784484101490319, 43.362997737833958 ], [ -1.784545794767231, 43.362998393165007 ], [ -1.784607489350975, 43.362999049304356 ], [ -1.784669362969277, 43.362990701970531 ], [ -1.784731415742477, 43.362973352959294 ], [ -1.784780951680758, 43.362964874835207 ], [ -1.784868041574463, 43.362929782838442 ], [ -1.784918294960828, 43.362885294438307 ], [ -1.784993226096959, 43.362841069098188 ], [ -1.785055818213633, 43.362796712175978 ], [ -1.785106251608457, 43.362743221099528 ], [ -1.785156504722814, 43.362698733492984 ], [ -1.785206757684795, 43.36265424496667 ], [ -1.785244492762325, 43.362618628344705 ], [ -1.785382913543761, 43.362485032832758 ], [ -1.787281206310545, 43.360740407198641 ], [ -1.787195734549223, 43.360694478999626 ], [ -1.787221308594519, 43.360649727869671 ], [ -1.787259041113766, 43.3606141105994 ], [ -1.787309469321732, 43.360560618639212 ], [ -1.787359898741469, 43.36050712750113 ], [ -1.787397631006848, 43.360471509288445 ], [ -1.787435363300372, 43.36043589196148 ], [ -1.787498130812245, 43.360382531126291 ], [ -1.78756071832951, 43.360338172837999 ], [ -1.78762330575031, 43.360293814515018 ], [ -1.787685894305435, 43.360249456102821 ], [ -1.787748481533485, 43.360205097710448 ], [ -1.787761715430275, 43.360160216195922 ], [ -1.787799627060512, 43.360115595272397 ], [ -1.787874193956203, 43.360089373135629 ], [ -1.787923905542591, 43.360071891066077 ], [ -1.78799847225035, 43.360045667946643 ], [ -1.788048183761408, 43.360028185820568 ], [ -1.788123288568661, 43.359974955829493 ], [ -1.788136343564073, 43.359939076801936 ], [ -1.788124900517883, 43.359893932887481 ], [ -1.788138135280665, 43.359849051283007 ], [ -1.788188383454812, 43.359804561468295 ], [ -1.788238811396679, 43.359751069951344 ], [ -1.788313377545985, 43.359724846621269 ], [ -1.788376143470029, 43.35967148530554 ], [ -1.788426392536118, 43.359626995331794 ], [ -1.788488978517868, 43.359582636532103 ], [ -1.78853922749415, 43.359538147406873 ], [ -1.788564620263688, 43.359502398575792 ], [ -1.788615225997369, 43.35943990347544 ], [ -1.78865295686258, 43.359404285751843 ], [ -1.7886908661493, 43.359359665494111 ], [ -1.788716438440791, 43.359314914056093 ], [ -1.788754347619543, 43.359270293779161 ], [ -1.788804774493697, 43.359216801122159 ], [ -1.788867360969217, 43.359172442062885 ], [ -1.788929765315151, 43.359137175775743 ], [ -1.788980012257159, 43.359092685617441 ], [ -1.789005584205566, 43.359047934120149 ], [ -1.789055831085928, 43.359003444827636 ], [ -1.789118417061661, 43.358959084732426 ], [ -1.78918118140589, 43.358905722980765 ], [ -1.789218911571407, 43.358870105074274 ], [ -1.789268979680987, 43.358834617310009 ], [ -1.789331564153283, 43.358790258049666 ], [ -1.789369652101285, 43.358736635001691 ], [ -1.789444396001968, 43.358701408339428 ], [ -1.789493926417955, 43.358692929038085 ], [ -1.789568491857128, 43.35866670480975 ], [ -1.789618380023018, 43.358640219462231 ], [ -1.789680965245806, 43.358595859951834 ], [ -1.789731031601806, 43.35856037203569 ], [ -1.789768761201251, 43.358524753946803 ], [ -1.78981882867205, 43.358489265937443 ], [ -1.789868538287879, 43.358471782995835 ], [ -1.789930049813204, 43.358481438616579 ], [ -1.790003718556447, 43.358500226900318 ], [ -1.790065050653349, 43.358518885017382 ], [ -1.79012638271532, 43.358537542202008 ], [ -1.790187355966619, 43.358574205397083 ], [ -1.790186640577266, 43.358610215582637 ], [ -1.790173229460473, 43.358664099915011 ], [ -1.790246899747232, 43.358682887981239 ], [ -1.790283556038671, 43.358701284093939 ], [ -1.790270323285532, 43.358746166819607 ], [ -1.790257092807391, 43.35879095841576 ], [ -1.790256198006365, 43.358835971183119 ], [ -1.790242786902077, 43.358889855533349 ], [ -1.790242071543449, 43.35892586572789 ], [ -1.790228838631667, 43.358970747558182 ], [ -1.790227945036358, 43.359015760276939 ], [ -1.79022705020907, 43.359060773051745 ], [ -1.790213818485275, 43.359105654830252 ], [ -1.790200585510283, 43.359150536663236 ], [ -1.790187352589332, 43.359195419394105 ], [ -1.790186458883378, 43.359240431222204 ], [ -1.790185564020188, 43.359285444004307 ], [ -1.790184669155602, 43.359330456787987 ], [ -1.790171257869312, 43.359384341149493 ], [ -1.790170542459838, 43.359420351357095 ], [ -1.790157309378765, 43.359465233195522 ], [ -1.790156415719993, 43.359510245930537 ], [ -1.79015552082914, 43.359555258721592 ], [ -1.790142287705381, 43.359600140562797 ], [ -1.790141394032689, 43.359645153302267 ], [ -1.790140499053258, 43.3596901651999 ], [ -1.790127265961649, 43.359735047941747 ], [ -1.790138710470388, 43.359780190741077 ], [ -1.79013781556151, 43.359825203541213 ], [ -1.790136920576396, 43.35987021544495 ], [ -1.790136026895415, 43.359915228193643 ], [ -1.790135131982343, 43.359960240998362 ], [ -1.790146575311284, 43.360005383859104 ], [ -1.79015801988885, 43.360050526665617 ], [ -1.790157304462832, 43.360086536891352 ], [ -1.790168568363909, 43.360140682338212 ], [ -1.790180013060427, 43.36018582604504 ], [ -1.790203794761217, 43.360231098956717 ], [ -1.790215238272595, 43.360276242717383 ], [ -1.790239020038478, 43.360321515624449 ], [ -1.790275140312364, 43.360366920363582 ], [ -1.79032342075796, 43.360421457658383 ], [ -1.790384217846709, 43.360467122429014 ], [ -1.790457532885931, 43.360503915496942 ], [ -1.790518866032095, 43.360522573439738 ], [ -1.790580378550566, 43.360532227862464 ], [ -1.790629374561156, 43.360550754785436 ], [ -1.790703225566546, 43.360560540034555 ], [ -1.790765095757455, 43.360552190129184 ], [ -1.790728975056048, 43.360506786445114 ], [ -1.79070519275393, 43.360461512741459 ], [ -1.790681410489184, 43.360416239034073 ], [ -1.791000955277606, 43.360482648948448 ], [ -1.792156650530449, 43.360701872668159 ], [ -1.79218097031501, 43.36072013834093 ], [ -1.792217449368112, 43.360747536418614 ], [ -1.792241591273653, 43.360774804615765 ], [ -1.792265909885221, 43.360793070324995 ], [ -1.792302747377739, 43.360802464088891 ], [ -1.792364081439272, 43.360821120990131 ], [ -1.792425594585683, 43.360830774366242 ], [ -1.792487286937611, 43.360831426012595 ], [ -1.792548800190453, 43.360841080216687 ], [ -1.792561138618396, 43.360841209995947 ], [ -1.792610313389125, 43.360850733487936 ], [ -1.792672005764517, 43.360851385029036 ], [ -1.792733698141395, 43.360852036534929 ], [ -1.792795568351036, 43.360843685466854 ], [ -1.792819352453557, 43.360888958724288 ], [ -1.792794497594971, 43.360897699966408 ], [ -1.792732627401869, 43.360906051932183 ], [ -1.792670934967253, 43.360905400425601 ], [ -1.792609064673271, 43.360913751422821 ], [ -1.792547372231719, 43.360913099845845 ], [ -1.792485679866347, 43.360912449131625 ], [ -1.792423987427583, 43.360911797484292 ], [ -1.792362296221019, 43.360911145747231 ], [ -1.792300603785049, 43.360910494029596 ], [ -1.792238911425254, 43.360909843174696 ], [ -1.792177398151012, 43.360900188793948 ], [ -1.792128402576082, 43.360881662512377 ], [ -1.792116064065671, 43.360881531785829 ], [ -1.792054549686312, 43.360871878287959 ], [ -1.791993036483407, 43.360862223802691 ], [ -1.791931345334711, 43.360861571820024 ], [ -1.791870010139542, 43.360842914727556 ], [ -1.791845512421909, 43.360833651520288 ], [ -1.791808675058872, 43.360824258498511 ], [ -1.79174698395291, 43.360823606410712 ], [ -1.791685469622468, 43.360813951805561 ], [ -1.791623778603711, 43.360813300545516 ], [ -1.791562622814086, 43.360785640688427 ], [ -1.791501108629752, 43.360775986876725 ], [ -1.791439417578962, 43.360775334613642 ], [ -1.791377904582311, 43.360765679779483 ], [ -1.791316390375473, 43.360756024964942 ], [ -1.791279733677648, 43.36073762911888 ], [ -1.791255234868987, 43.360728365833332 ], [ -1.791193543871972, 43.36072771343013 ], [ -1.791132029811423, 43.360718059409045 ], [ -1.791070516927341, 43.36070840440054 ], [ -1.791021519502293, 43.360689967852217 ], [ -1.790947847627198, 43.360671180230149 ], [ -1.790885976104291, 43.360679530295343 ], [ -1.790824463302674, 43.360669875147295 ], [ -1.79076277114246, 43.360669222553092 ], [ -1.790701615993893, 43.360641563110455 ], [ -1.790640282661877, 43.360622905269587 ], [ -1.790578411220993, 43.360631256056578 ], [ -1.790516720335627, 43.360630603267595 ], [ -1.790467009053847, 43.360648086535583 ], [ -1.790392800258584, 43.360656305348137 ], [ -1.790331287639072, 43.360646650817891 ], [ -1.790282112188567, 43.360637126346376 ], [ -1.790196459876851, 43.360600202155965 ], [ -1.790135662796485, 43.360554537275199 ], [ -1.790087561901228, 43.360490997304659 ], [ -1.790075939036299, 43.360454857007234 ], [ -1.790027658796983, 43.3604003196007 ], [ -1.790016037218531, 43.360364179244769 ], [ -1.79000459261516, 43.360319035514529 ], [ -1.78999314933517, 43.360273892628044 ], [ -1.789969367707401, 43.36022861877062 ], [ -1.78997044109964, 43.36017460432646 ], [ -1.789946480025683, 43.360138333051282 ], [ -1.789910360154118, 43.360092928210314 ], [ -1.789886578740848, 43.360047655238873 ], [ -1.78987513553248, 43.360002511451242 ], [ -1.789851352953519, 43.359957238529709 ], [ -1.789790020625352, 43.359938580216642 ], [ -1.789728149721377, 43.359946929615255 ], [ -1.789666280104902, 43.359955279821975 ], [ -1.78959135630901, 43.359999508300746 ], [ -1.789541645290954, 43.360016991135275 ], [ -1.789467079322695, 43.360043215317454 ], [ -1.789417368154477, 43.360060697197518 ], [ -1.789355140407029, 43.360087052337605 ], [ -1.789292911297124, 43.360113406599005 ], [ -1.789230861747252, 43.360130758242562 ], [ -1.78916863376408, 43.360157112378793 ], [ -1.789106405723889, 43.360183466479825 ], [ -1.789044356117126, 43.36020081891531 ], [ -1.788994466261304, 43.360227303131573 ], [ -1.788907381735428, 43.360262398431516 ], [ -1.788857849958587, 43.360270878372404 ], [ -1.788795620497482, 43.360297233249504 ], [ -1.788734108454265, 43.360287576916086 ], [ -1.788685292979478, 43.360260046556178 ], [ -1.788648277946073, 43.360259654092751 ], [ -1.788611084504509, 43.360268265042542 ], [ -1.788549214306349, 43.360276613714703 ], [ -1.788487701170563, 43.360266958193883 ], [ -1.788413672328765, 43.360266173064666 ], [ -1.788364497520034, 43.360256647724533 ], [ -1.788302448841707, 43.360273999681048 ], [ -1.788265792107506, 43.360255601977443 ], [ -1.788228777154534, 43.360255210268484 ], [ -1.788166190241836, 43.360299568940306 ], [ -1.788103781795683, 43.360334925049827 ], [ -1.78805389146609, 43.360361409733159 ], [ -1.788028676501156, 43.360388155041882 ], [ -1.78800310442979, 43.360432906299259 ], [ -1.788002207842266, 43.360477919104035 ], [ -1.788013649602793, 43.360523062207996 ], [ -1.78603973738975, 43.362347936814942 ], [ -1.785978043486951, 43.362347281492355 ], [ -1.785916170749285, 43.362355629570317 ], [ -1.785878436259257, 43.362391246419392 ], [ -1.785865200382854, 43.362436127779411 ], [ -1.785876640857873, 43.362481271176279 ], [ -1.785888081350729, 43.362526414573459 ], [ -1.785874845450786, 43.362571295939269 ], [ -1.785836931869802, 43.362615915319104 ], [ -1.78578649926484, 43.362669406730902 ], [ -1.7857611033009, 43.362705154097945 ], [ -1.785723727676122, 43.362722766665833 ], [ -1.785661854423665, 43.362731113702807 ], [ -1.785599981227959, 43.362739461602388 ], [ -1.785525769044562, 43.362747677090589 ], [ -1.785475516247429, 43.362792165768205 ], [ -1.78543760221182, 43.36283678501561 ], [ -1.785436703582421, 43.362881797881037 ], [ -1.785435804876849, 43.362926809850059 ], [ -1.785447246343509, 43.362971953254601 ], [ -1.785458686597433, 43.363017096713996 ], [ -1.785457608996762, 43.363071112127564 ], [ -1.78551840502485, 43.363116779723335 ], [ -1.785591720328225, 43.363153576161451 ], [ -1.785653054644584, 43.363172236001297 ], [ -1.785714569176616, 43.363181893209116 ], [ -1.78578824378632, 43.363200684374888 ], [ -1.785837419451222, 43.363210210961377 ], [ -1.785898934129303, 43.363219868962631 ], [ -1.785960627660165, 43.36322052348725 ], [ -1.786022142370004, 43.363230181418558 ], [ -1.786095817141781, 43.363248972375636 ], [ -1.786144992898758, 43.363258498822717 ], [ -1.786206507605268, 43.363268155751534 ], [ -1.786268022332491, 43.363277812645464 ], [ -1.78632953715494, 43.363287470402476 ], [ -1.786391051923405, 43.363297127226559 ], [ -1.786452566787192, 43.363306784913782 ], [ -1.786514081596815, 43.363316441668125 ], [ -1.786575596501846, 43.363326099285523 ], [ -1.786636932551309, 43.36334475851573 ], [ -1.786698267484435, 43.363363418663937 ], [ -1.786759782395804, 43.363373075279043 ], [ -1.786821297402494, 43.363382732757181 ], [ -1.786882812355015, 43.363392389302533 ], [ -1.786944328633632, 43.363402046656432 ], [ -1.787005843627486, 43.363411703131916 ], [ -1.787067358716671, 43.363421360470518 ], [ -1.787128873751682, 43.363431016876262 ], [ -1.787178049834868, 43.363440542855258 ], [ -1.787251724021904, 43.363459333082972 ], [ -1.787313239203164, 43.363468990282165 ], [ -1.787374575643662, 43.363487649096349 ], [ -1.78743591089312, 43.36350630793055 ], [ -1.78749742615541, 43.363515965025364 ], [ -1.787558762705574, 43.363534623735823 ], [ -1.787620278018693, 43.363544280761069 ], [ -1.787681434769129, 43.363571942005741 ], [ -1.787730431201907, 43.363590470338323 ], [ -1.787804106991515, 43.363609260137629 ], [ -1.787865442584371, 43.36362791962808 ], [ -1.787926779372919, 43.363646578131544 ], [ -1.78798793637911, 43.363674239205174 ], [ -1.788049272100682, 43.363692898592333 ], [ -1.788122768324109, 43.36372069078125 ], [ -1.788171766256105, 43.36373921886161 ], [ -1.788232924621136, 43.363766789621451 ], [ -1.788293958303405, 43.363794449690786 ], [ -1.78834277658609, 43.363821980300912 ], [ -1.78842843365562, 43.363858905096052 ], [ -1.788489232944691, 43.363904571948126 ], [ -1.788550031024641, 43.363950237924165 ], [ -1.788611010157422, 43.363986901205287 ], [ -1.788671809651568, 43.364032567061258 ], [ -1.788720090420557, 43.364087105277214 ], [ -1.788780890106827, 43.364132771075411 ], [ -1.78884204803923, 43.364160431676574 ], [ -1.78889086689396, 43.36418796204709 ], [ -1.788964184483704, 43.364224756284926 ], [ -1.789037503397883, 43.364261550419556 ], [ -1.789086322431704, 43.364289080704012 ], [ -1.789134961792475, 43.364325612680084 ], [ -1.78920827971339, 43.364362406756392 ], [ -1.789269080077169, 43.364408072289798 ], [ -1.789330238610964, 43.364435733518825 ], [ -1.789366898270215, 43.364454130022203 ], [ -1.789403198820541, 43.36449053263641 ], [ -1.789463999474142, 43.364536198064762 ], [ -1.789524800224038, 43.364581863460536 ], [ -1.789585601070413, 43.364627528823696 ], [ -1.789633883203086, 43.36468206665662 ], [ -1.789682166583126, 43.364736603517727 ], [ -1.789730806774414, 43.364773136136336 ], [ -1.789754590090705, 43.364818410201977 ], [ -1.78980287246858, 43.364872947069401 ], [ -1.78983917471434, 43.364909348596456 ], [ -1.789875297549672, 43.364954753626776 ], [ -1.789923580155992, 43.365009290445997 ], [ -1.789959882564032, 43.365045691936302 ], [ -1.789996005505144, 43.365091096033069 ], [ -1.79004428841485, 43.365145633702006 ], [ -1.790092930411833, 43.365182166114622 ], [ -1.790116714106814, 43.365227439216746 ], [ -1.790164997245063, 43.365281976837473 ], [ -1.790213638202997, 43.365318509254145 ], [ -1.790237603970287, 43.365354690380521 ], [ -1.790298226730755, 43.365409357990231 ], [ -1.790359029063541, 43.365455022947515 ], [ -1.790395151345094, 43.3655004269797 ], [ -1.790418936714542, 43.365545700869674 ], [ -1.790455059100258, 43.365591104884949 ], [ -1.790478844479374, 43.365636377866949 ], [ -1.790514966969161, 43.365681781865327 ], [ -1.790538752507652, 43.365727055735242 ], [ -1.790574875101421, 43.365772459716759 ], [ -1.790611178401906, 43.365808861009612 ], [ -1.790659284314881, 43.365872401003237 ], [ -1.790683246917005, 43.365908671434688 ], [ -1.790719371044121, 43.365954076217619 ], [ -1.790755495153504, 43.365999480092086 ], [ -1.790779637262283, 43.366026747880348 ], [ -1.790840977623482, 43.366045405664011 ], [ -1.790864762337492, 43.366090679529286 ], [ -1.790900707272507, 43.366145085986233 ], [ -1.790924671370879, 43.366181356317128 ], [ -1.790948276839235, 43.366235632795636 ], [ -1.790984580667541, 43.366272033975996 ], [ -1.791008186154819, 43.366326309547233 ], [ -1.791044488847298, 43.366362710764555 ], [ -1.791068273852156, 43.366407984595938 ], [ -1.791079898540799, 43.366444124949652 ], [ -1.791115843899437, 43.366498531349706 ], [ -1.791139629016541, 43.36654380517006 ], [ -1.79117575382695, 43.366589208924523 ], [ -1.791199360855048, 43.366643484412492 ], [ -1.791223324192722, 43.366679755643467 ], [ -1.791259449154346, 43.366725159374667 ], [ -1.79129557417282, 43.366770563095344 ], [ -1.791319359543491, 43.366815836885522 ], [ -1.791343144876768, 43.366861109774035 ], [ -1.791379090744209, 43.366915516103823 ], [ -1.791390715730258, 43.36695165643804 ], [ -1.7914021614319, 43.36699679940493 ], [ -1.791438108670584, 43.367051205666122 ], [ -1.791462072328272, 43.36708747685541 ], [ -1.791485860254547, 43.367132659489755 ], [ -1.791497126782056, 43.367186805087144 ], [ -1.791508751896808, 43.367222945416103 ], [ -1.791544698146524, 43.367277351705788 ], [ -1.791581001852113, 43.367313753667254 ], [ -1.791604787596596, 43.367359026515317 ], [ -1.791566875302731, 43.367403648064027 ], [ -1.791541480838717, 43.367439396915394 ], [ -1.791503389158384, 43.367493021081081 ], [ -1.79147799461558, 43.367528769920007 ], [ -1.791439902817054, 43.367582394066964 ], [ -1.791414508195454, 43.367618142893406 ], [ -1.791388756166959, 43.367671896935278 ], [ -1.791400202010166, 43.367717039926951 ], [ -1.791411647871407, 43.367762182918987 ], [ -1.791422915683141, 43.367816328495294 ], [ -1.791434539647608, 43.367852468903962 ], [ -1.791445985562571, 43.367897611896979 ], [ -1.791457431495473, 43.367942754890308 ], [ -1.791468878677176, 43.367987897829394 ], [ -1.791480145356082, 43.368042043463589 ], [ -1.79149177063277, 43.368078183817723 ], [ -1.791503216637429, 43.368123326812352 ], [ -1.791514662660118, 43.368168469807323 ], [ -1.791526108625877, 43.3682136119047 ], [ -1.791537375402625, 43.368267757542135 ], [ -1.791549000760859, 43.368303897896283 ], [ -1.791535766713074, 43.368348780205018 ], [ -1.791472995492257, 43.368402143649128 ], [ -1.791410402151672, 43.368446503572677 ], [ -1.791347807558593, 43.368490864414042 ], [ -1.79128557143821, 43.368517219036342 ], [ -1.791236032913697, 43.368525700118681 ], [ -1.791222799802085, 43.368570582342166 ], [ -1.791222262962261, 43.368597589320046 ], [ -1.791221726196715, 43.368624597196501 ], [ -1.791233351428933, 43.368660737594283 ], [ -1.791257137531145, 43.368706011462791 ], [ -1.791280923595969, 43.368751284429671 ], [ -1.791341908318079, 43.36878794635971 ], [ -1.791403429875162, 43.368797601272959 ], [ -1.791464951452864, 43.368807256151293 ], [ -1.791514490185709, 43.368798774962379 ], [ -1.791588887354719, 43.368781552739115 ], [ -1.791650766246813, 43.368773202275413 ], [ -1.79172516326727, 43.368755979060843 ], [ -1.791774701992582, 43.368747498651089 ], [ -1.79182370414389, 43.368766025203087 ], [ -1.79189756588415, 43.368775809698022 ], [ -1.791959087446517, 43.368785463397401 ], [ -1.792007911710407, 43.368812992458167 ], [ -1.79209357616366, 43.368849915498906 ], [ -1.792142579735517, 43.36886844185338 ], [ -1.792191224901013, 43.368904972582385 ], [ -1.792252032498763, 43.368950637494812 ], [ -1.792312838887149, 43.368996301531261 ], [ -1.792349146454052, 43.369032612152175 ], [ -1.792348253053876, 43.369077624387799 ], [ -1.792359699928396, 43.369122767325955 ], [ -1.792358806609771, 43.369167780462675 ], [ -1.792357913215047, 43.369212792703003 ], [ -1.792320000284617, 43.369257414577959 ], [ -1.792282087220659, 43.369302035543207 ], [ -1.792244352116588, 43.369337654798883 ], [ -1.792193740319386, 43.369400151220944 ], [ -1.79214366598453, 43.369435639669575 ], [ -1.792142772417543, 43.369480651917215 ], [ -1.792154219211034, 43.36952579489089 ], [ -1.792190345460265, 43.369571198463575 ], [ -1.792251867996043, 43.369580852900285 ], [ -1.792313390477558, 43.369590506404116 ], [ -1.792374555975254, 43.369618166021183 ], [ -1.792435720226085, 43.369645824760859 ], [ -1.792484545446874, 43.369673353624499 ], [ -1.792558229336139, 43.369692140328361 ], [ -1.792607054654823, 43.369719669137744 ], [ -1.792655700908494, 43.369756200579424 ], [ -1.792679309398047, 43.369810475929057 ], [ -1.792690935783956, 43.369846616202672 ], [ -1.792702383079835, 43.36989175913083 ], [ -1.792713830393562, 43.36993690205928 ], [ -1.792737494499619, 43.369982173919404 ], [ -1.792773621494701, 43.370027577313067 ], [ -1.792785068891336, 43.370072720238625 ], [ -1.792796695396525, 43.370108860508047 ], [ -1.792820304163456, 43.370163135841366 ], [ -1.792819411113909, 43.370208148119332 ], [ -1.792843199101624, 43.37025342169219 ], [ -1.792854646522769, 43.370298563720134 ], [ -1.792878434575514, 43.370343837288345 ], [ -1.792902043515764, 43.370398112613479 ], [ -1.792926010718374, 43.370434383515772 ], [ -1.792949798808488, 43.370479656174986 ], [ -1.792961067366657, 43.370533801756906 ], [ -1.792985033357164, 43.370570071806455 ], [ -1.792996481027192, 43.370615214728133 ], [ -1.792995589339219, 43.370660226968354 ], [ -1.792994696493742, 43.3707052401626 ], [ -1.793006144198205, 43.370750383087874 ], [ -1.793029753425405, 43.370804658401816 ], [ -1.793041379001007, 43.370840798719478 ], [ -1.793052826768995, 43.370885941644438 ], [ -1.793064274480117, 43.370931083671785 ], [ -1.793088065325155, 43.370976266983135 ], [ -1.793111853766409, 43.371021539625268 ], [ -1.793123301625636, 43.371066682548921 ], [ -1.793134748271787, 43.371111825527485 ], [ -1.793146375206182, 43.371147965787678 ], [ -1.793169984728462, 43.371202241087303 ], [ -1.793193773402139, 43.371247514617131 ], [ -1.793205221295662, 43.371292656641835 ], [ -1.793179647099337, 43.371337408648053 ], [ -1.793203258036266, 43.371391684791597 ], [ -1.793202365266918, 43.371436697114476 ], [ -1.793176970039932, 43.371472446458462 ], [ -1.793138877140356, 43.371526070465109 ], [ -1.793113481909288, 43.371561820694609 ], [ -1.793075566712435, 43.371606442069989 ], [ -1.793037652762498, 43.371651064276989 ], [ -1.792999738679013, 43.371695685574274 ], [ -1.792974164144024, 43.371740437545547 ], [ -1.792985612038216, 43.371785580508252 ], [ -1.792996880885517, 43.371839726139797 ], [ -1.793045529102009, 43.3718762565668 ], [ -1.793081837810585, 43.371912657198784 ], [ -1.793142647983618, 43.371958320871165 ], [ -1.793191475502361, 43.371985849464004 ], [ -1.793240124040569, 43.372022380705523 ], [ -1.793300934454821, 43.372068044292753 ], [ -1.793337242214733, 43.372104444898902 ], [ -1.793373550020536, 43.372140845493909 ], [ -1.793397160163817, 43.372195120784653 ], [ -1.793396268764396, 43.372240133081839 ], [ -1.793407715857746, 43.372285276071509 ], [ -1.793406824465179, 43.372330288371828 ], [ -1.793405931915169, 43.372375301626178 ], [ -1.793417380199095, 43.372420443666918 ], [ -1.793428828575686, 43.372465586605919 ], [ -1.793427935965962, 43.372510598967125 ], [ -1.793427043354842, 43.372555611329837 ], [ -1.79342615081705, 43.37260062459201 ], [ -1.793425258203139, 43.37264563695777 ], [ -1.793424365587834, 43.372690649325051 ], [ -1.793411131993445, 43.372735532011717 ], [ -1.793410239365707, 43.372780544381925 ], [ -1.793409346736575, 43.372825556753661 ], [ -1.793396114255637, 43.372870438490509 ], [ -1.793395221688891, 43.372915451763156 ], [ -1.793381987945329, 43.372960333555902 ], [ -1.793381097657294, 43.37300525570096 ], [ -1.793367863956913, 43.373050138393012 ], [ -1.79336697129049, 43.373095150773544 ], [ -1.793353737558446, 43.373140033466896 ], [ -1.793353023892882, 43.373176043172151 ], [ -1.793327271188744, 43.37322979790077 ], [ -1.793326378487815, 43.373274810287064 ], [ -1.793313144682867, 43.373319692981546 ], [ -1.793312251969506, 43.373364705370783 ], [ -1.79331135925475, 43.373409717761547 ], [ -1.793298126563268, 43.373454599506196 ], [ -1.793297233835988, 43.373499611899895 ], [ -1.793283820931553, 43.373553497279026 ], [ -1.793270766056849, 43.37358937729681 ], [ -1.793269873306192, 43.373634389694864 ], [ -1.793256640530771, 43.373679271442064 ], [ -1.793231065314771, 43.373724023540987 ], [ -1.793217831332351, 43.373768906239022 ], [ -1.793204598485475, 43.373813787984396 ], [ -1.793179023169317, 43.373858540075567 ], [ -1.793153269997571, 43.373912294790465 ], [ -1.793140214960226, 43.373948174802237 ], [ -1.793126980780796, 43.373993056598778 ], [ -1.793113746655461, 43.374037939293181 ], [ -1.793087993267775, 43.37409169310186 ], [ -1.793074938149203, 43.374127573110613 ], [ -1.79304936259289, 43.374172325181711 ], [ -1.793023788227923, 43.374217077193741 ], [ -1.793010553895901, 43.374261958985166 ], [ -1.792997319618064, 43.374306841674425 ], [ -1.792984086475881, 43.374351723411074 ], [ -1.792970852156797, 43.374396606100142 ], [ -1.792957796896055, 43.37443248610299 ], [ -1.792932043186523, 43.374486239890558 ], [ -1.79291880879598, 43.374531122577785 ], [ -1.792905574310003, 43.374576004367007 ], [ -1.792892162019431, 43.374629889686773 ], [ -1.792879106581989, 43.374665768788518 ], [ -1.792854425670519, 43.374708999453233 ], [ -1.79286587210904, 43.374710651475375 ], [ -1.792852637540563, 43.374755533264143 ], [ -1.792839404257283, 43.374800415896239 ], [ -1.79281382821931, 43.374845167934403 ], [ -1.792800593579376, 43.374890049721408 ], [ -1.792775018702464, 43.374934801698871 ], [ -1.792749442554708, 43.374979553726341 ], [ -1.792736209064737, 43.37502443545543 ], [ -1.792710632847119, 43.375069187476768 ], [ -1.792685057820773, 43.375113939439025 ], [ -1.792634977590349, 43.37514942832258 ], [ -1.792584362266504, 43.375211924248781 ], [ -1.792558964991496, 43.375247673549595 ], [ -1.792545730135295, 43.375292556216991 ], [ -1.79252015488165, 43.375337308147813 ], [ -1.79248223673984, 43.375381929442419 ], [ -1.792456661397182, 43.375426681361262 ], [ -1.792431084783665, 43.375471433330098 ], [ -1.792405510498092, 43.375516095061734 ], [ -1.792392633802293, 43.37554297233396 ], [ -1.792391918275071, 43.375578982152618 ], [ -1.792403724814332, 43.375606119921216 ], [ -1.792415171723833, 43.375651262232459 ], [ -1.792438961641766, 43.375696536080099 ], [ -1.792450409827875, 43.375741678336119 ], [ -1.792449695565337, 43.375777688106012 ], [ -1.792473306328829, 43.375831963747103 ], [ -1.792484754643671, 43.375877106902067 ], [ -1.792483861243215, 43.375922119371239 ], [ -1.792482967841455, 43.375967131841939 ], [ -1.792494416190735, 43.376012275000491 ], [ -1.792505864483063, 43.376057417261386 ], [ -1.792505149020243, 43.376093427094794 ], [ -1.792528759965416, 43.376147702736716 ], [ -1.792540208386384, 43.376192845896561 ], [ -1.792564355612627, 43.376220113496501 ], [ -1.792625706176416, 43.376238770466784 ], [ -1.792687413802753, 43.376239422061253 ], [ -1.792749835511561, 43.376204063836077 ], [ -1.792750907825087, 43.376150048657721 ], [ -1.792739459247491, 43.376104905521622 ], [ -1.792740352450946, 43.376059893044129 ], [ -1.792728903974351, 43.376014750807919 ], [ -1.792729797184656, 43.375969738333595 ], [ -1.792718348659443, 43.375924595201397 ], [ -1.792719241876599, 43.375879582730185 ], [ -1.79272013509236, 43.375834570260501 ], [ -1.792757874233447, 43.375798951562359 ], [ -1.792783628617644, 43.375745196865083 ], [ -1.792809203847784, 43.375700444858261 ], [ -1.792834780269117, 43.375655692792321 ], [ -1.792872876182892, 43.375602068725712 ], [ -1.792898273419332, 43.375566319341686 ], [ -1.792948352618975, 43.375530830379752 ], [ -1.792961765141582, 43.375476945914421 ], [ -1.792999860818913, 43.375423321810295 ], [ -1.793025257897725, 43.375387572401301 ], [ -1.793063175622584, 43.375342950916334 ], [ -1.793088750456928, 43.37529819885701 ], [ -1.793126844687479, 43.375244663995602 ], [ -1.793201427512437, 43.375218437943005 ], [ -1.793262957384733, 43.375228001668006 ], [ -1.793324128093878, 43.375255660920693 ], [ -1.793385477801687, 43.375274316548861 ], [ -1.793446649849869, 43.375301975678695 ], [ -1.793507998415764, 43.375320631292652 ], [ -1.793556828959452, 43.375348159790448 ], [ -1.793630520457891, 43.375366945844775 ], [ -1.793679170899108, 43.37540347703672 ], [ -1.793753041465941, 43.375413260314431 ], [ -1.793801693255091, 43.375449791397962 ], [ -1.793875562671112, 43.375459574647024 ], [ -1.793949253185029, 43.375478360540548 ], [ -1.793998084073319, 43.375505888842554 ], [ -1.79405925535575, 43.375533546787636 ], [ -1.794120605672463, 43.375552202901062 ], [ -1.794169436705247, 43.375579731127331 ], [ -1.794243127468729, 43.37559851682245 ], [ -1.794316819511304, 43.375617302413154 ], [ -1.794365828324664, 43.375635827910216 ], [ -1.794427178849613, 43.375654483851299 ], [ -1.794476008809767, 43.375682011098036 ], [ -1.794536824067533, 43.375727674116938 ], [ -1.794610694039628, 43.375737457764359 ], [ -1.794659346571719, 43.375773987573382 ], [ -1.794733395429638, 43.375774768439392 ], [ -1.794794389785586, 43.375811428618384 ], [ -1.794855740636378, 43.375830084319034 ], [ -1.794929254399808, 43.375857872194921 ], [ -1.794978441151501, 43.375867394773493 ], [ -1.795039792046671, 43.375886049472683 ], [ -1.795101143056427, 43.375904705035303 ], [ -1.795114376136891, 43.37585982293276 ], [ -1.795127607890858, 43.375814939986753 ], [ -1.795165168023128, 43.375788323094085 ], [ -1.795227231421546, 43.375770967897353 ], [ -1.795288582369433, 43.375789623352134 ], [ -1.795337235375505, 43.375826152857918 ], [ -1.795411105609848, 43.375835935959849 ], [ -1.795459758732652, 43.375872465411867 ], [ -1.795533629047289, 43.375882248430479 ], [ -1.795582282286917, 43.375918777828716 ], [ -1.795656152681671, 43.375928560764095 ], [ -1.79570498353636, 43.375956088360056 ], [ -1.795778676513171, 43.375974872960626 ], [ -1.795839849148659, 43.37600252990925 ], [ -1.795901200541697, 43.376021185020051 ], [ -1.795962373285203, 43.376048841900399 ], [ -1.796023724767256, 43.376067496942461 ], [ -1.796084773993746, 43.376095152929622 ], [ -1.796145590963004, 43.376140815058932 ], [ -1.796206408028784, 43.376186477155649 ], [ -1.796254706044699, 43.376241011612699 ], [ -1.796303360119543, 43.376277541594654 ], [ -1.79631481021884, 43.3763226835163 ], [ -1.796326261641894, 43.376367826281623 ], [ -1.796362396702201, 43.376413228641468 ], [ -1.796373846949515, 43.376458371459442 ], [ -1.796385119821355, 43.376512516031013 ], [ -1.796409091686689, 43.376548785431318 ], [ -1.796408201342628, 43.376593797955607 ], [ -1.796419651661829, 43.376638940774889 ], [ -1.79643110322993, 43.376684083539871 ], [ -1.796455073964671, 43.376720352989295 ], [ -1.796478688888771, 43.376774627795228 ], [ -1.796490140530211, 43.376819770558562 ], [ -1.796501593244912, 43.376864822246013 ], [ -1.796500881575977, 43.376900832971053 ], [ -1.796524496617331, 43.376955107774371 ], [ -1.796535947024633, 43.377000249695634 ], [ -1.79653505677282, 43.377045262236294 ], [ -1.7965586719055, 43.377099537038063 ], [ -1.796582642968343, 43.37713580736856 ], [ -1.796594094688104, 43.377180949235218 ], [ -1.796543837773033, 43.377225442638796 ], [ -1.796530605492796, 43.377270324962261 ], [ -1.796492511881034, 43.377323950383492 ], [ -1.796454774050298, 43.377359570424559 ], [ -1.796416858856454, 43.377404193110706 ], [ -1.796378765050256, 43.377457818497327 ], [ -1.796353369140049, 43.377493568748818 ], [ -1.796302933200507, 43.377547064763831 ], [ -1.796277537203879, 43.377582814999911 ], [ -1.79622727961876, 43.377627307372038 ], [ -1.796214046999431, 43.377672189670363 ], [ -1.796175952827161, 43.377725814996445 ], [ -1.796150556672906, 43.377761565207585 ], [ -1.796100476275824, 43.377797055765136 ], [ -1.796074723994777, 43.377850810436655 ], [ -1.796036985635427, 43.37788643124415 ], [ -1.796023575428638, 43.377940316188294 ], [ -1.795986014289706, 43.377966933421916 ], [ -1.795924127380111, 43.377975286367366 ], [ -1.795850610434167, 43.377947499122818 ], [ -1.795801777821564, 43.377919971551229 ], [ -1.795740603167893, 43.377892314541164 ], [ -1.795679249833875, 43.377873659312996 ], [ -1.795618075288136, 43.377846002234648 ], [ -1.795556722043139, 43.377827346937742 ], [ -1.795495191376029, 43.377817694264877 ], [ -1.79544618034291, 43.377799169248668 ], [ -1.795360500505163, 43.377762249510155 ], [ -1.795311667052791, 43.377734721775944 ], [ -1.795237973207725, 43.377715936777975 ], [ -1.795188962343922, 43.377697411646729 ], [ -1.79511544610733, 43.377669623908709 ], [ -1.795066614081765, 43.37764209601125 ], [ -1.795005438845172, 43.37761443864612 ], [ -1.794944087276239, 43.377595782950635 ], [ -1.794882913378734, 43.377568125462616 ], [ -1.794821560667753, 43.377549469752907 ], [ -1.794760386878271, 43.377521812196612 ], [ -1.794699034331244, 43.377503157316092 ], [ -1.794637860574852, 43.377475498793544 ], [ -1.794576508116841, 43.377456843844236 ], [ -1.79451533446857, 43.377429185253447 ], [ -1.794454160953796, 43.377401527526629 ], [ -1.794392808559235, 43.377382871576266 ], [ -1.794331456279167, 43.377364216489376 ], [ -1.794270282846944, 43.377336557761993 ], [ -1.794208752994571, 43.377326905259508 ], [ -1.794135237703873, 43.377299116863547 ], [ -1.794086405229754, 43.377271588586204 ], [ -1.794025232088419, 43.377243930620267 ], [ -1.793963881231624, 43.377225274374432 ], [ -1.793902830594621, 43.377197617222194 ], [ -1.79384147867067, 43.377178961860224 ], [ -1.79376778357582, 43.377160265204182 ], [ -1.793718952700924, 43.377132737607319 ], [ -1.793657779808585, 43.377105078538655 ], [ -1.793596428062572, 43.377086423039046 ], [ -1.793535255278355, 43.37705876390217 ], [ -1.793473903621267, 43.37704010833378 ], [ -1.793412731019897, 43.377012450026534 ], [ -1.793351379377096, 43.376993793491415 ], [ -1.793302548767522, 43.376966264812211 ], [ -1.793228855329876, 43.376947478511973 ], [ -1.793167682944553, 43.376919820068174 ], [ -1.793106331479703, 43.376901163395495 ], [ -1.793032639420398, 43.376882376908007 ], [ -1.792983807826571, 43.376854848141924 ], [ -1.792910115866488, 43.376836061571709 ], [ -1.792874340304715, 43.376772653593804 ], [ -1.792813525261702, 43.376726989604968 ], [ -1.792739833520648, 43.376708202920611 ], [ -1.79269082431791, 43.376689676672413 ], [ -1.792616952294401, 43.376679892660405 ], [ -1.792555423345877, 43.376670238324962 ], [ -1.792494251578281, 43.376642579506353 ], [ -1.792433079869529, 43.3766149206538 ], [ -1.792384070844737, 43.376596394268006 ], [ -1.792298393453126, 43.376559471295963 ], [ -1.792249384518837, 43.376540944849985 ], [ -1.792188035060931, 43.376522288505555 ], [ -1.792126684411632, 43.376503632181191 ], [ -1.79206533372737, 43.376484974924381 ], [ -1.792004162391875, 43.376457315832724 ], [ -1.791968030739439, 43.376411912016593 ], [ -1.791993608130252, 43.376367160125412 ], [ -1.791944062958639, 43.376375641582044 ], [ -1.791881640569251, 43.376410999347151 ], [ -1.791806696994189, 43.376455229011704 ], [ -1.791756794404308, 43.376481715724644 ], [ -1.791706891693738, 43.37650820151719 ], [ -1.79163194908906, 43.376552431009408 ], [ -1.791618891274682, 43.376588310963626 ], [ -1.791617998417582, 43.376633323395211 ], [ -1.791592420616742, 43.376678075206605 ], [ -1.791566664628824, 43.376731828760271 ], [ -1.7915659498015, 43.376767838551203 ], [ -1.7915527138223, 43.376812721148589 ], [ -1.791551819678952, 43.37685773364182 ], [ -1.791538583593291, 43.376902615342551 ], [ -1.79153769066856, 43.376947627784141 ], [ -1.791512112665748, 43.376992379587158 ], [ -1.791486713940158, 43.377028128684309 ], [ -1.791473299676395, 43.377082013029877 ], [ -1.791435201480769, 43.377135636663745 ], [ -1.791409802644183, 43.377171385746742 ], [ -1.791371704330321, 43.377225009361844 ], [ -1.791346306646066, 43.377260758377794 ], [ -1.791320728355502, 43.377305510146144 ], [ -1.791295329373049, 43.377341259206851 ], [ -1.791269572811314, 43.377395012716683 ], [ -1.791243995632481, 43.377439764416856 ], [ -1.791206076348988, 43.377484385280525 ], [ -1.79118049785016, 43.377529137023259 ], [ -1.791154920542652, 43.37757388870692 ], [ -1.791116821725168, 43.377627512248601 ], [ -1.791103764502448, 43.377663391217212 ], [ -1.791078185844631, 43.377708142941785 ], [ -1.791040445644953, 43.377743761051022 ], [ -1.790989826385919, 43.377806257251756 ], [ -1.79096442690239, 43.377842005350324 ], [ -1.79093884805699, 43.377886757048024 ], [ -1.790913448581197, 43.377922506034736 ], [ -1.790887691477927, 43.377976260375199 ], [ -1.790849950984765, 43.378011878425241 ], [ -1.790799331208615, 43.378074373651501 ], [ -1.790773931563494, 43.378110122610565 ], [ -1.790723669341855, 43.378154613343071 ], [ -1.790698090170472, 43.378199364994416 ], [ -1.790660349413959, 43.378234982984281 ], [ -1.790609730375442, 43.378297387954085 ], [ -1.790571989574746, 43.378333006813754 ], [ -1.790546410131597, 43.378377757537272 ], [ -1.790520831954472, 43.378422509099707 ], [ -1.790482731985394, 43.378476132452477 ], [ -1.79044498968317, 43.378511750429233 ], [ -1.790407069149711, 43.378556371947049 ], [ -1.790356627913009, 43.378609864281692 ], [ -1.790331227756966, 43.378645613151292 ], [ -1.79029330697246, 43.378690233735732 ], [ -1.790242864281782, 43.378743726077353 ], [ -1.790204999256258, 43.378779343091487 ], [ -1.790166898757089, 43.378832966347503 ], [ -1.790141498384897, 43.378868715178598 ], [ -1.790103577306518, 43.37891333570407 ], [ -1.790065656169387, 43.378957956217782 ], [ -1.790027734973496, 43.379002576719685 ], [ -1.789977291837388, 43.379056069848083 ], [ -1.789951891249121, 43.379091818640696 ], [ -1.789901807032174, 43.379127305413519 ], [ -1.789851364901066, 43.379180798433723 ], [ -1.789813442161342, 43.379225418922609 ], [ -1.789775520593961, 43.379270039345137 ], [ -1.789725078145699, 43.379323531414272 ], [ -1.78969967728293, 43.379359280154873 ], [ -1.789661575929568, 43.379412903256451 ], [ -1.789636176219081, 43.379448651930026 ], [ -1.789585911950384, 43.379493142179101 ], [ -1.789560331225835, 43.379537892708683 ], [ -1.789522588963299, 43.379573511235741 ], [ -1.789471966374388, 43.379636005914769 ], [ -1.789458907671682, 43.379671884739217 ], [ -1.789408643071237, 43.379716374913436 ], [ -1.789370720866999, 43.379760995210653 ], [ -1.789332977035128, 43.379796612834177 ], [ -1.789282354044385, 43.379859107435017 ], [ -1.789256952670626, 43.379894856086175 ], [ -1.789206687719679, 43.379939346174076 ], [ -1.789156244156925, 43.379992838005073 ], [ -1.789105978967824, 43.380037327151555 ], [ -1.789055893482325, 43.38007281445622 ], [ -1.789018149251417, 43.380108431978321 ], [ -1.788955362806593, 43.380161793537397 ], [ -1.788904918815598, 43.380215285260277 ], [ -1.788867174472804, 43.380250903631499 ], [ -1.788829431239606, 43.38028652103803 ], [ -1.788828355171231, 43.380340536345685 ], [ -1.788815117394011, 43.380385417776509 ], [ -1.78878953567417, 43.380430168154 ], [ -1.788788640546358, 43.380475180692393 ], [ -1.788775401476019, 43.380520062177453 ], [ -1.788786847824271, 43.380565205882768 ], [ -1.788822799755131, 43.380619612725781 ], [ -1.788883615669624, 43.380665278192353 ], [ -1.788957491014108, 43.380675065733918 ], [ -1.789019023563196, 43.380684721245565 ], [ -1.789081094164444, 43.380667370406705 ], [ -1.789130642218499, 43.38065889028757 ], [ -1.789193429042736, 43.38060552860685 ], [ -1.789243516212734, 43.380570042067752 ], [ -1.789281259300892, 43.38053442361128 ], [ -1.789331524788341, 43.380489934366807 ], [ -1.789382148280192, 43.380427439713273 ], [ -1.789407549811131, 43.380391691018431 ], [ -1.789445472402103, 43.380347070687151 ], [ -1.789495737524524, 43.380302580474734 ], [ -1.789521139004659, 43.380266832654563 ], [ -1.789559239822554, 43.380213209622511 ], [ -1.789584641149091, 43.380177460891872 ], [ -1.789622743079778, 43.380123837786577 ], [ -1.789648322710188, 43.380079086379084 ], [ -1.789686244908797, 43.380034465973907 ], [ -1.789711646077763, 43.379998717218264 ], [ -1.789762090360864, 43.379945225073705 ], [ -1.7898000123832, 43.3799006046332 ], [ -1.789837934346776, 43.379855984180907 ], [ -1.789888377156548, 43.379802492037769 ], [ -1.789926120574038, 43.379766873322488 ], [ -1.789963862788499, 43.379731255547519 ], [ -1.79001430660319, 43.379677763296193 ], [ -1.790027364886476, 43.379641883506636 ], [ -1.790065466050665, 43.379588260267099 ], [ -1.790090865631132, 43.379552512386994 ], [ -1.790141309096455, 43.379499019185701 ], [ -1.790191573016035, 43.37945452957657 ], [ -1.790216973615497, 43.379418780717948 ], [ -1.790267415615556, 43.379365287517828 ], [ -1.79033020005127, 43.379311926127698 ], [ -1.790380285321046, 43.379276438199227 ], [ -1.790405685724836, 43.379240689301135 ], [ -1.790443785040301, 43.37918706599919 ], [ -1.790469185365265, 43.379151317088613 ], [ -1.790519806446228, 43.379088821966022 ], [ -1.790557549080242, 43.379053203947727 ], [ -1.790583306973242, 43.378999449642244 ], [ -1.790608707128868, 43.378963700703949 ], [ -1.790646627849077, 43.378919079999847 ], [ -1.790683653656779, 43.378919471839851 ], [ -1.790720321735961, 43.378937868140383 ], [ -1.790782389942224, 43.378920516348899 ], [ -1.790844279844111, 43.37891216628244 ], [ -1.790869679799263, 43.378876417285291 ], [ -1.790907600259827, 43.37883179649269 ], [ -1.790933178318109, 43.378787044825081 ], [ -1.790971098670727, 43.37874242401324 ], [ -1.791009020195502, 43.378697803135047 ], [ -1.791034418722871, 43.378662054159555 ], [ -1.791097202837617, 43.378608691400338 ], [ -1.791158555470407, 43.378627349235693 ], [ -1.791208280829045, 43.378609865467219 ], [ -1.791282690762555, 43.378592643326968 ], [ -1.791344758427369, 43.378575291217544 ], [ -1.791394304348391, 43.378566810075711 ], [ -1.791468714170656, 43.378549587808166 ], [ -1.791530781658143, 43.378532234694703 ], [ -1.791580328820618, 43.378523754311388 ], [ -1.791654738531635, 43.378506531916578 ], [ -1.791716805916675, 43.378489178696995 ], [ -1.791766351783636, 43.378480698283362 ], [ -1.791840761383404, 43.378463475761215 ], [ -1.791902828666, 43.378446122435534 ], [ -1.79195237569962, 43.37843764188252 ], [ -1.792026785188137, 43.378420419233059 ], [ -1.792088852368288, 43.378403065801272 ], [ -1.792138398031589, 43.378394584319992 ], [ -1.792212807408859, 43.378377361543258 ], [ -1.792274874561457, 43.378360008903307 ], [ -1.792324421391319, 43.378351527282575 ], [ -1.792398830657338, 43.378334304378527 ], [ -1.792472524367568, 43.37835309131799 ], [ -1.792521534915578, 43.378371617688231 ], [ -1.79258270860744, 43.378399277425359 ], [ -1.792644061423549, 43.378417933517916 ], [ -1.792692714972451, 43.378454464284601 ], [ -1.792778394204723, 43.378491387051795 ], [ -1.792827404968706, 43.378509913285477 ], [ -1.792876058711683, 43.378546443972283 ], [ -1.792949395893792, 43.37858323596361 ], [ -1.793010569941068, 43.378610894565405 ], [ -1.793059401805412, 43.378638423410393 ], [ -1.793120219061605, 43.378684087326846 ], [ -1.793193557731304, 43.378720878204028 ], [ -1.793254909931574, 43.378739534907432 ], [ -1.793303564139665, 43.378776065408402 ], [ -1.793389244167018, 43.378812986803119 ], [ -1.793438255401234, 43.378831512764741 ], [ -1.793486909878041, 43.378868044083809 ], [ -1.793572590159749, 43.378904965335934 ], [ -1.79362160153121, 43.378923491215851 ], [ -1.793670254896175, 43.378960021611654 ], [ -1.793743594343309, 43.378996813021828 ], [ -1.793804411289373, 43.379042476620768 ], [ -1.793865229562969, 43.379088140132517 ], [ -1.793938569223047, 43.379124930516198 ], [ -1.793987223033955, 43.379161461673085 ], [ -1.794023892322422, 43.379179856857959 ], [ -1.794048041578128, 43.379207125086211 ], [ -1.794084710915, 43.379225520251168 ], [ -1.794108862583814, 43.379252698233799 ], [ -1.794145531969127, 43.379271093378762 ], [ -1.79418184480354, 43.379307493899155 ], [ -1.794242662425114, 43.379353157262578 ], [ -1.794303481374228, 43.37939882053881 ], [ -1.794364300419781, 43.379444483782464 ], [ -1.794412599423457, 43.379499019195194 ], [ -1.794473417430217, 43.379544682435537 ], [ -1.79453423668968, 43.379590344690769 ], [ -1.794595056120422, 43.379636007811335 ], [ -1.794643355503292, 43.379690543128945 ], [ -1.794704173895241, 43.379736206246257 ], [ -1.794752829939232, 43.379772737021256 ], [ -1.794789143398887, 43.379809136453687 ], [ -1.794837441954454, 43.379863672644397 ], [ -1.794898261839363, 43.37990933470607 ], [ -1.794959081895558, 43.379954997633078 ], [ -1.795007380659501, 43.380009532855972 ], [ -1.795056037126707, 43.380046063502171 ], [ -1.795080008394663, 43.38008233334785 ], [ -1.795140650022193, 43.380136998907048 ], [ -1.795201470436117, 43.380182660807741 ], [ -1.795249769695344, 43.380237196829789 ], [ -1.795310590301589, 43.380282858672643 ], [ -1.795359247192015, 43.380319389190063 ], [ -1.795395561454438, 43.38035578933205 ], [ -1.795443860967773, 43.380410324376641 ], [ -1.795479996562668, 43.380455726325842 ], [ -1.795503790799426, 43.380500998765612 ], [ -1.795552090537015, 43.380555533767883 ], [ -1.795588405070207, 43.380591933851626 ], [ -1.79562454096794, 43.380637336656719 ], [ -1.795660676922647, 43.380682739451316 ], [ -1.795684648836358, 43.380719009180481 ], [ -1.795745292864312, 43.380773673474579 ], [ -1.795781428999748, 43.3808190762335 ], [ -1.795805224754913, 43.380864258440887 ], [ -1.795853525082558, 43.380918793323559 ], [ -1.795889840035302, 43.380955193316147 ], [ -1.795925976398579, 43.381000596033033 ], [ -1.795974276954898, 43.381055130867402 ], [ -1.796010592069922, 43.38109153082322 ], [ -1.796046728538975, 43.381136932606516 ], [ -1.796095030555108, 43.381191467338006 ], [ -1.796131345832414, 43.38122786725706 ], [ -1.796167482557159, 43.381273269902607 ], [ -1.79621578357083, 43.381327804640428 ], [ -1.796252099010423, 43.381364204522733 ], [ -1.796288235840938, 43.381409606234676 ], [ -1.796336537083286, 43.381464140924216 ], [ -1.796372852685158, 43.381500540769686 ], [ -1.796408812440909, 43.381554946029389 ], [ -1.796432785188793, 43.381591215616695 ], [ -1.796468922304272, 43.381636617276065 ], [ -1.796492716575111, 43.381681889593303 ], [ -1.796516512114509, 43.38172716185224 ], [ -1.79652796353909, 43.381772304834435 ], [ -1.79655175914355, 43.38181757708869 ], [ -1.796575553554266, 43.381862849393862 ], [ -1.796587183512175, 43.381898988733774 ], [ -1.796648362903071, 43.381926646246725 ], [ -1.796709720793781, 43.381945300084539 ], [ -1.796758735761605, 43.381963824586499 ], [ -1.796832612878522, 43.381973606818121 ], [ -1.796893970953824, 43.381992261450165 ], [ -1.796942986020781, 43.382010785869312 ], [ -1.797016330137415, 43.382047574303336 ], [ -1.797027782017566, 43.382092717243538 ], [ -1.79702689199646, 43.382137729062741 ], [ -1.797026002048936, 43.382182741781364 ], [ -1.797025112100023, 43.382227754501528 ], [ -1.797024222149719, 43.382272767223228 ], [ -1.797023332123143, 43.38231777904852 ], [ -1.797009920576309, 43.382371664349051 ], [ -1.796996866024105, 43.382407545054384 ], [ -1.796946426304173, 43.382461040668993 ], [ -1.796908685388085, 43.382496661005938 ], [ -1.796870945656486, 43.38253228127607 ], [ -1.796820505710253, 43.382585776837004 ], [ -1.796757723719335, 43.382639142122478 ], [ -1.796719982569832, 43.38267476239843 ], [ -1.796682062851129, 43.382719385410503 ], [ -1.79663162379676, 43.382772880836363 ], [ -1.796593882481714, 43.382808501071899 ], [ -1.796556141119891, 43.38284412129525 ], [ -1.796505701839315, 43.382897616667442 ], [ -1.796442917985585, 43.382950981837467 ], [ -1.796405177743079, 43.382986602855361 ], [ -1.796367436147831, 43.38302222301769 ], [ -1.796316995304814, 43.383075718363727 ], [ -1.79626655429331, 43.383129212790486 ], [ -1.796228813824926, 43.383164833751636 ], [ -1.796178552461941, 43.383209236109209 ], [ -1.79612811251087, 43.383262731320173 ], [ -1.796090370563306, 43.383298351393293 ], [ -1.79605262856906, 43.383333971454221 ], [ -1.796002187160682, 43.383387466666115 ], [ -1.795939403537481, 43.383440831509176 ], [ -1.795914004716253, 43.383476581818492 ], [ -1.795863741707087, 43.383521074219018 ], [ -1.795813299959386, 43.383574569350429 ], [ -1.795775558843951, 43.383610189267557 ], [ -1.795737816450635, 43.383645809227062 ], [ -1.795687374476628, 43.383699304304834 ], [ -1.795624590221863, 43.383752668977827 ], [ -1.795599191067689, 43.383788419221666 ], [ -1.795548927543159, 43.383832911486451 ], [ -1.79549848646102, 43.383886406429106 ], [ -1.795460743715415, 43.383922026299466 ], [ -1.795423000923028, 43.383957646157548 ], [ -1.795372559614674, 43.384011141046585 ], [ -1.795309773571903, 43.38406450650205 ], [ -1.795284374009916, 43.3841002557824 ], [ -1.795234109970019, 43.384144747911499 ], [ -1.795183668322336, 43.384198242719989 ], [ -1.795145925177563, 43.384233862488948 ], [ -1.795108181986192, 43.384269482245607 ], [ -1.795057740112287, 43.384322977000458 ], [ -1.795019819251627, 43.384367599431002 ], [ -1.794982075894521, 43.384403219147295 ], [ -1.794931510143384, 43.384456713022566 ], [ -1.794868723131216, 43.384510077342171 ], [ -1.794830980818592, 43.384545696955051 ], [ -1.79479323722797, 43.384581316610273 ], [ -1.794742793557184, 43.384634811285508 ], [ -1.794680007407291, 43.38468817544819 ], [ -1.794654607254172, 43.384723925495535 ], [ -1.794604342183421, 43.384768417353079 ], [ -1.794553899404511, 43.384821911893219 ], [ -1.794516155461493, 43.384857531459261 ], [ -1.79447841270301, 43.384893150958533 ], [ -1.794427968466745, 43.384946645499568 ], [ -1.794365181685073, 43.385000009492202 ], [ -1.794327437508705, 43.38503562899723 ], [ -1.794289694516779, 43.385071248435437 ], [ -1.794239249949132, 43.385124742895755 ], [ -1.794188805287768, 43.385178237334685 ], [ -1.794151062116637, 43.385213856728377 ], [ -1.794100796229347, 43.385258348368509 ], [ -1.794050351322349, 43.385311842748308 ], [ -1.794000086502868, 43.385356334290314 ], [ -1.793949998101292, 43.385391823157718 ], [ -1.793912254642479, 43.385427442473862 ], [ -1.793849465627616, 43.385480806241254 ], [ -1.793799200580307, 43.385525298593635 ], [ -1.793736411353996, 43.385578662299373 ], [ -1.793674159091494, 43.38560501857971 ], [ -1.793613156307349, 43.38556835744491 ], [ -1.793552331390148, 43.385522693569122 ], [ -1.793289727042903, 43.385691005787592 ], [ -1.793119061957577, 43.38558115229678 ], [ -1.793181850527409, 43.38552778900354 ], [ -1.793035516624681, 43.385436201177399 ], [ -1.79288578799829, 43.385515659838454 ], [ -1.791874461564516, 43.384847660093207 ], [ -1.791691280054508, 43.384746677260907 ], [ -1.791508277218259, 43.384636690530087 ], [ -1.791313467388708, 43.384499656452874 ], [ -1.791130645529261, 43.384380667251335 ], [ -1.791069645661163, 43.384344004717128 ], [ -1.790934228471655, 43.384324564175365 ], [ -1.790884677454664, 43.384333044245388 ], [ -1.790772157595271, 43.384403889825435 ], [ -1.79059631041826, 43.384555104379963 ], [ -1.789818496013247, 43.38517709095035 ], [ -1.789765719338106, 43.385347615218642 ], [ -1.789861421649582, 43.385501701642276 ], [ -1.790094692112809, 43.385567200616272 ], [ -1.790305783103134, 43.385506403383836 ], [ -1.790493619932845, 43.38537332556605 ], [ -1.790585751673752, 43.385086159971159 ], [ -1.790897554980074, 43.38492737888555 ], [ -1.790994332591593, 43.38502744969103 ], [ -1.791251215853098, 43.38514722248857 ], [ -1.791397547415023, 43.38523881265197 ], [ -1.792518715235719, 43.385971006315671 ], [ -1.790585777685348, 43.387562269878053 ], [ -1.790215464293798, 43.387558353241879 ], [ -1.790187911325626, 43.38770213170568 ], [ -1.790656081900473, 43.387752105023246 ], [ -1.790800807558467, 43.387924719172638 ], [ -1.790674683384788, 43.388058450525783 ], [ -1.790268577070796, 43.388612425034175 ], [ -1.789957827319811, 43.388717189984433 ], [ -1.789802727759166, 43.388445417838547 ], [ -1.789586090162507, 43.388163989364728 ], [ -1.789660529475442, 43.387525467319371 ], [ -1.789944974722047, 43.38750146511736 ], [ -1.789666619481251, 43.387219474019645 ], [ -1.78948128421308, 43.387226516606447 ], [ -1.789007171562074, 43.386861321906721 ], [ -1.788533837929408, 43.38645111160303 ], [ -1.788499137778932, 43.386333687068792 ], [ -1.788502365001894, 43.386171643235564 ], [ -1.789175725353131, 43.38583660899701 ], [ -1.789338878226795, 43.385703271016915 ], [ -1.789403282757376, 43.385568888020209 ], [ -1.789219923514206, 43.38547690280884 ], [ -1.789058922984199, 43.385502210439583 ], [ -1.788380186296227, 43.386107317776464 ], [ -1.788206121521932, 43.386168503971355 ], [ -1.787997178724263, 43.386121267916124 ], [ -1.787895918539825, 43.386246255543796 ], [ -1.787991258787924, 43.386418349187501 ], [ -1.788112183302357, 43.386545691507578 ], [ -1.789399339794925, 43.387621750996075 ], [ -1.789358724150142, 43.387801408290478 ], [ -1.789338674483173, 43.388188382883996 ], [ -1.789480709240017, 43.388496034761665 ], [ -1.789696451716746, 43.388822475501009 ], [ -1.789495721972703, 43.388982429424679 ], [ -1.789457613987618, 43.389036051944032 ], [ -1.789432030230362, 43.389080803607456 ], [ -1.78939428148448, 43.389116420549108 ], [ -1.789331485566884, 43.389169782687318 ], [ -1.789281212502923, 43.389214272221714 ], [ -1.789218416298984, 43.389267633400294 ], [ -1.789155799698384, 43.389311991764053 ], [ -1.789105527605868, 43.389356481167148 ], [ -1.789067777320873, 43.389392098954794 ], [ -1.789017505090418, 43.389436588319633 ], [ -1.788967231550965, 43.389481077717193 ], [ -1.78890443476523, 43.389534438724311 ], [ -1.788841817707334, 43.389578797813314 ], [ -1.788779200478297, 43.389623155969637 ], [ -1.788716581921464, 43.389667514145742 ], [ -1.788691177101279, 43.389703262872914 ], [ -1.78866559237713, 43.38974801347964 ], [ -1.78865235107905, 43.389792895262104 ], [ -1.788639109685655, 43.389837776146486 ], [ -1.788638213062602, 43.389882789056081 ], [ -1.788624972943524, 43.38992767078517 ], [ -1.78862407623335, 43.389972682799723 ], [ -1.788623179521771, 43.390017694815761 ], [ -1.788622282808794, 43.390062706833312 ], [ -1.788621386169173, 43.390107719750318 ], [ -1.788632834227585, 43.390152862898894 ], [ -1.788631937520047, 43.3901978749211 ], [ -1.788631040811109, 43.390242886944797 ], [ -1.788630144175532, 43.390287899867985 ], [ -1.788629247463697, 43.390332911894696 ], [ -1.788628350750552, 43.390377923922912 ], [ -1.788602765677927, 43.390422674537476 ], [ -1.78856501561427, 43.390458292123782 ], [ -1.788514562241039, 43.390511784078207 ], [ -1.788476632160021, 43.390556403525949 ], [ -1.788438881930681, 43.390592021071839 ], [ -1.7884007718964, 43.390645643283882 ], [ -1.788449073415842, 43.390700181870315 ], [ -1.788510078273818, 43.390736845157882 ], [ -1.788546214881889, 43.390782249773274 ], [ -1.788545318096755, 43.390827261816 ], [ -1.788556766238668, 43.390872404996919 ], [ -1.788568034581945, 43.390926550968544 ], [ -1.788629219637311, 43.390954212302567 ], [ -1.788690941756055, 43.390954866236967 ], [ -1.788752485245009, 43.390964521974603 ], [ -1.788801862502222, 43.390965045629279 ], [ -1.788875750971608, 43.390974832404318 ], [ -1.788937293281533, 43.390984488091576 ], [ -1.788999016667582, 43.390985141795852 ], [ -1.789060738823673, 43.390985795519441 ], [ -1.789122460981258, 43.390986449207837 ], [ -1.789184183140154, 43.390987102861104 ], [ -1.78924608501116, 43.390978753687236 ], [ -1.789307807163208, 43.390979407269967 ], [ -1.789369350856602, 43.39098906355516 ], [ -1.789430714813975, 43.391007721699772 ], [ -1.789492258558145, 43.391017377915269 ], [ -1.789553802248268, 43.391027033197879 ], [ -1.789615344802454, 43.391036689398121 ], [ -1.789676530478017, 43.391064350142599 ], [ -1.789738252726695, 43.391065003480001 ], [ -1.789800154601105, 43.391056653988876 ], [ -1.789862056457568, 43.391048304462487 ], [ -1.789923778691246, 43.391048957694125 ], [ -1.789985500926232, 43.391049610890576 ], [ -1.790047402823034, 43.391041262156172 ], [ -1.790108946631763, 43.391050917123444 ], [ -1.79017049053592, 43.391060572953776 ], [ -1.790219689486131, 43.391070097803414 ], [ -1.790293397552647, 43.391088886460551 ], [ -1.790355299372329, 43.391080536651891 ], [ -1.790416305921686, 43.391117199773852 ], [ -1.790489657466968, 43.391153992880859 ], [ -1.790538497456587, 43.391181522278842 ], [ -1.790587160453884, 43.391218054341955 ], [ -1.790660511080328, 43.391254848288497 ], [ -1.790721338452866, 43.391300513141765 ], [ -1.79069575459677, 43.391345264281817 ], [ -1.790694859483186, 43.391390276361278 ], [ -1.79071847491936, 43.391444552123694 ], [ -1.790730103211332, 43.391480693250486 ], [ -1.790766062487009, 43.391535099050429 ], [ -1.790802380918872, 43.391571501039529 ], [ -1.790838519858169, 43.39161690491823 ], [ -1.790825279749156, 43.391661786131316 ], [ -1.790824384806698, 43.39170679912047 ], [ -1.790823489787953, 43.391751811213211 ], [ -1.790797905810826, 43.391796562392457 ], [ -1.790772142319056, 43.391850316367432 ], [ -1.790746736505817, 43.391886064791947 ], [ -1.790696463395245, 43.391930555019457 ], [ -1.79067087800861, 43.391975306229227 ], [ -1.790645293813588, 43.392020057379952 ], [ -1.790619709578707, 43.392064808526101 ], [ -1.790606469270962, 43.392109690625418 ], [ -1.790568539758361, 43.392154310859326 ], [ -1.790518086685501, 43.392207802917284 ], [ -1.790505025783593, 43.392243682206477 ], [ -1.790442407012651, 43.392288042311179 ], [ -1.790392491156059, 43.392314526859643 ], [ -1.790330408395191, 43.392331878602064 ], [ -1.790268326902991, 43.392349231152522 ], [ -1.790206602040384, 43.392348578171173 ], [ -1.7901446999926, 43.392356926950185 ], [ -1.790082796770365, 43.392365276646416 ], [ -1.790021073124048, 43.392364623504783 ], [ -1.789959348247745, 43.392363970382441 ], [ -1.789885100969476, 43.392372188934189 ], [ -1.789835542872932, 43.392380668575193 ], [ -1.789773639580347, 43.392389018094825 ], [ -1.789711557783981, 43.392406369428791 ], [ -1.789649832866443, 43.392405716130064 ], [ -1.789575585490171, 43.392413934469801 ], [ -1.789463765798807, 43.392448768861982 ], [ -1.789412953219498, 43.392520265069429 ], [ -1.789361781118756, 43.39260976686289 ], [ -1.789224375321014, 43.39268935187674 ], [ -1.789000912681956, 43.392750015290616 ], [ -1.788876029942432, 43.392820728206296 ], [ -1.788762774096041, 43.39292758056289 ], [ -1.78879873372264, 43.392981987918546 ], [ -1.788933271571623, 43.393046443487322 ], [ -1.788968155107386, 43.393154864823593 ] ], [ [ -1.766936675807614, 43.342573950569218 ], [ -1.766905527240613, 43.342514587580311 ], [ -1.766897714713329, 43.342508714588639 ], [ -1.766893374541273, 43.342505451609682 ], [ -1.766831702173467, 43.342504786280678 ], [ -1.766770211647266, 43.34249511854658 ], [ -1.766708536885477, 43.342494543377271 ], [ -1.766647228324468, 43.342475874101602 ], [ -1.766585737860063, 43.342466206262877 ], [ -1.766524247416197, 43.342456538389271 ], [ -1.766462756993052, 43.342446870480764 ], [ -1.766401084767264, 43.342446205804301 ], [ -1.766339411238294, 43.342445540248967 ], [ -1.766277555793798, 43.342453877027253 ], [ -1.766215701636102, 43.342462214613938 ], [ -1.766191032695594, 43.34246194815244 ], [ -1.766153846155814, 43.342470551321611 ], [ -1.766091990731982, 43.342478888891939 ], [ -1.766030136446245, 43.342487225474713 ], [ -1.765968280986619, 43.342495562974406 ], [ -1.76590660740983, 43.34249489717233 ], [ -1.765857087595484, 43.34250336736914 ], [ -1.765844753080097, 43.342503233649246 ], [ -1.765782715582014, 43.342520573411491 ], [ -1.765720859976456, 43.342528909871966 ], [ -1.765659004427441, 43.342537247195096 ], [ -1.765597148786092, 43.342545583584958 ], [ -1.76557247981276, 43.342545316982417 ], [ -1.765535294431537, 43.342553920783224 ], [ -1.76547325671144, 43.342571259470674 ], [ -1.765411401081151, 43.342579596652527 ], [ -1.765386550037562, 43.342588332375826 ], [ -1.765349181233785, 43.342605937637551 ], [ -1.765287143476131, 43.34262327711695 ], [ -1.765225287688658, 43.342631613294749 ], [ -1.765163249866091, 43.342648952703442 ], [ -1.765101211931768, 43.342666291178858 ], [ -1.765076359647857, 43.342675027783677 ], [ -1.765038990693109, 43.342692632939446 ], [ -1.764976952674469, 43.342709971344171 ], [ -1.764952101583145, 43.34271870786651 ], [ -1.764914732562112, 43.342736312979916 ], [ -1.764864846887244, 43.342762787515525 ], [ -1.764852329022035, 43.342771657003226 ], [ -1.764789926561436, 43.342807000039329 ], [ -1.76477759205787, 43.342806867095668 ], [ -1.76472770502858, 43.342833341623709 ], [ -1.764665666764822, 43.342850679851772 ], [ -1.76460344635827, 43.342877021311338 ], [ -1.764553742606185, 43.342894493337305 ], [ -1.764541225894932, 43.34290336273564 ], [ -1.764479004069945, 43.342929703280987 ], [ -1.764466487339453, 43.342938572670967 ], [ -1.764416601283592, 43.342965047003972 ], [ -1.764379231939245, 43.342982651935706 ], [ -1.764354197190343, 43.343000390746127 ], [ -1.764291976405561, 43.343026731131602 ], [ -1.764279641856024, 43.343026598131146 ], [ -1.764229755638135, 43.343053072379789 ], [ -1.764180051621013, 43.343070544236419 ], [ -1.76416735126066, 43.343088415118601 ], [ -1.764129799580057, 43.343115023233594 ], [ -1.764116551268491, 43.343159902172445 ], [ -1.764140309183006, 43.34320509083679 ], [ -1.764145702721283, 43.343211190536138 ], [ -1.764164430453638, 43.343232364931808 ], [ -1.764201069820455, 43.343250769607742 ], [ -1.764225555619112, 43.343260038948266 ], [ -1.764551419583407, 43.343263560055426 ], [ -1.76465727113824, 43.343264703058317 ], [ -1.764669925473085, 43.343255586047135 ], [ -1.76471930985021, 43.343247364829537 ], [ -1.764915823655604, 43.343220880388856 ], [ -1.76500159373302, 43.343209321509804 ], [ -1.765090446027411, 43.343197346359858 ], [ -1.765120724859369, 43.343188884166388 ], [ -1.765143386886442, 43.343182550407207 ], [ -1.765152484536553, 43.343180007883618 ], [ -1.765165001213905, 43.34317113841265 ], [ -1.765207558338332, 43.343163859713947 ], [ -1.765214023700057, 43.34316275357601 ], [ -1.765224507628274, 43.343159877740128 ], [ -1.765237264581529, 43.343156312257349 ], [ -1.765259633335611, 43.343150060800987 ], [ -1.765338599691411, 43.343127990446909 ], [ -1.765342752986706, 43.34312743057167 ], [ -1.76540045599526, 43.343119654201139 ], [ -1.765413491709176, 43.34311601061318 ], [ -1.765435197761519, 43.34310994335717 ], [ -1.765462494253155, 43.343102314650181 ], [ -1.765499862113916, 43.343084709396919 ], [ -1.765524532548064, 43.343084975961872 ], [ -1.765586570731389, 43.343067636340237 ], [ -1.765648790968626, 43.343041295209417 ], [ -1.765710829067452, 43.343023955517126 ], [ -1.765772685205797, 43.34301561905923 ], [ -1.765810054071589, 43.342998012747735 ], [ -1.765834723239798, 43.342998279296211 ], [ -1.76595879926997, 43.342963600562072 ], [ -1.766008319464829, 43.342955130315772 ], [ -1.766020654077314, 43.342955264017064 ], [ -1.766144731133347, 43.342920585016614 ], [ -1.766157247601647, 43.342911715432621 ], [ -1.766206768953106, 43.342903245041533 ], [ -1.766268988729383, 43.342876903557304 ], [ -1.766282416720677, 43.342872182702791 ], [ -1.766293839689291, 43.342868166731442 ], [ -1.766301649783834, 43.342866360432481 ], [ -1.766331026464738, 43.342859563511581 ], [ -1.766363270845106, 43.342845912354235 ], [ -1.76639324613706, 43.342833221956781 ], [ -1.766418098289551, 43.342824485048403 ], [ -1.766436200957124, 43.342820296989693 ], [ -1.766448537573862, 43.342817442950853 ], [ -1.766457879807869, 43.342815156290762 ], [ -1.766466126468591, 43.342812851264235 ], [ -1.766499629721097, 43.34280348759782 ], [ -1.766521409544296, 43.342797105934146 ], [ -1.766539369482176, 43.342790791825877 ], [ -1.766555260830399, 43.3427852052357 ], [ -1.766567024549806, 43.34278106965975 ], [ -1.766579360282414, 43.342781202345115 ], [ -1.766589315911384, 43.342778419972184 ], [ -1.76659992804726, 43.342775453626047 ], [ -1.766613492228708, 43.342771662205429 ], [ -1.766703435397152, 43.342746522762795 ], [ -1.766715951816026, 43.342737654013305 ], [ -1.766722855913324, 43.342735226140313 ], [ -1.766776620743472, 43.342715538042683 ], [ -1.766842744729459, 43.3426875432516 ], [ -1.766896918548931, 43.342664280765824 ], [ -1.766927462895841, 43.342649890609948 ], [ -1.766952860324354, 43.342614146466701 ], [ -1.766953043366571, 43.342605144041357 ], [ -1.766936675807614, 43.342573950569218 ] ], [ [ -1.781641409628293, 43.344716355336573 ], [ -1.78167787354012, 43.344743756633314 ], [ -1.781702184499239, 43.3447620243847 ], [ -1.781750984740576, 43.344789557515618 ], [ -1.781763139046471, 43.344798691887448 ], [ -1.781824094826956, 43.344835358404481 ], [ -1.781836429878412, 43.344835490302827 ], [ -1.781885230246099, 43.344863023374714 ], [ -1.78194654635659, 43.344881684946884 ], [ -1.782007501185866, 43.344918352315297 ], [ -1.782044326783879, 43.344927748559627 ], [ -1.782068636706496, 43.344946016285711 ], [ -1.782129772360326, 43.344973681120067 ], [ -1.782190728559264, 43.345010347435405 ], [ -1.782227554320547, 43.345019744516009 ], [ -1.782251864340048, 43.345038012202181 ], [ -1.782313000104826, 43.345065676037002 ], [ -1.782325335206699, 43.345065807879621 ], [ -1.782374136003, 43.345093340735829 ], [ -1.782423116249169, 43.345111871156504 ], [ -1.782435271885261, 43.34512100450273 ], [ -1.782496407900825, 43.345148669133586 ], [ -1.782520898678337, 43.345157934292196 ], [ -1.782557543900476, 43.34517633283258 ], [ -1.782618680033434, 43.345203997395537 ], [ -1.782618500660459, 43.345212999810556 ], [ -1.782679636786964, 43.345240663441899 ], [ -1.782716461544852, 43.345250060412184 ], [ -1.782740773046779, 43.345268327937241 ], [ -1.782801909290675, 43.34529599150067 ], [ -1.782863046818785, 43.345323565752082 ], [ -1.782912028648133, 43.345342095900257 ], [ -1.782924183254595, 43.345351230145546 ], [ -1.782985319674481, 43.345378893607069 ], [ -1.783009810628344, 43.34538815865659 ], [ -1.783046456227589, 43.345406557932584 ], [ -1.783107592764866, 43.345434221326173 ], [ -1.783119927947446, 43.345434353078289 ], [ -1.783168729435461, 43.345461885583788 ], [ -1.78323004659876, 43.345480546437088 ], [ -1.783291183377282, 43.345508210626477 ], [ -1.783340164270938, 43.345526740637872 ], [ -1.783352320139878, 43.345535873883954 ], [ -1.78341345703579, 43.345563538005365 ], [ -1.783450283275325, 43.34557293377577 ], [ -1.783474593915685, 43.345591201194935 ], [ -1.783535730928991, 43.345618865248454 ], [ -1.783560401300486, 43.345619127755675 ], [ -1.783597047147766, 43.345637525950458 ], [ -1.783658184269002, 43.345665189935772 ], [ -1.783670519427648, 43.345665320727178 ], [ -1.783719501807111, 43.345683850514597 ], [ -1.783780818154536, 43.345702511113373 ], [ -1.783817644617495, 43.345711907657666 ], [ -1.783842135846696, 43.345721172521138 ], [ -1.783903452273634, 43.345739833050963 ], [ -1.783964949209495, 43.34574949196881 ], [ -1.784026625246067, 43.345750147532748 ], [ -1.7840890215547, 43.345714793213936 ], [ -1.784151595691343, 43.345670436493819 ], [ -1.784214170962054, 43.345626079684585 ], [ -1.784264410919761, 43.345581591220409 ], [ -1.784277105596837, 43.34556371794563 ], [ -1.784302314436846, 43.345536972070924 ], [ -1.784340038864934, 43.345501356227516 ], [ -1.784352554323374, 43.345492484466831 ], [ -1.784378122525326, 43.345447733682306 ], [ -1.7843790217097, 43.34540272142182 ], [ -1.784379919662287, 43.345357709217396 ], [ -1.784368482454143, 43.345312565406175 ], [ -1.784357045263917, 43.345267421595302 ], [ -1.784357944461941, 43.345222409341183 ], [ -1.784345968758551, 43.345204272840029 ], [ -1.784346507297863, 43.345177265532286 ], [ -1.784335070151707, 43.345132121723772 ], [ -1.784335968059765, 43.34508710863102 ], [ -1.784324532244773, 43.345041965667946 ], [ -1.784325430159658, 43.344996952578377 ], [ -1.784313993065795, 43.344951808773807 ], [ -1.784302554841209, 43.344906755145544 ], [ -1.784291117783074, 43.344861611341656 ], [ -1.784292017026351, 43.344816599102003 ], [ -1.784292915037761, 43.344771586918412 ], [ -1.78429381297313, 43.344726573838393 ], [ -1.784294710981825, 43.34468156165785 ], [ -1.784295610144759, 43.344636548526452 ], [ -1.784296508150553, 43.34459153634895 ], [ -1.784297406080401, 43.344546523275085 ], [ -1.784298305313761, 43.344501511046239 ], [ -1.784298484422026, 43.344492508633344 ], [ -1.784299203315346, 43.34445649887337 ], [ -1.784312436207288, 43.344411617420157 ], [ -1.784313335352256, 43.344366604297846 ], [ -1.784301179577557, 43.344357471167896 ], [ -1.784264893701286, 43.344321067453713 ], [ -1.784240402999042, 43.344311802695849 ], [ -1.784191781097202, 43.344275268286623 ], [ -1.784179446160359, 43.344275136656826 ], [ -1.784118490704149, 43.344238471428028 ], [ -1.78409400006054, 43.344229206637571 ], [ -1.784057354875504, 43.344210807732892 ], [ -1.783996038720674, 43.344192146468579 ], [ -1.783996219105555, 43.344183144003836 ], [ -1.783934903074586, 43.344164483603187 ], [ -1.783886102319186, 43.344136951470475 ], [ -1.783873767412557, 43.344136819805904 ], [ -1.783812631883945, 43.344109156872598 ], [ -1.783763652043214, 43.34409062709512 ], [ -1.783751315916514, 43.34409049547105 ], [ -1.783690001293685, 43.34407183487847 ], [ -1.78364120073374, 43.344044302637229 ], [ -1.783628865847592, 43.344044170944727 ], [ -1.78356773053473, 43.344016507874997 ], [ -1.783518749621129, 43.343997978042438 ], [ -1.783506414745173, 43.343997846335931 ], [ -1.783445100300309, 43.343979185605882 ], [ -1.783383965069973, 43.343951521535757 ], [ -1.783322649483688, 43.343932860791426 ], [ -1.783261335092848, 43.343914199060215 ], [ -1.783236844724844, 43.34390493407804 ], [ -1.783200019585979, 43.343895538246905 ], [ -1.783138704044205, 43.343876876501227 ], [ -1.783077209319623, 43.343867218025501 ], [ -1.783052720231541, 43.343857952947509 ], [ -1.783015895152718, 43.343848557054073 ], [ -1.782954579720549, 43.343829895204657 ], [ -1.78289326563306, 43.343811234164249 ], [ -1.782831950280314, 43.343792572245896 ], [ -1.782770815616884, 43.343764908731174 ], [ -1.782709501583428, 43.343746246689605 ], [ -1.782648186433941, 43.343727585565986 ], [ -1.782623696243816, 43.343718320446328 ], [ -1.782586871324163, 43.343708924407835 ], [ -1.782525557409836, 43.343690262262825 ], [ -1.782488913142855, 43.34367186373246 ], [ -1.782464423002012, 43.343662598577112 ], [ -1.782403107946276, 43.343643936417855 ], [ -1.782378798466894, 43.343625668785087 ], [ -1.782341973646374, 43.343616272663937 ], [ -1.782293354765205, 43.343579737366476 ], [ -1.782281018751224, 43.343579605574796 ], [ -1.782219884578169, 43.343551941753255 ], [ -1.782158390279794, 43.343542281859747 ], [ -1.782146236250831, 43.343533148438965 ], [ -1.782097076756027, 43.343523620372231 ], [ -1.782035942656054, 43.343495955549962 ], [ -1.781999117974318, 43.343486559313035 ], [ -1.78197462799106, 43.343477294048164 ], [ -1.781913133887954, 43.343467634913729 ], [ -1.781864334688529, 43.343440101883758 ], [ -1.781851999935671, 43.343439969988694 ], [ -1.781815895676849, 43.343394563077382 ], [ -1.78179158648888, 43.343376295316119 ], [ -1.781779791549512, 43.343349157053503 ], [ -1.781743685021423, 43.343303840351481 ], [ -1.7817313502981, 43.343303708442711 ], [ -1.781695246219698, 43.34325830149583 ], [ -1.781670937127362, 43.343240033709392 ], [ -1.78164680756903, 43.343212763518025 ], [ -1.781610343335724, 43.343185361399279 ], [ -1.781598368994908, 43.343167225520084 ], [ -1.781549570200238, 43.343139692354455 ], [ -1.78152525997386, 43.343121424591388 ], [ -1.781488616313231, 43.343103024832239 ], [ -1.781452152299259, 43.343075623560416 ], [ -1.781427662578471, 43.343066358174632 ], [ -1.781366529284903, 43.343038692983747 ], [ -1.78136670884668, 43.343029690585738 ], [ -1.781305396124619, 43.343011028656882 ], [ -1.781256597602176, 43.342983495362397 ], [ -1.781244262948531, 43.342983363398119 ], [ -1.781182949085161, 43.342964701454974 ], [ -1.781121635186912, 43.342946038579363 ], [ -1.781084812235877, 43.342936641980721 ], [ -1.781060141793642, 43.342936378964005 ], [ -1.780998829270217, 43.342917716862708 ], [ -1.780937335853261, 43.34290805627986 ], [ -1.78087584253141, 43.342898396560038 ], [ -1.780814349230263, 43.342888736805335 ], [ -1.780802014597821, 43.342888604790659 ], [ -1.780752675062199, 43.342888079466121 ], [ -1.780691002125969, 43.342887422037343 ], [ -1.780629327886141, 43.342886763729894 ], [ -1.780567474036241, 43.342895108680899 ], [ -1.780505801094602, 43.342894451146542 ], [ -1.780444126923942, 43.34289379363144 ], [ -1.780382453985028, 43.342893136026802 ], [ -1.780320600092634, 43.342901480836694 ], [ -1.780258746182235, 43.342909825611308 ], [ -1.780196892253924, 43.342918170350593 ], [ -1.780172043305969, 43.342926909472204 ], [ -1.780134858553941, 43.34293551744986 ], [ -1.780073004580116, 43.342943862118467 ], [ -1.78001115058838, 43.342952206751782 ], [ -1.779949477517329, 43.342951548002333 ], [ -1.779887803292007, 43.342950890170066 ], [ -1.779826310100373, 43.342941229853395 ], [ -1.779764456075744, 43.342949574345688 ], [ -1.779702602033293, 43.342957918802639 ], [ -1.779640747972838, 43.34296626322427 ], [ -1.779579254806212, 43.342956602767082 ], [ -1.779517761585736, 43.342946941377043 ], [ -1.77945608860052, 43.342946283244274 ], [ -1.779394595486259, 43.342936622682245 ], [ -1.779332921283154, 43.342935964533702 ], [ -1.779271248311887, 43.342935306295558 ], [ -1.7792095741116, 43.342934648076707 ], [ -1.779148080976521, 43.342924986476703 ], [ -1.779085865880054, 43.342951336320624 ], [ -1.779048682105725, 43.342959942972712 ], [ -1.779023651882387, 43.34297768517694 ], [ -1.77896161653486, 43.342995031658674 ], [ -1.778949102019266, 43.343003902724433 ], [ -1.778948199861652, 43.343048914802928 ], [ -1.778947297702536, 43.343093926882915 ], [ -1.778959271268398, 43.343112063952475 ], [ -1.779008068802128, 43.343139598285852 ], [ -1.779020223555636, 43.343148732899927 ], [ -1.77908117461545, 43.343185400970548 ], [ -1.779093510463261, 43.343185532229107 ], [ -1.779142127057817, 43.343222069851421 ], [ -1.779166616402759, 43.34323133485772 ], [ -1.779203259403515, 43.343249735405095 ], [ -1.77926439303816, 43.343277400870406 ], [ -1.779276727750295, 43.343277533060451 ], [ -1.779325525575804, 43.343305067254128 ], [ -1.779386837969459, 43.343323730309216 ], [ -1.779386658097582, 43.343332732705932 ], [ -1.779447790752616, 43.343360399021748 ], [ -1.779472280205386, 43.343369663959798 ], [ -1.779508743538685, 43.343397066803 ], [ -1.77955772142182, 43.343415598496883 ], [ -1.779569876246007, 43.34342473215321 ], [ -1.779631009086587, 43.343452398367425 ], [ -1.779667833360371, 43.343461795410107 ], [ -1.779692141911298, 43.343480063649729 ], [ -1.779753455914768, 43.343498727343039 ], [ -1.779777945550025, 43.343507993110833 ], [ -1.779814588847311, 43.343526392557123 ], [ -1.779875721838639, 43.343554057737265 ], [ -1.779875542042412, 43.343563060136375 ], [ -1.779936495389555, 43.343599728580287 ], [ -1.77994883009765, 43.343599859795759 ], [ -1.779997447584003, 43.34363639704528 ], [ -1.78000960252445, 43.343645530653745 ], [ -1.780058221243644, 43.343682066924856 ], [ -1.780082709775548, 43.34369133267937 ], [ -1.780118993843824, 43.34372773772423 ], [ -1.780143484790479, 43.343736913235048 ], [ -1.780179768851275, 43.343773317362846 ], [ -1.780204257441495, 43.343782583090523 ], [ -1.780240541644003, 43.343818988097119 ], [ -1.780265031493761, 43.343828253756975 ], [ -1.780301314533148, 43.343864658798864 ], [ -1.780325804411991, 43.343873924445255 ], [ -1.780362087443949, 43.343910328570111 ], [ -1.780374242574539, 43.343919463037473 ], [ -1.780422861756008, 43.343955999152342 ], [ -1.780435015600927, 43.343965132769668 ], [ -1.780483634859455, 43.34400166885851 ], [ -1.780495790028574, 43.344010803312806 ], [ -1.780544589057503, 43.344038336972069 ], [ -1.780581232936767, 43.344056736166117 ], [ -1.780605542102668, 43.344075005106738 ], [ -1.780666676055653, 43.344102669851523 ], [ -1.780727630402414, 43.344139336966826 ], [ -1.780752120466525, 43.344148602518644 ], [ -1.780788584901231, 43.344176004946782 ], [ -1.780825229020512, 43.344194404958081 ], [ -1.780849538247342, 43.344212672947862 ], [ -1.780898337616128, 43.344240206451765 ], [ -1.780910492826707, 43.344249339963234 ], [ -1.780971447558314, 43.344286007843237 ], [ -1.781032401062444, 43.344322674846417 ], [ -1.781056891253558, 43.344331940330534 ], [ -1.781093355949182, 43.344359342659743 ], [ -1.78114233638996, 43.344377873595484 ], [ -1.78115449043797, 43.344387007134912 ], [ -1.781215445470343, 43.344423674881284 ], [ -1.781276400505786, 43.34446034169639 ], [ -1.781288554666936, 43.344469476119293 ], [ -1.781337174892081, 43.344506011838618 ], [ -1.781361663979734, 43.344515277309483 ], [ -1.781398128861692, 43.344542678641886 ], [ -1.781422439647314, 43.344560946453363 ], [ -1.781458904661658, 43.344588348664153 ], [ -1.781483214255436, 43.344606616517019 ], [ -1.781519679327578, 43.344634018708327 ], [ -1.781543988959978, 43.344652286548154 ], [ -1.781580454015226, 43.344679687821973 ], [ -1.781617098707612, 43.344698087572155 ], [ -1.781641409628293, 43.344716355336573 ] ], [ [ -1.783162074982557, 43.345794977800814 ], [ -1.783101118566139, 43.345758311956317 ], [ -1.78308896261538, 43.345749177782544 ], [ -1.783040160922186, 43.345721645235031 ], [ -1.783015850364415, 43.345703377716454 ], [ -1.78297920466081, 43.34568497932387 ], [ -1.782930403074419, 43.345657446728211 ], [ -1.782918247172086, 43.345648312535957 ], [ -1.782857110498577, 43.345620649030835 ], [ -1.78283262070076, 43.345611383890613 ], [ -1.782795794462746, 43.345601987011783 ], [ -1.782734657897163, 43.345574323438441 ], [ -1.782710166908331, 43.345565058325334 ], [ -1.782673340719885, 43.345555661405079 ], [ -1.78261220426223, 43.345527997763554 ], [ -1.78260004966803, 43.345518863481999 ], [ -1.78255106778866, 43.345500333190103 ], [ -1.782514601752632, 43.345472932226293 ], [ -1.782490112072657, 43.345463667009618 ], [ -1.782428975725943, 43.345436002368523 ], [ -1.782429155129128, 43.345426999952295 ], [ -1.782368017698897, 43.345399425453515 ], [ -1.782331371165014, 43.345381026900228 ], [ -1.782306881553554, 43.345371761642753 ], [ -1.7822457453923, 43.345344096900043 ], [ -1.782233589739188, 43.345334963530988 ], [ -1.78218460936444, 43.345316433021338 ], [ -1.782148143544323, 43.345289031039897 ], [ -1.782123652771031, 43.345279765796029 ], [ -1.78207503139447, 43.345243230408585 ], [ -1.782062877020074, 43.3452340969666 ], [ -1.782014255720574, 43.345197561553135 ], [ -1.782002101290749, 43.345188427206679 ], [ -1.781965815187817, 43.345152023650783 ], [ -1.781941325732447, 43.345142758312157 ], [ -1.781892704512469, 43.345106221948654 ], [ -1.781880548965485, 43.345097088541571 ], [ -1.781831929127552, 43.345060552995534 ], [ -1.78181959402793, 43.34506042109664 ], [ -1.781758638012254, 43.345023754570775 ], [ -1.781746483659697, 43.345014620196835 ], [ -1.781697502483374, 43.344996089525658 ], [ -1.781648702092697, 43.344968556366283 ], [ -1.781636367087787, 43.344968425344504 ], [ -1.781575231750892, 43.344940761129365 ], [ -1.781550921912399, 43.344922492394595 ], [ -1.781514275942666, 43.344904093571245 ], [ -1.781453140732629, 43.344876429288512 ], [ -1.781392005506691, 43.344848764073838 ], [ -1.781355360864956, 43.344830365143252 ], [ -1.781330870414135, 43.34482109972317 ], [ -1.781269735305592, 43.344793434440582 ], [ -1.781245244884141, 43.344784169001365 ], [ -1.781208420738448, 43.344774772431634 ], [ -1.781147104906238, 43.344756109544718 ], [ -1.781085069513777, 43.344773457213115 ], [ -1.781072553708577, 43.344782328590952 ], [ -1.781046983234987, 43.344827078571583 ], [ -1.781033747629939, 43.344871958741678 ], [ -1.78102051084848, 43.344916839864034 ], [ -1.781044280432178, 43.344962116004176 ], [ -1.781031044868598, 43.34500699707651 ], [ -1.78105481442317, 43.345052272319514 ], [ -1.781053913878109, 43.34509728448586 ], [ -1.78105301340632, 43.345142297551675 ], [ -1.78106444790888, 43.345187440809546 ], [ -1.781076602189872, 43.345196575261276 ], [ -1.781112887833736, 43.345232980014579 ], [ -1.781124321170803, 43.345278123323659 ], [ -1.781135755830761, 43.345323267476623 ], [ -1.781148090985077, 43.345323399453498 ], [ -1.78115952567264, 43.345368543605488 ], [ -1.781183295477278, 43.345413818832753 ], [ -1.781194730210358, 43.345458962984125 ], [ -1.781194550614236, 43.345467965398512 ], [ -1.781206164886763, 43.345504106237883 ], [ -1.781205264527538, 43.345549119318918 ], [ -1.781204362861833, 43.345594131558016 ], [ -1.781228132794743, 43.345639406783185 ], [ -1.781227232450565, 43.345684419869052 ], [ -1.781189508437293, 43.345719945299599 ], [ -1.781140886127978, 43.345683499656076 ], [ -1.781128730503796, 43.345674365262603 ], [ -1.781066873734204, 43.345682710516847 ], [ -1.781028967616225, 43.345727328537784 ], [ -1.781003936726, 43.345745070339632 ], [ -1.780991062593388, 43.345771856370902 ], [ -1.780965491617541, 43.345816606366029 ], [ -1.780940640305951, 43.345825345737957 ], [ -1.780927584102593, 43.345861224410399 ], [ -1.780889677759345, 43.345905842388561 ], [ -1.780876981956304, 43.34592371527053 ], [ -1.780876440628208, 43.345950723528674 ], [ -1.780875539929874, 43.345995735724372 ], [ -1.780813142575966, 43.346031088143036 ], [ -1.780789193146448, 43.345994815230519 ], [ -1.78076542341179, 43.345949539896594 ], [ -1.780753809251316, 43.345913398099718 ], [ -1.780753988917674, 43.345904395682965 ], [ -1.780804230558809, 43.345859908870594 ], [ -1.78081674671393, 43.345851038414438 ], [ -1.780866808611696, 43.345815553990917 ], [ -1.780879324672966, 43.345806682629892 ], [ -1.78090471375919, 43.345771026199827 ], [ -1.780917949596635, 43.345726145116828 ], [ -1.780943341007791, 43.345690398449484 ], [ -1.780955857030186, 43.345681527080409 ], [ -1.780981427953581, 43.345636777092217 ], [ -1.78100663842967, 43.345610032881872 ], [ -1.781019334048805, 43.345592159091041 ], [ -1.781057241315728, 43.345547541023663 ], [ -1.78105814186523, 43.345502528841884 ], [ -1.781059042413228, 43.34545751666159 ], [ -1.781047607786728, 43.345412372495943 ], [ -1.78103617440853, 43.345367228276167 ], [ -1.781024739817858, 43.345322084111174 ], [ -1.781012763986969, 43.345303948192061 ], [ -1.781000970175627, 43.345276808852269 ], [ -1.781001870764754, 43.345231796680196 ], [ -1.780990436227826, 43.34518665251624 ], [ -1.780979001708815, 43.345141508352675 ], [ -1.780955052544591, 43.345105235501421 ], [ -1.780955232176995, 43.345096233089919 ], [ -1.780919127587113, 43.345050825822 ], [ -1.78090769315091, 43.345005681655529 ], [ -1.780908595039037, 43.344960669439097 ], [ -1.780896439604138, 43.344951535024542 ], [ -1.780884825637121, 43.344915394167138 ], [ -1.780885726236826, 43.344870381110518 ], [ -1.780874291862591, 43.344825236946733 ], [ -1.780850522543486, 43.344779961671918 ], [ -1.780838727685403, 43.344752822379668 ], [ -1.780839088214768, 43.344734817507515 ], [ -1.780802984017406, 43.344689411111268 ], [ -1.78077903507727, 43.344653137335619 ], [ -1.780779214735761, 43.34464413492752 ], [ -1.780755445566044, 43.34459885963804 ], [ -1.780719161777621, 43.344562454728042 ], [ -1.780719341445179, 43.344553452320618 ], [ -1.780670902477061, 43.344507913860916 ], [ -1.78065856757306, 43.344507782727682 ], [ -1.780597612805957, 43.34447111466519 ], [ -1.78058545759819, 43.344461981117057 ], [ -1.780536658191093, 43.344434447467336 ], [ -1.780500014011314, 43.34441604735494 ], [ -1.780475523873993, 43.344406781744176 ], [ -1.780414570635131, 43.344370114424933 ], [ -1.780353436444974, 43.344342448634087 ], [ -1.780341461028919, 43.344324312654216 ], [ -1.780292482121469, 43.344305781302275 ], [ -1.780268352769191, 43.344278510781301 ], [ -1.780231708774231, 43.344260110580201 ], [ -1.780207579469836, 43.344232840046622 ], [ -1.780171115350007, 43.34420543831947 ], [ -1.780159141175589, 43.344187301368919 ], [ -1.780110521966177, 43.344150765129108 ], [ -1.780110701727531, 43.344141762725549 ], [ -1.780062263586388, 43.344096224007636 ], [ -1.780049928697318, 43.34409609190709 ], [ -1.780001490642583, 43.344050553163527 ], [ -1.779989335617997, 43.344041419551331 ], [ -1.779953052664402, 43.344005014399904 ], [ -1.779928562789782, 43.343995748668206 ], [ -1.779892279903329, 43.343959343497637 ], [ -1.779867969856534, 43.343941075350756 ], [ -1.779831506082789, 43.34391367351521 ], [ -1.779807017496795, 43.343904407702254 ], [ -1.779746063909786, 43.343867739176872 ], [ -1.779684930647952, 43.343840073916873 ], [ -1.779648284731786, 43.34382176375459 ], [ -1.779623615147471, 43.343821500355709 ], [ -1.779562480763202, 43.343793835081868 ], [ -1.779525837376356, 43.343775435546462 ], [ -1.779501347667893, 43.343766169719693 ], [ -1.779440034691883, 43.343747505825256 ], [ -1.779403390143235, 43.343729106303435 ], [ -1.779378901704501, 43.343719840394868 ], [ -1.779317587661642, 43.343701177384077 ], [ -1.779280944337339, 43.343682776869045 ], [ -1.779256454707626, 43.3436735109875 ], [ -1.779194960850855, 43.343663850306655 ], [ -1.779133828069861, 43.343636184739552 ], [ -1.779072695273006, 43.343608518240558 ], [ -1.77901138144775, 43.343589855057829 ], [ -1.778950067662202, 43.343571191840596 ], [ -1.778901269790737, 43.343543657471969 ], [ -1.778888935022507, 43.343543525239099 ], [ -1.778827802516152, 43.343515859501629 ], [ -1.778778824782525, 43.343497327475866 ], [ -1.778766488868781, 43.343497196181396 ], [ -1.778705356395709, 43.343469529477765 ], [ -1.77865637874083, 43.343450997397227 ], [ -1.778644044067633, 43.343450866034388 ], [ -1.778583091774749, 43.343414197764488 ], [ -1.77857093703463, 43.343405063099453 ], [ -1.778522139484975, 43.343377528563323 ], [ -1.77849783134818, 43.343359260062257 ], [ -1.778461187347215, 43.34334086022676 ], [ -1.778400055186549, 43.343313193353929 ], [ -1.778338743123669, 43.343294529739794 ], [ -1.778289944548193, 43.343266995155624 ], [ -1.778277609915216, 43.343266863751069 ], [ -1.77821647792117, 43.34323919677604 ], [ -1.778167500619249, 43.343220664477464 ], [ -1.778155165996465, 43.343220533058911 ], [ -1.778093852881127, 43.343201869361714 ], [ -1.778032359722419, 43.343192208023545 ], [ -1.777983381289386, 43.343173675696704 ], [ -1.777971046602451, 43.343173543359256 ], [ -1.777909734827076, 43.343154879503977 ], [ -1.77784842186107, 43.343136215668608 ], [ -1.777811598017459, 43.343126817111013 ], [ -1.777786928813653, 43.343126554191443 ], [ -1.777725615843018, 43.343107889388911 ], [ -1.777664122846322, 43.343098227842141 ], [ -1.777602811250473, 43.34307956381403 ], [ -1.777541498463993, 43.343060899805799 ], [ -1.777480005548394, 43.343051238154722 ], [ -1.777418692757293, 43.343032573179379 ], [ -1.777357199892508, 43.343022911458725 ], [ -1.777295707048249, 43.343013249703176 ], [ -1.777234395662118, 43.342994585467473 ], [ -1.777197572009144, 43.342985186701931 ], [ -1.777172902868763, 43.342984923642327 ], [ -1.777111590247677, 43.342966258493888 ], [ -1.777050277740827, 43.342947594208916 ], [ -1.777013455452675, 43.342938196224594 ], [ -1.776988785028387, 43.342937932279469 ], [ -1.776927292336658, 43.342928270315149 ], [ -1.77686598116025, 43.342909605871881 ], [ -1.776804488519244, 43.342899943837978 ], [ -1.776792334169499, 43.342890808976662 ], [ -1.776743356391375, 43.342872276092692 ], [ -1.776719229318733, 43.342845004810052 ], [ -1.776682587442955, 43.342826604324976 ], [ -1.776658583971514, 43.342799333876769 ], [ -1.7766219409138, 43.342780933426205 ], [ -1.776585479342994, 43.342753529622975 ], [ -1.77656099177188, 43.342744263083482 ], [ -1.776499679679522, 43.342725598489643 ], [ -1.776438187296357, 43.342715936248901 ], [ -1.776413698534561, 43.34270666973071 ], [ -1.776376875273909, 43.342697271585827 ], [ -1.776315382941464, 43.342687609275501 ], [ -1.776253890629731, 43.34267794693028 ], [ -1.776217248934235, 43.342659545392024 ], [ -1.776192578632879, 43.342659281265405 ], [ -1.776131448358812, 43.342631614023013 ], [ -1.776070137755749, 43.342612949132963 ], [ -1.776008644334464, 43.342603286703294 ], [ -1.775947152164131, 43.342593624184367 ], [ -1.775885841661079, 43.342574959190415 ], [ -1.775824349541561, 43.342565296601883 ], [ -1.775762857368158, 43.342555633080508 ], [ -1.775701362897403, 43.342546060652339 ], [ -1.775639690384836, 43.342545400344235 ], [ -1.775578016643441, 43.342544740055374 ], [ -1.775516344133701, 43.342544079676955 ], [ -1.775455032592642, 43.342525414493942 ], [ -1.775442878610284, 43.342516280381645 ], [ -1.775393721091297, 43.342506749276446 ], [ -1.775332410859999, 43.34248808397011 ], [ -1.775283433893617, 43.342469550430941 ], [ -1.775271099438085, 43.342469418683692 ], [ -1.775209607459754, 43.342459754848569 ], [ -1.775148477869233, 43.342432087055016 ], [ -1.775099320545242, 43.342422556714624 ], [ -1.775086986025789, 43.342422424048436 ], [ -1.775025674753212, 43.342403758623831 ], [ -1.774964182960492, 43.342394095547668 ], [ -1.774902871757826, 43.342375430053899 ], [ -1.774841380016015, 43.342365766908124 ], [ -1.774792042138325, 43.342365237913185 ], [ -1.77473055042588, 43.342355574704506 ], [ -1.774668876898047, 43.342354913897474 ], [ -1.774607204601869, 43.34235425300097 ], [ -1.774545712932228, 43.342344589687315 ], [ -1.774484039418178, 43.342343928774923 ], [ -1.774422367135963, 43.342343267772996 ], [ -1.774360693624742, 43.342342606790268 ], [ -1.774298839451377, 43.342350948153957 ], [ -1.77423734783697, 43.342341284665068 ], [ -1.774175675560322, 43.342340623522531 ], [ -1.774114183977582, 43.342330959963704 ], [ -1.774052329855511, 43.342339302084298 ], [ -1.77399065635278, 43.342338640890674 ], [ -1.773928984081884, 43.3423379796075 ], [ -1.773867492543238, 43.342328315908482 ], [ -1.773843004359596, 43.342319048811184 ], [ -1.77380636366209, 43.342300646461446 ], [ -1.773745052933837, 43.342281980312862 ], [ -1.773720564863949, 43.342272714086107 ], [ -1.773683742245299, 43.34226331412976 ], [ -1.773622250827443, 43.34225365029193 ], [ -1.7735607594303, 43.342243986419206 ], [ -1.77349926805378, 43.342234322511594 ], [ -1.773474779969196, 43.342225055331625 ], [ -1.77343795749555, 43.3422156561899 ], [ -1.773376285362515, 43.342214994591764 ], [ -1.773314612000566, 43.342214333012777 ], [ -1.773252939870454, 43.342213671344311 ], [ -1.773191266585801, 43.342213010592992 ], [ -1.773129413612603, 43.342221351232872 ], [ -1.773104743512995, 43.342221086402226 ], [ -1.773067559391174, 43.342229691891816 ], [ -1.773005342190936, 43.34225603732709 ], [ -1.77296815803172, 43.342264642782716 ], [ -1.772943307113721, 43.342273381191987 ], [ -1.772881271924618, 43.342290724123544 ], [ -1.772831571188116, 43.342308199944533 ], [ -1.772819054573334, 43.342317069452932 ], [ -1.772757382338882, 43.342316407501919 ], [ -1.772719652986922, 43.342352021015806 ], [ -1.77270641153996, 43.342396900980162 ], [ -1.772693350987033, 43.342432778564955 ], [ -1.772680835554258, 43.342441648003899 ], [ -1.772692989157565, 43.342450783323962 ], [ -1.772704597565167, 43.342486925890498 ], [ -1.772703690538375, 43.342531937899025 ], [ -1.772752122780332, 43.342577479802515 ], [ -1.772775884828799, 43.34262275678023 ], [ -1.77278731242227, 43.342667901723786 ], [ -1.772811437560141, 43.342695173879598 ], [ -1.772811075765915, 43.342713178642555 ], [ -1.772847172502829, 43.342758588534991 ], [ -1.772871297707079, 43.342785860679314 ], [ -1.772883269222262, 43.342803997518992 ], [ -1.772919367303288, 43.342849407336168 ], [ -1.772931519725591, 43.342858541788615 ], [ -1.772967798752042, 43.342894949208478 ], [ -1.77299210493996, 43.342913218945483 ], [ -1.773016230277436, 43.342940491060723 ], [ -1.773052691425175, 43.342967895118427 ], [ -1.773076997670678, 43.342986164837384 ], [ -1.773113638496666, 43.343004566545829 ], [ -1.773162434376711, 43.343032103459137 ], [ -1.77317476902231, 43.343032236344783 ], [ -1.773236079133667, 43.343050902881586 ], [ -1.773297390515089, 43.343069569329579 ], [ -1.773334213511407, 43.343078968525248 ], [ -1.773358701936227, 43.343088235743068 ], [ -1.773420194200386, 43.343097899736883 ], [ -1.773481506856981, 43.343116475905497 ], [ -1.773518329913298, 43.34312587503883 ], [ -1.773542818387657, 43.343135142215317 ], [ -1.773604128727701, 43.343153808545047 ], [ -1.773640771133408, 43.343172210920891 ], [ -1.773665258342327, 43.343181477226416 ], [ -1.773713872647729, 43.343218016335477 ], [ -1.773726207334299, 43.343218149158325 ], [ -1.773787156329458, 43.34325482015894 ], [ -1.773811644901836, 43.3432640872755 ], [ -1.773848468106314, 43.343273486297541 ], [ -1.773909779922885, 43.343292152401659 ], [ -1.773971090548822, 43.343310818525637 ], [ -1.773995759888543, 43.343311083213315 ], [ -1.774032583153076, 43.343320482173027 ], [ -1.774094075778044, 43.343330145785508 ], [ -1.774155387734444, 43.343348811751234 ], [ -1.774216880410138, 43.343358475294096 ], [ -1.774229215128022, 43.343358608059624 ], [ -1.774278373106456, 43.343368138802127 ], [ -1.774339865897971, 43.34337780317324 ], [ -1.774401177984682, 43.343396469000361 ], [ -1.774450334793588, 43.343405999719344 ], [ -1.774462547123363, 43.343406130656362 ], [ -1.774523858049594, 43.343424796468739 ], [ -1.774585350868152, 43.343434459802772 ], [ -1.774646843707424, 43.343444123101925 ], [ -1.774671332498388, 43.343453390025246 ], [ -1.774708156038606, 43.343462789653984 ], [ -1.774769648928607, 43.343472452883539 ], [ -1.774818987679499, 43.343472980991173 ], [ -1.774880300022649, 43.343491646548138 ], [ -1.774941792972305, 43.343501309680079 ], [ -1.775003105385369, 43.343519975167837 ], [ -1.775064598460429, 43.343529639128164 ], [ -1.775125909713049, 43.343548304601065 ], [ -1.775150579085237, 43.343548568127524 ], [ -1.775187402764341, 43.343557967593803 ], [ -1.775248895836347, 43.343567630551689 ], [ -1.775310208419436, 43.343586295866359 ], [ -1.775359366845351, 43.343595827017317 ], [ -1.775371521042238, 43.343604961146539 ], [ -1.775432832474401, 43.343623626446636 ], [ -1.775494325657527, 43.34363328926549 ], [ -1.775531149446833, 43.343642688615446 ], [ -1.775555638464461, 43.343651955339972 ], [ -1.77561695000625, 43.3436706205364 ], [ -1.775678262818115, 43.343689285643961 ], [ -1.77569059753566, 43.343689417344891 ], [ -1.775739575669693, 43.343707950717032 ], [ -1.77580088733063, 43.343726615810006 ], [ -1.775850045957479, 43.34373614673904 ], [ -1.77586220026164, 43.343745280814119 ], [ -1.775923331662254, 43.343772949130056 ], [ -1.775947820798295, 43.343782215766765 ], [ -1.775984463047061, 43.343800616514095 ], [ -1.776045594490567, 43.343828283864212 ], [ -1.776057929313121, 43.34382841642126 ], [ -1.776106727223129, 43.343855951125967 ], [ -1.776155704402154, 43.34387448436641 ], [ -1.776167858858444, 43.343883619306084 ], [ -1.776228810111039, 43.343920288949782 ], [ -1.776241144879198, 43.343920420588027 ], [ -1.776289760210751, 43.343956958614612 ], [ -1.776326584336692, 43.343966357696104 ], [ -1.776350892041176, 43.34398462669342 ], [ -1.776399690297851, 43.344012162167246 ], [ -1.776411843517063, 43.344021296236846 ], [ -1.776485129943217, 43.344058098255367 ], [ -1.776533746775966, 43.344094636121731 ], [ -1.776558236146765, 43.344103902622557 ], [ -1.776594698484462, 43.344131305565234 ], [ -1.776631341161729, 43.344149706098385 ], [ -1.776655468813523, 43.344176978325741 ], [ -1.776692111539325, 43.344195378838926 ], [ -1.776716420686651, 43.344213647702944 ], [ -1.776777552919686, 43.344241314648158 ], [ -1.776838505012972, 43.34427798485639 ], [ -1.776862993205889, 43.344287250445952 ], [ -1.776899637372864, 43.344305651733976 ], [ -1.77694843493319, 43.344333187021412 ], [ -1.776960588307077, 43.344342321031625 ], [ -1.77702172202411, 43.344369987787239 ], [ -1.777046210360101, 43.344379254233921 ], [ -1.77708267317857, 43.344406657915833 ], [ -1.77713165236985, 43.344425190667934 ], [ -1.777143625566356, 43.344443327058819 ], [ -1.777180090861842, 43.344470640478995 ], [ -1.777203857169746, 43.34451591654949 ], [ -1.777216192067708, 43.344516048076606 ], [ -1.777252293404897, 43.344561456561642 ], [ -1.777264086534753, 43.344588596240904 ], [ -1.777288394798981, 43.344606865036262 ], [ -1.777312161248153, 43.344652141087636 ], [ -1.777323954424757, 43.344679280762207 ], [ -1.777360597683291, 43.344697681056068 ], [ -1.777384725835179, 43.344724952234245 ], [ -1.777409035425454, 43.344743220950022 ], [ -1.777445137056903, 43.344788629378584 ], [ -1.777444955646759, 43.344797631836549 ], [ -1.77746890370418, 43.344833905401799 ], [ -1.777492670388799, 43.344879181421369 ], [ -1.777504463696876, 43.344906321080991 ], [ -1.777516437110674, 43.344924457437294 ], [ -1.777540203869982, 43.344969733449531 ], [ -1.777539300655677, 43.345014746481667 ], [ -1.777550732380469, 43.345059890106484 ], [ -1.7775621641977, 43.345105034629519 ], [ -1.77756144116113, 43.345141045260341 ], [ -1.777573596032844, 43.345150179152945 ], [ -1.77757269276726, 43.345195191293598 ], [ -1.777584124628536, 43.345240335819014 ], [ -1.777595556507724, 43.345285480344771 ], [ -1.777594653257079, 43.345330492490234 ], [ -1.777606085162491, 43.34537563701798 ], [ -1.777617517085721, 43.345420781546096 ], [ -1.77761661385011, 43.345465793696413 ], [ -1.777628045799473, 43.345510938226482 ], [ -1.777639477766839, 43.345556082756914 ], [ -1.777650908447091, 43.34560122644411 ], [ -1.777662340450185, 43.345646370975224 ], [ -1.777661437246141, 43.345691383133655 ], [ -1.777660534115128, 43.345736396191583 ], [ -1.777647295738449, 43.345781276876409 ], [ -1.777646392520537, 43.345826289039323 ], [ -1.777633154112194, 43.34587116972552 ], [ -1.77761991568323, 43.34591605041161 ], [ -1.777606677233643, 43.345960931097579 ], [ -1.777593437533032, 43.34600581183787 ], [ -1.777580198967672, 43.346050691625756 ], [ -1.777566960456226, 43.346095572311505 ], [ -1.777553721924159, 43.346140452997162 ], [ -1.777540844940281, 43.346167328801904 ], [ -1.777540483371469, 43.346185333682705 ], [ -1.777514909532675, 43.346230082876389 ], [ -1.777501669624223, 43.346274962716691 ], [ -1.777488431000098, 43.346319843400522 ], [ -1.777475915535703, 43.346328714318361 ], [ -1.777475192355352, 43.346364724084239 ], [ -1.777461953689982, 43.346409604767857 ], [ -1.777448715003993, 43.346454485451403 ], [ -1.777435476297386, 43.346499366134886 ], [ -1.777422236339828, 43.346544246872632 ], [ -1.777409179013381, 43.346580125085744 ], [ -1.777408997591977, 43.34658912755593 ], [ -1.77739575874897, 43.346634007341173 ], [ -1.777394855395664, 43.346679020429214 ], [ -1.777381617755125, 43.346723810937746 ], [ -1.777380714314833, 43.346768823130802 ], [ -1.77737981087322, 43.346813835325378 ], [ -1.777378907504727, 43.346858848419437 ], [ -1.777378004060201, 43.346903860617118 ], [ -1.777389436107918, 43.346949005221845 ], [ -1.777388532670295, 43.346994017422702 ], [ -1.777387629231256, 43.347039029625059 ], [ -1.77739906131333, 43.347084174233451 ], [ -1.777398338075472, 43.347120184019509 ], [ -1.777410493338782, 43.347129317944216 ], [ -1.77742192545668, 43.347174462553291 ], [ -1.777433357592489, 43.347219607162728 ], [ -1.777457125233104, 43.347264883272409 ], [ -1.777456582215066, 43.347291890643078 ], [ -1.777468557414427, 43.347310027881228 ], [ -1.777492325119991, 43.347355303986291 ], [ -1.777516092862814, 43.347400580087722 ], [ -1.777515731278623, 43.347418584985377 ], [ -1.777539860643073, 43.34744585618548 ], [ -1.777563628460682, 43.347491132279593 ], [ -1.777575240938329, 43.347527274462358 ], [ -1.777587396315546, 43.347536408370004 ], [ -1.777623499762969, 43.347581815937808 ], [ -1.777635292455318, 43.347608955693417 ], [ -1.777659603341732, 43.347627224393008 ], [ -1.777683371328135, 43.34767250046707 ], [ -1.777695345447524, 43.347690637739753 ], [ -1.777731810595415, 43.347718040374112 ], [ -1.777755938957163, 43.347745311586678 ], [ -1.777780249939258, 43.347763580261073 ], [ -1.77781671517368, 43.347790982868347 ], [ -1.777841024963867, 43.347809251584124 ], [ -1.77787767045233, 43.347827652644703 ], [ -1.777938807076783, 43.34785531900998 ], [ -1.777938626964549, 43.347864321435388 ], [ -1.77799994375994, 43.347882985341286 ], [ -1.778061260595049, 43.34790164921268 ], [ -1.77809826884857, 43.347902045239074 ], [ -1.778122758858631, 43.347911311467044 ], [ -1.778184437142237, 43.347911970362375 ], [ -1.778246116657792, 43.347912629168121 ], [ -1.778307794944311, 43.347913287993137 ], [ -1.778369293187009, 43.347922949209512 ], [ -1.778430971485979, 43.347923607964269 ], [ -1.778492649786271, 43.347924266683926 ], [ -1.778554328162617, 43.347924926266373 ], [ -1.778616007696264, 43.347925584861215 ], [ -1.778677686000786, 43.347926243475385 ], [ -1.778739544294146, 43.347917899627213 ], [ -1.778801223822392, 43.347918558116554 ], [ -1.7788629021216, 43.347919216625101 ], [ -1.778900090354054, 43.347910609949928 ], [ -1.778924761610952, 43.347910872616652 ], [ -1.778986619926598, 43.347902529525285 ], [ -1.779048298210766, 43.347903187928132 ], [ -1.779110157656161, 43.347894843813812 ], [ -1.77917201708364, 43.347886499664163 ], [ -1.779221720782932, 43.347869021754164 ], [ -1.779234056403137, 43.347869153051555 ], [ -1.779259629708989, 43.347824404293611 ], [ -1.779272867299304, 43.347779523341671 ], [ -1.779298260561136, 43.347743776106547 ], [ -1.779310777357237, 43.347734905811869 ], [ -1.779348686126116, 43.347690288324699 ], [ -1.779361562607254, 43.347663412273619 ], [ -1.779374259263579, 43.347645539545788 ], [ -1.779387497953968, 43.347600658531512 ], [ -1.779400735393299, 43.347555777571543 ], [ -1.779425767563522, 43.347538036116106 ], [ -1.779450979518785, 43.347511291331585 ], [ -1.779488708237711, 43.347475677126184 ], [ -1.779524993008609, 43.347512081631741 ], [ -1.779511755676087, 43.347556962605367 ], [ -1.77949851832295, 43.347601843578943 ], [ -1.779497616522413, 43.347646855819725 ], [ -1.779484919978624, 43.347664729460035 ], [ -1.779484379137614, 43.347691736794651 ], [ -1.779484018166572, 43.347709741702857 ], [ -1.779508147353968, 43.347737012524519 ], [ -1.779544433532135, 43.347773416976338 ], [ -1.779568924950419, 43.347782682821638 ], [ -1.779580357658504, 43.347827827279531 ], [ -1.779604308319267, 43.347864100455872 ], [ -1.779665806726921, 43.347873760934966 ], [ -1.779727484987967, 43.347874418950667 ], [ -1.779789163325084, 43.347875077829144 ], [ -1.77985084158904, 43.347875735774537 ], [ -1.779912521084756, 43.347876393630322 ], [ -1.779974199351526, 43.347877051505357 ], [ -1.780035877619707, 43.347877709345262 ], [ -1.780097555963873, 43.347878368047965 ], [ -1.780159234234777, 43.347879025817512 ], [ -1.780221093493366, 43.347870681068201 ], [ -1.780282771757546, 43.347871338767327 ], [ -1.780344630989996, 43.347862993947473 ], [ -1.780406309321847, 43.347863652474153 ], [ -1.78046798881106, 43.347864310013264 ], [ -1.780529667071239, 43.347864967571681 ], [ -1.780591345332734, 43.347865625094947 ], [ -1.780653023595726, 43.347866282583006 ], [ -1.780714882843716, 43.347857938449415 ], [ -1.780776741999203, 43.347849593382534 ], [ -1.780838420247152, 43.347850250764928 ], [ -1.780900098496418, 43.347850908112171 ], [ -1.780961776747183, 43.347851565424264 ], [ -1.781023635934665, 43.347843221114239 ], [ -1.781085495029644, 43.347834875870937 ], [ -1.781147354106704, 43.347826530592357 ], [ -1.781209032334103, 43.347827187763443 ], [ -1.78127089015458, 43.347818842468698 ], [ -1.781332749262176, 43.347810497982152 ], [ -1.781357601295804, 43.347801757609027 ], [ -1.781394787849496, 43.347793150131615 ], [ -1.781456467274431, 43.347793807107223 ], [ -1.781518325023244, 43.347785461671251 ], [ -1.781580004441446, 43.347786118576401 ], [ -1.781641862238716, 43.347777773967806 ], [ -1.78170354165001, 43.347778430802585 ], [ -1.781765039087689, 43.347788090142281 ], [ -1.781826537776336, 43.347797749392697 ], [ -1.781888037712776, 43.347807319330052 ], [ -1.781937381545207, 43.347807845036691 ], [ -1.781949717158498, 43.347807976024484 ], [ -1.782011215974019, 43.347817636068015 ], [ -1.782072713505021, 43.347827295233159 ], [ -1.782134392974321, 43.347827951822353 ], [ -1.782195890536978, 43.347837610917566 ], [ -1.782257570093331, 43.347838268334463 ], [ -1.782318888259723, 43.347856929792371 ], [ -1.782343559583813, 43.347857192577543 ], [ -1.782380206465829, 43.347875591215832 ], [ -1.782441526016706, 43.347894253448288 ], [ -1.782478352356873, 43.34790364962064 ], [ -1.78250284430224, 43.347912914802762 ], [ -1.782563983312214, 43.347940579454317 ], [ -1.782613146652233, 43.347950107340999 ], [ -1.782625301686699, 43.347959240740046 ], [ -1.782686621331343, 43.347977901936837 ], [ -1.782747939859965, 43.347996564051542 ], [ -1.782760275515495, 43.347996694946936 ], [ -1.782809258353593, 43.348015225233809 ], [ -1.782870757534287, 43.348024884790327 ], [ -1.782932076097825, 43.348043545903401 ], [ -1.782969084401254, 43.348043939365866 ], [ -1.782993575254798, 43.348053204492366 ], [ -1.78305525382047, 43.348053861509094 ], [ -1.783116573705031, 43.348072522463568 ], [ -1.783178072923852, 43.348082180947884 ], [ -1.783214899578745, 43.34809157776882 ], [ -1.7832393917225, 43.348100842785549 ], [ -1.783300710486235, 43.348119503690775 ], [ -1.783362030594761, 43.348138165405025 ], [ -1.783423528694332, 43.348147823804752 ], [ -1.783485028044871, 43.348157482115148 ], [ -1.783546527490654, 43.348167141288585 ], [ -1.783608026882516, 43.348176799529213 ], [ -1.78366970551285, 43.348177455297794 ], [ -1.78373138421931, 43.348178111929194 ], [ -1.783793062852543, 43.348178767627473 ], [ -1.783854562372677, 43.348188426626024 ], [ -1.78391606183888, 43.34819808469166 ], [ -1.783977561325607, 43.348207742722487 ], [ -1.784038701356347, 43.348235406546962 ], [ -1.7840998401407, 43.348263069493953 ], [ -1.784161160660785, 43.348281730757378 ], [ -1.78422230078352, 43.34830939358168 ], [ -1.784283979637399, 43.348310049898103 ], [ -1.784346017874034, 43.348292700348821 ], [ -1.784383205453847, 43.348284090888704 ], [ -1.784408056073216, 43.348275350764155 ], [ -1.784445782154067, 43.348239733911626 ], [ -1.784471352807559, 43.348194983854889 ], [ -1.784496922190892, 43.348150233848123 ], [ -1.784510157007493, 43.348105352189883 ], [ -1.784523390573038, 43.348060470586084 ], [ -1.784536265953792, 43.348033593857139 ], [ -1.784548961086716, 43.348015720517097 ], [ -1.78456219460145, 43.347970838911571 ], [ -1.784575428095576, 43.347925957305982 ], [ -1.784600998509156, 43.347881207229292 ], [ -1.78460117758073, 43.347872204792701 ], [ -1.784614231952474, 43.347836325622026 ], [ -1.784639802296242, 43.34779157553919 ], [ -1.784653035688756, 43.347746693930262 ], [ -1.784665910938938, 43.347719817192328 ], [ -1.784678605962524, 43.347701943841322 ], [ -1.78469183930423, 43.347657062230653 ], [ -1.784705072625328, 43.347612180619961 ], [ -1.784718307156148, 43.347567298954658 ], [ -1.784731181105471, 43.347540422267123 ], [ -1.78474387606929, 43.347522548910923 ], [ -1.784769446098412, 43.34747779791023 ], [ -1.784782679392547, 43.347432917194091 ], [ -1.784795913821846, 43.347388035525427 ], [ -1.784809147000104, 43.34734315391114 ], [ -1.784810044646955, 43.347298141636607 ], [ -1.784810943448179, 43.347253128411161 ], [ -1.784811841092314, 43.347208116139619 ], [ -1.784800224140313, 43.34717197474248 ], [ -1.78480040317856, 43.347162972310429 ], [ -1.784788966513057, 43.347117828427066 ], [ -1.78477752870979, 43.347072685496492 ], [ -1.784766089701832, 43.347027631844377 ], [ -1.784754651859743, 43.346982488016565 ], [ -1.784742675665728, 43.346964351534957 ], [ -1.784730878602214, 43.34693721351983 ], [ -1.784719442036072, 43.346892069636908 ], [ -1.784695668843506, 43.346846795135555 ], [ -1.784683871751549, 43.346819656219814 ], [ -1.784684231092473, 43.346801651306485 ], [ -1.784660457964873, 43.346756376800535 ], [ -1.784636684799981, 43.346711101392984 ], [ -1.784624529709998, 43.346701968228565 ], [ -1.784600577602654, 43.346665696141194 ], [ -1.784576804522217, 43.34662042072361 ], [ -1.784564648230437, 43.346611287607551 ], [ -1.784540696198473, 43.346575015509409 ], [ -1.78451692320249, 43.346529740081792 ], [ -1.784504768169743, 43.346520606905202 ], [ -1.784480814982748, 43.346484334850771 ], [ -1.784444527653791, 43.346447931137824 ], [ -1.78443237134463, 43.346438797110189 ], [ -1.78438356965601, 43.346411265099682 ], [ -1.784359257151157, 43.34639299792785 ], [ -1.784322431469687, 43.346383602406497 ], [ -1.784261472387319, 43.346346936355815 ], [ -1.784200693742001, 43.346301267792178 ], [ -1.784139915267743, 43.346255600093968 ], [ -1.78407877728889, 43.346227936368408 ], [ -1.784017279898018, 43.346218278409701 ], [ -1.784005124935425, 43.346209144281197 ], [ -1.783955962850611, 43.346199617039652 ], [ -1.78389482509409, 43.346171954109309 ], [ -1.783857998324554, 43.346162557587945 ], [ -1.783833506905218, 43.346153292724956 ], [ -1.783772369256627, 43.346125629726373 ], [ -1.783760214352484, 43.346116495570975 ], [ -1.783711231592097, 43.346097965795849 ], [ -1.783650095291297, 43.346070302674896 ], [ -1.783588957744164, 43.346042638676494 ], [ -1.783539975101713, 43.346024108824878 ], [ -1.783527639866569, 43.346023978018607 ], [ -1.783466682900707, 43.345987311475703 ], [ -1.78344219161867, 43.345978046525367 ], [ -1.783405545604289, 43.345959648273336 ], [ -1.783369078796609, 43.345932246689955 ], [ -1.783344587553668, 43.345922981717919 ], [ -1.783295966090766, 43.345886446806801 ], [ -1.78328363088573, 43.345886315972663 ], [ -1.783235188696344, 43.345840777716816 ], [ -1.783222853501131, 43.345840646875807 ], [ -1.783162074982557, 43.345794977800814 ] ] ] ] } },
{ "type": "Feature", "properties": { "fid": 6, "gid": 6, "id": 6, "cdmassedea": "FT09", "cdeumassed": "FRFT09", "nommassede": "Estuaire Gironde aval", "systemeref": "31", "cdeubassin": "FRF", "typemassed": "T7", "cdeussbass": "FRF_COAC", "cdcategori": "1.2.2", "cdnaturema": "1", "surfacetot": 610.15129126952411 }, "geometry": { "type": "MultiPolygon", "coordinates": [ [ [ [ -0.992990121286306, 45.577124205681578 ], [ -0.992985865047923, 45.577124818144014 ], [ -0.992137319554578, 45.576568796095096 ], [ -0.99114771223151, 45.576197827399369 ], [ -0.990696960429607, 45.576168828229768 ], [ -0.9884990086558, 45.576859657895191 ], [ -0.987176251124437, 45.576312251040072 ], [ -0.986786305266792, 45.57589336313206 ], [ -0.986632877127708, 45.575906991807997 ], [ -0.985318830307201, 45.576188903462246 ], [ -0.984441548113737, 45.576670138220116 ], [ -0.983749169179862, 45.576866555052433 ], [ -0.982951574936362, 45.576308660361398 ], [ -0.982458140598032, 45.575685760206675 ], [ -0.981928698618589, 45.574217097705038 ], [ -0.981501827617049, 45.573466007245955 ], [ -0.981312529775505, 45.57261544987746 ], [ -0.981363725109705, 45.572253542678602 ], [ -0.981773084554405, 45.571707078176722 ], [ -0.982145188957995, 45.571513841583716 ], [ -0.982336967222822, 45.571507043037272 ], [ -0.982448611891976, 45.571277003974934 ], [ -0.982391308274733, 45.57118901225018 ], [ -0.982704482733365, 45.571087886025396 ], [ -0.982883350831511, 45.570901497682968 ], [ -0.981183620215044, 45.570456393359521 ], [ -0.979655727652394, 45.56956426815502 ], [ -0.979017599564628, 45.569622678689981 ], [ -0.977638235996476, 45.570068450062202 ], [ -0.977333273052573, 45.570304305702926 ], [ -0.976892243159531, 45.570409943310871 ], [ -0.975360991470907, 45.570545982727552 ], [ -0.974711345169218, 45.570423707318064 ], [ -0.974502015206102, 45.570206057022794 ], [ -0.974348167982074, 45.568589044675946 ], [ -0.974512604816992, 45.568546399039128 ], [ -0.974578503886029, 45.568571687933805 ], [ -0.974797547381443, 45.568762396483891 ], [ -0.974935248436283, 45.568712512398406 ], [ -0.97485192897743, 45.568444369438339 ], [ -0.975356869839689, 45.568336477608213 ], [ -0.975334323641835, 45.568022195717091 ], [ -0.975065678404303, 45.567850634368412 ], [ -0.974229553618897, 45.567645956627999 ], [ -0.973761329554238, 45.567392453784421 ], [ -0.973508862114139, 45.567446396394018 ], [ -0.973467351158591, 45.56794401261633 ], [ -0.97334594498338, 45.568038329867747 ], [ -0.973096693258947, 45.568137169025533 ], [ -0.972567108187781, 45.567921636060859 ], [ -0.972301891795092, 45.567614913227423 ], [ -0.971989787348755, 45.565597372647673 ], [ -0.971682551078138, 45.56488703332559 ], [ -0.971727366625367, 45.564435335827071 ], [ -0.972354262147797, 45.564241305247073 ], [ -0.972341389248211, 45.564061715331967 ], [ -0.972001833790099, 45.563794449133987 ], [ -0.971605384474413, 45.563627400241124 ], [ -0.971204545689633, 45.563236471922103 ], [ -0.971124469658284, 45.563013223868765 ], [ -0.971364049800972, 45.562779696639318 ], [ -0.971931755229393, 45.562633794964498 ], [ -0.972046643070846, 45.562448663941893 ], [ -0.970294685510412, 45.560923962301935 ], [ -0.969978329691115, 45.560980156312574 ], [ -0.969522386515994, 45.560897042535927 ], [ -0.969235042825708, 45.561358332750395 ], [ -0.968728700966602, 45.561466248330063 ], [ -0.968168739338173, 45.561882950304756 ], [ -0.967851139094958, 45.561759137409851 ], [ -0.967700734884463, 45.561448349742406 ], [ -0.966682482943462, 45.561566155037681 ], [ -0.965039614492505, 45.559955686621052 ], [ -0.964889456356862, 45.559464843061022 ], [ -0.965227890091115, 45.558821716936578 ], [ -0.965544461714912, 45.55858548413164 ], [ -0.965919747311188, 45.558437199170385 ], [ -0.965448353654113, 45.558137743933756 ], [ -0.965212053772816, 45.558417176487382 ], [ -0.964652906647181, 45.558661971835974 ], [ -0.96414271236496, 45.558715785438906 ], [ -0.963880641885936, 45.558635013315168 ], [ -0.962939403806583, 45.558037052906897 ], [ -0.96287251422738, 45.557814358217669 ], [ -0.962400558715628, 45.557506726999435 ], [ -0.962964950555541, 45.557314952565243 ], [ -0.962752506100739, 45.557052383003487 ], [ -0.962804955510809, 45.556869465372081 ], [ -0.961561666634613, 45.556363990956697 ], [ -0.960200133346781, 45.555996683120888 ], [ -0.959791017885304, 45.555651021981291 ], [ -0.959092327134502, 45.555756470518652 ], [ -0.957905174609927, 45.555302173382593 ], [ -0.957514109582192, 45.555045890154958 ], [ -0.95735478460921, 45.554772232968268 ], [ -0.9560739764228, 45.55463731651075 ], [ -0.955683466294546, 45.554551844178178 ], [ -0.954956789313839, 45.554081297032184 ], [ -0.954370563358498, 45.553966908858968 ], [ -0.954098848171772, 45.553750399745866 ], [ -0.953706894905412, 45.553664971694872 ], [ -0.95267653144523, 45.553611221443873 ], [ -0.95236621359204, 45.553567926088562 ], [ -0.95209953094095, 45.553442279668168 ], [ -0.950912485208319, 45.552987908796162 ], [ -0.948965776759023, 45.552497841397113 ], [ -0.946484614833629, 45.551719635612017 ], [ -0.944872107732078, 45.55158704491469 ], [ -0.944311487329392, 45.551831789897093 ], [ -0.944202484876444, 45.551916432646415 ], [ -0.943949838383996, 45.552151381182767 ], [ -0.943767411590869, 45.552472860932347 ], [ -0.943876112973576, 45.553100212299036 ], [ -0.943638273472387, 45.553379650335998 ], [ -0.94358075534132, 45.553471691035725 ], [ -0.943859903403165, 45.553957002651259 ], [ -0.943821624954417, 45.554319453337719 ], [ -0.943055638665509, 45.555464450363822 ], [ -0.94300769934514, 45.55569118560485 ], [ -0.943202398614613, 45.555910424580624 ], [ -0.943180012729298, 45.556496346066858 ], [ -0.942879696968424, 45.556777975559029 ], [ -0.942238838145267, 45.55698051479316 ], [ -0.940773163493871, 45.557112768051482 ], [ -0.940043108303496, 45.557310240462513 ], [ -0.939630302628967, 45.557279711706478 ], [ -0.938594248214585, 45.556982565310939 ], [ -0.937813682416467, 45.556838079601874 ], [ -0.937161162658512, 45.556671709407745 ], [ -0.936264958160104, 45.556703124401764 ], [ -0.935697292133112, 45.556849866258077 ], [ -0.935010207811502, 45.557098993444093 ], [ -0.934379202292653, 45.5572561313205 ], [ -0.93388499751878, 45.557535320624879 ], [ -0.933566668850198, 45.557563860755124 ], [ -0.932483200456461, 45.557665227089927 ], [ -0.93240654621818, 45.557487870626076 ], [ -0.932189255266816, 45.557134374867232 ], [ -0.931731199946744, 45.556835341005353 ], [ -0.92956756726219, 45.55618067623881 ], [ -0.928786076933746, 45.555837708188186 ], [ -0.927658792884431, 45.555155955938346 ], [ -0.925117033762692, 45.553333946701819 ], [ -0.92435676149955, 45.552549316583956 ], [ -0.924151160492144, 45.552195399439036 ], [ -0.924058648248118, 45.55179354345433 ], [ -0.923698018401181, 45.551038931332002 ], [ -0.923627757454345, 45.550951366607762 ], [ -0.923053761714093, 45.551008246913547 ], [ -0.922467561852612, 45.550892671962366 ], [ -0.921891769091675, 45.550903576343323 ], [ -0.920335192918817, 45.55158090444894 ], [ -0.920015664690234, 45.551592058881802 ], [ -0.918526337319032, 45.551408759906131 ], [ -0.917937041337858, 45.551249282806239 ], [ -0.917082341313931, 45.550774786725576 ], [ -0.915608620293779, 45.54969889723796 ], [ -0.914455610437331, 45.548648637060502 ], [ -0.912943246277304, 45.547023720102793 ], [ -0.91101063079764, 45.544558245265577 ], [ -0.910531602586965, 45.544123812332494 ], [ -0.90976421012803, 45.54306826454421 ], [ -0.909357623669186, 45.54258731844638 ], [ -0.908519402287496, 45.541435004840864 ], [ -0.908452342656902, 45.541392329903154 ], [ -0.90844601226041, 45.541302531552155 ], [ -0.908104314483083, 45.540998337446915 ], [ -0.908097984694766, 45.540908539080526 ], [ -0.907933917021902, 45.540770015346631 ], [ -0.907759527772075, 45.540650263558483 ], [ -0.907419961797489, 45.54021096549647 ], [ -0.907270026416948, 45.539901118274543 ], [ -0.907212802529389, 45.539812068151356 ], [ -0.906988033296596, 45.539369796989654 ], [ -0.906819461974533, 45.538609481944043 ], [ -0.906589753887402, 45.538076340674913 ], [ -0.906411630098867, 45.537180307080234 ], [ -0.906513064869254, 45.536636666220076 ], [ -0.9066839673968, 45.536314631358778 ], [ -0.907291141503307, 45.535842385201214 ], [ -0.907542464502993, 45.535752825725837 ], [ -0.908047238584088, 45.535645236657295 ], [ -0.908633175405532, 45.53575986617853 ], [ -0.909084203321834, 45.535798378093318 ], [ -0.909842811840182, 45.535636932681882 ], [ -0.910085697787603, 45.535448435970473 ], [ -0.910057533600358, 45.534863272139319 ], [ -0.90970636915347, 45.534424385859367 ], [ -0.909369657869875, 45.534211065055743 ], [ -0.907870037163173, 45.533667926745544 ], [ -0.907101958783545, 45.533694661281373 ], [ -0.906424596286777, 45.534285964351774 ], [ -0.905807382516246, 45.535524735569822 ], [ -0.903659311275969, 45.535095140771851 ], [ -0.903139084788444, 45.534797141728973 ], [ -0.902661910610465, 45.534407625525304 ], [ -0.902374765424151, 45.533967515853327 ], [ -0.902435847720117, 45.533739323860296 ], [ -0.90249657357474, 45.533692203745218 ], [ -0.902532019553527, 45.533285889203036 ], [ -0.902580033063235, 45.533058151414309 ], [ -0.903014586734991, 45.532863007254704 ], [ -0.903828221000146, 45.532573867471832 ], [ -0.903962663090913, 45.532478150849464 ], [ -0.903918336875041, 45.531848540870222 ], [ -0.902258019287078, 45.53086082898438 ], [ -0.901074809713566, 45.530261596998095 ], [ -0.898980051980705, 45.529468973432209 ], [ -0.89727494605543, 45.528752803250228 ], [ -0.896765232314043, 45.528996566578371 ], [ -0.89650377578317, 45.52873456589564 ], [ -0.896305180335301, 45.528642235118546 ], [ -0.895981173144521, 45.528608472134138 ], [ -0.895687077162822, 45.528979773474319 ], [ -0.893877895775195, 45.529889531269383 ], [ -0.893717848529007, 45.530346194627981 ], [ -0.893221520685857, 45.530760305697619 ], [ -0.89266088301077, 45.531004792380649 ], [ -0.8917738767585, 45.531161367219489 ], [ -0.889822801869775, 45.530589661646282 ], [ -0.888505198315207, 45.530084976531832 ], [ -0.887785707143365, 45.529703795973546 ], [ -0.886603965738417, 45.52933043340991 ], [ -0.885357077109785, 45.528733247784075 ], [ -0.884477927624301, 45.528087521904467 ], [ -0.883566279475133, 45.527704782403653 ], [ -0.882903953546459, 45.527411612270022 ], [ -0.880775428010346, 45.52594367995863 ], [ -0.87895332989879, 45.524465122324692 ], [ -0.877403030833149, 45.523022158109995 ], [ -0.877114621821032, 45.52258101421144 ], [ -0.877038703217519, 45.522223569660831 ], [ -0.876921402034681, 45.521461456340496 ], [ -0.877005574277551, 45.520646352463963 ], [ -0.877793035320654, 45.520899427789821 ], [ -0.878039033670105, 45.520754880180739 ], [ -0.878084068728988, 45.52048327375951 ], [ -0.877879897017905, 45.520310294754914 ], [ -0.877669885233487, 45.519866444023549 ], [ -0.877327107824152, 45.519563227750808 ], [ -0.876869957070947, 45.519434788552616 ], [ -0.875971110917082, 45.519419802256159 ], [ -0.875215192282884, 45.519617754993476 ], [ -0.875199506959363, 45.519393255051327 ], [ -0.874935060635552, 45.519086304506182 ], [ -0.874190196188156, 45.518525888488703 ], [ -0.87377461900391, 45.5179090946488 ], [ -0.873122748989905, 45.517742353518727 ], [ -0.87285014784261, 45.517526719591118 ], [ -0.872780009534707, 45.517439123450941 ], [ -0.872252393691253, 45.517051232070855 ], [ -0.871859784126397, 45.516929752978925 ], [ -0.871527268863819, 45.516751985135294 ], [ -0.871521001008899, 45.516662184984327 ], [ -0.871181339383853, 45.516402829697014 ], [ -0.870734800206349, 45.516238198988013 ], [ -0.869583102462054, 45.516268708792722 ], [ -0.869159173113057, 45.516824445240516 ], [ -0.868973833840063, 45.516920850977883 ], [ -0.867834715952081, 45.517131963908774 ], [ -0.867639980906563, 45.517093666905637 ], [ -0.867303465295004, 45.516879200062085 ], [ -0.867208763958332, 45.516251327516763 ], [ -0.866870007399309, 45.515983745516905 ], [ -0.866729753776791, 45.515808545759739 ], [ -0.866524656288365, 45.515454524860303 ], [ -0.866317409457686, 45.515236624743252 ], [ -0.865846920286968, 45.514936753588501 ], [ -0.865141818216221, 45.514736000092022 ], [ -0.864759662568019, 45.514784963035559 ], [ -0.864164387775557, 45.515617650512361 ], [ -0.863660747112547, 45.515760808262598 ], [ -0.863165449252442, 45.516002898553886 ], [ -0.862321221079215, 45.515851924110486 ], [ -0.861233393626789, 45.515880150298344 ], [ -0.860778623355889, 45.51580578013278 ], [ -0.85936521337128, 45.515755172529168 ], [ -0.858273382687057, 45.515558468679124 ], [ -0.857619102956619, 45.515355921367366 ], [ -0.856544184802688, 45.514481457699659 ], [ -0.856961474219584, 45.51401703939618 ], [ -0.856811820286282, 45.513706105440413 ], [ -0.856094096280587, 45.513532326098073 ], [ -0.855912908897168, 45.513521162362842 ], [ -0.855599190267521, 45.513612750394721 ], [ -0.854512617194592, 45.514768107993696 ], [ -0.854202647165106, 45.514913776878956 ], [ -0.854132541584499, 45.514826169125712 ], [ -0.854104393093324, 45.514421043724546 ], [ -0.854708725630479, 45.51390520302084 ], [ -0.854769981769192, 45.513677037550067 ], [ -0.854195200045765, 45.513696779248889 ], [ -0.853680297745944, 45.513489423444 ], [ -0.853690476923739, 45.512902951312583 ], [ -0.853940278039425, 45.512624326869108 ], [ -0.85393403909841, 45.512534525785846 ], [ -0.853666037841472, 45.512362675674616 ], [ -0.852444311410571, 45.512305401663774 ], [ -0.851724139232544, 45.512095878055895 ], [ -0.850998899722171, 45.511624661603854 ], [ -0.850737216418366, 45.511543626226185 ], [ -0.850464732665922, 45.511327938147161 ], [ -0.85038840446162, 45.511150526836424 ], [ -0.849801073442979, 45.510800388104492 ], [ -0.848681373190182, 45.510388720262071 ], [ -0.848014627612425, 45.50981625905424 ], [ -0.847359001615735, 45.509613701892484 ], [ -0.847077735754209, 45.50908223239675 ], [ -0.846206383309473, 45.508516776106376 ], [ -0.845870684430579, 45.508123215125245 ], [ -0.845647912772679, 45.507679752917298 ], [ -0.845601767282941, 45.506825170709753 ], [ -0.845710735756068, 45.506550368810856 ], [ -0.845825999004283, 45.50636638874871 ], [ -0.844896869099328, 45.50572209593583 ], [ -0.84482367809774, 45.505589581723257 ], [ -0.843691587992085, 45.504808006134191 ], [ -0.843286615163293, 45.504505803770918 ], [ -0.842761887699859, 45.504343746317424 ], [ -0.841171894060726, 45.503397799602325 ], [ -0.840975703725515, 45.503358485646274 ], [ -0.840656437217781, 45.503369414386029 ], [ -0.840157476731881, 45.503558338172063 ], [ -0.8397245878913, 45.503798188981804 ], [ -0.839151558889894, 45.503862804213774 ], [ -0.838825440127147, 45.503774741670881 ], [ -0.838490638375259, 45.503561159706443 ], [ -0.838413543217052, 45.5032037396033 ], [ -0.839019915502663, 45.502696098227347 ], [ -0.839446513809088, 45.502365427924744 ], [ -0.839317990577356, 45.502189796986421 ], [ -0.836888085766437, 45.500055293233309 ], [ -0.835664303930065, 45.501079110062093 ], [ -0.834741022710592, 45.500516371809937 ], [ -0.834129066273104, 45.499996178272532 ], [ -0.834103372080284, 45.499455948883551 ], [ -0.834743313660727, 45.499434078173152 ], [ -0.834990034261874, 45.499299830031866 ], [ -0.834974446773304, 45.499074304608911 ], [ -0.834568999014117, 45.498763907218695 ], [ -0.833911029430225, 45.498335300025211 ], [ -0.832579192805298, 45.497605456139325 ], [ -0.832070722317484, 45.497487803793447 ], [ -0.831387326177744, 45.49688002372141 ], [ -0.831192053175496, 45.496832479319806 ], [ -0.830763799414767, 45.497118167382105 ], [ -0.830577008218278, 45.497214559050711 ], [ -0.829461570017773, 45.496837347080813 ], [ -0.829456036725903, 45.496567494554967 ], [ -0.829760405108852, 45.496341276403989 ], [ -0.829751037669068, 45.496205552575084 ], [ -0.828256390902073, 45.495707276106792 ], [ -0.827524066257911, 45.495316972687732 ], [ -0.826753383504752, 45.495298256622561 ], [ -0.826284798323607, 45.494999191540437 ], [ -0.825641852358714, 45.494786878261934 ], [ -0.825620112973451, 45.494471549237147 ], [ -0.825416200353748, 45.494298475488314 ], [ -0.825019308122185, 45.494131981298835 ], [ -0.824697606080423, 45.493916892753539 ], [ -0.824306274685124, 45.49383101418919 ], [ -0.82380481277978, 45.493983127684217 ], [ -0.82262735510628, 45.493653995240933 ], [ -0.822155713323601, 45.493310011696067 ], [ -0.821516457076688, 45.493150740022294 ], [ -0.821309470105881, 45.492932757521551 ], [ -0.82128466409558, 45.492572526408033 ], [ -0.819846399769858, 45.49198221034878 ], [ -0.819426198262162, 45.491455415651245 ], [ -0.81942001750718, 45.491365612906904 ], [ -0.821238367958536, 45.490590742516574 ], [ -0.826790899986496, 45.488228864172932 ], [ -0.826916149045283, 45.487999557367111 ], [ -0.826878924093491, 45.487459723157656 ], [ -0.826739541648977, 45.487104424109511 ], [ -0.826258572726105, 45.486624734194613 ], [ -0.824646186365893, 45.485363276687451 ], [ -0.821230832709397, 45.482666766937264 ], [ -0.819688754608318, 45.481493887283861 ], [ -0.818617656274838, 45.481755391477712 ], [ -0.817697887184998, 45.481236395399073 ], [ -0.816827156643273, 45.480499897213299 ], [ -0.813913111426088, 45.477831134350012 ], [ -0.813036315601423, 45.47700480422909 ], [ -0.810947577060907, 45.475128255578745 ], [ -0.810334838238834, 45.474419769926207 ], [ -0.808168697619352, 45.472365781868454 ], [ -0.808037909584129, 45.4723241940858 ], [ -0.799403458684608, 45.475718378607766 ], [ -0.799202769739882, 45.475590159523968 ], [ -0.799199696588345, 45.475545257693199 ], [ -0.798645414042934, 45.474838394393458 ], [ -0.797549011245902, 45.473518619266756 ], [ -0.796198083467616, 45.472302147856269 ], [ -0.798362177027667, 45.470975864658975 ], [ -0.798356032598773, 45.470886061009175 ], [ -0.794734604819436, 45.466843585477719 ], [ -0.794446302789488, 45.466177232576385 ], [ -0.791736919174884, 45.462519093536969 ], [ -0.782749130549346, 45.45282432215523 ], [ -0.778744201612713, 45.448749354590326 ], [ -0.77834005994108, 45.448447940950409 ], [ -0.775133568033769, 45.450466645013975 ], [ -0.775051459424951, 45.450199379404836 ], [ -0.774525841910092, 45.449992053218502 ], [ -0.774269986877012, 45.44981962465004 ], [ -0.774178728884517, 45.449417651392558 ], [ -0.773844503109281, 45.449203878358006 ], [ -0.773074631087893, 45.448994540169316 ], [ -0.772931791821529, 45.44877432263312 ], [ -0.772849696300454, 45.448507055478593 ], [ -0.77296806143333, 45.448367033612357 ], [ -0.772955859655656, 45.448187424122509 ], [ -0.772025497765283, 45.447497631451675 ], [ -0.771928091421287, 45.447004831211252 ], [ -0.771608536445622, 45.446835563697363 ], [ -0.771456491826797, 45.446479616649277 ], [ -0.770981894789986, 45.446081333490177 ], [ -0.770880855221462, 45.445363630218274 ], [ -0.770789559770569, 45.444960633957393 ], [ -0.77085420220374, 45.444778439456229 ], [ -0.770835910994308, 45.444509025019912 ], [ -0.77055020510735, 45.444067563852634 ], [ -0.770279813144257, 45.443851634574067 ], [ -0.769765801910876, 45.443642875656217 ], [ -0.769501509826504, 45.443516749370175 ], [ -0.769284320399617, 45.443164013974155 ], [ -0.76876121448192, 45.442992378841396 ], [ -0.768238077916831, 45.442648905599484 ], [ -0.768101366512468, 45.44251848704355 ], [ -0.767818738523791, 45.442121921513007 ], [ -0.767739723285494, 45.44189955335105 ], [ -0.767871203455755, 45.441760118927768 ], [ -0.767729930356501, 45.441583825691836 ], [ -0.767143059102628, 45.441414327204093 ], [ -0.766942568436916, 45.441286051076951 ], [ -0.766930387682733, 45.441106441119622 ], [ -0.767050240620711, 45.440795561813495 ], [ -0.766982788229144, 45.440743618493386 ], [ -0.766595588136952, 45.440711626526145 ], [ -0.76661971937751, 45.440124730074331 ], [ -0.766476928474946, 45.439904504608009 ], [ -0.766017618009391, 45.439558877693614 ], [ -0.76592948079938, 45.439201800836557 ], [ -0.765792783288817, 45.43907137953375 ], [ -0.765374365212079, 45.438364338226592 ], [ -0.765349946020684, 45.438004097619462 ], [ -0.765212674907517, 45.437693675991966 ], [ -0.765075913616982, 45.437562233333189 ], [ -0.764558959525087, 45.43748038377565 ], [ -0.764296301842259, 45.437399196559618 ], [ -0.764214264637169, 45.437131923536761 ], [ -0.764065336530852, 45.436820869518009 ], [ -0.763612220168242, 45.436566058496695 ], [ -0.763593966757621, 45.436296643209332 ], [ -0.763892946217123, 45.4359705467201 ], [ -0.763942319282167, 45.43556282325823 ], [ -0.763996970181271, 45.435425973634331 ], [ -0.76404249322881, 45.435154416403506 ], [ -0.763798609010883, 45.434964177478932 ], [ -0.763772169894435, 45.434938471725566 ], [ -0.763695581163989, 45.434579983408092 ], [ -0.763300749712495, 45.43441322382057 ], [ -0.763230888937507, 45.434325560362666 ], [ -0.76307893217157, 45.433969602623563 ], [ -0.762807168877682, 45.433753704329114 ], [ -0.762595361723895, 45.433264741664111 ], [ -0.761991940739962, 45.432870752340058 ], [ -0.761915933515171, 45.432692262437101 ], [ -0.761591859930065, 45.432433112961419 ], [ -0.761379184512916, 45.43212419625339 ], [ -0.761043662502773, 45.431910434282443 ], [ -0.760564624662698, 45.43125041872365 ], [ -0.760411243981386, 45.430894506173928 ], [ -0.760208655355152, 45.43054126750836 ], [ -0.759867897415817, 45.430228463618157 ], [ -0.759719012118095, 45.429917404152199 ], [ -0.759675841260358, 45.429107747696143 ], [ -0.759602954268193, 45.428975179444784 ], [ -0.759593838500579, 45.428840471628362 ], [ -0.759902539341725, 45.428658278577146 ], [ -0.759957193397292, 45.428521431064674 ], [ -0.758879483956049, 45.427557259279773 ], [ -0.757955716213613, 45.426957157281137 ], [ -0.757876692947327, 45.426733762165831 ], [ -0.75817516853981, 45.426228702538737 ], [ -0.758099182646989, 45.426050210229327 ], [ -0.757465438357992, 45.425936449977442 ], [ -0.757622440022625, 45.425616153778485 ], [ -0.757740794770039, 45.42547614846093 ], [ -0.757741690428819, 45.425296100517158 ], [ -0.757608083087991, 45.425210572144252 ], [ -0.757348530081231, 45.425174271442451 ], [ -0.756846053781382, 45.425497968149344 ], [ -0.756791395040692, 45.425634814082322 ], [ -0.756414862798303, 45.425737446432031 ], [ -0.756156208907527, 45.425521095028131 ], [ -0.755703147022202, 45.42543706720226 ], [ -0.755504257218068, 45.425352701686734 ], [ -0.755489081836045, 45.425128188229586 ], [ -0.755785634341914, 45.424766395858036 ], [ -0.755840294704215, 45.424629550433522 ], [ -0.755706691889738, 45.424544019803918 ], [ -0.754818870229674, 45.424474560256428 ], [ -0.754486453807099, 45.42430568162073 ], [ -0.754346785669058, 45.4241303439521 ], [ -0.754398345868487, 45.423947576013767 ], [ -0.754644304729247, 45.423804321279114 ], [ -0.754635201822204, 45.423669613166318 ], [ -0.75451161182677, 45.423538741366066 ], [ -0.754490303672431, 45.423223401911073 ], [ -0.754353672274439, 45.42309296698383 ], [ -0.754338502154759, 45.422868453448864 ], [ -0.754636014511743, 45.422542430861114 ], [ -0.754630851736041, 45.422272577634125 ], [ -0.754554951584228, 45.42209510354737 ], [ -0.754029607214588, 45.421886661695211 ], [ -0.753420307354703, 45.422348935282017 ], [ -0.75323204942149, 45.422400245929083 ], [ -0.753098455975279, 45.422314712221208 ], [ -0.753210817892905, 45.422085926802836 ], [ -0.753308854279585, 45.42145155933008 ], [ -0.752624221268233, 45.420798404054452 ], [ -0.752400423772904, 45.420129812167779 ], [ -0.752700965362531, 45.419848697589792 ], [ -0.753386205222909, 45.419564923461508 ], [ -0.753370971039027, 45.419339389401827 ], [ -0.753556185297209, 45.419243175843235 ], [ -0.753623887522981, 45.419105894684954 ], [ -0.753423508475083, 45.418977594829471 ], [ -0.752656321146892, 45.418994088424171 ], [ -0.752384671505552, 45.418778165370249 ], [ -0.752418952601216, 45.418145934417417 ], [ -0.7519392213792, 45.417665931095591 ], [ -0.751764044256832, 45.416770689422457 ], [ -0.751225187005669, 45.416382672200356 ], [ -0.750783501066688, 45.416487468768324 ], [ -0.750386105786865, 45.416086529136415 ], [ -0.750243372022306, 45.415865263297682 ], [ -0.750273794551855, 45.415369198642658 ], [ -0.749814787433553, 45.415023506678054 ], [ -0.749489951000845, 45.41494437052468 ], [ -0.747846854437069, 45.41183474197571 ], [ -0.747804391735044, 45.411205082212113 ], [ -0.747466948974517, 45.410766330058955 ], [ -0.747769533142237, 45.41049436530637 ], [ -0.747812086960695, 45.410177912915188 ], [ -0.74768096945077, 45.409956256231055 ], [ -0.747027716135858, 45.409743883266842 ], [ -0.746558831824267, 45.409444537775407 ], [ -0.746473825380939, 45.409131329592427 ], [ -0.745911801229282, 45.40820401737296 ], [ -0.745830760584093, 45.407755664237506 ], [ -0.745563667216176, 45.40758457941989 ], [ -0.74572760351013, 45.407173038607326 ], [ -0.745768005526004, 45.406630616490894 ], [ -0.745695181136977, 45.406498039665195 ], [ -0.745368951589377, 45.406418940124176 ], [ -0.745347770595352, 45.406104620296276 ], [ -0.745208108202935, 45.405928251225539 ], [ -0.744622619612963, 45.405578588556459 ], [ -0.744326798131358, 45.405002403156438 ], [ -0.74375060115884, 45.403669498744186 ], [ -0.743729430356621, 45.403355178748129 ], [ -0.744104189753192, 45.403206617564685 ], [ -0.743708191058459, 45.403039838244467 ], [ -0.74337221008086, 45.402600005395037 ], [ -0.74283361736204, 45.402212969230852 ], [ -0.74255774702763, 45.401716916437671 ], [ -0.742463773865708, 45.401270017500124 ], [ -0.74219822768341, 45.40114285559909 ], [ -0.741547742283613, 45.399632410413922 ], [ -0.741191268934774, 45.399103249421422 ], [ -0.741100333171301, 45.398701252418945 ], [ -0.740709727477808, 45.398398249565197 ], [ -0.741019345148217, 45.398252896486362 ], [ -0.740937477508355, 45.397985608075416 ], [ -0.740544478313849, 45.397862700089185 ], [ -0.740593106640978, 45.397636056876934 ], [ -0.741269330119006, 45.397027396903098 ], [ -0.741257241943912, 45.396847785399189 ], [ -0.740914324622472, 45.396498186863205 ], [ -0.740235221281299, 45.394582637224971 ], [ -0.739916290168964, 45.393467171258528 ], [ -0.739565294674404, 45.392802813261468 ], [ -0.739217944359262, 45.392408355242395 ], [ -0.739070231274191, 45.391917223383302 ], [ -0.738962090480979, 45.391064740410449 ], [ -0.738807387419687, 45.390663849326579 ], [ -0.738523851929134, 45.390268282090958 ], [ -0.738202536053191, 45.390044784984276 ], [ -0.737942138029866, 45.389971652475232 ], [ -0.737765080258543, 45.389626738364541 ], [ -0.737455632463198, 45.389212600434483 ], [ -0.737454192069239, 45.388996835461036 ], [ -0.737156680865468, 45.388393078622286 ], [ -0.737098375892896, 45.387331301835353 ], [ -0.736429723318514, 45.386885168624367 ], [ -0.736427387354834, 45.386677616215678 ], [ -0.736710275922614, 45.386308147277674 ], [ -0.736651214903027, 45.386012480584021 ], [ -0.735812132719515, 45.385319397890157 ], [ -0.735767345691029, 45.385041665297088 ], [ -0.735896034557098, 45.384667114861443 ], [ -0.735739040133589, 45.384231522246886 ], [ -0.735709769130567, 45.383601425857698 ], [ -0.735356951284087, 45.383297148853025 ], [ -0.735222732719164, 45.38283318023111 ], [ -0.735231600405646, 45.382381825990898 ], [ -0.735096416865411, 45.382097903798716 ], [ -0.735036152298732, 45.381568054030922 ], [ -0.734456184059209, 45.381317378503546 ], [ -0.734313956744663, 45.380906862462489 ], [ -0.734434479065543, 45.380605205672005 ], [ -0.733954984490485, 45.37938666978603 ], [ -0.733911659570659, 45.379108888430594 ], [ -0.733688848714321, 45.378665261323604 ], [ -0.733663852100089, 45.378098437308786 ], [ -0.73318187226072, 45.377771869656129 ], [ -0.733131075580774, 45.377404330458212 ], [ -0.733273055802486, 45.37722776469289 ], [ -0.733191614011238, 45.376771240516774 ], [ -0.732982323219704, 45.376507175660016 ], [ -0.732867559784214, 45.375943345091578 ], [ -0.73255404622146, 45.375466942758813 ], [ -0.732614374098348, 45.37485227099841 ], [ -0.732090535703751, 45.374463681688503 ], [ -0.731993757361858, 45.373800039228641 ], [ -0.731718015391629, 45.373691608613612 ], [ -0.731614706147256, 45.373298204161053 ], [ -0.731411024941281, 45.372728131768007 ], [ -0.731616521373544, 45.372352049669757 ], [ -0.731442866779867, 45.371861778140676 ], [ -0.731186157254015, 45.371474509560962 ], [ -0.731077127441388, 45.370801047493075 ], [ -0.730919844450095, 45.370554679958815 ], [ -0.73091448229392, 45.370085391891948 ], [ -0.730630241930765, 45.369482205860997 ], [ -0.73041220428025, 45.3692818431349 ], [ -0.730327785885797, 45.368780414530384 ], [ -0.729900659667065, 45.36814516788349 ], [ -0.729974007308335, 45.367313231079585 ], [ -0.729937871722703, 45.366774395588671 ], [ -0.729785849692886, 45.3662383988854 ], [ -0.729497860303658, 45.365751935763328 ], [ -0.729316656669643, 45.364585842515304 ], [ -0.72917721766826, 45.364410475205425 ], [ -0.728458477204715, 45.364164399570321 ], [ -0.728122859039277, 45.363183462112417 ], [ -0.72701173972223, 45.359939324933308 ], [ -0.726428409615984, 45.35963452109246 ], [ -0.725107005339989, 45.359768515661671 ], [ -0.724323361284258, 45.35972197639154 ], [ -0.724962739675004, 45.35952068608853 ], [ -0.726404042383147, 45.359075861473286 ], [ -0.726385994453798, 45.358806443528472 ], [ -0.725426510179652, 45.356134108071679 ], [ -0.724947511399755, 45.354526872917447 ], [ -0.724215578253828, 45.352369608076941 ], [ -0.723371312000032, 45.350071864763024 ], [ -0.722909922623032, 45.348140837254775 ], [ -0.722891434327494, 45.348059628796257 ], [ -0.722792639763793, 45.347341845562802 ], [ -0.722562479113355, 45.346763441625548 ], [ -0.722544014736436, 45.346314026487185 ], [ -0.72231085693584, 45.345690719147335 ], [ -0.722139386396502, 45.344840344951386 ], [ -0.72168406030877, 45.343584158709888 ], [ -0.721490976321981, 45.343364543677929 ], [ -0.720861246621175, 45.343512313269059 ], [ -0.720689804927158, 45.342661937181802 ], [ -0.720842668857045, 45.341889759559272 ], [ -0.720910906670041, 45.340806398925039 ], [ -0.720620124007912, 45.340275012150144 ], [ -0.720550015996574, 45.340007326515995 ], [ -0.720325913034236, 45.339518724722758 ], [ -0.720248180298404, 45.339115261302076 ], [ -0.720105831794396, 45.338894980484916 ], [ -0.720030155313643, 45.338717485508589 ], [ -0.719509821353235, 45.337246624986513 ], [ -0.718024252506063, 45.333374630590086 ], [ -0.717300072884109, 45.331542335744238 ], [ -0.716916682118894, 45.330382960278776 ], [ -0.716398546942515, 45.329138055727356 ], [ -0.716238181950361, 45.328647331752229 ], [ -0.716111894975184, 45.328471516709946 ], [ -0.715030652071294, 45.328543229064735 ], [ -0.714826243967368, 45.328370007200903 ], [ -0.714927549612211, 45.327780586406426 ], [ -0.715494559278649, 45.327455940943516 ], [ -0.715591828324319, 45.327001661225488 ], [ -0.714611399960117, 45.32419497176425 ], [ -0.713937501319411, 45.322134960667015 ], [ -0.713634899897567, 45.321423945449439 ], [ -0.71226877193544, 45.320874036935116 ], [ -0.712256793789856, 45.320694424680148 ], [ -0.712385538106364, 45.320690151430661 ], [ -0.713293045187659, 45.320885037877979 ], [ -0.71290659485066, 45.319699165357882 ], [ -0.711228091879278, 45.314463002107303 ], [ -0.710856985027638, 45.313484242172237 ], [ -0.7105550481927, 45.312412159063399 ], [ -0.710029691941922, 45.311032472080782 ], [ -0.709940602565307, 45.310674386491449 ], [ -0.708204134815055, 45.3054953581928 ], [ -0.70731139053015, 45.303036545189357 ], [ -0.706402850032801, 45.300317444690997 ], [ -0.702951534696929, 45.29028181032119 ], [ -0.701425543806716, 45.285590787042082 ], [ -0.701338063834713, 45.285233668996767 ], [ -0.701204810969895, 45.285147055003677 ], [ -0.700318266559194, 45.285258229230308 ], [ -0.699436324882491, 45.285242420695596 ], [ -0.699039151662508, 45.285021351408389 ], [ -0.69903657500003, 45.284786200019525 ], [ -0.70028944791167, 45.284628134885885 ], [ -0.7007973854825, 45.284575521428458 ], [ -0.698525917192102, 45.277881011001476 ], [ -0.698132021104032, 45.276180912668252 ], [ -0.697451859673686, 45.273048187488762 ], [ -0.697048426268474, 45.271574435627613 ], [ -0.696724237526745, 45.269963057114289 ], [ -0.696430083878323, 45.268214657736969 ], [ -0.69601139927103, 45.266335373401866 ], [ -0.695918699895572, 45.265527389085463 ], [ -0.695588854627621, 45.2653582928506 ], [ -0.695203749534206, 45.265316822928426 ], [ -0.6934168553656, 45.26532169659702 ], [ -0.695623685333038, 45.264726096687305 ], [ -0.695006911266771, 45.260229981818455 ], [ -0.695000956495495, 45.260140175821043 ], [ -0.69626026771478, 45.259890899965399 ], [ -0.696381470923148, 45.259796887055998 ], [ -0.696334839495925, 45.258897377169397 ], [ -0.69559306658385, 45.254459613171264 ], [ -0.695563223609932, 45.254009563358643 ], [ -0.695401374749177, 45.253293871883031 ], [ -0.695022591820613, 45.251053263293016 ], [ -0.694919402118859, 45.250064600715028 ], [ -0.694644290436956, 45.249758690799453 ], [ -0.694450608234254, 45.249720095328243 ], [ -0.694315465030559, 45.249625357359342 ], [ -0.69343111292726, 45.249564598666893 ], [ -0.692770414523968, 45.24575519581429 ], [ -0.692612589144088, 45.244705952024596 ], [ -0.692504312856637, 45.243464837833812 ], [ -0.692405753566474, 45.242567048566045 ], [ -0.692308033617396, 45.241660026939826 ], [ -0.691696414309216, 45.238020829647688 ], [ -0.691568862820162, 45.237231388909201 ], [ -0.690610618323983, 45.233558648972917 ], [ -0.690542165155525, 45.233289881866796 ], [ -0.690395530834028, 45.231861852175747 ], [ -0.690360095458668, 45.231585320330801 ], [ -0.692834692277099, 45.232102579978346 ], [ -0.711744994459336, 45.236053235813458 ], [ -0.714117633814074, 45.236548651846547 ], [ -0.729461726650402, 45.239751128938124 ], [ -0.731473260325961, 45.240170774360976 ], [ -0.748928834553576, 45.243810566352884 ], [ -0.7501087969368, 45.244056493710886 ], [ -0.750696183188805, 45.243853692875568 ], [ -0.750708598887925, 45.243933057285105 ], [ -0.750851379580525, 45.244720925809531 ], [ -0.750914643557454, 45.244908017702159 ], [ -0.750992763295855, 45.245122226055258 ], [ -0.751390389550027, 45.245523102599542 ], [ -0.751402546241582, 45.245703728492117 ], [ -0.751363160261933, 45.246065074129014 ], [ -0.751571135940143, 45.24650914030731 ], [ -0.751749709782949, 45.247269213938353 ], [ -0.751958226194468, 45.247893273140271 ], [ -0.752103490945799, 45.248158410945024 ], [ -0.752072333466346, 45.248835523774737 ], [ -0.752368143551159, 45.249637684934648 ], [ -0.752635946143798, 45.249808700092366 ], [ -0.753022549088116, 45.251012836427066 ], [ -0.753534658994928, 45.252166729354975 ], [ -0.754128359802995, 45.253779159707648 ], [ -0.754586766898425, 45.255295901766189 ], [ -0.754768977575651, 45.256280867232057 ], [ -0.75516172279617, 45.257574800499476 ], [ -0.756071831709372, 45.259131587147436 ], [ -0.756671046196368, 45.260823604152563 ], [ -0.757205340075609, 45.262518825739519 ], [ -0.757569282406163, 45.263362669506741 ], [ -0.75770388843537, 45.264800290161816 ], [ -0.758001240495437, 45.26560136992844 ], [ -0.758659070157951, 45.267022414726867 ], [ -0.759218438104789, 45.267949688208986 ], [ -0.760204274462293, 45.269873137998005 ], [ -0.760301198868048, 45.270364912833337 ], [ -0.760597241565554, 45.271167055705867 ], [ -0.760952198297548, 45.271876185894236 ], [ -0.761400507467655, 45.27285219336909 ], [ -0.761458600767361, 45.272940244687845 ], [ -0.761782626839182, 45.273019344172653 ], [ -0.761909001115858, 45.273196126294089 ], [ -0.762005946335192, 45.273687899976537 ], [ -0.762443415098215, 45.274674497713953 ], [ -0.762815169173369, 45.275653079086787 ], [ -0.763455602921354, 45.275676516772407 ], [ -0.763953677394811, 45.27547972838326 ], [ -0.764332835596639, 45.275431159049496 ], [ -0.76498453582917, 45.275814236341404 ], [ -0.765066159442447, 45.276271749442898 ], [ -0.765087651086736, 45.276396830614964 ], [ -0.764474585163742, 45.276778534264054 ], [ -0.763715425148347, 45.276884905668553 ], [ -0.763597331911082, 45.277023893164021 ], [ -0.763785729976806, 45.277153581545271 ], [ -0.763791797367769, 45.277243384150225 ], [ -0.763230109013545, 45.277442313454642 ], [ -0.763047795254256, 45.277574257555322 ], [ -0.763275677384617, 45.2781168537716 ], [ -0.763895566444658, 45.279358121555035 ], [ -0.76412284350489, 45.279891531873957 ], [ -0.764405196392346, 45.280468090390123 ], [ -0.764580148199078, 45.281363290851793 ], [ -0.764719490828335, 45.281538611401039 ], [ -0.765102549269832, 45.281525707664287 ], [ -0.765235823735869, 45.281611224963342 ], [ -0.765181147137223, 45.281938319886784 ], [ -0.764752941590214, 45.282033546375253 ], [ -0.764899801685593, 45.28229862067311 ], [ -0.765641201359178, 45.283085753683082 ], [ -0.766126298158306, 45.284024712431183 ], [ -0.767280772595803, 45.28408501842253 ], [ -0.767121122300026, 45.284766476670164 ], [ -0.7671642895106, 45.285576110000726 ], [ -0.768857165516164, 45.289845533075422 ], [ -0.76962852920894, 45.291244300531524 ], [ -0.769643336847675, 45.291270394307773 ], [ -0.771790584058793, 45.294497561578488 ], [ -0.772191200614583, 45.294935105436835 ], [ -0.772660855161908, 45.295279287727858 ], [ -0.773140935664797, 45.295948371764823 ], [ -0.773156216123615, 45.296173898311338 ], [ -0.772966956702328, 45.29622528977081 ], [ -0.773059400994682, 45.296627204829306 ], [ -0.773537429630129, 45.297287151794713 ], [ -0.773939543659439, 45.297553829857449 ], [ -0.774269817057691, 45.297722695950114 ], [ -0.774679607097302, 45.29829493477034 ], [ -0.775215202696522, 45.298862924301908 ], [ -0.77587091914533, 45.299300025413665 ], [ -0.775767477958787, 45.299655368355985 ], [ -0.775655455501914, 45.299884171543553 ], [ -0.775663822453824, 45.30019993976773 ], [ -0.776628937118945, 45.301437683450722 ], [ -0.777614933594501, 45.302982583781692 ], [ -0.778042248253462, 45.304004262149313 ], [ -0.778798380942361, 45.304980051306991 ], [ -0.779165975248729, 45.305868732879496 ], [ -0.780391135028178, 45.307368709888735 ], [ -0.780358060167629, 45.307820892824857 ], [ -0.780886034591171, 45.308253083496339 ], [ -0.780906629235053, 45.308748456265057 ], [ -0.781323291453958, 45.309419658492956 ], [ -0.782615518127017, 45.309835200623333 ], [ -0.783289985514557, 45.310353457176731 ], [ -0.783365894317707, 45.310531928895657 ], [ -0.783423128180622, 45.311566114176522 ], [ -0.783505141994561, 45.311834387974756 ], [ -0.784006234501081, 45.312808550667562 ], [ -0.785386519568699, 45.314880109725031 ], [ -0.786103718261224, 45.316217214049686 ], [ -0.786594911189121, 45.317065896101198 ], [ -0.787362965775609, 45.318212049593001 ], [ -0.787720821160344, 45.319146047128108 ], [ -0.787856230106147, 45.320006774706329 ], [ -0.788239731104221, 45.320571684244378 ], [ -0.788510219385943, 45.320796750106616 ], [ -0.788837618482265, 45.320920672924579 ], [ -0.789126548183641, 45.321586975503159 ], [ -0.789764363603539, 45.32269252498115 ], [ -0.79039536138992, 45.323527252537033 ], [ -0.79073801180208, 45.324236736433335 ], [ -0.790825408532251, 45.324774852585016 ], [ -0.791053684830917, 45.325316376556913 ], [ -0.791603458434873, 45.326064865840259 ], [ -0.792344135688957, 45.326805857836781 ], [ -0.792556511158903, 45.327113689902255 ], [ -0.794050727204058, 45.328974694769137 ], [ -0.794737778729832, 45.32967248784567 ], [ -0.795333416641157, 45.33015653776814 ], [ -0.795924769523402, 45.330407523609907 ], [ -0.795994551405988, 45.330495165184573 ], [ -0.795910858188191, 45.331309114660613 ], [ -0.795998315994941, 45.331847227465047 ], [ -0.797935465759349, 45.334585074313239 ], [ -0.798609613349411, 45.335283286418978 ], [ -0.799284537758262, 45.33580144898351 ], [ -0.799408038241693, 45.335932269501946 ], [ -0.799849785824278, 45.336773382898585 ], [ -0.80046932647105, 45.337626866619743 ], [ -0.800577377124716, 45.338083474318509 ], [ -0.80099411467854, 45.339322296709526 ], [ -0.801429025119834, 45.340253648466351 ], [ -0.801933128972174, 45.341093660617865 ], [ -0.802276715061082, 45.341622045188679 ], [ -0.802592152442282, 45.342693492364994 ], [ -0.803300867928548, 45.344255833320389 ], [ -0.804124105202467, 45.345265010641285 ], [ -0.805281657995468, 45.346496022670607 ], [ -0.805748950430839, 45.346796189013475 ], [ -0.807460225489634, 45.347702515455126 ], [ -0.807625236236005, 45.348418007573585 ], [ -0.807767955250375, 45.348638177356484 ], [ -0.808287378821426, 45.348936560285779 ], [ -0.809231591499662, 45.348913626578657 ], [ -0.810044841168424, 45.348651706248774 ], [ -0.810283379626299, 45.348597555587084 ], [ -0.810844054827386, 45.349137960497742 ], [ -0.810798830376205, 45.349409532871086 ], [ -0.810495258063863, 45.349636714972945 ], [ -0.809998132024002, 45.349833664051694 ], [ -0.809323233322052, 45.350442733625613 ], [ -0.809605691507337, 45.35083918864818 ], [ -0.809812104402907, 45.351057187951234 ], [ -0.809967930311463, 45.351637975031501 ], [ -0.810244178782106, 45.351943606722912 ], [ -0.811736322116832, 45.352443083155869 ], [ -0.812407052358779, 45.352916316855051 ], [ -0.81327093547528, 45.353752214660844 ], [ -0.814464841878404, 45.354576858162886 ], [ -0.815446172538135, 45.355093699282179 ], [ -0.817115112088401, 45.356307170395745 ], [ -0.819379778859177, 45.357997397983169 ], [ -0.819325340128231, 45.358134272847465 ], [ -0.819204130593049, 45.358228420657326 ], [ -0.820851036227527, 45.359308600371179 ], [ -0.820799683993754, 45.359490376409084 ], [ -0.820714726657338, 45.359943333977171 ], [ -0.821015938618168, 45.360230702162994 ], [ -0.822617815586613, 45.361393202624505 ], [ -0.824631803256373, 45.3631461112114 ], [ -0.826966003255899, 45.364742793956061 ], [ -0.827440523828947, 45.365312668497658 ], [ -0.828160496853208, 45.36573810604645 ], [ -0.828370198534764, 45.366001992435059 ], [ -0.829027787314853, 45.366258740499454 ], [ -0.829555316470421, 45.366691775969542 ], [ -0.830143037409168, 45.366860896308644 ], [ -0.830346497863334, 45.367033958131152 ], [ -0.830504886881919, 45.367479621221015 ], [ -0.83084581432473, 45.367963020292962 ], [ -0.83130723857506, 45.368173280645607 ], [ -0.831642646084945, 45.368386830135357 ], [ -0.831775645779555, 45.368653336737793 ], [ -0.83210961026707, 45.368866934405084 ], [ -0.832385052369933, 45.369136746753782 ], [ -0.832652227946294, 45.369307623527241 ], [ -0.832989364608356, 45.369567139232089 ], [ -0.833193640855587, 45.369920193238009 ], [ -0.833776301209384, 45.37003628035027 ], [ -0.833989070764345, 45.370344036107255 ], [ -0.83405650034749, 45.370395938532951 ], [ -0.834258338011681, 45.370524043619533 ], [ -0.834700504190276, 45.370643915655393 ], [ -0.834969212239626, 45.370815757807911 ], [ -0.834922640125698, 45.371087390526064 ], [ -0.834944313652222, 45.371401691421546 ], [ -0.83532178107468, 45.371298746733665 ], [ -0.835579113184841, 45.37151598360191 ], [ -0.835652105862659, 45.371648501189028 ], [ -0.836006204082495, 45.37213245887758 ], [ -0.836267844000083, 45.372222711014821 ], [ -0.836778915825683, 45.372205195281623 ], [ -0.837503798325213, 45.37272042307135 ], [ -0.83861205271896, 45.373007698397601 ], [ -0.838824860373972, 45.373315445124064 ], [ -0.8393322106811, 45.373433064693401 ], [ -0.839600062325874, 45.37361310911578 ], [ -0.839743042893766, 45.373834259539379 ], [ -0.840211570506892, 45.374314280815049 ], [ -0.840411988699069, 45.37444242456629 ], [ -0.840873432326906, 45.374651625289587 ], [ -0.84116078743404, 45.375092852655669 ], [ -0.841178771345757, 45.37554229963569 ], [ -0.841251853128121, 45.375675834118141 ], [ -0.841693066971905, 45.375949144245965 ], [ -0.84233260534195, 45.375962996259268 ], [ -0.843120211022492, 45.375683311176253 ], [ -0.843620768011856, 45.375891158587677 ], [ -0.843957360839992, 45.376141457494796 ], [ -0.845170901538025, 45.377236196739609 ], [ -0.845992819141928, 45.378019104315925 ], [ -0.846744230444237, 45.378894442548528 ], [ -0.848925813038496, 45.380280132663536 ], [ -0.850256933575644, 45.381225532920915 ], [ -0.851127189195505, 45.381970944701344 ], [ -0.852194785990714, 45.382610341542645 ], [ -0.852925213360389, 45.383180524840249 ], [ -0.854376649998552, 45.383995926381068 ], [ -0.856755941289215, 45.385275452699616 ], [ -0.858275990368153, 45.386178458369237 ], [ -0.859590157044558, 45.386854301170509 ], [ -0.861439768979442, 45.387881950974894 ], [ -0.862686363954102, 45.388524289484955 ], [ -0.863953711101988, 45.389255913368693 ], [ -0.864459811644717, 45.389373469424797 ], [ -0.865532912456854, 45.390066773400797 ], [ -0.866042146088888, 45.390229221746878 ], [ -0.868772477004246, 45.391955671532671 ], [ -0.871942634618616, 45.393928715682542 ], [ -0.873336232761484, 45.394655877280115 ], [ -0.875448466027016, 45.395944276259939 ], [ -0.875927392697796, 45.396378799578684 ], [ -0.876913162993813, 45.396940004759557 ], [ -0.8770500173525, 45.397070289654621 ], [ -0.876947610129301, 45.397433895447534 ], [ -0.877412077068592, 45.397868913948194 ], [ -0.879007385665697, 45.398904080982007 ], [ -0.880581308679635, 45.399444884015239 ], [ -0.88173322338713, 45.39963920897948 ], [ -0.882365725690025, 45.399527269104901 ], [ -0.883549578114171, 45.399991538046457 ], [ -0.885518050062594, 45.400878655067693 ], [ -0.885974572680702, 45.40117787081207 ], [ -0.886114669236009, 45.401354064087315 ], [ -0.886197239281191, 45.401621246149162 ], [ -0.888817824349858, 45.402674917692259 ], [ -0.891973861743621, 45.404053624055003 ], [ -0.895092183942401, 45.405099066634229 ], [ -0.896704476480494, 45.405457265346442 ], [ -0.899424568722184, 45.406102166526466 ], [ -0.901963389561631, 45.40670831066322 ], [ -0.904238480330095, 45.407404402886463 ], [ -0.904308529420972, 45.407491978006739 ], [ -0.903632187589645, 45.408055651999021 ], [ -0.90397304418654, 45.408359854106941 ], [ -0.904205345699622, 45.40893788960242 ], [ -0.904295421965958, 45.409475873878954 ], [ -0.903866050981931, 45.409751683322 ], [ -0.903186595364269, 45.410271476755319 ], [ -0.90320866992247, 45.410585766338485 ], [ -0.903689644721824, 45.411065121010999 ], [ -0.904491028277768, 45.411722546188216 ], [ -0.905508339764982, 45.412724322736992 ], [ -0.906591458389819, 45.413731979937189 ], [ -0.907269637111855, 45.4144744953432 ], [ -0.90835224756231, 45.415473972456823 ], [ -0.909491455342439, 45.416389631666014 ], [ -0.909523116669408, 45.416839635861166 ], [ -0.908983765314792, 45.417534608872828 ], [ -0.909133380324256, 45.417844448608008 ], [ -0.912733955461097, 45.420441780520932 ], [ -0.913017827205037, 45.420656909824963 ], [ -0.914412729405111, 45.421735447157566 ], [ -0.915160127678521, 45.422529719553722 ], [ -0.915765660551359, 45.422959668978024 ], [ -0.917548419338236, 45.424077807895699 ], [ -0.917889450281526, 45.424381968444195 ], [ -0.91931199523822, 45.425314229237884 ], [ -0.91958811670311, 45.425954131330165 ], [ -0.920111958169927, 45.426295876808105 ], [ -0.920405096359042, 45.426826751354213 ], [ -0.920724187729188, 45.427004828614713 ], [ -0.920873965661393, 45.427315673543667 ], [ -0.923052024368617, 45.429502165015464 ], [ -0.923881867976103, 45.430555372954913 ], [ -0.924293011335593, 45.430946057078167 ], [ -0.924699631468489, 45.431437145998061 ], [ -0.925389235258467, 45.432314197210793 ], [ -0.926270168732215, 45.433184541511771 ], [ -0.9270243106349, 45.434069552662343 ], [ -0.927991293225153, 45.435251934964946 ], [ -0.928217606524348, 45.435740127095215 ], [ -0.928767070337236, 45.436442036924589 ], [ -0.929245962802939, 45.436885569534404 ], [ -0.930913222638392, 45.438188633374963 ], [ -0.931258968248318, 45.438536580583659 ], [ -0.931335454800967, 45.438713935057521 ], [ -0.931418036545378, 45.439162154981616 ], [ -0.931433926266719, 45.439386644548748 ], [ -0.931708172357687, 45.439648103089183 ], [ -0.932878443867808, 45.440066342291658 ], [ -0.933820540952402, 45.440709442997338 ], [ -0.934794958506357, 45.441090551362471 ], [ -0.938519938189663, 45.44232943417547 ], [ -0.938980343054172, 45.44267435401386 ], [ -0.939560729347595, 45.442743974033156 ], [ -0.939888098911969, 45.442831692252291 ], [ -0.940820766642749, 45.443340041320461 ], [ -0.941801651462412, 45.443810884317827 ], [ -0.945587274529347, 45.445182441564285 ], [ -0.950700364196807, 45.447193498340816 ], [ -0.956132756245064, 45.449193066584883 ], [ -0.957311561111819, 45.449745794440346 ], [ -0.958352877446484, 45.449980110745926 ], [ -0.959507560623395, 45.450173586623158 ], [ -0.960807829459416, 45.450451927286394 ], [ -0.962622909043501, 45.450938130029435 ], [ -0.963220882458756, 45.451232061979518 ], [ -0.963693112330027, 45.451576470756507 ], [ -0.963837369792343, 45.451805628341219 ], [ -0.964084133368668, 45.451841912534135 ], [ -0.964441379291441, 45.451288130430825 ], [ -0.964559340150705, 45.451148927156268 ], [ -0.966377682201106, 45.451679966252044 ], [ -0.969647915215329, 45.45279892513819 ], [ -0.970887789508836, 45.453125325348331 ], [ -0.971198353953773, 45.453159334189202 ], [ -0.97158043945424, 45.453136590871452 ], [ -0.971651816429768, 45.454134525702429 ], [ -0.971843061433489, 45.454308815304422 ], [ -0.978525047880506, 45.457984737573248 ], [ -0.978799534150883, 45.458245061257962 ], [ -0.979011676684058, 45.458507597150145 ], [ -0.979171518448636, 45.458953055634176 ], [ -0.979432963140351, 45.459213840978322 ], [ -0.980373363156902, 45.459820839098327 ], [ -0.981866709123215, 45.460273159463185 ], [ -0.982860464641901, 45.460914047584758 ], [ -0.983922013358283, 45.461425669478132 ], [ -0.985719050456671, 45.462543338704371 ], [ -0.98610637105584, 45.462754624237071 ], [ -0.986246940263011, 45.462930693855562 ], [ -0.986269505540829, 45.463244969387027 ], [ -0.985914330549157, 45.463663719965346 ], [ -0.985851821607793, 45.463845986669703 ], [ -0.986190173518863, 45.464104024267741 ], [ -0.988165852442212, 45.46503526332166 ], [ -0.989288106431385, 45.465499668744819 ], [ -0.990251220981872, 45.465691475930598 ], [ -0.990922196345916, 45.466126914291394 ], [ -0.991319384785995, 45.466292821004778 ], [ -0.99220816631361, 45.466360408164142 ], [ -0.992801856346082, 45.466610358720438 ], [ -0.99321520108797, 45.467000740436127 ], [ -0.993810221283871, 45.46743068416815 ], [ -0.995002912527633, 45.467983572848446 ], [ -0.994817826694961, 45.468260235647655 ], [ -0.994904323184354, 45.468573256725328 ], [ -0.998211684783012, 45.470023613060519 ], [ -0.998460303575346, 45.470447472101576 ], [ -0.998805337788207, 45.47061521407749 ], [ -0.999321158617235, 45.470651036103384 ], [ -0.999707249479887, 45.4706822764254 ], [ -0.999861595516496, 45.470867046925548 ], [ -1.000048465491134, 45.470796955479116 ], [ -1.000101334998518, 45.470804276361591 ], [ -1.000165996777674, 45.469764657630435 ], [ -1.000540480445174, 45.469796308962358 ], [ -1.000465643659899, 45.471602511034654 ], [ -1.00054883199232, 45.472050682013403 ], [ -1.00084112085554, 45.4725353813024 ], [ -1.001647776813797, 45.473237013609271 ], [ -1.003526881797139, 45.474594969520183 ], [ -1.004599828334386, 45.47543950193046 ], [ -1.005998637888562, 45.476346040739834 ], [ -1.006129509533112, 45.476386377355908 ], [ -1.006703850158129, 45.476365858245103 ], [ -1.008273549209461, 45.475912840949292 ], [ -1.008529472442649, 45.475912900092879 ], [ -1.008660344904363, 45.475953233755511 ], [ -1.010058496462692, 45.476849518406496 ], [ -1.012408160177506, 45.478677458573443 ], [ -1.013947066537494, 45.479748711832208 ], [ -1.014020700569703, 45.479882135416396 ], [ -1.01384402649412, 45.480113518918635 ], [ -1.013928785967886, 45.480561628587665 ], [ -1.014264122826625, 45.480774686301736 ], [ -1.014796286482935, 45.481034916291549 ], [ -1.015659902162819, 45.481635189189113 ], [ -1.016504648284046, 45.482155314728615 ], [ -1.018453464738936, 45.483402111226454 ], [ -1.018530291437995, 45.483579407265047 ], [ -1.018811593904964, 45.483929425367918 ], [ -1.019151745687336, 45.484188332654774 ], [ -1.019870023324857, 45.484567700786073 ], [ -1.022009299791986, 45.485951859291887 ], [ -1.022873069875524, 45.486552077091162 ], [ -1.023605948831796, 45.487111972148895 ], [ -1.024277518403573, 45.487548232671166 ], [ -1.025255923653897, 45.487783198820033 ], [ -1.02618244548626, 45.488345336251975 ], [ -1.026176570608911, 45.488444779084396 ], [ -1.025160417150521, 45.489454131212575 ], [ -1.024748050002524, 45.489965087813275 ], [ -1.024774143451534, 45.490505323376873 ], [ -1.0258537609288, 45.491412864285053 ], [ -1.027446626781026, 45.492357212293712 ], [ -1.028769232195787, 45.492904087699429 ], [ -1.031335649732274, 45.494173515735696 ], [ -1.032980852137052, 45.494754786566467 ], [ -1.034403749930568, 45.495118966235928 ], [ -1.034948536989106, 45.495549499293681 ], [ -1.03545010078357, 45.495405626377249 ], [ -1.035898405552689, 45.495389498388825 ], [ -1.03686787519356, 45.495678911744101 ], [ -1.037990561461074, 45.49613466918855 ], [ -1.040152000004786, 45.49693152800981 ], [ -1.04219351582323, 45.497858500355314 ], [ -1.043494749743657, 45.498307772507438 ], [ -1.046798827558503, 45.499829565221113 ], [ -1.04732481809434, 45.500179902633278 ], [ -1.047650066086064, 45.500610115458535 ], [ -1.050512543171214, 45.502057713231338 ], [ -1.052687510478111, 45.503033910894459 ], [ -1.052869204144074, 45.50289230762457 ], [ -1.053175304875569, 45.502701196334925 ], [ -1.053435411854627, 45.502736812442507 ], [ -1.057973770393263, 45.505710394590274 ], [ -1.061970100426072, 45.508289106025323 ], [ -1.062916393035316, 45.509111126275108 ], [ -1.063685278108079, 45.509993785818537 ], [ -1.064115560525578, 45.510961341298831 ], [ -1.065183268751792, 45.510480711713953 ], [ -1.06549662282914, 45.510388538619509 ], [ -1.066643375196217, 45.512375671372745 ], [ -1.06679741704656, 45.512730198721911 ], [ -1.06728553847255, 45.513433750568062 ], [ -1.067365929628836, 45.51365692863466 ], [ -1.067433077778274, 45.513699508504303 ], [ -1.068283981272772, 45.514984293421733 ], [ -1.069326090247013, 45.516435034242846 ], [ -1.070267489230722, 45.518257715921465 ], [ -1.070457676293891, 45.520135263591499 ], [ -1.070663313606384, 45.52049814671421 ], [ -1.070685706197345, 45.520803224556289 ], [ -1.069769197035061, 45.521422667832958 ], [ -1.069799038049915, 45.52200778946969 ], [ -1.070159430399881, 45.522535910019428 ], [ -1.070232186269489, 45.523705679514769 ], [ -1.070564821998764, 45.524053727229976 ], [ -1.070591259817224, 45.524413902925502 ], [ -1.070305061876046, 45.52505550064096 ], [ -1.070303202448217, 45.525902648538576 ], [ -1.07011837379381, 45.526180457844305 ], [ -1.069939942876908, 45.526366983889595 ], [ -1.069943237855561, 45.526411878341165 ], [ -1.069319553125809, 45.526659561860328 ], [ -1.069349278641412, 45.527064632437181 ], [ -1.069413263721518, 45.527242368279389 ], [ -1.069379118262761, 45.527649754593327 ], [ -1.068951106015389, 45.52792614767521 ], [ -1.067883659641814, 45.528235945513082 ], [ -1.067131525636724, 45.528479063625475 ], [ -1.065221804913656, 45.528855158298505 ], [ -1.064725220987622, 45.529090026954272 ], [ -1.063991637984161, 45.529566727596382 ], [ -1.0634251861331, 45.529722276530265 ], [ -1.063034686346947, 45.529637177512583 ], [ -1.062893779404076, 45.529462222954969 ], [ -1.062934627280595, 45.529145648200554 ], [ -1.063055796052622, 45.529051234689334 ], [ -1.063442832676637, 45.528910367033177 ], [ -1.063436252944467, 45.528820577721646 ], [ -1.063298636548029, 45.528690518344021 ], [ -1.062792103161095, 45.528789674137016 ], [ -1.062233685346248, 45.529034953854243 ], [ -1.062263451008083, 45.52962007803918 ], [ -1.061888692707251, 45.529769704388308 ], [ -1.06137373388975, 45.529734117146909 ], [ -1.061239408191661, 45.529648949952687 ], [ -1.061021405947048, 45.529295704880631 ], [ -1.060892119675865, 45.529120327644065 ], [ -1.060569461952849, 45.529086986898164 ], [ -1.060320540646515, 45.52918601893046 ], [ -1.059814080061765, 45.52946521291711 ], [ -1.058864444148233, 45.529635620197638 ], [ -1.05868267822678, 45.529777233644843 ], [ -1.058712253091737, 45.530181286850777 ], [ -1.058402136548603, 45.530319356390464 ], [ -1.057761929536782, 45.530342501799069 ], [ -1.057175742934175, 45.530228650254628 ], [ -1.056634432715691, 45.529832862184442 ], [ -1.055977740935431, 45.529451471503513 ], [ -1.055317096721932, 45.52919503033489 ], [ -1.05511562422842, 45.529067268630008 ], [ -1.054977959764686, 45.528757147449724 ], [ -1.054985947632915, 45.527990606273562 ], [ -1.055034002432675, 45.527771986952203 ], [ -1.055020728761614, 45.527411335455007 ], [ -1.054615675932994, 45.527146680069251 ], [ -1.054350340616619, 45.527021224326553 ], [ -1.054058610645136, 45.526355536721979 ], [ -1.053503391275254, 45.525609338042443 ], [ -1.05289750199028, 45.525225074338231 ], [ -1.052765810107315, 45.525175608947066 ], [ -1.052318721253663, 45.52519175193634 ], [ -1.051369135449244, 45.525362095769694 ], [ -1.050949438284471, 45.525773157552472 ], [ -1.050767792644686, 45.526095830013631 ], [ -1.050717039327031, 45.526277715180981 ], [ -1.050749908343427, 45.526727685664831 ], [ -1.050951416184633, 45.527035506729369 ], [ -1.051305101880989, 45.527473898055447 ], [ -1.052666909325303, 45.528741379134999 ], [ -1.052873168127682, 45.52909403938623 ], [ -1.053063414153365, 45.529944471643269 ], [ -1.053194507542187, 45.530164805289147 ], [ -1.05374314109494, 45.530641164361867 ], [ -1.054024968025737, 45.531171147962837 ], [ -1.054185621113956, 45.531616503665255 ], [ -1.054389223942561, 45.531753397696576 ], [ -1.054836365054749, 45.531737246453801 ], [ -1.055587925409692, 45.531485027516069 ], [ -1.056035735744341, 45.531478054548082 ], [ -1.056826703017178, 45.53176456596583 ], [ -1.057608569937543, 45.532105622005773 ], [ -1.05819156611187, 45.532175596827251 ], [ -1.059474454234957, 45.53218240743557 ], [ -1.059877517545501, 45.532438935284453 ], [ -1.060151001624615, 45.532834166778542 ], [ -1.06030513350409, 45.53318972426689 ], [ -1.060853944020208, 45.533846100498629 ], [ -1.061075251343955, 45.534244240844984 ], [ -1.061229318324779, 45.534598776790645 ], [ -1.062108099143909, 45.535387458392037 ], [ -1.062378398982299, 45.535738810207242 ], [ -1.062408003933639, 45.536142862731367 ], [ -1.062290182706623, 45.536283190689446 ], [ -1.061985765394494, 45.536519274901096 ], [ -1.06178753993249, 45.536436419787854 ], [ -1.061441070828662, 45.536078614952565 ], [ -1.061177513970968, 45.535998122479704 ], [ -1.060637196907515, 45.536153732378772 ], [ -1.060356986623818, 45.536163867805371 ], [ -1.059675169186683, 45.536494415195108 ], [ -1.058127330612801, 45.53744349093035 ], [ -1.056320468917379, 45.538175811855567 ], [ -1.055690803013933, 45.538324394716618 ], [ -1.055202751976549, 45.537801862466623 ], [ -1.055489190265051, 45.537160302244708 ], [ -1.055331794437463, 45.536759843044237 ], [ -1.054931937378166, 45.53636814192739 ], [ -1.054527491135778, 45.536112668992779 ], [ -1.054070466527392, 45.535994134108272 ], [ -1.05362444998209, 45.536046046654768 ], [ -1.053439367481887, 45.53614275674569 ], [ -1.052707498642738, 45.536665351862815 ], [ -1.051756972038493, 45.536825495801082 ], [ -1.051558816627467, 45.536922674422598 ], [ -1.051134670060966, 45.537254098397582 ], [ -1.050685360594699, 45.537261104223553 ], [ -1.050379060649466, 45.537452209550096 ], [ -1.050197322008655, 45.537594829744464 ], [ -1.049694633967526, 45.537748004766868 ], [ -1.049439096261305, 45.537757222579437 ], [ -1.049202572202186, 45.536990296167552 ], [ -1.048914177421805, 45.536549541287734 ], [ -1.048824662457534, 45.536200847113378 ], [ -1.048727278534031, 45.535564965033537 ], [ -1.048504556725024, 45.534986800920372 ], [ -1.047611679483454, 45.534161699367438 ], [ -1.047257938427487, 45.53354324434126 ], [ -1.046889273460911, 45.532700260104271 ], [ -1.046551375656862, 45.532478167682342 ], [ -1.045960089415681, 45.532274414918426 ], [ -1.045424572427666, 45.531797546863174 ], [ -1.045092082851345, 45.531629476061838 ], [ -1.044773848261527, 45.531676749560027 ], [ -1.044467558781996, 45.531867838642334 ], [ -1.044275925166083, 45.53187474313561 ], [ -1.044110624714353, 45.531384530321532 ], [ -1.044104075966492, 45.531294739853365 ], [ -1.043586480138868, 45.53104330729483 ], [ -1.043249275250588, 45.530830388105187 ], [ -1.04304053368595, 45.530602610743344 ], [ -1.04255729338616, 45.529943795044069 ], [ -1.042213553632672, 45.52964108223366 ], [ -1.041776242907976, 45.529791869114291 ], [ -1.041661580942615, 45.529976050274961 ], [ -1.041946636073224, 45.530551979774138 ], [ -1.041841864995039, 45.530871867365356 ], [ -1.041676413533482, 45.53123792980923 ], [ -1.041750206585499, 45.53155138775157 ], [ -1.041958202636199, 45.531768964060042 ], [ -1.042349467387854, 45.531844900948755 ], [ -1.04272618827394, 45.531741307653952 ], [ -1.042853943844522, 45.531736706457103 ], [ -1.042799886081287, 45.531873692898294 ], [ -1.042678676690805, 45.531968084591753 ], [ -1.042305896605492, 45.532125756148503 ], [ -1.042385544893934, 45.532339769473943 ], [ -1.042724678776246, 45.532778710905227 ], [ -1.042757412443921, 45.533227663734756 ], [ -1.042387328225806, 45.533602119805593 ], [ -1.042356253574449, 45.534054393496369 ], [ -1.042116426816702, 45.53427888802301 ], [ -1.041744781012512, 45.53447232221734 ], [ -1.041499172022357, 45.534797280018111 ], [ -1.041183037373557, 45.534853674229055 ], [ -1.039720003242263, 45.535032164883255 ], [ -1.039021798654237, 45.535139130320388 ], [ -1.038887419855665, 45.535052915998463 ], [ -1.038602447675164, 45.534477998773767 ], [ -1.038363412007582, 45.533674317248384 ], [ -1.038152153228508, 45.533411838815908 ], [ -1.038027662990095, 45.533461330089764 ], [ -1.037973591633684, 45.533598314237125 ], [ -1.03806043337156, 45.533911304674596 ], [ -1.038815400277254, 45.535822775379081 ], [ -1.039442649543913, 45.537738838915821 ], [ -1.039532719624819, 45.538275755243205 ], [ -1.040046966718611, 45.53933961126733 ], [ -1.040219279738999, 45.539946202665135 ], [ -1.040654570415979, 45.540805224186528 ], [ -1.041716749883055, 45.542534781180514 ], [ -1.042018212079126, 45.543155136279076 ], [ -1.0428552125131, 45.544251353802544 ], [ -1.042984448972711, 45.544246700163157 ], [ -1.043570076653498, 45.544550933669591 ], [ -1.044354615168576, 45.544747742694724 ], [ -1.045760551122572, 45.544661284303231 ], [ -1.046217629366932, 45.544779853110342 ], [ -1.047402714097148, 45.545377556503794 ], [ -1.048854567798511, 45.545919592389836 ], [ -1.052425235824816, 45.546665469602793 ], [ -1.05379043287436, 45.54707655466175 ], [ -1.055126429259053, 45.547983828223806 ], [ -1.055988168055818, 45.548358848816719 ], [ -1.056978382920583, 45.548917460304828 ], [ -1.058853485421618, 45.550166346630505 ], [ -1.061607039519635, 45.552194705896412 ], [ -1.062561329927897, 45.553115706245926 ], [ -1.063395670030648, 45.554167897531649 ], [ -1.064100781546519, 45.555224760829255 ], [ -1.064410697498409, 45.556114845921329 ], [ -1.064534037902152, 45.557101711422064 ], [ -1.064382074427201, 45.557829480406035 ], [ -1.064185780870499, 45.55864785820355 ], [ -1.063889456105357, 45.559154757788747 ], [ -1.063281160668508, 45.559617699734815 ], [ -1.062209199412114, 45.560053419216963 ], [ -1.061848849595358, 45.560382572860753 ], [ -1.061554168814934, 45.560753341175818 ], [ -1.061449453772049, 45.5610732481749 ], [ -1.061328212314265, 45.561167660308492 ], [ -1.061502260055337, 45.561972638972165 ], [ -1.061566466498289, 45.563007682314939 ], [ -1.061457797198663, 45.563452543456883 ], [ -1.060755326308221, 45.564380267076103 ], [ -1.060768485550609, 45.564559846760481 ], [ -1.061252619890461, 45.566435994143298 ], [ -1.06177702947173, 45.566417031355414 ], [ -1.061891699970587, 45.566232828888367 ], [ -1.06202464691992, 45.565244876298841 ], [ -1.062847126932867, 45.565080086027145 ], [ -1.063115955297497, 45.565250417115479 ], [ -1.063314560532648, 45.56549592424161 ], [ -1.063594615670421, 45.565819304826924 ], [ -1.063883877931664, 45.566268186206521 ], [ -1.064285466437274, 45.56665980425101 ], [ -1.064295344839287, 45.566794488738182 ], [ -1.064234720330921, 45.566841696386113 ], [ -1.064223975567839, 45.566843250834999 ], [ -1.063965602585443, 45.566960939853807 ], [ -1.063924940594242, 45.566979461311092 ], [ -1.063923749613827, 45.566979484396519 ], [ -1.063922959879311, 45.566979834318012 ], [ -1.063741084485926, 45.567121456564955 ], [ -1.063770790944506, 45.567526530531573 ], [ -1.063397252775032, 45.567855142094842 ], [ -1.062536547706811, 45.568373244678803 ], [ -1.062495668665971, 45.568689820732473 ], [ -1.0623744871426, 45.568785254413172 ], [ -1.06212548109004, 45.569064343343832 ], [ -1.062205857318568, 45.569286506236345 ], [ -1.062007434511142, 45.56971371862614 ], [ -1.06148167306838, 45.570972070224606 ], [ -1.061370444656913, 45.571382240134469 ], [ -1.061208291849846, 45.571793227984507 ], [ -1.061019812813867, 45.571845056014062 ], [ -1.060631530435349, 45.571814078758806 ], [ -1.060587262640867, 45.571905706772299 ], [ -1.061231401012424, 45.572108512937795 ], [ -1.061146493265762, 45.572877842259118 ], [ -1.060853355096366, 45.573429629596099 ], [ -1.061179561671122, 45.573507864650686 ], [ -1.061307411926553, 45.573503242447792 ], [ -1.061482569700601, 45.573090761286053 ], [ -1.061686989125898, 45.572362124229038 ], [ -1.062367367434471, 45.572162930770652 ], [ -1.06307797678011, 45.57195254542561 ], [ -1.063144018291551, 45.571932990852339 ], [ -1.063165253769905, 45.57192670441421 ], [ -1.063898765104302, 45.571714338930434 ], [ -1.064647457786421, 45.571416143025779 ], [ -1.065686779454646, 45.570711504134493 ], [ -1.067170191354548, 45.570116786155928 ], [ -1.067181934063739, 45.570112085590175 ], [ -1.067200372593755, 45.570104704097524 ], [ -1.067881963350008, 45.56983916657164 ], [ -1.070245002982894, 45.568635371715864 ], [ -1.070805836457606, 45.568398161061957 ], [ -1.071502775280447, 45.568115613347096 ], [ -1.071889279063617, 45.567962328447955 ], [ -1.071903784712067, 45.567956573421782 ], [ -1.072081084289798, 45.567886248237983 ], [ -1.073295980102466, 45.567404416106683 ], [ -1.073763067333608, 45.567219161835034 ], [ -1.073773486389301, 45.567215035951357 ], [ -1.074373556605119, 45.566979758106974 ], [ -1.075226823962097, 45.566792156647473 ], [ -1.076268151657328, 45.566559086178508 ], [ -1.076766947474956, 45.566370132991025 ], [ -1.078007461450259, 45.565612031330538 ], [ -1.079380749143657, 45.56507518758994 ], [ -1.080081055287415, 45.564970389829114 ], [ -1.081142861529137, 45.564814785531318 ], [ -1.081864542894295, 45.56470901873805 ], [ -1.081875811769372, 45.564707362747086 ], [ -1.082873365767947, 45.564560540839373 ], [ -1.083648476813, 45.564623413469008 ], [ -1.08372265804458, 45.564602301261317 ], [ -1.084150463619169, 45.564478301488286 ], [ -1.084651682811099, 45.564144972361042 ], [ -1.084631752931616, 45.563874586730577 ], [ -1.083794942704457, 45.563824195244102 ], [ -1.083612869265237, 45.563804215912199 ], [ -1.083407380428363, 45.563802479588112 ], [ -1.082948036233777, 45.563656513047746 ], [ -1.082806980058756, 45.563481582775502 ], [ -1.08298217937236, 45.563250141218973 ], [ -1.083214757029517, 45.563105619285523 ], [ -1.08360366772338, 45.563145701431033 ], [ -1.083678523689265, 45.5631337721695 ], [ -1.08450489379964, 45.563022900640433 ], [ -1.085199886955828, 45.562690705742924 ], [ -1.086642187645155, 45.562242310274534 ], [ -1.087128590593173, 45.562120835576621 ], [ -1.087139713705331, 45.562118162015253 ], [ -1.087165220002545, 45.562112024733452 ], [ -1.087714947647577, 45.56197717421594 ], [ -1.088290821487364, 45.561965420287564 ], [ -1.088240158398498, 45.562147323154974 ], [ -1.087875960453078, 45.562422483306236 ], [ -1.087067084620531, 45.562948105813085 ], [ -1.086468947964049, 45.563546876173135 ], [ -1.085910452357345, 45.563972326878996 ], [ -1.085981061083384, 45.564060810416692 ], [ -1.086863979152845, 45.563847604778026 ], [ -1.087508549465796, 45.563878370463833 ], [ -1.087595718124174, 45.564191323654242 ], [ -1.088093701347847, 45.563992117050816 ], [ -1.089227223841418, 45.563454821883312 ], [ -1.089312413298828, 45.563414454068258 ], [ -1.09002930557517, 45.563083758778255 ], [ -1.090831710624784, 45.562648379171527 ], [ -1.091634595090295, 45.562042124453988 ], [ -1.092898931173471, 45.560742802506496 ], [ -1.093635555070611, 45.559839764355196 ], [ -1.093851673075819, 45.559581700875491 ], [ -1.093951769778844, 45.559462172433747 ], [ -1.094325005169505, 45.559031411434503 ], [ -1.095017376909431, 45.557797927701806 ], [ -1.095173688940517, 45.557453332452695 ], [ -1.095364045416565, 45.557109040218791 ], [ -1.095604529114846, 45.556875195677982 ], [ -1.095920733861992, 45.556818648208534 ], [ -1.096494686505571, 45.556761905436943 ], [ -1.096661374849562, 45.555149310887408 ], [ -1.096662462543044, 45.555139860145218 ], [ -1.096666099176819, 45.555108220184586 ], [ -1.09686972503744, 45.55350203723502 ], [ -1.097137730714992, 45.552751599237858 ], [ -1.097469994024682, 45.551910752786732 ], [ -1.097723203352989, 45.550872411630998 ], [ -1.097827313467, 45.550500205805207 ], [ -1.09813180248041, 45.549176620618958 ], [ -1.098398609357666, 45.548143695931707 ], [ -1.098515639128592, 45.547749111957579 ], [ -1.098661573939166, 45.547367820823645 ], [ -1.098705266062016, 45.546915053879943 ], [ -1.099271474041576, 45.545731157100462 ], [ -1.099431400821337, 45.54527516891234 ], [ -1.099501869769409, 45.544684707744238 ], [ -1.099610239638052, 45.544051190342394 ], [ -1.099742675190143, 45.543457219979075 ], [ -1.099749193143743, 45.543430766718643 ], [ -1.099964812961939, 45.542604926989142 ], [ -1.100192731515487, 45.541983112428262 ], [ -1.100351893217407, 45.541598416355015 ], [ -1.100983349095451, 45.540412125315179 ], [ -1.101332769617344, 45.539940003741776 ], [ -1.101583410374957, 45.539687356970269 ], [ -1.101703177613038, 45.539574536106798 ], [ -1.101843042335318, 45.539713678324794 ], [ -1.101910467720959, 45.539936289500048 ], [ -1.101873231399616, 45.540298792694635 ], [ -1.102084817751508, 45.540561151442162 ], [ -1.102266508203185, 45.540419467611038 ], [ -1.103078532788896, 45.540119702758808 ], [ -1.103065166903304, 45.539939108251026 ], [ -1.103255238081397, 45.539733686152843 ], [ -1.103317159084474, 45.5397048231548 ], [ -1.105211283293877, 45.539292847560446 ], [ -1.106272159176929, 45.538893928071182 ], [ -1.106509797270363, 45.538623329694097 ], [ -1.106496496152428, 45.538443755932292 ], [ -1.106373695183505, 45.538358217750357 ], [ -1.106155371442713, 45.5380050599463 ], [ -1.106135421740811, 45.537735699261411 ], [ -1.106564020509043, 45.537448908048852 ], [ -1.10699788977525, 45.537252975469798 ], [ -1.107132067898745, 45.537158036296979 ], [ -1.107216519910516, 45.536568727229692 ], [ -1.107455780298694, 45.536163021755485 ], [ -1.107822612981088, 45.535867157465979 ], [ -1.108183800290663, 45.535595176808954 ], [ -1.108032756909756, 45.535285598647512 ], [ -1.108268238755345, 45.535005867061841 ], [ -1.108651021991693, 45.534756303884542 ], [ -1.109077187017199, 45.534489276457926 ], [ -1.109248857986932, 45.534212901415827 ], [ -1.109225567426401, 45.53389864806816 ], [ -1.109528241966071, 45.533661468830857 ], [ -1.110048877059161, 45.533425765945346 ], [ -1.110087724206732, 45.533408044284506 ], [ -1.110097719677781, 45.5334034873338 ], [ -1.110595993445515, 45.533180406227274 ], [ -1.111152362146125, 45.532889939599528 ], [ -1.111445717089994, 45.532527258127622 ], [ -1.112005152172197, 45.532101628959353 ], [ -1.11242556605591, 45.531725082281888 ], [ -1.11234171362753, 45.531458063075192 ], [ -1.112200570980792, 45.531282150054729 ], [ -1.112183671229507, 45.530877632321783 ], [ -1.112362580017025, 45.530699201507502 ], [ -1.113719639711195, 45.529802369263791 ], [ -1.113959927740636, 45.529568486210316 ], [ -1.11400707028817, 45.529340658987735 ], [ -1.113666275207207, 45.529083058112789 ], [ -1.113713161046196, 45.528675179506592 ], [ -1.113951992608845, 45.528441349705027 ], [ -1.114669319796167, 45.528101143561962 ], [ -1.114686649080116, 45.52809309286301 ], [ -1.115192940389071, 45.527863859738687 ], [ -1.115435094077027, 45.527674919931307 ], [ -1.115357821116967, 45.527496669040872 ], [ -1.115102079601837, 45.527325984685817 ], [ -1.11514262810905, 45.527009391100755 ], [ -1.115562982134497, 45.52663283291735 ], [ -1.116946554369699, 45.526095106964981 ], [ -1.117126277952978, 45.525908453049965 ], [ -1.11704233594708, 45.525640417245341 ], [ -1.117079539113008, 45.525278929970767 ], [ -1.117385878765801, 45.524915754110403 ], [ -1.117812944657116, 45.524629993985243 ], [ -1.118308581974893, 45.524385708190572 ], [ -1.118749658337208, 45.524288699233196 ], [ -1.118870721534778, 45.524194225602599 ], [ -1.118709570971405, 45.523748962951139 ], [ -1.118827024638038, 45.523429544984218 ], [ -1.119191582661318, 45.523145049915847 ], [ -1.120004938715529, 45.52285796678256 ], [ -1.12040320509633, 45.522718437197355 ], [ -1.120877953802553, 45.522551141681738 ], [ -1.120871281916853, 45.52246135582817 ], [ -1.120682746075251, 45.522333232200836 ], [ -1.120729930697594, 45.522106422654886 ], [ -1.121148325001922, 45.521684897581089 ], [ -1.122069657838455, 45.521294576453151 ], [ -1.122515319871516, 45.521102690149498 ], [ -1.12264275784656, 45.520917946904255 ], [ -1.122623341051215, 45.520656752053618 ], [ -1.123414863501287, 45.52008646350307 ], [ -1.12416300728861, 45.51961802478133 ], [ -1.124718279036555, 45.51917527421098 ], [ -1.125132645704568, 45.518860091953165 ], [ -1.125563647703457, 45.518628377970671 ], [ -1.126515931496358, 45.518322248664532 ], [ -1.126963166538008, 45.517951112261848 ], [ -1.127725000252064, 45.517340639778837 ], [ -1.128533346128741, 45.516844291615655 ], [ -1.129855491654508, 45.51603503822669 ], [ -1.130755235340995, 45.515488872000567 ], [ -1.131355260939799, 45.515020381210817 ], [ -1.132345689417625, 45.514276274567564 ], [ -1.132977521095993, 45.513797280568951 ], [ -1.133256124340442, 45.513593037317037 ], [ -1.133271011031388, 45.513582130654271 ], [ -1.133682196440382, 45.513288878682303 ], [ -1.134412085265873, 45.512634990250298 ], [ -1.134430684859179, 45.512618585888006 ], [ -1.134755073812096, 45.512332445967573 ], [ -1.13492903820373, 45.512178902300846 ], [ -1.134939971878654, 45.512169249615567 ], [ -1.135752117896939, 45.511463127881825 ], [ -1.136305474339721, 45.511136827613683 ], [ -1.136789082083597, 45.510577785935553 ], [ -1.136950771062866, 45.510168866251483 ], [ -1.136987675874726, 45.510086348630182 ], [ -1.137018429552759, 45.510017585969962 ], [ -1.13702107533847, 45.510011675214365 ], [ -1.137227510953634, 45.509569226312067 ], [ -1.137829429525748, 45.508879977074805 ], [ -1.138553431675851, 45.50826704497188 ], [ -1.138795690650437, 45.507906166537346 ], [ -1.138839439439869, 45.507634457494724 ], [ -1.138997404339272, 45.507177448440146 ], [ -1.138983666332143, 45.50681782828071 ], [ -1.1391920731338, 45.506178894525341 ], [ -1.139485528577616, 45.505626854098644 ], [ -1.139782186062111, 45.505272885337632 ], [ -1.140619775766937, 45.504331715558081 ], [ -1.141084205465218, 45.503692535863294 ], [ -1.141382880751177, 45.503230328642282 ], [ -1.141479722555395, 45.502869988275492 ], [ -1.141706623094333, 45.502227003956342 ], [ -1.141800709855441, 45.501772348088792 ], [ -1.142019806154066, 45.501277268541301 ], [ -1.142079943566653, 45.501049968528179 ], [ -1.142194136452077, 45.500864665424267 ], [ -1.142244566870918, 45.500682739637 ], [ -1.142507954828453, 45.500320521982083 ], [ -1.142770197330372, 45.499987067902104 ], [ -1.143254328654422, 45.499437181675056 ], [ -1.143469364187219, 45.498888024845073 ], [ -1.143611410900091, 45.498361545321202 ], [ -1.143735914799105, 45.497976836918667 ], [ -1.144025163674283, 45.497389129183787 ], [ -1.14416948916101, 45.496915887199556 ], [ -1.144405846646998, 45.496241962058001 ], [ -1.144562386386738, 45.49583669254352 ], [ -1.144740392266918, 45.495649028509106 ], [ -1.14479080960788, 45.495467101703049 ], [ -1.1450377767534, 45.495151048858851 ], [ -1.14582397656966, 45.494536786126204 ], [ -1.146241972674007, 45.494115169099466 ], [ -1.146492902834809, 45.493792734444284 ], [ -1.147016342338208, 45.493148367760128 ], [ -1.147432501637994, 45.492546749414053 ], [ -1.147601182733396, 45.492234607760942 ], [ -1.148261032820294, 45.491623974570416 ], [ -1.14869059335805, 45.491201919399167 ], [ -1.149025262248374, 45.490522483917147 ], [ -1.149555601851005, 45.489736568288862 ], [ -1.149770163310786, 45.48900734959593 ], [ -1.14992867202595, 45.488559508715959 ], [ -1.150136509016851, 45.487740505719188 ], [ -1.15047045255297, 45.487051883820911 ], [ -1.150887215630275, 45.486459435581494 ], [ -1.150934170113582, 45.486231594150482 ], [ -1.151222594740574, 45.485634686379633 ], [ -1.151415459051119, 45.485276841720136 ], [ -1.151513646740401, 45.485112010382281 ], [ -1.151889166503689, 45.484481575806939 ], [ -1.152201650868603, 45.483985024263262 ], [ -1.152676234721407, 45.483291187189103 ], [ -1.152990304753983, 45.482948577275891 ], [ -1.153388896868747, 45.482552722396072 ], [ -1.154001165986489, 45.48198882800439 ], [ -1.154347018769991, 45.481479815628333 ], [ -1.15450507960299, 45.480851918454633 ], [ -1.154546538427923, 45.48039240330111 ], [ -1.154627245784575, 45.479900006611921 ], [ -1.154865916395555, 45.479000094694605 ], [ -1.154881062491102, 45.478945686680312 ], [ -1.155052793012793, 45.478396659801426 ], [ -1.155133286370664, 45.477762427636662 ], [ -1.155244790689596, 45.477542422846128 ], [ -1.156199033648491, 45.476244559203238 ], [ -1.156300368958317, 45.475888858348071 ], [ -1.161703364468826, 45.473248605029355 ], [ -1.161724585489895, 45.473236598777376 ], [ -1.183009260882391, 45.462094617257549 ], [ -1.257180585168764, 45.668628977933096 ], [ -1.218993674347233, 45.670990561397822 ], [ -1.215639971221546, 45.671240434888396 ], [ -1.214217406652304, 45.671149456325125 ], [ -1.213590136344655, 45.671120219280489 ], [ -1.213068944270332, 45.671093216329297 ], [ -1.212241219502045, 45.671205033971091 ], [ -1.21147078837549, 45.67138397707398 ], [ -1.210647724270018, 45.67157162028569 ], [ -1.209317979781512, 45.671837256591765 ], [ -1.208356038126641, 45.671873236555982 ], [ -1.207010599233639, 45.671779282337944 ], [ -1.206366860527733, 45.671758329444472 ], [ -1.205859275134276, 45.671858131580102 ], [ -1.205341630874024, 45.672010063146118 ], [ -1.205234801894639, 45.672041412186942 ], [ -1.204651372341574, 45.672210217967006 ], [ -1.204530131908213, 45.672304785409565 ], [ -1.204507129845619, 45.672846891479978 ], [ -1.204330636644794, 45.673078578964855 ], [ -1.204020781296047, 45.67322623449261 ], [ -1.203457973269835, 45.673598199793723 ], [ -1.20346479732309, 45.673687982071648 ], [ -1.203603801238687, 45.673827053718846 ], [ -1.203863430839461, 45.673863396565331 ], [ -1.204558954081553, 45.673701332123898 ], [ -1.204723753864488, 45.673335025350383 ], [ -1.205352518540403, 45.673139639864182 ], [ -1.205486857249917, 45.673044582026805 ], [ -1.205979202732046, 45.672936143255846 ], [ -1.206438577918304, 45.672873953425402 ], [ -1.206625108732092, 45.672966226221149 ], [ -1.206642181553815, 45.673190681425218 ], [ -1.206834283722396, 45.673183499897668 ], [ -1.207149079235095, 45.673081693495618 ], [ -1.207657934995909, 45.673017648712623 ], [ -1.209427177045007, 45.672993854335807 ], [ -1.209855628918565, 45.672986864358613 ], [ -1.209883584112997, 45.672986409811976 ], [ -1.210548633120525, 45.672972957439399 ], [ -1.211680480879536, 45.672846243771986 ], [ -1.211697711614235, 45.672844299251004 ], [ -1.212206781024405, 45.672784029319835 ], [ -1.21297391596219, 45.672719500167908 ], [ -1.213179695074304, 45.672891871207405 ], [ -1.213132838475957, 45.673119743158381 ], [ -1.213008771942112, 45.673349482660086 ], [ -1.212971473965901, 45.673702844880765 ], [ -1.213053306896149, 45.673934083940118 ], [ -1.213323125605276, 45.674104057283095 ], [ -1.213515230076111, 45.674096864360479 ], [ -1.21376940421576, 45.674042327963193 ], [ -1.213887212169624, 45.673902859739236 ], [ -1.213745461477687, 45.673728092170428 ], [ -1.2138060754329, 45.673680803500574 ], [ -1.215007696984041, 45.673418891084253 ], [ -1.215777559496869, 45.673390051414977 ], [ -1.216101851194688, 45.673432129006983 ], [ -1.217423173862991, 45.673878847440726 ], [ -1.217862440571626, 45.673916610964547 ], [ -1.218510411426183, 45.673801260291043 ], [ -1.218524785350328, 45.674161897019204 ], [ -1.218919267070865, 45.674282165119244 ], [ -1.21899015118156, 45.674369545673699 ], [ -1.218623141386757, 45.674609423520167 ], [ -1.218055640902733, 45.674765754092505 ], [ -1.217876529526656, 45.674943335393536 ], [ -1.217705638888708, 45.675400954046914 ], [ -1.217405998774485, 45.675682298319146 ], [ -1.216477600355354, 45.676159092941816 ], [ -1.216107736612681, 45.67653412567018 ], [ -1.216091691142865, 45.677166015815914 ], [ -1.216300919161497, 45.677383271982045 ], [ -1.216689243979647, 45.677594840455093 ], [ -1.217342057215352, 45.677714643477806 ], [ -1.217983900711753, 45.677690588389304 ], [ -1.219502356320628, 45.677371735601469 ], [ -1.220582885168729, 45.67720536733848 ], [ -1.221096645241105, 45.677186097869878 ], [ -1.221423689096903, 45.677263868596818 ], [ -1.222036461678089, 45.677700280847226 ], [ -1.222371054674115, 45.678048904036231 ], [ -1.222737346055961, 45.678621432976747 ], [ -1.223135911154393, 45.678966630721128 ], [ -1.223919467265926, 45.679728865435266 ], [ -1.224233520858147, 45.68001715317169 ], [ -1.22451712158011, 45.680366661903392 ], [ -1.224801423418272, 45.680897243983672 ], [ -1.224849518858554, 45.681526731455158 ], [ -1.224941001245394, 45.681883451418074 ], [ -1.224939724822319, 45.6820195803299 ], [ -1.225038068735727, 45.682466081261801 ], [ -1.225378320089312, 45.683095662275264 ], [ -1.225386352907678, 45.683109836396149 ], [ -1.225393335357694, 45.68312214969805 ], [ -1.225692171678594, 45.683614072171999 ], [ -1.226452273193097, 45.684486940879431 ], [ -1.22668158851474, 45.685118831864152 ], [ -1.226701812546991, 45.685597921233629 ], [ -1.226784696207637, 45.686639478542276 ], [ -1.227000865886367, 45.686946495941839 ], [ -1.227389753434301, 45.687246456186941 ], [ -1.227680123934298, 45.687455434388255 ], [ -1.22770439733793, 45.687472901862208 ], [ -1.228078031924496, 45.687726618492363 ], [ -1.228487073584844, 45.688207489101956 ], [ -1.228931281093042, 45.688957153830266 ], [ -1.229344475667378, 45.689492093921814 ], [ -1.229825204347147, 45.689879204986028 ], [ -1.230263188790017, 45.690172914164911 ], [ -1.230362254379224, 45.690236310338669 ], [ -1.231231662474708, 45.690783008349648 ], [ -1.231638695839661, 45.691217902313127 ], [ -1.231683441982784, 45.69180249700846 ], [ -1.231582898704761, 45.692167456005521 ], [ -1.23164072355371, 45.69225532125531 ], [ -1.231728831327212, 45.692567145644453 ], [ -1.231496036530477, 45.69288284815196 ], [ -1.231188044605648, 45.69307450347398 ], [ -1.230310492233449, 45.693378625637664 ], [ -1.225749599625827, 45.694469758700841 ], [ -1.224935758664089, 45.69464107872092 ], [ -1.22370897539738, 45.694907326743675 ], [ -1.222483396675207, 45.695173803213876 ], [ -1.221381990591142, 45.695417371873198 ], [ -1.220429305165614, 45.695579965083724 ], [ -1.219247518524538, 45.695842635323636 ], [ -1.218076018558277, 45.696100964092196 ], [ -1.217559332147987, 45.69619070131818 ], [ -1.216920264341299, 45.69629639164831 ], [ -1.215802678422739, 45.696480946741659 ], [ -1.21506086245618, 45.696603228238679 ], [ -1.213691740442938, 45.696833007620533 ], [ -1.212347720762447, 45.69691911657592 ], [ -1.211255508414641, 45.696867173911961 ], [ -1.210099234284037, 45.696804735257224 ], [ -1.209711448204563, 45.69677421811906 ], [ -1.208520558754318, 45.696359347852656 ], [ -1.207540465336231, 45.695989791249815 ], [ -1.20702612606042, 45.695942189278007 ], [ -1.206503095828995, 45.695884294192247 ], [ -1.206304083397892, 45.695801692910877 ], [ -1.20642537228265, 45.695707123390058 ], [ -1.206479184904582, 45.695570056336699 ], [ -1.206344233519028, 45.695485061410601 ], [ -1.205829662780652, 45.695323189256662 ], [ -1.205299968427494, 45.695288750776676 ], [ -1.204986576687517, 45.695391518052887 ], [ -1.204411996250987, 45.695457997794179 ], [ -1.204405167976105, 45.695368215425539 ], [ -1.204475424971076, 45.695274530881939 ], [ -1.204981073321567, 45.695165606903402 ], [ -1.205289866124862, 45.694983205480227 ], [ -1.2053367735342, 45.694755336414687 ], [ -1.204827646994808, 45.69466804002942 ], [ -1.204800538087815, 45.694663262210447 ], [ -1.204031498091368, 45.694524769419374 ], [ -1.203434619646527, 45.694241475530909 ], [ -1.202642529737149, 45.69384610274011 ], [ -1.201851903984128, 45.693605505138692 ], [ -1.201397389734064, 45.69338816838048 ], [ -1.201387155049861, 45.69325349457398 ], [ -1.201467429866776, 45.692619214933217 ], [ -1.201588082349185, 45.692497049391932 ], [ -1.202099837234148, 45.69246873858166 ], [ -1.202285182449617, 45.692371782313202 ], [ -1.202214301658659, 45.692284391128226 ], [ -1.201893474659554, 45.692116292956598 ], [ -1.201243936347154, 45.692041291543759 ], [ -1.20042697113612, 45.691887901669226 ], [ -1.199873351696206, 45.691776283574924 ], [ -1.199165806447106, 45.69177890514969 ], [ -1.198136203857979, 45.691778671602648 ], [ -1.197496988330565, 45.691666430644624 ], [ -1.196378626331522, 45.691338772072328 ], [ -1.195846300328702, 45.69107054260224 ], [ -1.19561742660774, 45.690948618061768 ], [ -1.195465987445119, 45.690867990719099 ], [ -1.195311177517521, 45.690785567854029 ], [ -1.193978345077727, 45.690066422085522 ], [ -1.19185293604491, 45.689009903651815 ], [ -1.190879193585185, 45.688720803059979 ], [ -1.190338097449907, 45.688380802027758 ], [ -1.190125450362975, 45.688117585610883 ], [ -1.18994443553795, 45.687770418106034 ], [ -1.189758927886592, 45.687364896180135 ], [ -1.18993016385744, 45.686908339797895 ], [ -1.190113488133286, 45.686765437547159 ], [ -1.190433740487032, 45.686753515123961 ], [ -1.191150655449821, 45.686871085419483 ], [ -1.19206261455495, 45.686884932025983 ], [ -1.192088161739147, 45.686885273178461 ], [ -1.192436791710782, 45.68689004208391 ], [ -1.193133535675077, 45.686896478395745 ], [ -1.193731952785565, 45.687145316828754 ], [ -1.193927510190619, 45.687183048786579 ], [ -1.194241649930211, 45.687090514937374 ], [ -1.194281785348044, 45.686772867681803 ], [ -1.194021659356519, 45.686557468924313 ], [ -1.193560942194451, 45.686430371778336 ], [ -1.191312180229122, 45.686459906346407 ], [ -1.1898790591357, 45.686233945628778 ], [ -1.188781257271312, 45.68617556133394 ], [ -1.187751026696388, 45.685987783018355 ], [ -1.186949684490488, 45.685603223643518 ], [ -1.18647746925358, 45.685304638797412 ], [ -1.186010184412537, 45.68491685573138 ], [ -1.185878688897493, 45.684876728069995 ], [ -1.185192392012222, 45.685163149823239 ], [ -1.18475084510498, 45.685269603589759 ], [ -1.183631232193142, 45.684941872770125 ], [ -1.182496245097737, 45.684217725767752 ], [ -1.182206022042149, 45.683777307290974 ], [ -1.182195354823249, 45.68346257778169 ], [ -1.182232161352743, 45.683100043094981 ], [ -1.181228022102319, 45.682406832911809 ], [ -1.180494429752817, 45.682036265860262 ], [ -1.180088126427387, 45.681809715911882 ], [ -1.178470939769098, 45.680652239374204 ], [ -1.178084059255465, 45.680477322918549 ], [ -1.177510959644281, 45.680227419777864 ], [ -1.176617856949471, 45.679810436501135 ], [ -1.176152689610279, 45.679548230649495 ], [ -1.175354289049972, 45.679081788750047 ], [ -1.173694808663874, 45.678231735452115 ], [ -1.173169507529688, 45.678054954553794 ], [ -1.172209384518253, 45.677717501681947 ], [ -1.171694773777665, 45.677537074791587 ], [ -1.170867036728129, 45.677236709114219 ], [ -1.168214745924603, 45.675838143333685 ], [ -1.166823403172906, 45.675301366268307 ], [ -1.16633963557087, 45.675111856798082 ], [ -1.165444469989901, 45.674750824686697 ], [ -1.165248975932989, 45.674713043327365 ], [ -1.165141186804765, 45.674987137559739 ], [ -1.164893722136206, 45.675131348831044 ], [ -1.164119737435389, 45.675105765853878 ], [ -1.163578960223833, 45.674990152281218 ], [ -1.162746447708807, 45.674796434580529 ], [ -1.162165556090456, 45.674545644095538 ], [ -1.161695556999893, 45.674329881425727 ], [ -1.160090411452907, 45.673343602878788 ], [ -1.159357470395473, 45.673009535004461 ], [ -1.157484910520777, 45.671934274166219 ], [ -1.157371761620458, 45.671868862929628 ], [ -1.156849379607766, 45.671567103849938 ], [ -1.155295477936659, 45.67065296564946 ], [ -1.154094139699728, 45.670066059328725 ], [ -1.153514782310954, 45.669724423556708 ], [ -1.153356342040734, 45.669629334560895 ], [ -1.152033832158972, 45.668825353306595 ], [ -1.145613503660609, 45.665212320910797 ], [ -1.145393264199787, 45.66508790359871 ], [ -1.144769035593179, 45.664729626745505 ], [ -1.143667938623479, 45.664059457272678 ], [ -1.143164393516926, 45.663742087477971 ], [ -1.142174617740897, 45.663229122288001 ], [ -1.140999713655154, 45.662565366424325 ], [ -1.140171024782336, 45.662076164400169 ], [ -1.139468305704956, 45.66164742254108 ], [ -1.137297263042945, 45.660270720584187 ], [ -1.136559801771442, 45.659880543069868 ], [ -1.136506658940627, 45.659851354515105 ], [ -1.135903869892228, 45.659509609492737 ], [ -1.134490062709581, 45.658816149997357 ], [ -1.134109074774319, 45.658626798814332 ], [ -1.132716789116839, 45.657934354120037 ], [ -1.131722927217982, 45.657427760112874 ], [ -1.125382828405208, 45.653620227978472 ], [ -1.124582018464782, 45.653054151985231 ], [ -1.124233719813975, 45.652706793007695 ], [ -1.124078553086012, 45.652171265148525 ], [ -1.123721603815737, 45.651688150649477 ], [ -1.123191029898251, 45.651302454818932 ], [ -1.122657329372002, 45.651050896503641 ], [ -1.12207384717154, 45.650973039599151 ], [ -1.12139458378715, 45.650551742812596 ], [ -1.121007716483289, 45.650290823093655 ], [ -1.120621510200359, 45.650295763549899 ], [ -1.120618166767571, 45.650250870012748 ], [ -1.120342062602806, 45.649990887960186 ], [ -1.120079332877932, 45.649910479442958 ], [ -1.119367073618488, 45.649846533642531 ], [ -1.118563038034029, 45.649235521454067 ], [ -1.118032795645136, 45.649029855164834 ], [ -1.117763315825268, 45.648858633722931 ], [ -1.117631684626021, 45.648638372770066 ], [ -1.117364169803715, 45.648513117561087 ], [ -1.116834710304598, 45.648298209604356 ], [ -1.116351717102438, 45.647864704166608 ], [ -1.116132632124697, 45.647331508014858 ], [ -1.115846545460311, 45.646936834030448 ], [ -1.115244628203622, 45.646453452619468 ], [ -1.114917915681755, 45.64637537388495 ], [ -1.114401066789341, 45.646349265304892 ], [ -1.114155052719481, 45.646493311520125 ], [ -1.113902361833734, 45.646547569755427 ], [ -1.113448836377481, 45.64650993292134 ], [ -1.113246803065843, 45.646382273933725 ], [ -1.112918639076308, 45.646304242595107 ], [ -1.112659274354682, 45.646268710538685 ], [ -1.11247392664439, 45.646365518953978 ], [ -1.112076539013097, 45.646199984671135 ], [ -1.111751031383465, 45.646157660887226 ], [ -1.111447675745011, 45.64639382857338 ], [ -1.111140981990135, 45.646585101642977 ], [ -1.110903585508026, 45.646864895653877 ], [ -1.110336838373291, 45.647011447012687 ], [ -1.110269495613896, 45.646968892193556 ], [ -1.110256156284242, 45.646789316868976 ], [ -1.110562854225854, 45.646598046206464 ], [ -1.110607457459187, 45.646334506627802 ], [ -1.110543202597309, 45.646156792050263 ], [ -1.110214361646289, 45.646069570003689 ], [ -1.110005592476097, 45.645851097232544 ], [ -1.109682225189355, 45.645817897142592 ], [ -1.109412862589692, 45.645647676076749 ], [ -1.109335520186376, 45.645470439150365 ], [ -1.108615664557315, 45.645126380774855 ], [ -1.108344853925691, 45.644956210301466 ], [ -1.10795415441839, 45.644880449247573 ], [ -1.107620796323203, 45.644712561565029 ], [ -1.106769930523509, 45.644509346442739 ], [ -1.10609199144236, 45.644510013407221 ], [ -1.104467127789839, 45.644494165578848 ], [ -1.104086425880168, 45.644553073084673 ], [ -1.103838938293758, 45.644697149812011 ], [ -1.10390960290361, 45.644784602480051 ], [ -1.10397861918852, 45.645007161753988 ], [ -1.10366318852962, 45.645100516937653 ], [ -1.103157798419991, 45.64520898572853 ], [ -1.102006879814672, 45.645286773148044 ], [ -1.101352052105996, 45.645130590960584 ], [ -1.100440233221952, 45.644793481922257 ], [ -1.099634121952702, 45.64432769766713 ], [ -1.099158310428946, 45.643940340428166 ], [ -1.098756403665883, 45.643584194863621 ], [ -1.09827483192767, 45.643088110200566 ], [ -1.097862690713953, 45.642624376937277 ], [ -1.097302391742908, 45.641833491497529 ], [ -1.097211722116746, 45.641475649206185 ], [ -1.097386902989181, 45.641064129702649 ], [ -1.097826395321712, 45.640913071620751 ], [ -1.097819746546166, 45.640823283270052 ], [ -1.097107554327866, 45.6407581763807 ], [ -1.096452114216129, 45.640592782850874 ], [ -1.095059853032647, 45.639832188069448 ], [ -1.094414394651689, 45.639801465445231 ], [ -1.093718900019182, 45.639961828805376 ], [ -1.090890591007925, 45.639957319557624 ], [ -1.090337813457261, 45.640292530594287 ], [ -1.089978293552197, 45.640657541412956 ], [ -1.08916829514552, 45.641183183175933 ], [ -1.088948173056087, 45.641678167074019 ], [ -1.088644744735333, 45.641914273213295 ], [ -1.088009893509548, 45.642027380166766 ], [ -1.087683245507347, 45.641949222431187 ], [ -1.08714919355787, 45.641689333397693 ], [ -1.086738578061501, 45.641343111453054 ], [ -1.086390345873019, 45.640814561771016 ], [ -1.086367140178832, 45.640500300186993 ], [ -1.086681970997152, 45.640398830868378 ], [ -1.087117319848026, 45.640211135596338 ], [ -1.087417256910778, 45.639750085446423 ], [ -1.087438075288096, 45.639163110921601 ], [ -1.087367196124732, 45.638894573959554 ], [ -1.087229250067349, 45.638764542386923 ], [ -1.08669259384243, 45.638468939744008 ], [ -1.086560602554064, 45.638419513379446 ], [ -1.085081690567468, 45.637592897729483 ], [ -1.084234791717888, 45.637114441628682 ], [ -1.084213203327901, 45.637102245434257 ], [ -1.083595808454403, 45.636741956193191 ], [ -1.0826477742717, 45.636424442430659 ], [ -1.08251978057589, 45.636429088929006 ], [ -1.081504308453822, 45.63660099238043 ], [ -1.08075083806488, 45.636845224808255 ], [ -1.079949836463506, 45.637315227062345 ], [ -1.079643306711655, 45.637687488150014 ], [ -1.079599164841909, 45.637959177911995 ], [ -1.079891641466143, 45.638444753373882 ], [ -1.079716414121108, 45.638857265879274 ], [ -1.078696903213606, 45.638975066332449 ], [ -1.077163792971502, 45.638931419115146 ], [ -1.076054498396856, 45.63870154058376 ], [ -1.075463145091279, 45.638533705324598 ], [ -1.075050128779013, 45.638331782730198 ], [ -1.075057151817226, 45.638070648084536 ], [ -1.075068213989371, 45.638042624646182 ], [ -1.076038853861212, 45.637439651373377 ], [ -1.076396313843318, 45.63706555488065 ], [ -1.076741079410603, 45.636341007527591 ], [ -1.076901378088649, 45.635884026798216 ], [ -1.076873328492278, 45.635344867727369 ], [ -1.07659412198192, 45.635038863666999 ], [ -1.075999364389983, 45.634646082886441 ], [ -1.075265591593459, 45.634266521584465 ], [ -1.074937552917445, 45.634188379626686 ], [ -1.07427962820428, 45.634165523576925 ], [ -1.074251701610593, 45.634164512649569 ], [ -1.074121085845554, 45.63415978582541 ], [ -1.074117345452563, 45.634159650487085 ], [ -1.073584926500615, 45.634138148453964 ], [ -1.073212720654042, 45.63433168876653 ], [ -1.072322798704505, 45.634445763182335 ], [ -1.072058682957513, 45.634364275061429 ], [ -1.071674713425108, 45.634378177994179 ], [ -1.071167303674629, 45.634478393006788 ], [ -1.070530654542518, 45.634546453718997 ], [ -1.070091138314593, 45.634697405137914 ], [ -1.069891874126297, 45.634605380405183 ], [ -1.069750678520918, 45.634430432494774 ], [ -1.069740774793835, 45.634295747568409 ], [ -1.070541551594013, 45.633643723808056 ], [ -1.070289168670738, 45.632670725445948 ], [ -1.069357377782194, 45.632234865871439 ], [ -1.068622191645622, 45.631676280738532 ], [ -1.067927764652764, 45.630799070137996 ], [ -1.067388769010951, 45.630449244990061 ], [ -1.066545361813261, 45.630163625367018 ], [ -1.06622725414236, 45.630220143208824 ], [ -1.064907877524324, 45.630799832301484 ], [ -1.06477659833566, 45.630759563518701 ], [ -1.06406186617131, 45.629604795779862 ], [ -1.063789255871502, 45.629208496822663 ], [ -1.062716217354665, 45.628435992153598 ], [ -1.062545329850805, 45.627855958556289 ], [ -1.062327007723948, 45.627503732635944 ], [ -1.06146652713126, 45.62698441611407 ], [ -1.060087670203486, 45.626573840931002 ], [ -1.059328174496262, 45.62655624853921 ], [ -1.059008740825074, 45.626792121772858 ], [ -1.058979169134316, 45.627245082247306 ], [ -1.058850596122359, 45.627241539052207 ], [ -1.058645392300618, 45.627067866719138 ], [ -1.058528584346405, 45.626170778150012 ], [ -1.058170920083016, 45.625687509614693 ], [ -1.057575229993616, 45.625258867190546 ], [ -1.057112644064031, 45.625094480389912 ], [ -1.056606747209219, 45.625194577203295 ], [ -1.056117113616631, 45.625536546817067 ], [ -1.056132889154585, 45.625751840370917 ], [ -1.055714738133234, 45.626353128948722 ], [ -1.055469545228548, 45.626867357119572 ], [ -1.054684252499452, 45.627373439641794 ], [ -1.054065341412745, 45.627702669147524 ], [ -1.053353369390007, 45.627637285525267 ], [ -1.05218625503967, 45.627310032819864 ], [ -1.051031223171837, 45.626450351172494 ], [ -1.050603501247278, 45.62601428668512 ], [ -1.0502791271815, 45.625656965575971 ], [ -1.050265912769389, 45.625476363188007 ], [ -1.05046110208538, 45.625334290426089 ], [ -1.051288466337308, 45.625223662385444 ], [ -1.05158202983279, 45.624851950567717 ], [ -1.051616440737378, 45.624445585741128 ], [ -1.051407984165983, 45.624227004793525 ], [ -1.051432408409779, 45.623504879837185 ], [ -1.051869165851931, 45.623246757023374 ], [ -1.052041458935049, 45.623145759243513 ], [ -1.052492535662738, 45.622889678532005 ], [ -1.052741951738412, 45.622970716281181 ], [ -1.053060031539202, 45.622914236593573 ], [ -1.053175520311129, 45.62273922510343 ], [ -1.053155661814734, 45.622288778849651 ], [ -1.053096739044745, 45.622200875161056 ], [ -1.053081819002238, 45.622156399108114 ], [ -1.052205715532502, 45.62157694802675 ], [ -1.051728854497646, 45.621240434985786 ], [ -1.051212812527072, 45.621042145777949 ], [ -1.050108225902758, 45.620549719397587 ], [ -1.049432376570436, 45.620240793713236 ], [ -1.049239766249678, 45.62023852356694 ], [ -1.048616461583733, 45.620487062654263 ], [ -1.04831480646021, 45.620768007496302 ], [ -1.048206618559621, 45.621043008599102 ], [ -1.04784187860672, 45.621498094104425 ], [ -1.047415533654839, 45.621828539043754 ], [ -1.046974227430523, 45.62193445208684 ], [ -1.046903681844835, 45.621846963885339 ], [ -1.046682126458292, 45.621448791876176 ], [ -1.046603524553566, 45.621091511221422 ], [ -1.046449236080836, 45.620735931568753 ], [ -1.046105694739953, 45.620423992163339 ], [ -1.04526590499863, 45.620184129316556 ], [ -1.044877292697553, 45.620153097501067 ], [ -1.04417940501237, 45.620259023303355 ], [ -1.043780954707706, 45.620093300709854 ], [ -1.043141158418983, 45.620116310729252 ], [ -1.042704289954793, 45.62030286747973 ], [ -1.042351533846656, 45.619864392364299 ], [ -1.042274416180923, 45.619507056458758 ], [ -1.042385908696806, 45.619276956812392 ], [ -1.042993579577133, 45.618814177368904 ], [ -1.043189159838054, 45.618383155498726 ], [ -1.043193799540423, 45.618373588704458 ], [ -1.04319812455097, 45.61836467102065 ], [ -1.04339679659671, 45.617987385454725 ], [ -1.0433000310057, 45.617540729615278 ], [ -1.042584897237234, 45.617250328904341 ], [ -1.042010262990914, 45.617306796736592 ], [ -1.041096752956781, 45.617114569203672 ], [ -1.041042607558246, 45.617251556069967 ], [ -1.040677813131236, 45.617526564833405 ], [ -1.040613856749027, 45.617708917589233 ], [ -1.039921741828744, 45.617733790599523 ], [ -1.039357001202411, 45.617925952576321 ], [ -1.038562269726729, 45.61795547223727 ], [ -1.038331637161086, 45.617962677829517 ], [ -1.037498079974996, 45.617983519848124 ], [ -1.0364664398189, 45.617930537417131 ], [ -1.036076941248281, 45.618289149256434 ], [ -1.03555382143205, 45.618810369981709 ], [ -1.034759315658701, 45.619370861977352 ], [ -1.034308189894851, 45.619342037518017 ], [ -1.033094913308958, 45.618984005527189 ], [ -1.032140906357406, 45.618689343559979 ], [ -1.031886808037454, 45.618743469691438 ], [ -1.031464372404385, 45.619258353252462 ], [ -1.03143394894737, 45.619296391143159 ], [ -1.031123215966653, 45.619708968391564 ], [ -1.030507506669199, 45.620263017535265 ], [ -1.030075985402713, 45.620503552479072 ], [ -1.029306763183681, 45.620531122672254 ], [ -1.028651764964805, 45.62036533473804 ], [ -1.028259913669294, 45.620109296019095 ], [ -1.027456948755067, 45.620715049443511 ], [ -1.027479812034949, 45.621029322513181 ], [ -1.028049446333675, 45.621965445754029 ], [ -1.028075559892819, 45.62250466831896 ], [ -1.028183878390923, 45.622867942962962 ], [ -1.028319854729438, 45.623217149954307 ], [ -1.027127987594296, 45.623567467212439 ], [ -1.026294369880624, 45.6238134892291 ], [ -1.025974446700039, 45.623824944985472 ], [ -1.024540316854084, 45.623370912718087 ], [ -1.022048397013884, 45.622504577251405 ], [ -1.020788171079722, 45.621774200700798 ], [ -1.020275611266222, 45.621436367485579 ], [ -1.019042725070075, 45.620564992205495 ], [ -1.018031324494849, 45.619769371486854 ], [ -1.01365153207692, 45.616222546305487 ], [ -1.013313298560939, 45.615932465088321 ], [ -1.012756484904976, 45.615398232859228 ], [ -1.012417082800106, 45.61495919705176 ], [ -1.012074360393611, 45.61465531696345 ], [ -1.010485554330956, 45.612765211504971 ], [ -1.010067754076458, 45.612148916386403 ], [ -1.009828164848902, 45.611859765814124 ], [ -1.009664384436435, 45.611369446210595 ], [ -1.009368692780179, 45.610257481215285 ], [ -1.00877715381625, 45.607812360646889 ], [ -1.008829742024809, 45.607422851420047 ], [ -1.008968021300659, 45.606724229128929 ], [ -1.009090042577735, 45.606638036058115 ], [ -1.009532753108631, 45.606532219895222 ], [ -1.009711645362776, 45.606345788191113 ], [ -1.010277563737234, 45.605826696345751 ], [ -1.010749071224273, 45.605415684656194 ], [ -1.011445037274382, 45.605265017918228 ], [ -1.011899289202284, 45.605338830533427 ], [ -1.012153345578546, 45.60528474960941 ], [ -1.012616251736266, 45.604823981104339 ], [ -1.012616322841071, 45.604823912956704 ], [ -1.013113738566368, 45.604358394931126 ], [ -1.013005948144244, 45.603594982234114 ], [ -1.013122311297746, 45.603410776924122 ], [ -1.013246980879936, 45.603361312866355 ], [ -1.013478712419843, 45.60354229620765 ], [ -1.014241141213761, 45.603786167919154 ], [ -1.014687607409297, 45.603571756502994 ], [ -1.014790685785069, 45.603405415057331 ], [ -1.015111947081868, 45.603393939188891 ], [ -1.015328717032101, 45.602664968801449 ], [ -1.014930479494895, 45.602499144346332 ], [ -1.014917385784113, 45.602318538230897 ], [ -1.014389430900955, 45.602112332967771 ], [ -1.014373158549899, 45.601887850721099 ], [ -1.014689692653319, 45.601650458087605 ], [ -1.014679928578592, 45.601515768771591 ], [ -1.014173308436702, 45.60162388950026 ], [ -1.013833986797799, 45.601365931997506 ], [ -1.014003011606558, 45.601043783807867 ], [ -1.013975655512872, 45.600847318857312 ], [ -1.013727719825297, 45.600603488682744 ], [ -1.013509741346045, 45.600250148684061 ], [ -1.013248536983727, 45.600205256326092 ], [ -1.013181325678893, 45.600162643651508 ], [ -1.013232269813007, 45.599980773957533 ], [ -1.012969932749475, 45.59990011594541 ], [ -1.013030706280106, 45.59967288275493 ], [ -1.012514341281931, 45.599646306557368 ], [ -1.012119082881721, 45.599265808160361 ], [ -1.011822584069625, 45.598948753840382 ], [ -1.011632586756901, 45.598820498084763 ], [ -1.011385850970534, 45.599136208975509 ], [ -1.011123522101156, 45.598874473271636 ], [ -1.011164716790861, 45.598557914952615 ], [ -1.011027049937016, 45.598427790557324 ], [ -1.010581155797738, 45.598488715971342 ], [ -1.010497619156077, 45.598220598610503 ], [ -1.010158335455998, 45.597962630109222 ], [ -1.009049556418331, 45.597542855867133 ], [ -1.00860041769425, 45.597558876840338 ], [ -1.008032451155047, 45.597704964230104 ], [ -1.007738665602309, 45.598075541025644 ], [ -1.007703936724766, 45.598662964711878 ], [ -1.008383936117798, 45.599359937096636 ], [ -1.008336299926904, 45.599587721573776 ], [ -1.008090217989714, 45.599731535250143 ], [ -1.006356542206225, 45.599739129477754 ], [ -1.005600585289882, 45.599946124247296 ], [ -1.004619619517315, 45.599701800264292 ], [ -1.003706628898876, 45.599329216511663 ], [ -1.0031326069128, 45.599302590369895 ], [ -1.002546790076171, 45.599271296486336 ], [ -1.002238527977775, 45.59946232361969 ], [ -1.00212938482585, 45.599908149393123 ], [ -1.001066592587662, 45.600306087943963 ], [ -1.000593252977356, 45.600854900962723 ], [ -1.000227575527378, 45.601139013294741 ], [ -0.999911020549828, 45.601195291784251 ], [ -0.999388163112891, 45.60107886160079 ], [ -0.998408123739397, 45.600733453391229 ], [ -0.997872769670376, 45.600537386475288 ], [ -0.997088982646549, 45.600151692319166 ], [ -0.996087284859689, 45.59964539833004 ], [ -0.995566612669134, 45.599299928944191 ], [ -0.995217373873415, 45.59906285376308 ], [ -0.994816678279154, 45.598779073004287 ], [ -0.99420881579632, 45.598170508439146 ], [ -0.993585754315387, 45.597371179906162 ], [ -0.993004743131241, 45.596265500274257 ], [ -0.99209626516641, 45.59425783234677 ], [ -0.9909185504683, 45.591561173502718 ], [ -0.990838495421469, 45.591157885962794 ], [ -0.990243932208604, 45.589862400603593 ], [ -0.989421928605972, 45.587006732760905 ], [ -0.989149435932308, 45.585676599207076 ], [ -0.989056302788022, 45.585126145312387 ], [ -0.98906206760563, 45.583061532408884 ], [ -0.989736223588221, 45.582631465487417 ], [ -0.989800306821347, 45.582449142333665 ], [ -0.989659496809521, 45.582274094942612 ], [ -0.989262862174994, 45.582107107990268 ], [ -0.989222686895188, 45.581387321560392 ], [ -0.989687064917372, 45.580694631223821 ], [ -0.990948500496124, 45.580388965306227 ], [ -0.990609485363829, 45.579949865297365 ], [ -0.990526073223691, 45.579681733631453 ], [ -0.990641007801151, 45.579497603650871 ], [ -0.991014914735172, 45.579349286181305 ], [ -0.991346406631837, 45.579481752746496 ], [ -0.991733250781011, 45.579513020922299 ], [ -0.992492216301264, 45.579351016766651 ], [ -0.992991338844369, 45.579161414743993 ], [ -0.992991338844431, 45.579161414743936 ], [ -0.992991338844368, 45.57916141474383 ], [ -0.993482344363597, 45.578734148695617 ], [ -0.993431506545113, 45.578567874863872 ], [ -0.993144991890318, 45.577630760370781 ], [ -0.992990121286306, 45.577124205681578 ] ], [ [ -0.994042147748086, 45.576972725648318 ], [ -0.994040868612976, 45.576972909835497 ], [ -0.994041613855, 45.576974298664332 ], [ -0.994042147748086, 45.576972725648318 ] ] ] ] } },
{ "type": "Feature", "properties": { "fid": 7, "gid": 7, "id": 7, "cdmassedea": "FT31", "cdeumassed": "FRFT31", "nommassede": "Estuaire Fluvial Isle", "systemeref": "31", "cdeubassin": "FRF", "typemassed": "T4", "cdeussbass": "FRF_DORD", "cdcategori": "1.2.2", "cdnaturema": "1", "surfacetot": 1.701573278285774 }, "geometry": { "type": "MultiPolygon", "coordinates": [ [ [ [ -0.249928665962531, 44.916268622501867 ], [ -0.249233327921449, 44.916284460714351 ], [ -0.248737133136353, 44.916519748647673 ], [ -0.248127425973367, 44.917028688399732 ], [ -0.247452234008812, 44.917764817935748 ], [ -0.247205559506642, 44.917907197029855 ], [ -0.245671884110636, 44.918974788435108 ], [ -0.244692758167797, 44.919719780672004 ], [ -0.243850702848894, 44.920686039332466 ], [ -0.242900086966024, 44.922056456179703 ], [ -0.242435647829049, 44.923236956731195 ], [ -0.242350917344912, 44.924140544138282 ], [ -0.242466600570542, 44.925263560656298 ], [ -0.242767031869017, 44.926291073263137 ], [ -0.242819150943263, 44.927411440375252 ], [ -0.242799487875203, 44.928628520399002 ], [ -0.242755855460277, 44.929080351916525 ], [ -0.243039226054552, 44.929702861403285 ], [ -0.243495872637192, 44.930009426554342 ], [ -0.244202870621995, 44.930214062316921 ], [ -0.245588615012871, 44.930047430973602 ], [ -0.248411639218471, 44.92918094890188 ], [ -0.252799628873487, 44.928178469220917 ], [ -0.254809549570212, 44.927817724269772 ], [ -0.256185196026463, 44.927434984924332 ], [ -0.256991463304782, 44.927055406115599 ], [ -0.258676553230588, 44.926519382443679 ], [ -0.259368051826092, 44.926413489095665 ], [ -0.261519014070936, 44.92636387494629 ], [ -0.262871614451712, 44.926828784375317 ], [ -0.263326732329992, 44.927085753306692 ], [ -0.26360643636978, 44.927663267819895 ], [ -0.263564238642691, 44.928115070156508 ], [ -0.262789669679339, 44.929169610548989 ], [ -0.262115282915911, 44.929635472022809 ], [ -0.260072395826314, 44.930673159394736 ], [ -0.259014313584427, 44.93132597888755 ], [ -0.258412463704038, 44.932014969657864 ], [ -0.257652241990258, 44.933384443671322 ], [ -0.256738574404623, 44.935519859767197 ], [ -0.255990619191971, 44.937429636262877 ], [ -0.255908437132449, 44.938373719532471 ], [ -0.256071993793896, 44.939179938946353 ], [ -0.256478605225649, 44.939758259736749 ], [ -0.256936412387984, 44.940060235500269 ], [ -0.258031756998352, 44.940438136252183 ], [ -0.25868253029708, 44.940829065444902 ], [ -0.259199986901195, 44.941043676204345 ], [ -0.260439768784173, 44.941831836410657 ], [ -0.261430963615327, 44.942708382018459 ], [ -0.262296029181356, 44.943858961590493 ], [ -0.262507149387614, 44.944303327946521 ], [ -0.263325563825722, 44.945545384032393 ], [ -0.263788779892324, 44.945982345267559 ], [ -0.264067230022313, 44.946514845079804 ], [ -0.264867195035254, 44.947351925437587 ], [ -0.264935861252296, 44.947485077739891 ], [ -0.265732401893488, 44.948241151642456 ], [ -0.266582559550862, 44.948806406844312 ], [ -0.266904592629668, 44.948932110449491 ], [ -0.269191229362855, 44.950410311702008 ], [ -0.269719402929802, 44.950849846222617 ], [ -0.270052590429733, 44.951470837212575 ], [ -0.270092325615571, 44.952325746136943 ], [ -0.269873079635722, 44.953048599222349 ], [ -0.269800693272004, 44.9542222046029 ], [ -0.269519446671287, 44.954991937855546 ], [ -0.268377474203482, 44.956323159981601 ], [ -0.267386594860971, 44.957068695716018 ], [ -0.266639338717688, 44.95735649489967 ], [ -0.265940874136722, 44.957327458181823 ], [ -0.264716831741676, 44.956903840165658 ], [ -0.263786063046052, 44.95598048026951 ], [ -0.2629020135663, 44.95442044399131 ], [ -0.262244464325795, 44.953894561574501 ], [ -0.260041045831862, 44.9528643412904 ], [ -0.259469592056895, 44.952836045694674 ], [ -0.25903646194029, 44.953069524399744 ], [ -0.258925548768088, 44.953388172200427 ], [ -0.259072065182944, 44.953834440908913 ], [ -0.259547131709569, 44.954496357046452 ], [ -0.26046513639842, 44.955420123685663 ], [ -0.260732043341047, 44.955732195188943 ], [ -0.261859393177713, 44.956784979861446 ], [ -0.262468416028684, 44.957632192376536 ], [ -0.26275747329118, 44.958389670540491 ], [ -0.262962085810296, 44.960050760830832 ], [ -0.262771029291535, 44.96167390427712 ], [ -0.262743353039612, 44.963792382048794 ], [ -0.26294274554408, 44.96536351525932 ], [ -0.263230496358447, 44.96607597683478 ], [ -0.263288649040118, 44.967335859466637 ], [ -0.263003786897361, 44.968285907900182 ], [ -0.262652421754434, 44.968922509790758 ], [ -0.262162669611288, 44.969297336257107 ], [ -0.260921226385052, 44.969865427356524 ], [ -0.259502831828668, 44.970709032547589 ], [ -0.258339207863989, 44.971590208820523 ], [ -0.258159655337226, 44.971820754581373 ], [ -0.256500550689753, 44.973198536562968 ], [ -0.255591912189939, 44.974121775358284 ], [ -0.253376620283607, 44.975565354538332 ], [ -0.2533172068869, 44.975657206340294 ], [ -0.252692416738925, 44.975851207222171 ], [ -0.251676873223233, 44.97583134988632 ], [ -0.249434316127337, 44.975297660142637 ], [ -0.249047532850685, 44.975173793874824 ], [ -0.248089562009859, 44.975008040881789 ], [ -0.247317013753792, 44.974755762624007 ], [ -0.246717527591527, 44.974137973766126 ], [ -0.246686026652081, 44.973463046501287 ], [ -0.246971626502921, 44.972783364572095 ], [ -0.247510687711471, 44.97209627848757 ], [ -0.248230228417822, 44.970953351832982 ], [ -0.248450830004899, 44.970226002628429 ], [ -0.248374350537697, 44.969957898489632 ], [ -0.248043073890275, 44.96965218237488 ], [ -0.247851640566277, 44.969612718711822 ], [ -0.246272224823073, 44.969739950824554 ], [ -0.244575225839774, 44.970050817527493 ], [ -0.24395701456985, 44.9703797470764 ], [ -0.243217498661566, 44.971113213382203 ], [ -0.242858270798357, 44.971574255741182 ], [ -0.242243972007959, 44.971993173706139 ], [ -0.240991790067374, 44.972336066718334 ], [ -0.239534562213731, 44.972360514738433 ], [ -0.235765928580297, 44.971731340168979 ], [ -0.234619544801471, 44.971620519516151 ], [ -0.233243185913804, 44.972011993039551 ], [ -0.232619695225888, 44.972250898477625 ], [ -0.231606299949868, 44.972266842469843 ], [ -0.231034403314368, 44.972233902524103 ], [ -0.230466687210771, 44.972295455947148 ], [ -0.230096654061577, 44.972526981965984 ], [ -0.229926089024027, 44.97293744191397 ], [ -0.229965227372764, 44.973792370394392 ], [ -0.230126014660505, 44.974819483784408 ], [ -0.2299737160728, 44.975634918158228 ], [ -0.230133088161527, 44.976351186094419 ], [ -0.23053552126244, 44.976835111560739 ], [ -0.231128860239204, 44.977327005133489 ], [ -0.231322902971339, 44.977411478415398 ], [ -0.231890929487051, 44.977354418606133 ], [ -0.233876593725885, 44.976409076452747 ], [ -0.235126312361307, 44.976021282486435 ], [ -0.23581973361151, 44.97591549722938 ], [ -0.236834005579465, 44.975935536217776 ], [ -0.237605190519854, 44.976142869861491 ], [ -0.23845288715516, 44.976663364083173 ], [ -0.238653473253092, 44.976882803215361 ], [ -0.238749586245197, 44.977600904959587 ], [ -0.238396554149083, 44.978192414394279 ], [ -0.237047516129953, 44.979168868187656 ], [ -0.235812127843833, 44.979871659488545 ], [ -0.235011483548425, 44.980386069513202 ], [ -0.233821551011877, 44.980997402441481 ], [ -0.233528157400799, 44.98150155353138 ], [ -0.233371964315752, 44.982226995724879 ], [ -0.233439651670479, 44.983707379267038 ], [ -0.233538306498004, 44.984470467702387 ], [ -0.233610187143357, 44.986045348647821 ], [ -0.233309661370294, 44.988032059917415 ], [ -0.233285475367026, 44.988888833767845 ], [ -0.233055163033908, 44.989386643768349 ], [ -0.232498790546019, 44.989713705549441 ], [ -0.23187117574656, 44.989862609378378 ], [ -0.231232048314568, 44.98974601177683 ], [ -0.230578303651979, 44.989309935465286 ], [ -0.229767816871088, 44.988247620068982 ], [ -0.229378335573246, 44.988033649475931 ], [ -0.228867071633292, 44.987953876649613 ], [ -0.227544555933378, 44.988163480523859 ], [ -0.226421027617632, 44.988543014714658 ], [ -0.224557670398935, 44.989394552438412 ], [ -0.223675166252366, 44.989505743490355 ], [ -0.222775753513145, 44.989256968488213 ], [ -0.222373039398686, 44.988768515133806 ], [ -0.222147757278722, 44.988009088991781 ], [ -0.222018298928346, 44.986575551068697 ], [ -0.221386442807721, 44.985237669352337 ], [ -0.221194664458956, 44.984927832483848 ], [ -0.220869940322278, 44.98475701411823 ], [ -0.220299241220023, 44.984769036671331 ], [ -0.219486458502306, 44.985274669839896 ], [ -0.218812354141315, 44.985785293988343 ], [ -0.218123947944666, 44.985980935869563 ], [ -0.216860923050052, 44.986098579371699 ], [ -0.216488417532487, 44.986289577949329 ], [ -0.216066497205442, 44.986747834251418 ], [ -0.215718380961289, 44.98747429026696 ], [ -0.215767691528203, 44.988554206870546 ], [ -0.216179153342263, 44.989218147657859 ], [ -0.216376056443539, 44.989352126677581 ], [ -0.217202985917994, 44.989422825523008 ], [ -0.21917167121431, 44.989473991557112 ], [ -0.219692062282327, 44.989778824975275 ], [ -0.219839629128908, 44.990225113287813 ], [ -0.219629016676708, 44.991443218769362 ], [ -0.219286089170732, 44.992259649337676 ], [ -0.218799746163306, 44.992724286472075 ], [ -0.218428212515835, 44.992910757084609 ], [ -0.2183079168861, 44.993049406273428 ], [ -0.217936379445926, 44.993235875260943 ], [ -0.216669032448577, 44.993259019482579 ], [ -0.214750908765407, 44.992940513627538 ], [ -0.21379456565587, 44.992828478737593 ], [ -0.213151289840374, 44.992617279709563 ], [ -0.212689395981565, 44.992225119724921 ], [ -0.212051484713118, 44.990756700310399 ], [ -0.211536329252361, 44.99058684843844 ], [ -0.210459722923586, 44.990613426606181 ], [ -0.209777694953063, 44.990943997943013 ], [ -0.209162420991494, 44.991353739209295 ], [ -0.208567086785703, 44.992222470976046 ], [ -0.20795876782254, 44.992776183036966 ], [ -0.206521907938964, 44.99465138866924 ], [ -0.204879401494203, 44.997839117843057 ], [ -0.204346024342771, 44.998660983729259 ], [ -0.204070366772596, 44.999570040654653 ], [ -0.204119626985472, 44.999942584964799 ], [ -0.204384937769607, 45.001182988810548 ], [ -0.205100390316374, 45.002964611068684 ], [ -0.205485153374621, 45.004449380123027 ], [ -0.205683134290458, 45.004623898704018 ], [ -0.20632521189423, 45.004790123379337 ], [ -0.207535623913319, 45.004899408464603 ], [ -0.208818274318277, 45.005227371187196 ], [ -0.209726928552075, 45.005656223151597 ], [ -0.210450578466344, 45.006225575507088 ], [ -0.211059103190515, 45.007068583137674 ], [ -0.211415284816158, 45.008184703749983 ], [ -0.211280514184468, 45.009400603006313 ], [ -0.211129159135877, 45.010261037736839 ], [ -0.211284496400622, 45.01088733973274 ], [ -0.211822894875466, 45.011547640006143 ], [ -0.21305861981198, 45.012205824337059 ], [ -0.214221121979084, 45.012672369603166 ], [ -0.214733905554316, 45.012797228504844 ], [ -0.216126949254316, 45.012720923685158 ], [ -0.217009834161779, 45.012609791776683 ], [ -0.217899204346217, 45.012633634080288 ], [ -0.218415899709154, 45.012848475726805 ], [ -0.218814589179462, 45.013242448846334 ], [ -0.218901382337973, 45.013735557443752 ], [ -0.218722850495597, 45.014011060451871 ], [ -0.218110491710666, 45.014474831640321 ], [ -0.216361612245788, 45.015367954811545 ], [ -0.214391130431381, 45.016672957672306 ], [ -0.213979599316166, 45.017360689635623 ], [ -0.213514800584795, 45.018315790284355 ], [ -0.21261352197312, 45.019414154816509 ], [ -0.21256694869053, 45.019775949530903 ], [ -0.212659175119419, 45.020674412156893 ], [ -0.212824931503659, 45.021525695740024 ], [ -0.212861260639523, 45.022335660099756 ], [ -0.212439039051285, 45.022793907237748 ], [ -0.211517188675493, 45.023446798202507 ], [ -0.209349556396983, 45.024622223958147 ], [ -0.208429960705156, 45.02531557336458 ], [ -0.20794065120758, 45.026001017454654 ], [ -0.207651985906492, 45.026640125467587 ], [ -0.20767527087779, 45.027135072883745 ], [ -0.208017022106395, 45.027665896851815 ], [ -0.209386929064871, 45.028486974071235 ], [ -0.211329601936842, 45.029345577523941 ], [ -0.212562356991854, 45.029945294127039 ], [ -0.212894054850179, 45.030255619211609 ], [ -0.213239771480389, 45.030876427922344 ], [ -0.213260524776933, 45.031326392888722 ], [ -0.212957362342125, 45.031646034528521 ], [ -0.212272267236579, 45.03193164303719 ], [ -0.211896815049895, 45.032032591668646 ], [ -0.211070575355832, 45.032006871066969 ], [ -0.209847895915695, 45.03162762224752 ], [ -0.209276716719411, 45.03163958842039 ], [ -0.208840697594073, 45.032102723689341 ], [ -0.208076336639113, 45.033422380619761 ], [ -0.207472762553737, 45.034111115450138 ], [ -0.206851306000155, 45.03439936079554 ], [ -0.205712735218051, 45.034468205004892 ], [ -0.204059675276884, 45.034407669449379 ], [ -0.202352722788511, 45.034537896121961 ], [ -0.200968141145527, 45.034793994201301 ], [ -0.198781780686452, 45.035564232192208 ], [ -0.193557773845969, 45.036800093623292 ], [ -0.191935790936767, 45.037418830316739 ], [ -0.190197426777895, 45.03827066353675 ], [ -0.189382682166448, 45.038514785869339 ], [ -0.188754405700065, 45.038663448485366 ], [ -0.18806780723689, 45.038903889752078 ], [ -0.187051143226245, 45.038883442123058 ], [ -0.185510742915613, 45.038504011209255 ], [ -0.183963174751099, 45.037953552537942 ], [ -0.182406672605584, 45.037223105637693 ], [ -0.178218343826367, 45.035824399714386 ], [ -0.177451665476317, 45.035706616460686 ], [ -0.176312018546642, 45.03577969459004 ], [ -0.174739513826924, 45.036085880540959 ], [ -0.173090527528148, 45.036119385313562 ], [ -0.169830478142011, 45.0355995203238 ], [ -0.166711893154474, 45.035399935791425 ], [ -0.163844806287799, 45.035152566167021 ], [ -0.162499312315254, 45.034866405930217 ], [ -0.160527811425911, 45.034769217452336 ], [ -0.156636344888442, 45.03431646045015 ], [ -0.155368296700125, 45.034343405109837 ], [ -0.154247408774828, 45.034816715960233 ], [ -0.152071294967339, 45.03584704753824 ], [ -0.151001356687886, 45.036323386926938 ], [ -0.149577091587128, 45.037120621869086 ], [ -0.148801600440135, 45.037396715344663 ], [ -0.148767015531117, 45.037277701814205 ], [ -0.148881874917135, 45.036982996367655 ], [ -0.150234728809279, 45.036205416292276 ], [ -0.151731293143816, 45.035316014893766 ], [ -0.154217241973629, 45.034146249909675 ], [ -0.155407643416904, 45.03380162821427 ], [ -0.156739119143638, 45.033772883845295 ], [ -0.159671069058698, 45.034068152824219 ], [ -0.160884309551879, 45.034218430899841 ], [ -0.166747562980195, 45.034772651014585 ], [ -0.169802417583079, 45.034969542969591 ], [ -0.171657525192646, 45.035299667746543 ], [ -0.173002821307383, 45.035581219081926 ], [ -0.174080565155278, 45.03555950126642 ], [ -0.176351163607316, 45.035237910104321 ], [ -0.177367757504396, 45.035258455389602 ], [ -0.180960700642048, 45.03613353927112 ], [ -0.183929834908657, 45.037233613163622 ], [ -0.185093882811098, 45.037700429455796 ], [ -0.187149775086804, 45.03824983542075 ], [ -0.188231165692156, 45.038313483793509 ], [ -0.18929737946679, 45.038021614616078 ], [ -0.189793631930761, 45.037786620335247 ], [ -0.191163931204387, 45.037211176590887 ], [ -0.192905071138035, 45.036408809144348 ], [ -0.194340301452892, 45.035881023631916 ], [ -0.197496968249569, 45.03523168931433 ], [ -0.200757168209057, 45.034349499769753 ], [ -0.202580662006932, 45.033990663167572 ], [ -0.204924814797479, 45.033891647788479 ], [ -0.206636143596467, 45.033860378736328 ], [ -0.207072695089659, 45.033672080896388 ], [ -0.207427717372185, 45.033125680365018 ], [ -0.207887585775904, 45.032080637324462 ], [ -0.208446594794878, 45.031523847882688 ], [ -0.20900483390393, 45.031241921127084 ], [ -0.209891916506411, 45.031220845581252 ], [ -0.211301000326269, 45.031504602540011 ], [ -0.212057320320286, 45.031397169999188 ], [ -0.212491252171977, 45.031163869169561 ], [ -0.212470505117639, 45.030713904079569 ], [ -0.21194071470361, 45.030229069364182 ], [ -0.210707960059183, 45.029629345833058 ], [ -0.207795411198586, 45.028388679254654 ], [ -0.207395382089443, 45.027949646538659 ], [ -0.206979337731298, 45.027186669322795 ], [ -0.206878392108193, 45.026378566395259 ], [ -0.207101058174186, 45.025696306500166 ], [ -0.208083816055643, 45.02468575428086 ], [ -0.211422658656582, 45.022773682175014 ], [ -0.211733311461171, 45.022629547631936 ], [ -0.211913217994627, 45.022399073567506 ], [ -0.212141272530365, 45.021856321024131 ], [ -0.212035054865396, 45.020913205471096 ], [ -0.21181883979525, 45.020333715214562 ], [ -0.211861258755612, 45.019611590871399 ], [ -0.212217413613711, 45.019065140543162 ], [ -0.212819498785788, 45.018376419436862 ], [ -0.21387857039942, 45.016552595223736 ], [ -0.214545294153162, 45.015861996778305 ], [ -0.216517060192272, 45.014602009712846 ], [ -0.217707636962323, 45.013986357968015 ], [ -0.218198335897234, 45.013616220723556 ], [ -0.218182770745869, 45.013301276756003 ], [ -0.217856573905827, 45.013085430046182 ], [ -0.217600072206943, 45.013043286441153 ], [ -0.216462207225623, 45.013116738301989 ], [ -0.215642727885906, 45.013226033072087 ], [ -0.214372603021113, 45.013208667858578 ], [ -0.21308846903529, 45.012880805046009 ], [ -0.212180940138323, 45.012451943049726 ], [ -0.210996957392071, 45.011521919000863 ], [ -0.210454677881461, 45.010771614819113 ], [ -0.210369231906025, 45.010278463445481 ], [ -0.210727889053591, 45.008425319316018 ], [ -0.210570994007974, 45.00748366985821 ], [ -0.210162043709119, 45.006864686558608 ], [ -0.209305107109307, 45.006164009261326 ], [ -0.208459812728694, 45.005688270285447 ], [ -0.207429252083019, 45.005348529489019 ], [ -0.206791307184994, 45.005276809231518 ], [ -0.205587346728059, 45.005302497693613 ], [ -0.205068987050832, 45.005078637147754 ], [ -0.204666571069614, 45.004594615728472 ], [ -0.204198269774002, 45.002670703292019 ], [ -0.203770026681083, 45.00160169777412 ], [ -0.203480793530593, 44.999942962615016 ], [ -0.20350238160966, 44.99967651165646 ], [ -0.203537145286417, 44.999396164507267 ], [ -0.203588630922472, 44.9990973134339 ], [ -0.203631754910121, 44.998807714332699 ], [ -0.20372706590434, 44.998453534014267 ], [ -0.20406012303354, 44.997948326883353 ], [ -0.204838054665667, 44.996939193132519 ], [ -0.205463558242694, 44.995353226672826 ], [ -0.205761159269959, 44.994939147331195 ], [ -0.206307158896607, 44.994116910021127 ], [ -0.206607580450443, 44.993752308256369 ], [ -0.20696336456953, 44.993201380503514 ], [ -0.207566504228809, 44.99251265619305 ], [ -0.208525684873941, 44.99132254905625 ], [ -0.209252985937008, 44.990585176923133 ], [ -0.209936796065539, 44.990263568527311 ], [ -0.211072894114801, 44.990145165845171 ], [ -0.21203075615164, 44.990306740158452 ], [ -0.21235417306433, 44.990432566608447 ], [ -0.212621988523318, 44.990740221905384 ], [ -0.212997295349625, 44.992036001501525 ], [ -0.213327457933877, 44.992301304052276 ], [ -0.214352392328868, 44.992546528181869 ], [ -0.216652165600059, 44.992899059125335 ], [ -0.217664621522497, 44.99283823332275 ], [ -0.21852640862831, 44.992277130645277 ], [ -0.219000030508739, 44.991547032165059 ], [ -0.219264970373975, 44.990147131482999 ], [ -0.219060509340657, 44.989837657481054 ], [ -0.218677287362204, 44.989754131499055 ], [ -0.217346631370536, 44.989779117941715 ], [ -0.217157525072605, 44.989825138931735 ], [ -0.216585716091749, 44.989796622664059 ], [ -0.215678534303189, 44.989367791942087 ], [ -0.215332788497655, 44.988742499798185 ], [ -0.215170987989137, 44.987981226882162 ], [ -0.215206085159376, 44.987353934909123 ], [ -0.215671654987528, 44.986439355204077 ], [ -0.21603535835332, 44.986072895931095 ], [ -0.216721189460228, 44.985832285765873 ], [ -0.218354120437905, 44.985478659146168 ], [ -0.219092925560266, 44.985011220888005 ], [ -0.219647708332708, 44.984368881638957 ], [ -0.220269320118253, 44.984094063206292 ], [ -0.220838744723124, 44.984082077524469 ], [ -0.221691580591465, 44.984692662810808 ], [ -0.222021849278262, 44.985268822590825 ], [ -0.222394695994135, 44.986474532849215 ], [ -0.222610889785122, 44.987053997104034 ], [ -0.222807918971842, 44.988580194689156 ], [ -0.223143079698294, 44.988975986517922 ], [ -0.223464183714522, 44.989061297645307 ], [ -0.224285884118742, 44.988996927101923 ], [ -0.226213941676046, 44.988188572992726 ], [ -0.227653326286106, 44.987759323424534 ], [ -0.228913513224633, 44.987592078327012 ], [ -0.229424773929658, 44.987671850931797 ], [ -0.23013795519243, 44.988016094106129 ], [ -0.230886126617005, 44.989120767905476 ], [ -0.231281071481882, 44.989429193191469 ], [ -0.231851815685647, 44.989417114294561 ], [ -0.232349795748534, 44.989222416367809 ], [ -0.232565742323623, 44.988409631236784 ], [ -0.232752678766072, 44.986962394841328 ], [ -0.232932276789657, 44.986466059950978 ], [ -0.233017253388683, 44.98556246325132 ], [ -0.23294931530639, 44.984077580592135 ], [ -0.232839153655394, 44.98304899449279 ], [ -0.232801293667324, 44.982239082394464 ], [ -0.23312566494889, 44.981017638246151 ], [ -0.234367003084164, 44.980175030754445 ], [ -0.2362233756332, 44.979188352127657 ], [ -0.237575028375197, 44.978256888939917 ], [ -0.237757286225482, 44.978071356598377 ], [ -0.238184164574259, 44.977702980388159 ], [ -0.238296511255311, 44.977384314128471 ], [ -0.23815276439399, 44.977028050021552 ], [ -0.237108416974159, 44.976378110027902 ], [ -0.236593317764375, 44.976208374859361 ], [ -0.235329481137878, 44.976285708220843 ], [ -0.234267278866005, 44.976622993724462 ], [ -0.232285537402644, 44.977658341221222 ], [ -0.231785064636252, 44.97780805747324 ], [ -0.231279080191539, 44.977818257454999 ], [ -0.230240793384768, 44.977294235786218 ], [ -0.229708760705936, 44.976764512049918 ], [ -0.229352764333582, 44.97591878629877 ], [ -0.229377004857241, 44.975062016466808 ], [ -0.22954000140574, 44.974476058525632 ], [ -0.229351593484403, 44.972859512583149 ], [ -0.22963872634633, 44.972224892832557 ], [ -0.23019468255705, 44.971893348911387 ], [ -0.231959366380975, 44.97167535558944 ], [ -0.232908055307764, 44.971616233550272 ], [ -0.234668532968954, 44.971303701075463 ], [ -0.235935116254451, 44.97127585395647 ], [ -0.237021800001804, 44.971474005973398 ], [ -0.238169518261665, 44.971629819296055 ], [ -0.239005349357319, 44.9718803147532 ], [ -0.239769949763689, 44.971952654714137 ], [ -0.241097830311904, 44.971886917850419 ], [ -0.241846746961507, 44.97164430647674 ], [ -0.242515195438215, 44.970998529707643 ], [ -0.24312512437072, 44.970219286670705 ], [ -0.243618953281049, 44.969934541647575 ], [ -0.24461760819441, 44.969599016835197 ], [ -0.246253835780287, 44.969334980085705 ], [ -0.246566709523663, 44.96923573082551 ], [ -0.247516421168985, 44.969217003513307 ], [ -0.248214763538234, 44.969241658020231 ], [ -0.248603105930057, 44.969415042273752 ], [ -0.248814213835933, 44.969859437939853 ], [ -0.248845738375813, 44.970534363902424 ], [ -0.248678181198586, 44.971300714908224 ], [ -0.248016356738429, 44.972081506670349 ], [ -0.247309470857068, 44.973224062143544 ], [ -0.247203738601321, 44.973677715137285 ], [ -0.247350214721844, 44.974124001910667 ], [ -0.247747491597298, 44.974472849735292 ], [ -0.249928418693659, 44.975017384724111 ], [ -0.250957150631072, 44.975352268107578 ], [ -0.252040272297131, 44.975464774068911 ], [ -0.252790456789151, 44.975222051699291 ], [ -0.253717603739129, 44.974703805579459 ], [ -0.254770465880055, 44.974186376804049 ], [ -0.25562232592778, 44.97339997780437 ], [ -0.256418238675273, 44.972525097095364 ], [ -0.257699449040859, 44.971460269838751 ], [ -0.259053698617887, 44.970582523851107 ], [ -0.260102466183502, 44.969975048058366 ], [ -0.261396725228864, 44.969180133149571 ], [ -0.261829708109288, 44.968942146164501 ], [ -0.262309159331462, 44.968346845262772 ], [ -0.262530920172952, 44.967664485781526 ], [ -0.262609818972306, 44.966360029799311 ], [ -0.262073868196051, 44.963041560834341 ], [ -0.262111798642378, 44.960837175813928 ], [ -0.262301851102428, 44.95947989810994 ], [ -0.262251931649995, 44.958404509308188 ], [ -0.261570085948126, 44.957374700104168 ], [ -0.260504728190918, 44.956275037018557 ], [ -0.259449960202419, 44.955400337423278 ], [ -0.258656050418361, 44.954427868064045 ], [ -0.258235065065017, 44.953539080595696 ], [ -0.258211364358044, 44.953044154133224 ], [ -0.25838554410443, 44.952678595866658 ], [ -0.259069435855657, 44.952392710090457 ], [ -0.259699258083884, 44.952333688312741 ], [ -0.260400274230189, 44.95240774393455 ], [ -0.262018782323663, 44.953135223875641 ], [ -0.263123712111527, 44.953738086091477 ], [ -0.264427236815927, 44.955876042689724 ], [ -0.26507740191621, 44.956492244074674 ], [ -0.265979098296421, 44.956785654457825 ], [ -0.266546880516984, 44.956728418047199 ], [ -0.267424271567335, 44.956256566786891 ], [ -0.268278394743818, 44.955560108699935 ], [ -0.268929156057277, 44.954554227757662 ], [ -0.269267148565673, 44.953647656836836 ], [ -0.269499434313932, 44.951843059897577 ], [ -0.269418897732125, 44.95148497536092 ], [ -0.269018934896202, 44.951046173690493 ], [ -0.264187367193613, 44.94772784284347 ], [ -0.263188098127616, 44.946671327690964 ], [ -0.262232440110019, 44.94520801651116 ], [ -0.261939488847334, 44.944360543523679 ], [ -0.260939820211047, 44.94303368549329 ], [ -0.260015925915575, 44.942245273775512 ], [ -0.258513619235022, 44.941284582183656 ], [ -0.256318604222205, 44.940389230859019 ], [ -0.25579485433822, 44.940044128513549 ], [ -0.255318347559007, 44.93933268439983 ], [ -0.25517189889905, 44.938886412656167 ], [ -0.25513635833902, 44.938121498274988 ], [ -0.255636351110597, 44.936354162843905 ], [ -0.256893370909924, 44.933402186593298 ], [ -0.258066856502103, 44.931394318772149 ], [ -0.258438627509676, 44.930937359268107 ], [ -0.258748650831844, 44.930793097360826 ], [ -0.259853416840972, 44.930048798053939 ], [ -0.26214432223648, 44.928913719300816 ], [ -0.262748710767832, 44.928269688335483 ], [ -0.26285423171591, 44.927816026628555 ], [ -0.262643170812488, 44.927371663116602 ], [ -0.262124476258174, 44.927112052706576 ], [ -0.261356753037187, 44.926954369349289 ], [ -0.259459030926031, 44.926996549685768 ], [ -0.25826469877298, 44.927202799366768 ], [ -0.256338194337595, 44.928016229469605 ], [ -0.254020343645551, 44.928557235219593 ], [ -0.252134418355774, 44.928869279280256 ], [ -0.248867414218012, 44.929712797873172 ], [ -0.248367152873694, 44.929858088641289 ], [ -0.247299358192175, 44.930060517751578 ], [ -0.245740172810021, 44.930583673757312 ], [ -0.244923293523566, 44.930738198262766 ], [ -0.244448910856621, 44.930761064198791 ], [ -0.243594309573816, 44.930767996120572 ], [ -0.242942751969063, 44.930381514744823 ], [ -0.242620618934849, 44.930251244455896 ], [ -0.242292209592191, 44.929990494648308 ], [ -0.242010112214666, 44.929367946247417 ], [ -0.241962539233059, 44.92806271722597 ], [ -0.241977428568304, 44.927026000377701 ], [ -0.241717526433991, 44.924154524310055 ], [ -0.241745490895799, 44.923387761382962 ], [ -0.242143965426047, 44.922119078104039 ], [ -0.24285685081593, 44.921111548856452 ], [ -0.2440554791503, 44.919643777809554 ], [ -0.246137988089755, 44.918109614252934 ], [ -0.246866450194601, 44.91741699177993 ], [ -0.247954892750514, 44.91604250744394 ], [ -0.248575087681746, 44.915758540502161 ], [ -0.248822009862822, 44.915620656413587 ], [ -0.249004027052061, 44.915435109077123 ], [ -0.249858807491425, 44.916135499224353 ], [ -0.249928665962531, 44.916268622501867 ] ] ] ] } },
{ "type": "Feature", "properties": { "fid": 8, "gid": 8, "id": 8, "cdmassedea": "FT32", "cdeumassed": "FRFT32", "nommassede": "Estuaire Fluvial Dordogne", "systemeref": "31", "cdeubassin": "FRF", "typemassed": "T4", "cdeussbass": "FRF_DORD", "cdcategori": "1.2.2", "cdnaturema": "1", "surfacetot": 34.331171658687893 }, "geometry": { "type": "MultiPolygon", "coordinates": [ [ [ [ -0.622185755169815, 45.061576025810176 ], [ -0.622185772802822, 45.061575970399161 ], [ -0.622094852017823, 45.061483573987076 ], [ -0.621826489299555, 45.061208382917677 ], [ -0.621241877316075, 45.060821797369023 ], [ -0.621168874186557, 45.060774598265944 ], [ -0.620541047369148, 45.060073947137731 ], [ -0.61985868981727, 45.059316479286679 ], [ -0.619818976332524, 45.059272703719351 ], [ -0.619081544930991, 45.058607156095924 ], [ -0.618897897091397, 45.058441872124305 ], [ -0.618303788559046, 45.058006008311708 ], [ -0.618199647817176, 45.057968832833232 ], [ -0.617979072729986, 45.057881361093884 ], [ -0.617308200465385, 45.057339826998977 ], [ -0.6164719482857, 45.056659448445188 ], [ -0.616254739113086, 45.056486237558985 ], [ -0.615554473981638, 45.056040288920741 ], [ -0.614608996220101, 45.055440058490163 ], [ -0.614282879248919, 45.055234326937423 ], [ -0.61372310257338, 45.054797326705277 ], [ -0.613488831622811, 45.054615651553164 ], [ -0.612764578530234, 45.054211025604346 ], [ -0.611766232648468, 45.053657555561195 ], [ -0.610769175433092, 45.053104035493597 ], [ -0.609770578784928, 45.052546050496048 ], [ -0.608856693520055, 45.052039390753556 ], [ -0.608774539842993, 45.051987974358056 ], [ -0.60780977132024, 45.051401836737213 ], [ -0.606845313002741, 45.050820188091016 ], [ -0.605880874729695, 45.05023853118405 ], [ -0.605707406367736, 45.050131484455797 ], [ -0.6048728068166, 45.049689826005853 ], [ -0.603856456309012, 45.04915039383183 ], [ -0.602840125390706, 45.048610952461665 ], [ -0.601823814061453, 45.048071501895656 ], [ -0.600807811818352, 45.047536539385341 ], [ -0.600678547842871, 45.047464108425928 ], [ -0.60076077342848, 45.047398355933694 ], [ -0.600737066558211, 45.047385602973499 ], [ -0.600477917595031, 45.047290333639459 ], [ -0.60042260183832, 45.047260576584968 ], [ -0.598974663309241, 45.046473679012024 ], [ -0.598325097631982, 45.046179217132703 ], [ -0.597088343433336, 45.04535392351746 ], [ -0.596632358632006, 45.045143328496955 ], [ -0.595062891192839, 45.044283698798992 ], [ -0.590516692223886, 45.042325869992702 ], [ -0.588119239139703, 45.041398218328688 ], [ -0.585300718809485, 45.040921219838971 ], [ -0.58294510736697, 45.0408032949965 ], [ -0.573961691202915, 45.040177300824531 ], [ -0.569111009386227, 45.039665993355229 ], [ -0.567645423241914, 45.039568774127993 ], [ -0.564830321761957, 45.039140728446021 ], [ -0.564437654137159, 45.038923472898851 ], [ -0.562383375733284, 45.038484517262141 ], [ -0.558740582683904, 45.037992681221098 ], [ -0.558486859186188, 45.038000794022786 ], [ -0.558303592874975, 45.038137341945244 ], [ -0.558100964017762, 45.037909482532712 ], [ -0.557652497342585, 45.03783368943126 ], [ -0.556952882541398, 45.037806480000988 ], [ -0.556629403272069, 45.03767711677849 ], [ -0.555351610297122, 45.037533178277172 ], [ -0.55488952502532, 45.037182913740381 ], [ -0.552649539221244, 45.036839844505529 ], [ -0.550207973289374, 45.03626431873851 ], [ -0.547045589753226, 45.035265577688051 ], [ -0.546262003554141, 45.034835397229884 ], [ -0.541438520375786, 45.033375687651436 ], [ -0.539749070187132, 45.032609265939257 ], [ -0.538636767985033, 45.031964168720869 ], [ -0.538045140733275, 45.031572894466784 ], [ -0.537469903424277, 45.031501053116067 ], [ -0.537263249975163, 45.03118766538249 ], [ -0.536753715636851, 45.031149783444917 ], [ -0.535636777731443, 45.030410170892502 ], [ -0.535057141370731, 45.030248328833132 ], [ -0.534671906047134, 45.030165931154833 ], [ -0.5344021347354, 45.029859050166905 ], [ -0.533617149711022, 45.029383767076595 ], [ -0.533344548113792, 45.029031909572311 ], [ -0.531922249690739, 45.028527279424431 ], [ -0.530944204708537, 45.028013042423211 ], [ -0.529641268255501, 45.02736489848688 ], [ -0.527819129547545, 45.026242004594856 ], [ -0.525907766038077, 45.024851527172942 ], [ -0.525634951604198, 45.024495153813028 ], [ -0.52555550641161, 45.024182223475535 ], [ -0.524704427517916, 45.023663913474756 ], [ -0.524499721805027, 45.023400014496822 ], [ -0.524551511572007, 45.023173054467421 ], [ -0.523966022783085, 45.022876152116325 ], [ -0.523231183848661, 45.022164882329072 ], [ -0.522965907765463, 45.021947962858171 ], [ -0.522890874952016, 45.0217250193948 ], [ -0.522377326475774, 45.021601580632456 ], [ -0.520679516512908, 45.020429582294774 ], [ -0.520278655223421, 45.020036692390889 ], [ -0.519692939037164, 45.01973527039948 ], [ -0.519166544241054, 45.01938690549018 ], [ -0.5189069525363, 45.019259925045951 ], [ -0.517459295799314, 45.018264731579443 ], [ -0.516524048139376, 45.017334440765588 ], [ -0.515178287054197, 45.015835794589194 ], [ -0.51516105141557, 45.015520894181108 ], [ -0.514575692403315, 45.015223943073721 ], [ -0.514305820798091, 45.01491251722625 ], [ -0.513981586534808, 45.014787568445634 ], [ -0.513195265980143, 45.014041816679864 ], [ -0.512544977444699, 45.013742399926514 ], [ -0.511358388256069, 45.012874083647063 ], [ -0.510577646048325, 45.012479634273468 ], [ -0.509923299384705, 45.012094710963609 ], [ -0.508040063926711, 45.011239327627742 ], [ -0.505782672852134, 45.010535402698586 ], [ -0.503088849568277, 45.009962342758818 ], [ -0.502003297724322, 45.009811763504707 ], [ -0.501102328349543, 45.009565238327056 ], [ -0.499179235661225, 45.009166104172643 ], [ -0.496696519430476, 45.009000832827105 ], [ -0.489488053383331, 45.00823130023749 ], [ -0.488652806224989, 45.008018665475177 ], [ -0.487950795271052, 45.007946047910998 ], [ -0.485387716955673, 45.007427051457377 ], [ -0.483062757571826, 45.006630165855363 ], [ -0.482348068428768, 45.006292041254014 ], [ -0.481254681849379, 45.00599280250713 ], [ -0.480397168891944, 45.005339191658365 ], [ -0.479949068318004, 45.005263086368707 ], [ -0.479362455757216, 45.004961493136257 ], [ -0.478525060123176, 45.004712802498453 ], [ -0.47800617448947, 45.004233340839676 ], [ -0.477294060650025, 45.003935661617255 ], [ -0.475907861873809, 45.002888477679932 ], [ -0.47531294326569, 45.002411380972539 ], [ -0.47353702582793, 45.001142022439339 ], [ -0.47318344481749, 45.000909727563759 ], [ -0.471860131609578, 44.999337812676167 ], [ -0.471312958703204, 44.998543771124304 ], [ -0.470844624160857, 44.998058196609264 ], [ -0.469479306980283, 44.99588824277248 ], [ -0.469342654817347, 44.995712257047366 ], [ -0.468422085606102, 44.993789780212396 ], [ -0.468030987391099, 44.992314927798809 ], [ -0.467685714745578, 44.988995608530786 ], [ -0.467674931291639, 44.987508897911702 ], [ -0.467888741489668, 44.986470309980355 ], [ -0.467940939113175, 44.983724406692652 ], [ -0.468479500910196, 44.981819511383776 ], [ -0.468749276003397, 44.980639484405444 ], [ -0.468894667272087, 44.978476481186419 ], [ -0.468802285953243, 44.976636331029916 ], [ -0.468355037133619, 44.975073118569675 ], [ -0.467367179123068, 44.973062631538426 ], [ -0.466664995812468, 44.971728170013165 ], [ -0.466532461878581, 44.971597117518165 ], [ -0.466122464762828, 44.971024098640036 ], [ -0.465654405121709, 44.970538506077176 ], [ -0.464383137641154, 44.968951403652035 ], [ -0.461989146305783, 44.966718831428011 ], [ -0.461719800424109, 44.966407282431589 ], [ -0.459984984875408, 44.964690376533518 ], [ -0.459374690072922, 44.963893758587737 ], [ -0.457595174097023, 44.962272841569089 ], [ -0.456116062800744, 44.960602004110577 ], [ -0.455572939724761, 44.959884391028218 ], [ -0.455037716113657, 44.959315232718716 ], [ -0.454762935824327, 44.958873160947306 ], [ -0.453682435598348, 44.957550396979904 ], [ -0.452596284342849, 44.955867310304477 ], [ -0.452255150788957, 44.955377727890522 ], [ -0.452040981577741, 44.954888707178938 ], [ -0.45157218884342, 44.954407594505739 ], [ -0.45078591268386, 44.95262505922117 ], [ -0.450302831344031, 44.951828958271413 ], [ -0.449721796417817, 44.950080601551512 ], [ -0.449373684486328, 44.949456046437192 ], [ -0.448869538447191, 44.948255045984673 ], [ -0.448569482622975, 44.947318076787163 ], [ -0.448000541576923, 44.946074024187936 ], [ -0.447624479299734, 44.944643741772126 ], [ -0.447358085837583, 44.944377135121343 ], [ -0.447110105326034, 44.943213244176583 ], [ -0.446834199885117, 44.942771194201356 ], [ -0.446387730159393, 44.941433216528416 ], [ -0.445744949565354, 44.939997686622817 ], [ -0.445314081196076, 44.938974649128497 ], [ -0.444725739235907, 44.938362040492336 ], [ -0.443417639445529, 44.937537423157472 ], [ -0.44218445226578, 44.93694028052532 ], [ -0.441156504786965, 44.936647687076608 ], [ -0.440452964188612, 44.936534293812592 ], [ -0.439061344913959, 44.936559355138037 ], [ -0.436814522989201, 44.937246211567526 ], [ -0.43494065025078, 44.938056672989575 ], [ -0.431115157392562, 44.940130502435501 ], [ -0.428716743817315, 44.941578885048784 ], [ -0.427969079680252, 44.942093113047484 ], [ -0.426611731892024, 44.942846935393 ], [ -0.425755538577729, 44.94345461521106 ], [ -0.423288294151479, 44.944819380853623 ], [ -0.421489970395082, 44.94562727605841 ], [ -0.420997259981354, 44.945912807987384 ], [ -0.417563350917824, 44.947203557503727 ], [ -0.416252205848621, 44.947595343687425 ], [ -0.415749478391017, 44.94769641227419 ], [ -0.414691920268692, 44.948084890306482 ], [ -0.414259473994253, 44.948318972818463 ], [ -0.413441329701269, 44.948429721276845 ], [ -0.413009149471404, 44.948668296550956 ], [ -0.410686212641119, 44.949118121780714 ], [ -0.408859875728609, 44.949345388878342 ], [ -0.407034730307849, 44.949842949121795 ], [ -0.404135279308959, 44.950184140339786 ], [ -0.400712772081199, 44.950167265450503 ], [ -0.398109286409657, 44.950053148467134 ], [ -0.395618121642732, 44.94965616847638 ], [ -0.393639865244037, 44.949387662601794 ], [ -0.390226204867917, 44.948257224406838 ], [ -0.388414719964254, 44.947492391018478 ], [ -0.386983014805507, 44.946711448918997 ], [ -0.38613745680148, 44.946011760744675 ], [ -0.385875517280308, 44.945834998642248 ], [ -0.38481355853406, 44.94487153858595 ], [ -0.384135873970951, 44.943945932465418 ], [ -0.38372520071881, 44.943323101928804 ], [ -0.382991283614293, 44.942579440118259 ], [ -0.382135343361242, 44.941916089321637 ], [ -0.381264771730917, 44.940946774886442 ], [ -0.380463350111983, 44.939840173283109 ], [ -0.379731962721048, 44.939136969749391 ], [ -0.37921433424263, 44.938927418017556 ], [ -0.377802575437767, 44.938555801851336 ], [ -0.377354877031238, 44.938474787387925 ], [ -0.374762447545352, 44.938576089614429 ], [ -0.372543421439655, 44.938810186372791 ], [ -0.368910089892528, 44.939663884912825 ], [ -0.365514581666927, 44.940190340232974 ], [ -0.364442881034986, 44.940303902530403 ], [ -0.363101131517405, 44.940421122625253 ], [ -0.361090684150361, 44.940432391727391 ], [ -0.359499972752005, 44.940291252280417 ], [ -0.357711931758536, 44.940011865903855 ], [ -0.355078642431075, 44.939262332895488 ], [ -0.354561104937417, 44.93905266638167 ], [ -0.353594480358908, 44.938716871760775 ], [ -0.352432084516368, 44.938247294813635 ], [ -0.350703357935035, 44.937875892238466 ], [ -0.350065729520567, 44.937800496909951 ], [ -0.3492284900402, 44.937505823068086 ], [ -0.348593554855109, 44.937475396732594 ], [ -0.346473156799134, 44.936854395250798 ], [ -0.340968802077498, 44.935717866517194 ], [ -0.339885124764173, 44.935565709817453 ], [ -0.338798506334454, 44.935364067143354 ], [ -0.337399641337451, 44.935266416195716 ], [ -0.33594254472067, 44.935256106643344 ], [ -0.332817581352984, 44.934827219389234 ], [ -0.3300839578524, 44.934620817920106 ], [ -0.328624208469597, 44.934565434595946 ], [ -0.326766440536866, 44.934152476563256 ], [ -0.324522168808279, 44.933575329272117 ], [ -0.323433244189835, 44.93333305636213 ], [ -0.3222122237655, 44.932959550066712 ], [ -0.320261271069587, 44.931913959831689 ], [ -0.318373111851259, 44.930834921915661 ], [ -0.317110476240299, 44.929606511721694 ], [ -0.315985795643499, 44.928328913947283 ], [ -0.314936123313422, 44.926238034047209 ], [ -0.314330700769989, 44.925481110921723 ], [ -0.313786213236899, 44.924681815702861 ], [ -0.313570710286667, 44.924147555427965 ], [ -0.31319417316791, 44.922626835831657 ], [ -0.313075687955154, 44.92145887842333 ], [ -0.313051817084006, 44.91961674509691 ], [ -0.31329443638018, 44.918077558968108 ], [ -0.314058053596016, 44.915225177743935 ], [ -0.314136438651794, 44.914191026853793 ], [ -0.313826806892791, 44.911677059545163 ], [ -0.313152756078105, 44.909219024054579 ], [ -0.311829617278917, 44.906676716662624 ], [ -0.310339133429831, 44.904369178967876 ], [ -0.308778401235062, 44.902158339555349 ], [ -0.308432420959642, 44.901537851015057 ], [ -0.308351708164005, 44.901179800140305 ], [ -0.307873478267484, 44.900423574190341 ], [ -0.307409029391877, 44.899986840392287 ], [ -0.30724974401259, 44.899306719812536 ], [ -0.306845819468527, 44.898778067628136 ], [ -0.305878397668544, 44.896819868422909 ], [ -0.305442340147331, 44.8956163169034 ], [ -0.304207876151286, 44.893621001639218 ], [ -0.303469982751958, 44.892737319694604 ], [ -0.302414356984789, 44.891818028927887 ], [ -0.301190243350573, 44.89111550593173 ], [ -0.299900343980026, 44.890608669409694 ], [ -0.298490326253948, 44.890236051755259 ], [ -0.296964468131946, 44.890092139796174 ], [ -0.29506564152452, 44.890094447322682 ], [ -0.292146015240814, 44.890199088836553 ], [ -0.290008496683747, 44.890519276845431 ], [ -0.288556578522717, 44.890598340254769 ], [ -0.286796297224875, 44.890866739652409 ], [ -0.285421755813796, 44.891249853534113 ], [ -0.28455818724202, 44.891721463117236 ], [ -0.283893799710964, 44.892412455479935 ], [ -0.2837882520791, 44.892861634394656 ], [ -0.283813520379836, 44.893401562208972 ], [ -0.284227070869584, 44.89438056782862 ], [ -0.28450361534361, 44.89488152324401 ], [ -0.284991858878728, 44.895858317492078 ], [ -0.286165042035837, 44.897900698973416 ], [ -0.286299615661503, 44.898076941531286 ], [ -0.287191814768401, 44.899541898492188 ], [ -0.288003478248229, 44.900648783364055 ], [ -0.288201982334243, 44.901093469902278 ], [ -0.289787732369714, 44.903853521439117 ], [ -0.290162866849187, 44.905103991082768 ], [ -0.290329457489124, 44.905955130330398 ], [ -0.290759885189634, 44.90702373471445 ], [ -0.291015337746789, 44.907336066590048 ], [ -0.291323659538786, 44.909845596176133 ], [ -0.291255791258659, 44.911109194734365 ], [ -0.291101650312655, 44.911875220850916 ], [ -0.291179628604466, 44.912188306946753 ], [ -0.290693009802719, 44.914225772802787 ], [ -0.290231637550026, 44.915181127276249 ], [ -0.289509017205192, 44.915963990561103 ], [ -0.289158280491474, 44.916600666272011 ], [ -0.288123116411275, 44.91748288840278 ], [ -0.286959036325248, 44.918589693073052 ], [ -0.286659803234039, 44.918959001424909 ], [ -0.285183517101435, 44.919890291510896 ], [ -0.283322228169171, 44.920702277591467 ], [ -0.282068282777858, 44.920991653191287 ], [ -0.280674875678711, 44.920978748650683 ], [ -0.277883067243979, 44.920867427229361 ], [ -0.276081980161062, 44.920280761150707 ], [ -0.274550849505769, 44.920037548968295 ], [ -0.273074327944, 44.919621492686538 ], [ -0.271737656363997, 44.919471636264795 ], [ -0.266751297435135, 44.919852691994016 ], [ -0.265619098335709, 44.920012141941193 ], [ -0.26264301287385, 44.920306857259213 ], [ -0.260931736981566, 44.920257986049087 ], [ -0.260290465188058, 44.920092080496019 ], [ -0.259645233564765, 44.91983617543908 ], [ -0.258181454994313, 44.919680875718221 ], [ -0.256835898744163, 44.919355383441008 ], [ -0.25395384534616, 44.918385542801303 ], [ -0.252527964413485, 44.917701906318584 ], [ -0.250761117200506, 44.916474046012624 ], [ -0.249928665962531, 44.916268622501867 ], [ -0.249858807491425, 44.916135499224353 ], [ -0.249004027052061, 44.915435109077123 ], [ -0.248725874131963, 44.914902576513605 ], [ -0.248959427168422, 44.914490243064641 ], [ -0.248926592762216, 44.913770311813259 ], [ -0.248652714090531, 44.911976094781799 ], [ -0.248675110597787, 44.910808497273827 ], [ -0.248911826874807, 44.90909396246424 ], [ -0.248871105183357, 44.908194040630455 ], [ -0.248213293537557, 44.906316441346441 ], [ -0.247735652929488, 44.90529413279296 ], [ -0.247445733350802, 44.904491611225602 ], [ -0.24620213091405, 44.90226167965465 ], [ -0.246042764141854, 44.901545450530591 ], [ -0.246102492082027, 44.900101929004229 ], [ -0.246425667541878, 44.898610155721073 ], [ -0.246949594193014, 44.897608121206609 ], [ -0.247844301755322, 44.896419522271245 ], [ -0.248875765713377, 44.895447685615011 ], [ -0.251532369474393, 44.893774951378454 ], [ -0.252637768104294, 44.893030695131714 ], [ -0.253686160720474, 44.892418758949546 ], [ -0.255458930461156, 44.891073695758607 ], [ -0.256660544527872, 44.889695797452198 ], [ -0.257144113434451, 44.888920171622786 ], [ -0.25758873521862, 44.887605019484432 ], [ -0.257826346790091, 44.88589044086671 ], [ -0.257950158103516, 44.88282753666936 ], [ -0.258291942315308, 44.880659346188786 ], [ -0.258783896283814, 44.87898235669865 ], [ -0.259036781237007, 44.877357440471712 ], [ -0.258870749850748, 44.876506261953494 ], [ -0.258323568543886, 44.875616712709181 ], [ -0.257727369935771, 44.875039482508072 ], [ -0.256551353202549, 44.874253987155804 ], [ -0.255270151061596, 44.87392662442182 ], [ -0.253804152076407, 44.87369027032581 ], [ -0.252417216037436, 44.873812022342868 ], [ -0.247534438590273, 44.874950721948068 ], [ -0.244969277734795, 44.875868279521839 ], [ -0.242905761945389, 44.876410679465486 ], [ -0.241400011022138, 44.876670927848274 ], [ -0.23995705333922, 44.876965366466933 ], [ -0.239019610710766, 44.877213496570896 ], [ -0.237526925737748, 44.877788694757271 ], [ -0.236544226887664, 44.878439112339578 ], [ -0.235806084580657, 44.879177006967346 ], [ -0.23546667173242, 44.88003843937409 ], [ -0.235430799021044, 44.88062519930881 ], [ -0.235659752356612, 44.881474569796097 ], [ -0.236202708226122, 44.882274236714032 ], [ -0.236732381877227, 44.882799453338905 ], [ -0.239846654583149, 44.884447728113535 ], [ -0.240634914473666, 44.885059996545195 ], [ -0.241434727716933, 44.885937748116547 ], [ -0.242110028573839, 44.887139023264744 ], [ -0.242339109542767, 44.887988381713946 ], [ -0.242207896817995, 44.889249254600777 ], [ -0.241317376234338, 44.89053229907703 ], [ -0.240161657254292, 44.891548239049456 ], [ -0.238742727532025, 44.892616899945281 ], [ -0.23713744597281, 44.893510754380429 ], [ -0.236072897062988, 44.893758052892302 ], [ -0.233496634466365, 44.894171026822754 ], [ -0.231295350695256, 44.894491928248691 ], [ -0.229847161524475, 44.894660220477292 ], [ -0.228068239264675, 44.89452272511727 ], [ -0.224712467943866, 44.894498593683863 ], [ -0.220905497576535, 44.894586571748199 ], [ -0.220151038041913, 44.894694060123051 ], [ -0.218953610471025, 44.894814386818332 ], [ -0.217254573793822, 44.895030335165536 ], [ -0.215355062187085, 44.895022284113708 ], [ -0.213954584320053, 44.894873603131749 ], [ -0.212800987045269, 44.894542048034857 ], [ -0.21170553316066, 44.894118690301127 ], [ -0.211055672288832, 44.893772545062951 ], [ -0.210410967830359, 44.893516356286071 ], [ -0.209817903014539, 44.892988343857112 ], [ -0.209225899673022, 44.89250084704458 ], [ -0.208825304973196, 44.892057375395822 ], [ -0.207915637361798, 44.891268177343633 ], [ -0.206430331748094, 44.889234076221584 ], [ -0.205124634147505, 44.886969502569428 ], [ -0.203839665640856, 44.885154862708347 ], [ -0.203091116337115, 44.883721211620667 ], [ -0.202891377966337, 44.882109528167348 ], [ -0.202909544237065, 44.881117811439566 ], [ -0.203582638304783, 44.879210616529853 ], [ -0.20452037651714, 44.877300282571305 ], [ -0.205281134625741, 44.875931195829367 ], [ -0.207737755290498, 44.87263884868949 ], [ -0.209053710444997, 44.870942811778683 ], [ -0.209937453851133, 44.869534090569566 ], [ -0.210475976963263, 44.86884720549088 ], [ -0.211915678142056, 44.866836677690408 ], [ -0.212855513366755, 44.865237079968438 ], [ -0.21473657098828, 44.861821558108495 ], [ -0.214964953399727, 44.861274291017587 ], [ -0.216039127893688, 44.859855493755255 ], [ -0.216152676900349, 44.8595818774196 ], [ -0.216691028566352, 44.858894964384071 ], [ -0.217705474174271, 44.857297664255405 ], [ -0.218004832036633, 44.856928548812533 ], [ -0.218632297930777, 44.855432570683519 ], [ -0.218528864914292, 44.854534487395043 ], [ -0.218242252589982, 44.853821934601214 ], [ -0.217706297371638, 44.85315716193039 ], [ -0.216721255382957, 44.852370246395068 ], [ -0.215622190835889, 44.85184794164455 ], [ -0.213246854574157, 44.851092274388485 ], [ -0.212545855822692, 44.850972907774064 ], [ -0.209718917819706, 44.850004974063353 ], [ -0.208939992117991, 44.8495634518614 ], [ -0.208233880719353, 44.849354099039715 ], [ -0.207531364980341, 44.848919368703612 ], [ -0.205555302281505, 44.847210375455468 ], [ -0.204084119558902, 44.845446221768469 ], [ -0.203543278862211, 44.844691423406566 ], [ -0.203076985864404, 44.844155233473479 ], [ -0.202002058406734, 44.842785098319268 ], [ -0.201142561967952, 44.841949381137212 ], [ -0.200551217696168, 44.841196028623095 ], [ -0.198316307553221, 44.839314179329151 ], [ -0.196811134600337, 44.838213211891002 ], [ -0.195100170310411, 44.83672168464831 ], [ -0.192616614751759, 44.834937002838601 ], [ -0.191513258252501, 44.834329000992916 ], [ -0.189778549986294, 44.833730137751651 ], [ -0.188179764300088, 44.833316564757943 ], [ -0.187217243830027, 44.833024351546946 ], [ -0.185948881200428, 44.832921128729993 ], [ -0.184562804997695, 44.833042031643174 ], [ -0.183248869830798, 44.833341058775829 ], [ -0.182384070167269, 44.833811901219796 ], [ -0.182204391468991, 44.834037816506147 ], [ -0.181657161657802, 44.834504046245257 ], [ -0.181054891002374, 44.835183600950558 ], [ -0.180148254805674, 44.836101649690619 ], [ -0.177987296204502, 44.837546713769676 ], [ -0.176692345470524, 44.838295645494306 ], [ -0.174945901285897, 44.838832220747939 ], [ -0.17306636891516, 44.839232910872781 ], [ -0.170706470194172, 44.840187935029505 ], [ -0.169715520004301, 44.840648763774105 ], [ -0.167524915326388, 44.841463721271303 ], [ -0.164329982837442, 44.842122571586494 ], [ -0.16208486134509, 44.842848867922541 ], [ -0.158713272552333, 44.843814440950304 ], [ -0.156512271562736, 44.844088838634363 ], [ -0.153592761636598, 44.844153852248979 ], [ -0.152069789678219, 44.844052968976683 ], [ -0.151173782721703, 44.843794594259997 ], [ -0.14961955680994, 44.842978231921805 ], [ -0.148778520155056, 44.842276764458703 ], [ -0.147978002707248, 44.841348879668232 ], [ -0.147357099523514, 44.840190632282535 ], [ -0.147189092345598, 44.839249300363605 ], [ -0.147218556713558, 44.838487080308838 ], [ -0.147634637450752, 44.83788959386154 ], [ -0.148353444420833, 44.836977157762064 ], [ -0.149408265527792, 44.836230880272865 ], [ -0.150405105848782, 44.835896215294291 ], [ -0.154301788852851, 44.835357469442187 ], [ -0.155799758078992, 44.834927407655705 ], [ -0.157088587526109, 44.834043743123047 ], [ -0.157508324326394, 44.833536217471462 ], [ -0.157790497134769, 44.832766797302178 ], [ -0.157922201739051, 44.831190716740586 ], [ -0.15760739088165, 44.829803054933095 ], [ -0.156495421307666, 44.827568574413277 ], [ -0.155743029425728, 44.826278964064564 ], [ -0.154828856596914, 44.825354370991889 ], [ -0.153658097099995, 44.824617277743393 ], [ -0.152432999661244, 44.824061926748932 ], [ -0.151733727461354, 44.823987193571405 ], [ -0.150636829179726, 44.823504768765666 ], [ -0.149545750923836, 44.823125788326976 ], [ -0.146898310974063, 44.821880923854181 ], [ -0.145071571103506, 44.820617230884999 ], [ -0.14445690600206, 44.819994924821707 ], [ -0.143459739031832, 44.818486926640944 ], [ -0.142714053519268, 44.817332209310528 ], [ -0.141653676862077, 44.816231457099754 ], [ -0.140559112968135, 44.815492079165338 ], [ -0.139268385454754, 44.814888895799356 ], [ -0.137151917837946, 44.814209951521974 ], [ -0.135878799054919, 44.814011697735147 ], [ -0.134806785812726, 44.814082558934942 ], [ -0.134059507234575, 44.814324437600526 ], [ -0.133559864812514, 44.814739519234521 ], [ -0.133157324897819, 44.81564742266098 ], [ -0.132772293235644, 44.816960294753841 ], [ -0.132121953217741, 44.817965298466618 ], [ -0.131302782106283, 44.819961697262912 ], [ -0.13096747355692, 44.82073704385062 ], [ -0.130235087614246, 44.821338887132107 ], [ -0.129009329272224, 44.822220452679097 ], [ -0.126650386118908, 44.823215053082826 ], [ -0.125779047461143, 44.823505421710834 ], [ -0.125340364953468, 44.823607889285128 ], [ -0.12276001856432, 44.823878808534488 ], [ -0.121743532625161, 44.823767768263735 ], [ -0.120034057676234, 44.823716764771078 ], [ -0.117422893716668, 44.823546922252106 ], [ -0.114613374955109, 44.822927571474217 ], [ -0.113660125383564, 44.822814681992298 ], [ -0.112269194399194, 44.822799666575179 ], [ -0.111693905496899, 44.822676152015923 ], [ -0.108473345639145, 44.822748455299944 ], [ -0.106899734840361, 44.822909687693418 ], [ -0.103663936829179, 44.824104050155739 ], [ -0.102923802792875, 44.824525716821896 ], [ -0.100812453844014, 44.825382176926055 ], [ -0.099751007742984, 44.825993009395184 ], [ -0.097786941667048, 44.827340853933656 ], [ -0.096674114137392, 44.827939575303652 ], [ -0.095018821607017, 44.829103046970936 ], [ -0.093473557276925, 44.829943561701739 ], [ -0.091350429939745, 44.83084521304194 ], [ -0.088109199961724, 44.831908606888774 ], [ -0.087611867832769, 44.8320981514454 ], [ -0.086672030420179, 44.8323000094937 ], [ -0.085368133359292, 44.832858878827963 ], [ -0.083948094974283, 44.833655225777491 ], [ -0.082130945488211, 44.834322931844426 ], [ -0.08069487586151, 44.834759274663483 ], [ -0.079823120820225, 44.835049283438948 ], [ -0.079133612153805, 44.835199073868637 ], [ -0.078447767226194, 44.835438859660698 ], [ -0.077382668138109, 44.835644113247028 ], [ -0.076325842780123, 44.836069875240291 ], [ -0.075829879899467, 44.836308882884389 ], [ -0.073901919467535, 44.837060613584633 ], [ -0.073224612252292, 44.837480331898128 ], [ -0.071531194402019, 44.838099379521125 ], [ -0.071035193209047, 44.838338365895666 ], [ -0.067495107274559, 44.839810360871645 ], [ -0.065191705536213, 44.840671427196256 ], [ -0.061633736195956, 44.841774308598325 ], [ -0.060319666898456, 44.84238721361546 ], [ -0.05802797474975, 44.843513600229905 ], [ -0.0566802236772, 44.844532842009926 ], [ -0.054527230866664, 44.845930138103235 ], [ -0.052789765031536, 44.847005109667201 ], [ -0.050267313891384, 44.848669271139869 ], [ -0.049954521458478, 44.848763466003426 ], [ -0.04853602163396, 44.849604346965464 ], [ -0.047605430710753, 44.850030860510955 ], [ -0.04612724361779, 44.850963449142519 ], [ -0.044995811252481, 44.851120647524539 ], [ -0.044609795160627, 44.851266391582897 ], [ -0.043349439069484, 44.851382060488966 ], [ -0.041657335650848, 44.851734802619092 ], [ -0.040595841724992, 44.852061228537991 ], [ -0.03979162731272, 44.852484210792944 ], [ -0.039102968309949, 44.852678771363173 ], [ -0.038598321053438, 44.85269259296269 ], [ -0.038475204039175, 44.852781559778599 ], [ -0.037974159405937, 44.852885380000366 ], [ -0.037213875832148, 44.852856639370621 ], [ -0.037020312546864, 44.852767332651517 ], [ -0.036200392768672, 44.852830317557896 ], [ -0.03581735695573, 44.852750698487029 ], [ -0.034937821216998, 44.852794850863141 ], [ -0.03483075429692, 44.852637901033717 ], [ -0.034209540087704, 44.852109918891884 ], [ -0.034107191796954, 44.851462807750003 ], [ -0.034500690932877, 44.851520811621469 ], [ -0.037532112343666, 44.851410830864232 ], [ -0.039860453498123, 44.851135327132312 ], [ -0.042747085206136, 44.850317377730924 ], [ -0.044491532961884, 44.849692880393569 ], [ -0.045045171898137, 44.84932179019831 ], [ -0.047042744363104, 44.848694808774077 ], [ -0.048030489550117, 44.848131578740741 ], [ -0.048716619245149, 44.847891979959734 ], [ -0.050192238750237, 44.846914374707566 ], [ -0.050742188884227, 44.846453255539338 ], [ -0.051558880715295, 44.846029846929014 ], [ -0.053092292177511, 44.844928975522471 ], [ -0.053634697912886, 44.84428334255086 ], [ -0.054555686040651, 44.843636293283623 ], [ -0.056477559907014, 44.842740917061008 ], [ -0.057094277977526, 44.842368025526817 ], [ -0.058397941900861, 44.841795991864736 ], [ -0.059642704162328, 44.841049870407723 ], [ -0.060893063487732, 44.840709033404423 ], [ -0.063054248369459, 44.839491581826856 ], [ -0.065545582574087, 44.838593830841717 ], [ -0.067399991947126, 44.837605515785768 ], [ -0.067700477561714, 44.837241306920887 ], [ -0.068327246973833, 44.836823021417437 ], [ -0.069327987267021, 44.836574586584348 ], [ -0.070448094556948, 44.836147141160289 ], [ -0.071574055595071, 44.83585016855718 ], [ -0.073443152017494, 44.835226251075916 ], [ -0.074489952304554, 44.834571036569244 ], [ -0.076967426143204, 44.833358049158413 ], [ -0.078143671686306, 44.832478459052162 ], [ -0.080003794237598, 44.83162491714441 ], [ -0.081564951822769, 44.831185106214022 ], [ -0.082745602405577, 44.830710798926376 ], [ -0.083362014081946, 44.830337762922184 ], [ -0.084602166674988, 44.829771679311989 ], [ -0.085356012703119, 44.829665113886897 ], [ -0.089900478937675, 44.829484535201161 ], [ -0.090789688819225, 44.829284059292654 ], [ -0.091836423745988, 44.828633180643465 ], [ -0.093058966977987, 44.827657526898115 ], [ -0.093676490243071, 44.827329451061892 ], [ -0.094902914212242, 44.826448274467907 ], [ -0.095083886285891, 44.826263020109302 ], [ -0.096002886301529, 44.825570613792053 ], [ -0.097426246663701, 44.824864113412879 ], [ -0.097983272299712, 44.824312447144841 ], [ -0.099290545625376, 44.823843429769845 ], [ -0.100460757269878, 44.823139458191257 ], [ -0.100520259138528, 44.823047692521719 ], [ -0.101705546635592, 44.822663147975902 ], [ -0.103255166501857, 44.821953037793229 ], [ -0.104502350101547, 44.821566730163894 ], [ -0.107591506062351, 44.82136306950261 ], [ -0.110429782568437, 44.820950113802226 ], [ -0.112142885073226, 44.821091263316326 ], [ -0.114622109416901, 44.821395581069694 ], [ -0.116787848067031, 44.821753707161605 ], [ -0.118758029079391, 44.821986642835178 ], [ -0.121098455624446, 44.822024412780863 ], [ -0.122245299528136, 44.822226395830242 ], [ -0.123261758578806, 44.822337431447423 ], [ -0.124269727888448, 44.822272996030108 ], [ -0.125208023758094, 44.822025803591096 ], [ -0.126322658912703, 44.821512332428135 ], [ -0.126812278835025, 44.821142619858989 ], [ -0.127234947391666, 44.820684689981796 ], [ -0.127667353717119, 44.820447236512869 ], [ -0.128217649976508, 44.820030754305321 ], [ -0.128317778484941, 44.819987383091565 ], [ -0.129343365287662, 44.819467381877274 ], [ -0.13052903321503, 44.817685910972052 ], [ -0.13062791404197, 44.817052396606492 ], [ -0.131038005626873, 44.816324496555147 ], [ -0.131126870161491, 44.81546600664921 ], [ -0.132149222862573, 44.814004489972795 ], [ -0.132815792435864, 44.8133594403551 ], [ -0.133186423052868, 44.813173265981312 ], [ -0.1348223751244, 44.813000878500937 ], [ -0.136151142087831, 44.813017362835446 ], [ -0.137105518661821, 44.813175075095671 ], [ -0.137547858882745, 44.813162558358236 ], [ -0.137608538064569, 44.813115789493899 ], [ -0.138177511697127, 44.813104191703417 ], [ -0.139011041864614, 44.813364422019255 ], [ -0.139525603656632, 44.813579616649953 ], [ -0.140741562548787, 44.813910098030782 ], [ -0.141908413506141, 44.814561826099165 ], [ -0.142958708136433, 44.815437600959889 ], [ -0.14347305231626, 44.815648279375814 ], [ -0.143672944548284, 44.815872376695296 ], [ -0.143811909451374, 44.8161387479567 ], [ -0.144276900933042, 44.816666185668886 ], [ -0.144491576789893, 44.817516084345911 ], [ -0.145678931698965, 44.818622220343897 ], [ -0.145884402937886, 44.818855166574707 ], [ -0.146543541545297, 44.819593337808307 ], [ -0.147173179762994, 44.819985442429818 ], [ -0.149720663239568, 44.821368292783632 ], [ -0.151380766841727, 44.821735605737373 ], [ -0.152478645067199, 44.822258541212776 ], [ -0.155020031788539, 44.823956816749579 ], [ -0.155548649468746, 44.824486908411501 ], [ -0.15620469679973, 44.825008865974382 ], [ -0.156471416436223, 44.825316640728779 ], [ -0.157065794089905, 44.825889906739924 ], [ -0.158697340687311, 44.828740316416294 ], [ -0.158723908056752, 44.829325241294363 ], [ -0.159198258629868, 44.830037074349697 ], [ -0.159458756859047, 44.831606490072623 ], [ -0.159493953768691, 44.832682241964122 ], [ -0.15922218157862, 44.833681138652338 ], [ -0.158192578234732, 44.834692605547701 ], [ -0.157211232786652, 44.835391826338558 ], [ -0.155724888455065, 44.836096396474495 ], [ -0.153354220608646, 44.836817079812839 ], [ -0.152728104320584, 44.83696553025819 ], [ -0.152417065966274, 44.837064475540906 ], [ -0.151777040516154, 44.837168263403633 ], [ -0.149782307138007, 44.837842143343579 ], [ -0.149228215310186, 44.838168737597812 ], [ -0.148685709674617, 44.838769819328427 ], [ -0.148581704191883, 44.839263842189105 ], [ -0.148668870014917, 44.839801996178132 ], [ -0.14915326641071, 44.840738850260685 ], [ -0.149814485076301, 44.841395862504044 ], [ -0.150529104570472, 44.84183059781968 ], [ -0.151299389714766, 44.842083537742219 ], [ -0.152759588431626, 44.842195224593297 ], [ -0.155406887265533, 44.841998310688545 ], [ -0.157731727955568, 44.841675355107675 ], [ -0.159541900222164, 44.841141747552641 ], [ -0.160714502025681, 44.840486615242583 ], [ -0.162390815038201, 44.839781068278207 ], [ -0.163346952865431, 44.839668204849623 ], [ -0.166000693211758, 44.839610513788784 ], [ -0.168446728284562, 44.839148711788802 ], [ -0.171251189459818, 44.838239595219626 ], [ -0.175003566986352, 44.837298770360064 ], [ -0.176620984926412, 44.836720835472264 ], [ -0.177738896039066, 44.835976976298099 ], [ -0.179439547309383, 44.834409953504561 ], [ -0.181205628695505, 44.832926626726355 ], [ -0.182571784713278, 44.83236481782253 ], [ -0.184901292434502, 44.83186543732679 ], [ -0.185272881549449, 44.831674553539024 ], [ -0.185590222458744, 44.831710492055521 ], [ -0.185786500663702, 44.831844518740475 ], [ -0.187563334839544, 44.83198268840605 ], [ -0.188000960248669, 44.831884508874808 ], [ -0.18839175533485, 44.832143593786718 ], [ -0.189798293105258, 44.83247258560921 ], [ -0.191852872137544, 44.833152348599278 ], [ -0.192500649308553, 44.833498635849153 ], [ -0.19359607032376, 44.83396719080568 ], [ -0.193650492612031, 44.834055730352674 ], [ -0.195014430174647, 44.834836418621478 ], [ -0.197374186794369, 44.836669671026314 ], [ -0.198036689863553, 44.837339888863752 ], [ -0.200509190609121, 44.838858961917545 ], [ -0.201431849581609, 44.83969285854203 ], [ -0.203266910823247, 44.841090606226388 ], [ -0.20471938522575, 44.842729154366481 ], [ -0.207074596233597, 44.845823861089194 ], [ -0.208525492167789, 44.847142532031043 ], [ -0.209830347547946, 44.848010367826305 ], [ -0.211507671509398, 44.848745762338481 ], [ -0.213305789900433, 44.849333461539374 ], [ -0.214394178420434, 44.849626320596961 ], [ -0.214716790642499, 44.849752134817692 ], [ -0.216384623963974, 44.8502534532441 ], [ -0.217097293529173, 44.850642781672938 ], [ -0.218665462386529, 44.852011996872562 ], [ -0.219811997138564, 44.853560130318002 ], [ -0.220167074325523, 44.854405855101497 ], [ -0.220267902056711, 44.855213904730668 ], [ -0.21999294819862, 44.856118463923835 ], [ -0.219528271031289, 44.857028527730954 ], [ -0.21930025109343, 44.857846120210247 ], [ -0.21854371528735, 44.859300792704992 ], [ -0.21824434832188, 44.859669909882157 ], [ -0.217188376968862, 44.861493690577667 ], [ -0.216620416975103, 44.862902332382191 ], [ -0.216079733929096, 44.863814583672571 ], [ -0.215451052076487, 44.865270033101993 ], [ -0.214576858324916, 44.86690830236342 ], [ -0.213922252618462, 44.867823842110973 ], [ -0.21154782337988, 44.871523953016201 ], [ -0.210827285103762, 44.872396326470863 ], [ -0.208853956858593, 44.875183684497493 ], [ -0.207708292315243, 44.876424254535223 ], [ -0.206036554085667, 44.878617136365584 ], [ -0.205129896432018, 44.879850773754285 ], [ -0.204616968739204, 44.881077542241258 ], [ -0.204669845131667, 44.882247426158159 ], [ -0.205518591604111, 44.884214319396229 ], [ -0.206448755981665, 44.88545348243202 ], [ -0.207542691656413, 44.887228560226831 ], [ -0.208827827343445, 44.889043158421998 ], [ -0.209645556019144, 44.890330605166525 ], [ -0.210784107436197, 44.891707889665945 ], [ -0.211177998937122, 44.892011879364006 ], [ -0.211448170825935, 44.892369006591878 ], [ -0.212732428366664, 44.893057229870962 ], [ -0.214207803410012, 44.89347408430941 ], [ -0.215670260950687, 44.893620965927532 ], [ -0.217579801116559, 44.893583664865268 ], [ -0.222047025510035, 44.892985542346224 ], [ -0.222990233491553, 44.892832011894406 ], [ -0.225007899190424, 44.892647267723419 ], [ -0.2270948371557, 44.892609154271703 ], [ -0.229755993025858, 44.892680452524289 ], [ -0.232791837498026, 44.892610117977014 ], [ -0.234680573617206, 44.892388401503865 ], [ -0.236121360729086, 44.892049050523795 ], [ -0.237744528822236, 44.891289854259192 ], [ -0.238608483934494, 44.890818608753527 ], [ -0.239460896757297, 44.890081867411624 ], [ -0.240239294912819, 44.889117497893665 ], [ -0.240524543681716, 44.888437849697361 ], [ -0.240481373413221, 44.887492951215435 ], [ -0.240006838997559, 44.886826469144225 ], [ -0.238632086176363, 44.885825811416431 ], [ -0.237074260572189, 44.884726850495248 ], [ -0.236481037858226, 44.884198981892986 ], [ -0.235041879759251, 44.883200162055466 ], [ -0.233970609710827, 44.881920278286238 ], [ -0.233748191808875, 44.881205879249578 ], [ -0.233761893379332, 44.880124162205462 ], [ -0.234216098378135, 44.878989061629163 ], [ -0.234705133554857, 44.87834854788958 ], [ -0.23512868041403, 44.877935215112778 ], [ -0.236109798599524, 44.877235296056007 ], [ -0.236531997552783, 44.87677694190419 ], [ -0.237702919960043, 44.876116527952377 ], [ -0.23925648019657, 44.875499000246521 ], [ -0.240009313277315, 44.875346366667621 ], [ -0.240636699076334, 44.875237940222107 ], [ -0.242700713526374, 44.874704578461248 ], [ -0.244517256598706, 44.874034235740012 ], [ -0.245194987807838, 44.873613431061202 ], [ -0.247305944451776, 44.872754211512515 ], [ -0.249928077442645, 44.871970092767185 ], [ -0.251319441461634, 44.871947362450157 ], [ -0.25322320902418, 44.872085311223586 ], [ -0.255075250886567, 44.872445515678749 ], [ -0.256744118417457, 44.872946231277496 ], [ -0.258174479698039, 44.873769312492868 ], [ -0.259337625328168, 44.87428934189051 ], [ -0.26005612394419, 44.874768354860585 ], [ -0.261134429066119, 44.87618295729461 ], [ -0.261554880281944, 44.877071712866787 ], [ -0.261719604645954, 44.877877871648344 ], [ -0.261859873022114, 44.878459471521538 ], [ -0.261657930633716, 44.87954223340963 ], [ -0.261075134967499, 44.88063618494472 ], [ -0.261046106873554, 44.881357926679883 ], [ -0.261349257763624, 44.88243035392663 ], [ -0.261586538892445, 44.883459660878934 ], [ -0.261405158075763, 44.885267214678755 ], [ -0.26129944393591, 44.885716371206179 ], [ -0.261201917029599, 44.886350015228793 ], [ -0.261029226837501, 44.886715533387637 ], [ -0.260775856760612, 44.888070139714401 ], [ -0.260146796815813, 44.889525890302068 ], [ -0.259358432096604, 44.890531251985749 ], [ -0.258936577400168, 44.890994192769803 ], [ -0.258519679799932, 44.891542592046498 ], [ -0.25577374529742, 44.893767799514521 ], [ -0.254230845957682, 44.894880851309168 ], [ -0.251082536056156, 44.896622116887031 ], [ -0.249308965059102, 44.897958116694213 ], [ -0.248587335092951, 44.898785725966718 ], [ -0.248232737999591, 44.899602593643223 ], [ -0.248084850324062, 44.900508030213693 ], [ -0.248254733171513, 44.901449226934446 ], [ -0.248615007718752, 44.902393865046434 ], [ -0.249771291302803, 44.904121705085359 ], [ -0.250338017440452, 44.905411731690329 ], [ -0.250543945124068, 44.905770654834676 ], [ -0.251207313211508, 44.908049075167192 ], [ -0.251328431837517, 44.909307089224725 ], [ -0.251130394557058, 44.912146892910755 ], [ -0.251222088102619, 44.914122157166929 ], [ -0.251574071681459, 44.914877801502989 ], [ -0.252244705745568, 44.915682687571234 ], [ -0.253094234154291, 44.916248040381014 ], [ -0.254958255737447, 44.916833223095068 ], [ -0.256425386905864, 44.917069565110481 ], [ -0.257631390636995, 44.917133323242162 ], [ -0.258779059151235, 44.917284386345415 ], [ -0.261244102314993, 44.917189507007137 ], [ -0.262819387425445, 44.917017085092318 ], [ -0.266918743978231, 44.916653281625663 ], [ -0.268754335200444, 44.916617297758584 ], [ -0.271931340421996, 44.916857169450061 ], [ -0.27320591231859, 44.917008851697275 ], [ -0.276130004865362, 44.91726056326759 ], [ -0.277912657887624, 44.917446766664362 ], [ -0.280135822805204, 44.917574876929848 ], [ -0.282552305655028, 44.917517003600594 ], [ -0.283870052627464, 44.917257273757798 ], [ -0.284992028008669, 44.916881665420853 ], [ -0.28579531298925, 44.916456900231218 ], [ -0.28669751144643, 44.915447971152929 ], [ -0.28768603793691, 44.913575896686169 ], [ -0.2881334098591, 44.912035232383452 ], [ -0.28831227599196, 44.910457460315662 ], [ -0.288191697112206, 44.90924450225463 ], [ -0.287808562982949, 44.907814035420373 ], [ -0.286925974819946, 44.906299228658433 ], [ -0.285657573473935, 44.904885946271115 ], [ -0.285260553614284, 44.904537241082203 ], [ -0.284252387307612, 44.9033009775792 ], [ -0.28331681859852, 44.902242785630854 ], [ -0.282922464687484, 44.901939050892871 ], [ -0.282192794006016, 44.901235214294495 ], [ -0.280853854244545, 44.899413959052829 ], [ -0.280101637406516, 44.898215158422488 ], [ -0.279882562251844, 44.897590842731837 ], [ -0.279612192850163, 44.897238379354732 ], [ -0.279518324400176, 44.896565308734651 ], [ -0.279315236049145, 44.896300970024214 ], [ -0.279462608812579, 44.895395493132078 ], [ -0.279300207652472, 44.894634334785046 ], [ -0.279285598217814, 44.894319373049051 ], [ -0.279760232833538, 44.893634015863874 ], [ -0.280117866941187, 44.892812439120313 ], [ -0.280595307742244, 44.892262163633653 ], [ -0.280905323552043, 44.892122339486683 ], [ -0.28102261750206, 44.891938648383601 ], [ -0.281631753808426, 44.891429532132655 ], [ -0.282166977839156, 44.890697316506532 ], [ -0.283021185969985, 44.890000721574438 ], [ -0.283331183246688, 44.889860890755862 ], [ -0.283948395347652, 44.889360533241756 ], [ -0.284306642212107, 44.889070586730391 ], [ -0.285426155802333, 44.888640965854265 ], [ -0.286378873070651, 44.888437046824237 ], [ -0.28751464593785, 44.888371878713514 ], [ -0.288391689540348, 44.888174688675548 ], [ -0.290223170166134, 44.888084376665276 ], [ -0.29281553089287, 44.888021029862912 ], [ -0.293947007418331, 44.887861304443241 ], [ -0.296285423712831, 44.887769365828355 ], [ -0.296599131908502, 44.887714993883833 ], [ -0.29780190647563, 44.887733337496478 ], [ -0.298122280250896, 44.887813932781533 ], [ -0.300104580434166, 44.888219104170375 ], [ -0.301258562719617, 44.888549751816257 ], [ -0.303192911938325, 44.889280703596611 ], [ -0.30522068108692, 44.890671176080197 ], [ -0.305551802925756, 44.890976714595354 ], [ -0.306468804982996, 44.891629764344273 ], [ -0.307852327471879, 44.89303487436915 ], [ -0.308529669858612, 44.893965390786775 ], [ -0.31067664911488, 44.896532714185433 ], [ -0.310951254445175, 44.896975095187699 ], [ -0.313617358872191, 44.900063068822547 ], [ -0.315062944149288, 44.902511577683839 ], [ -0.315535652339982, 44.903065184230549 ], [ -0.315616604918721, 44.903490810136695 ], [ -0.316163306427051, 44.904330571226403 ], [ -0.316927144614919, 44.90575409430496 ], [ -0.318809597241522, 44.9083156783446 ], [ -0.319376953074887, 44.909609889586747 ], [ -0.320034787783714, 44.911446588693096 ], [ -0.320317660618771, 44.912068935400683 ], [ -0.320504569541333, 44.914947022401989 ], [ -0.320617470572987, 44.915975462611513 ], [ -0.32053681983272, 44.918275805130371 ], [ -0.320359612641237, 44.918817286908798 ], [ -0.320479510030586, 44.919985197763118 ], [ -0.320330071128354, 44.920845757868769 ], [ -0.320413429037975, 44.922596004170508 ], [ -0.320327291858788, 44.92345467247241 ], [ -0.32044520058801, 44.926195154486045 ], [ -0.320825230186195, 44.927535522833161 ], [ -0.321309195280356, 44.928381655221827 ], [ -0.321775919317644, 44.928872346112755 ], [ -0.322561632134979, 44.929394047297514 ], [ -0.324498268246373, 44.930156159634912 ], [ -0.325652121927694, 44.930446040052779 ], [ -0.326928283632103, 44.93063762477238 ], [ -0.332318438442249, 44.930741916090412 ], [ -0.335750052728017, 44.930976864808123 ], [ -0.337019494970217, 44.931033362676082 ], [ -0.337711436569134, 44.930935977369778 ], [ -0.341260115451589, 44.930941949059594 ], [ -0.343234519445277, 44.931161910041432 ], [ -0.346622525484558, 44.931812373987434 ], [ -0.352406720916569, 44.933516917714854 ], [ -0.3550923670509, 44.934044135545093 ], [ -0.356824586464836, 44.934496466680073 ], [ -0.358306243027121, 44.935001404549759 ], [ -0.360923136120787, 44.935395387671299 ], [ -0.362133780797581, 44.935548004595482 ], [ -0.364068440048128, 44.935502959148309 ], [ -0.365301119040036, 44.935515192426138 ], [ -0.370299357118221, 44.935399728589211 ], [ -0.371749440877369, 44.935229565106084 ], [ -0.373269864421849, 44.935237482774809 ], [ -0.375741818247995, 44.935266036880314 ], [ -0.376497065746261, 44.935166486030532 ], [ -0.37769943956542, 44.935138949505792 ], [ -0.379105510286547, 44.935375559540439 ], [ -0.380124523100287, 44.935484245209061 ], [ -0.381532059649999, 44.935765839761494 ], [ -0.382358405425453, 44.935835310022632 ], [ -0.385901056878862, 44.937016097976056 ], [ -0.387330776009188, 44.937747538996128 ], [ -0.388559224817622, 44.938255298507727 ], [ -0.389732718662802, 44.938944959616101 ], [ -0.39076733609041, 44.939372996674166 ], [ -0.392527882492794, 44.940369141832129 ], [ -0.394825842586257, 44.94202473705068 ], [ -0.395149390318671, 44.942150030130861 ], [ -0.396440037100846, 44.942885612120094 ], [ -0.397542021806442, 44.94339714462874 ], [ -0.398909270639021, 44.944139369780714 ], [ -0.400271545944545, 44.944778094071189 ], [ -0.400596857123522, 44.944952884073032 ], [ -0.402530895396627, 44.945623648722695 ], [ -0.403171612305479, 44.945788773330733 ], [ -0.404321722897858, 44.945983349472648 ], [ -0.405027594798189, 44.946155479550491 ], [ -0.406551053085282, 44.946207918250231 ], [ -0.4081225001413, 44.945943444356189 ], [ -0.409620921753123, 44.945500948463497 ], [ -0.410795515474618, 44.944888131939862 ], [ -0.412585513333192, 44.943670622885918 ], [ -0.41313911070521, 44.943342704797281 ], [ -0.415094503659779, 44.941863229462257 ], [ -0.416083198038928, 44.941346187461875 ], [ -0.416935246468222, 44.940648591926013 ], [ -0.417674546112161, 44.940224818470377 ], [ -0.419333651246, 44.938925605192111 ], [ -0.419952955583635, 44.938636182963343 ], [ -0.420374113104746, 44.938177122497912 ], [ -0.422366405709778, 44.937453385964098 ], [ -0.423480881039478, 44.936941411841552 ], [ -0.424787221953385, 44.936455053928221 ], [ -0.425095640120427, 44.936269811115103 ], [ -0.428543614297453, 44.935284783537512 ], [ -0.43209668187211, 44.934111651208312 ], [ -0.434113207810337, 44.933891624563508 ], [ -0.435301519996288, 44.933593534951285 ], [ -0.437319945327079, 44.933404932857343 ], [ -0.437704372767944, 44.93348766499053 ], [ -0.438838835254677, 44.933366939350215 ], [ -0.440810278723593, 44.933508670200901 ], [ -0.442025080461949, 44.93374590890943 ], [ -0.443107778737071, 44.933856552919615 ], [ -0.444388678858094, 44.934136778532782 ], [ -0.445491205226926, 44.934652331881864 ], [ -0.44667085460695, 44.935431341150569 ], [ -0.447256564112805, 44.935733100611557 ], [ -0.448562187813428, 44.936517194851142 ], [ -0.449017009459809, 44.936732886707169 ], [ -0.449950505731296, 44.937654688529427 ], [ -0.451513515595269, 44.939773575770815 ], [ -0.45262069672202, 44.941906611295039 ], [ -0.453818259379614, 44.943054498512879 ], [ -0.454259136087086, 44.944257443411452 ], [ -0.454810093670413, 44.945146043143318 ], [ -0.455990786102449, 44.948714222780225 ], [ -0.456482762027869, 44.949694774407639 ], [ -0.457343578575017, 44.951695753552464 ], [ -0.4587051290269, 44.953829848797206 ], [ -0.461411654646815, 44.957228832729989 ], [ -0.462214644267961, 44.958330358402577 ], [ -0.463220648697141, 44.959430060071163 ], [ -0.463632878978438, 44.960061594591302 ], [ -0.464354220079979, 44.96053929659525 ], [ -0.465160124582158, 44.96146046801352 ], [ -0.466349486498772, 44.962423750705852 ], [ -0.46723145087884, 44.963567845953243 ], [ -0.467496513345847, 44.963789392085985 ], [ -0.468959325537075, 44.965415539831248 ], [ -0.469691213245518, 44.96608214191042 ], [ -0.471782898481262, 44.968594369953244 ], [ -0.473346334179869, 44.970938318516048 ], [ -0.473815985773346, 44.971468893172009 ], [ -0.474031675492225, 44.971957834681213 ], [ -0.474233166152802, 44.972176847785029 ], [ -0.475055409326586, 44.973417390627652 ], [ -0.475352291917264, 44.974273301144244 ], [ -0.475707673646469, 44.975028245953432 ], [ -0.47629632646103, 44.976902448555521 ], [ -0.477009553725241, 44.979719059558732 ], [ -0.477066684430203, 44.980843826925408 ], [ -0.477453901847614, 44.98249901788288 ], [ -0.477835528265434, 44.986272309295593 ], [ -0.477982347760147, 44.986673277545911 ], [ -0.478428690193117, 44.988236496101607 ], [ -0.478782877537258, 44.990217170703566 ], [ -0.478891999616669, 44.991115003770652 ], [ -0.479172089838598, 44.992904229517741 ], [ -0.479398079440004, 44.993618157356515 ], [ -0.479881633689618, 44.995901210720021 ], [ -0.480522575308202, 44.997282596314271 ], [ -0.481002153243685, 44.997988586681792 ], [ -0.481859560750364, 44.998642191531161 ], [ -0.482842237816909, 44.99924680528315 ], [ -0.483879239283538, 44.9996829779571 ], [ -0.485379552591281, 45.000154192599418 ], [ -0.487067512291499, 45.000272522413383 ], [ -0.488859039473433, 45.000319984116011 ], [ -0.491341628338068, 45.000489927347232 ], [ -0.492861032280046, 45.000451234779668 ], [ -0.493760280012065, 45.000652811533364 ], [ -0.495410816394289, 45.000700090776228 ], [ -0.496934300203668, 45.000706277392226 ], [ -0.500896000886053, 45.00128913767238 ], [ -0.501978293763001, 45.001349698571396 ], [ -0.504091594941463, 45.001747289729607 ], [ -0.505370269470223, 45.001941326725849 ], [ -0.509226646936675, 45.002928278465632 ], [ -0.511730880563188, 45.003764026999477 ], [ -0.513675057525212, 45.004581364175664 ], [ -0.516154434053018, 45.005908995032883 ], [ -0.519395554698355, 45.007266552764989 ], [ -0.521758018707937, 45.008791540415189 ], [ -0.52325034826111, 45.009429251927536 ], [ -0.525804440503677, 45.011250018782 ], [ -0.526137760500277, 45.011559406766267 ], [ -0.52713050863492, 45.012352602743981 ], [ -0.528052077844177, 45.013003843941767 ], [ -0.528251092412072, 45.013177787714234 ], [ -0.529771306601445, 45.014355301324656 ], [ -0.530238435996823, 45.01479111835868 ], [ -0.532018341342538, 45.016095555713036 ], [ -0.533073638155534, 45.017112039309204 ], [ -0.533923123388627, 45.01758527025298 ], [ -0.534650217127796, 45.018152511933387 ], [ -0.534983343008958, 45.018457376629932 ], [ -0.535576383225867, 45.018893679902028 ], [ -0.536048010460619, 45.019419461102238 ], [ -0.538149676765675, 45.02080371294052 ], [ -0.538797340347803, 45.021058006897263 ], [ -0.539982536954021, 45.021894550953 ], [ -0.541268780404343, 45.022218640871664 ], [ -0.541920899009887, 45.022562904609948 ], [ -0.543593946303365, 45.023014354264156 ], [ -0.54391386649572, 45.023049229307091 ], [ -0.544880236372553, 45.023338402559915 ], [ -0.54783765983926, 45.024082340498154 ], [ -0.551609458218743, 45.024840769355237 ], [ -0.552620279333095, 45.024767941832238 ], [ -0.553009660883639, 45.02493576739203 ], [ -0.557047241562614, 45.025694542088956 ], [ -0.561777087353379, 45.026345393520984 ], [ -0.564346157814009, 45.026912063311769 ], [ -0.565113233799911, 45.027022684035579 ], [ -0.565507417797212, 45.02728495032683 ], [ -0.567099515810989, 45.02737813138593 ], [ -0.567925842322781, 45.027401210074721 ], [ -0.569016954174159, 45.027650128598495 ], [ -0.570356994192014, 45.027796413063449 ], [ -0.572474649414348, 45.02823768159039 ], [ -0.573947008960474, 45.028465299344518 ], [ -0.576900607928129, 45.029118479600172 ], [ -0.577470408243544, 45.029104668707468 ], [ -0.577799349667724, 45.029319419579558 ], [ -0.578439931906455, 45.029438524029068 ], [ -0.579086270066143, 45.029647570514641 ], [ -0.580111869866828, 45.029844412073473 ], [ -0.58262874503625, 45.030642184917241 ], [ -0.585716205871078, 45.031417012537119 ], [ -0.588636964281488, 45.032643283546555 ], [ -0.589374387933443, 45.03339913697851 ], [ -0.590868142957949, 45.034035946015138 ], [ -0.591771519293037, 45.034326759638816 ], [ -0.59345193621801, 45.035137774454263 ], [ -0.594496995671607, 45.035694387157982 ], [ -0.595267430405339, 45.035854270191749 ], [ -0.598016985967697, 45.037455382425797 ], [ -0.598668006665442, 45.037754301641421 ], [ -0.601149597793705, 45.039080091475817 ], [ -0.603184895807941, 45.040343667325011 ], [ -0.603387137603685, 45.040562450349171 ], [ -0.604429499544784, 45.041073998282478 ], [ -0.605710318039643, 45.041537252604442 ], [ -0.606232640035357, 45.041790727255318 ], [ -0.606232640035731, 45.041790727255403 ], [ -0.627827518645873, 45.05664823352501 ], [ -0.633633800939459, 45.062521338741426 ], [ -0.633639805958154, 45.062527412080215 ], [ -0.630313061052259, 45.062239637746941 ], [ -0.625909244844644, 45.061858535918979 ], [ -0.624179882766637, 45.061708829655259 ], [ -0.622185755169815, 45.061576025810176 ] ] ] ] } },
{ "type": "Feature", "properties": { "fid": 9, "gid": 9, "id": 9, "cdmassedea": "FT33", "cdeumassed": "FRFT33", "nommassede": "Estuaire Fluvial Garonne Amont", "systemeref": "31", "cdeubassin": "FRF", "typemassed": "T6", "cdeussbass": "FRF_GARO", "cdcategori": "1.2.2", "cdnaturema": "1", "surfacetot": 10.150132766211136 }, "geometry": { "type": "MultiPolygon", "coordinates": [ [ [ [ -0.516445520038391, 44.777278653762195 ], [ -0.514640198158841, 44.777796274761016 ], [ -0.512993731921392, 44.778726157357355 ], [ -0.512857404057552, 44.778414757529234 ], [ -0.512532988655381, 44.778244802566292 ], [ -0.512215743224471, 44.778209799968607 ], [ -0.512390824960965, 44.777933888384808 ], [ -0.512370582653269, 44.777528988526818 ], [ -0.510777559553259, 44.776029412754347 ], [ -0.509572550732939, 44.774440924012595 ], [ -0.508737155028304, 44.772935345098894 ], [ -0.508507328347639, 44.772131544158228 ], [ -0.508294631351644, 44.771683174502613 ], [ -0.508199780565174, 44.77105533872718 ], [ -0.50832910554081, 44.76988419002803 ], [ -0.508277733711866, 44.768615126650467 ], [ -0.508796027209142, 44.766399786024721 ], [ -0.509176004009769, 44.765171131251911 ], [ -0.510260214136105, 44.760148647247426 ], [ -0.510330270223265, 44.75879913766417 ], [ -0.510209583460052, 44.757676467338122 ], [ -0.509781746581479, 44.756698711262075 ], [ -0.508545894470661, 44.754750735771701 ], [ -0.508211386643129, 44.75439634923805 ], [ -0.507938732780106, 44.753999448871966 ], [ -0.50733902096768, 44.753387608379349 ], [ -0.506870312637906, 44.752848218155073 ], [ -0.505493961595244, 44.751625619795334 ], [ -0.503331080910756, 44.750058404535928 ], [ -0.502798909282161, 44.749534525431798 ], [ -0.502273607939699, 44.749141099357473 ], [ -0.500944297000359, 44.747817833590062 ], [ -0.500535579939814, 44.747244982724077 ], [ -0.500183822820191, 44.746530646162931 ], [ -0.499002677022584, 44.745391927280437 ], [ -0.497657036483512, 44.74376274204036 ], [ -0.496992630818001, 44.743103333188728 ], [ -0.496570439096923, 44.742251529417928 ], [ -0.495333564984245, 44.74151556483384 ], [ -0.493393993230874, 44.740621524878719 ], [ -0.49179004910804, 44.740122400227321 ], [ -0.490882009106328, 44.739650878731489 ], [ -0.489923020287528, 44.739397239553007 ], [ -0.486514589542953, 44.73817989305077 ], [ -0.484593776440992, 44.737645588102005 ], [ -0.483573000278105, 44.737434393725145 ], [ -0.482481358409314, 44.73705870182728 ], [ -0.479233572516515, 44.736511968762919 ], [ -0.475522160658226, 44.735520100566177 ], [ -0.474436141976431, 44.735274825759163 ], [ -0.471614816116438, 44.734403587240983 ], [ -0.470201785850601, 44.733672883733192 ], [ -0.46729277699018, 44.732299635492659 ], [ -0.465341130735743, 44.73113515997823 ], [ -0.4637074619086, 44.730041809001136 ], [ -0.461444534125878, 44.72897262049829 ], [ -0.460862438298089, 44.72867541402114 ], [ -0.45983543096406, 44.728338041699089 ], [ -0.458239166768733, 44.727973387831653 ], [ -0.455030598778847, 44.726920096709406 ], [ -0.452995580401418, 44.726614121373913 ], [ -0.451585900384754, 44.726198496387809 ], [ -0.45054524265236, 44.725595626026553 ], [ -0.44932457735732, 44.725169575709025 ], [ -0.448477226062293, 44.724605721203055 ], [ -0.447085693033134, 44.723288322948974 ], [ -0.445632789270686, 44.72175203807533 ], [ -0.444949515908837, 44.720687418709488 ], [ -0.444416123003239, 44.720109259364037 ], [ -0.443547792303325, 44.717878897212636 ], [ -0.442863619090807, 44.71681880290447 ], [ -0.442230926275339, 44.715256967028346 ], [ -0.441559229231363, 44.71316015975431 ], [ -0.441368464858137, 44.711859428813483 ], [ -0.439646222722173, 44.708700388542901 ], [ -0.438441779193438, 44.707291483650039 ], [ -0.437386166722537, 44.706373573644946 ], [ -0.436320092937845, 44.705221682868995 ], [ -0.434605572486102, 44.703733962775893 ], [ -0.43338155004297, 44.703222254508162 ], [ -0.431972874619249, 44.702810880638076 ], [ -0.431210202952272, 44.702694857230192 ], [ -0.430887676562262, 44.702565181855974 ], [ -0.429753078064465, 44.702586839726742 ], [ -0.428948232988393, 44.702877620149962 ], [ -0.425635040196839, 44.704805045827364 ], [ -0.422911898465193, 44.705862542979418 ], [ -0.421284166700457, 44.70639949496654 ], [ -0.420728740037495, 44.706637444436005 ], [ -0.418861766601907, 44.707168237990565 ], [ -0.417180568255346, 44.707616666076639 ], [ -0.415565344014832, 44.708153144847891 ], [ -0.414635411317982, 44.708488228869811 ], [ -0.413134947823502, 44.708750790092132 ], [ -0.410794271663438, 44.708890544202738 ], [ -0.409461248945802, 44.708746890965621 ], [ -0.407483019845749, 44.708298684710932 ], [ -0.402996885422066, 44.706602940089624 ], [ -0.402284951885007, 44.706259875772517 ], [ -0.400224666693123, 44.705413067257204 ], [ -0.399319214908157, 44.704940762780993 ], [ -0.397520241201316, 44.704297643025463 ], [ -0.39512271477621, 44.703010538445433 ], [ -0.394588820818927, 44.702391628750171 ], [ -0.394244573680426, 44.701816461131322 ], [ -0.394203130764078, 44.70096166838708 ], [ -0.394649943898614, 44.699781010674343 ], [ -0.394740340386538, 44.6987870056278 ], [ -0.395725908945359, 44.697008589761907 ], [ -0.396441337762666, 44.696135071506653 ], [ -0.397842699094505, 44.695114327139308 ], [ -0.398319563945835, 44.694559008604074 ], [ -0.401323569152576, 44.692506756219039 ], [ -0.402246151761447, 44.692032332589164 ], [ -0.403648492226945, 44.691052030247072 ], [ -0.404122620015265, 44.690411162420723 ], [ -0.404473638997735, 44.689593856894739 ], [ -0.404377363948258, 44.688920978975382 ], [ -0.403964420184143, 44.688212789942121 ], [ -0.403373162448999, 44.687730860475511 ], [ -0.402664183418226, 44.687432773328396 ], [ -0.40113520721523, 44.687110335264322 ], [ -0.39911026026742, 44.686983341543986 ], [ -0.397221638534439, 44.687063886896262 ], [ -0.393330368208921, 44.687701463699668 ], [ -0.389812900594865, 44.688003046438496 ], [ -0.386996722361616, 44.688476785770384 ], [ -0.38392128993027, 44.688778160677316 ], [ -0.381145829335784, 44.688795442740187 ], [ -0.380192881360441, 44.688639837623214 ], [ -0.378839457318232, 44.688041397619294 ], [ -0.377815390079152, 44.687752778784024 ], [ -0.376848804566009, 44.687327230104309 ], [ -0.376198879677877, 44.686937064569833 ], [ -0.374531053788804, 44.686339159154819 ], [ -0.373291613721844, 44.685511901934959 ], [ -0.372968154904204, 44.685341544506166 ], [ -0.373268545292267, 44.685021503492969 ], [ -0.373190425285281, 44.684708499257873 ], [ -0.372254122982563, 44.683606162492211 ], [ -0.371086639677773, 44.681384487448994 ], [ -0.370800240006901, 44.680672334334758 ], [ -0.370306720548198, 44.679601546274945 ], [ -0.369134713826473, 44.676204061743256 ], [ -0.368525122448315, 44.675091750585899 ], [ -0.366913667000771, 44.673063789786902 ], [ -0.365515119172992, 44.671511417841373 ], [ -0.365245299082716, 44.67115919038114 ], [ -0.364713730546321, 44.67058965264529 ], [ -0.363475050169005, 44.669491953878016 ], [ -0.362670600634726, 44.668750488305747 ], [ -0.362070696796862, 44.667818075075303 ], [ -0.361917314539112, 44.66723702784018 ], [ -0.361241815982267, 44.666306909744257 ], [ -0.360770444940855, 44.664374878736368 ], [ -0.35951588008579, 44.661885443352645 ], [ -0.359205201393032, 44.661714664304355 ], [ -0.359079172685605, 44.661718493006198 ], [ -0.359187523470943, 44.661354765543962 ], [ -0.358310792916548, 44.660160421909055 ], [ -0.358102663307739, 44.659761253395317 ], [ -0.355611756480527, 44.657791409921664 ], [ -0.354389449639515, 44.657278837424052 ], [ -0.353304317535844, 44.656991868559921 ], [ -0.350318527865536, 44.6565237129766 ], [ -0.347528303935565, 44.656180214238304 ], [ -0.34631694418791, 44.655892495033008 ], [ -0.344581129478413, 44.655170089300547 ], [ -0.343746856719701, 44.654875440548885 ], [ -0.340714913491178, 44.653412736630941 ], [ -0.336180504470906, 44.650855445211945 ], [ -0.334937206637961, 44.64989727091929 ], [ -0.334474612290532, 44.649460688099204 ], [ -0.333049244257238, 44.648368320337489 ], [ -0.332775676586829, 44.647926032067687 ], [ -0.332625451410793, 44.647434971401644 ], [ -0.332285826357354, 44.646900061231513 ], [ -0.332131548078247, 44.646319015353129 ], [ -0.33208729384817, 44.645378730064287 ], [ -0.332004865666401, 44.644966722127101 ], [ -0.332109435698941, 44.642936161670107 ], [ -0.331982033501282, 44.641592902814132 ], [ -0.331653220879927, 44.639980889772509 ], [ -0.331384757177938, 44.639624048710033 ], [ -0.330464850109274, 44.638836304193909 ], [ -0.330198063521287, 44.638528968981511 ], [ -0.329362714541528, 44.638189202395154 ], [ -0.329043714585025, 44.638108704241738 ], [ -0.328716341748017, 44.637843738691885 ], [ -0.328441462236667, 44.637356430246122 ], [ -0.327357710583917, 44.637105225671185 ], [ -0.32444834488555, 44.635557341438982 ], [ -0.323602330511441, 44.63499258909971 ], [ -0.32315168284969, 44.634776368891764 ], [ -0.322385318679281, 44.634299319434696 ], [ -0.32141688705165, 44.633819327356456 ], [ -0.32095983032903, 44.633472637552856 ], [ -0.319412721107785, 44.632744203108146 ], [ -0.316816059821267, 44.631141688337507 ], [ -0.314532530982558, 44.629475663444715 ], [ -0.313040801190572, 44.62856977986435 ], [ -0.312973794074651, 44.628481683095046 ], [ -0.31271494306013, 44.628349779219057 ], [ -0.312385324537512, 44.628044290158925 ], [ -0.311409562630268, 44.627393236705487 ], [ -0.310948594617246, 44.626956521567564 ], [ -0.308143539595409, 44.624675265927046 ], [ -0.306756373590222, 44.623311144898096 ], [ -0.306169265688116, 44.622873682073191 ], [ -0.304708818091443, 44.62129097459291 ], [ -0.304248801712351, 44.62089024910609 ], [ -0.303107315492445, 44.619388090778259 ], [ -0.30269061879539, 44.618585098755204 ], [ -0.30235171490974, 44.618054600052332 ], [ -0.302130846947342, 44.617385416004836 ], [ -0.302065245514343, 44.617342324239857 ], [ -0.301461506729813, 44.616274605125014 ], [ -0.30116303219286, 44.615292373134544 ], [ -0.301098017895832, 44.613902200750481 ], [ -0.301610207827505, 44.611404517506159 ], [ -0.301903006919856, 44.610674931393412 ], [ -0.302491880930637, 44.609810347976257 ], [ -0.303277636283163, 44.60776401186267 ], [ -0.303258956034009, 44.607359100731536 ], [ -0.302995101508226, 44.607096677077188 ], [ -0.302640339468452, 44.606251292713111 ], [ -0.30313205769049, 44.60601133003189 ], [ -0.303118211503846, 44.605430571277552 ], [ -0.302114999157559, 44.60419459990171 ], [ -0.300925348531482, 44.603004739663568 ], [ -0.299489477296831, 44.601916832883269 ], [ -0.298563469859862, 44.600984882322308 ], [ -0.29725274401842, 44.598541656048091 ], [ -0.296522149195345, 44.59747771350569 ], [ -0.296359005119816, 44.596671649488705 ], [ -0.296318126490629, 44.595821390071876 ], [ -0.295332416472202, 44.593584699983282 ], [ -0.294922908528279, 44.592921141725562 ], [ -0.294577345191636, 44.592251169734844 ], [ -0.293713279651682, 44.591015495271598 ], [ -0.292532069829242, 44.590005519238481 ], [ -0.292201417767431, 44.589654963786941 ], [ -0.291941689366952, 44.589482499784083 ], [ -0.290827730706407, 44.588565111604282 ], [ -0.290378419975632, 44.588384778000524 ], [ -0.289726244668412, 44.587904135678642 ], [ -0.289214795567389, 44.587739164141887 ], [ -0.288887902014677, 44.587474085979537 ], [ -0.288060165359015, 44.587268971892179 ], [ -0.284263294456056, 44.585507819538584 ], [ -0.282584158762357, 44.584602658316513 ], [ -0.282387413635671, 44.584428301499294 ], [ -0.280179546056709, 44.582993701637584 ], [ -0.279921241907859, 44.582866220728221 ], [ -0.277643369440565, 44.581244439483797 ], [ -0.276919526467858, 44.580590156728647 ], [ -0.275626828135711, 44.579583328258416 ], [ -0.274168357401344, 44.578000244677497 ], [ -0.274031974326529, 44.577779033989728 ], [ -0.272971665666608, 44.57662562999468 ], [ -0.272650223907072, 44.576495500250402 ], [ -0.271864836757085, 44.575843013341661 ], [ -0.271202440213768, 44.575137321761098 ], [ -0.269964520904193, 44.574223419629234 ], [ -0.269513305636573, 44.574007023367741 ], [ -0.268928347179555, 44.573614382263784 ], [ -0.268593984210469, 44.573173774064237 ], [ -0.267939564783732, 44.572648032530473 ], [ -0.26723769674936, 44.572434541581799 ], [ -0.266646215712488, 44.571906930585854 ], [ -0.26632633415963, 44.571781242819995 ], [ -0.265351815981274, 44.571125300232325 ], [ -0.26490298877713, 44.570688068020836 ], [ -0.263939260124689, 44.57026155318929 ], [ -0.263347832690505, 44.569733924998054 ], [ -0.26226090395033, 44.569356088715146 ], [ -0.259782270266457, 44.567469609020961 ], [ -0.258927450243867, 44.566679434620013 ], [ -0.258595885311354, 44.566328819086976 ], [ -0.25695837348081, 44.564926522232739 ], [ -0.255962900858179, 44.563816115757113 ], [ -0.254523704578366, 44.562637694727968 ], [ -0.25366510237747, 44.561757496626818 ], [ -0.253273286322385, 44.561453693738784 ], [ -0.251711533468275, 44.560049097090747 ], [ -0.25126050146628, 44.559832627530042 ], [ -0.250485254377496, 44.559391443810398 ], [ -0.249008168431935, 44.558754675703057 ], [ -0.247606774549199, 44.55838145683078 ], [ -0.246517582072879, 44.557958493580813 ], [ -0.245949873310529, 44.557925635051895 ], [ -0.244378055813772, 44.557962837218781 ], [ -0.242685494714613, 44.55835495313611 ], [ -0.241880228122517, 44.558639896244543 ], [ -0.239317234088965, 44.55901697598145 ], [ -0.238313097175372, 44.559086984485276 ], [ -0.237635122555618, 44.559372666236726 ], [ -0.23261327988245, 44.559659503501649 ], [ -0.230734607102597, 44.559840644726165 ], [ -0.22935442054998, 44.560232418985187 ], [ -0.228415471193394, 44.560340974013926 ], [ -0.226680689248766, 44.56092328257602 ], [ -0.225741980386621, 44.561036312342274 ], [ -0.224563031984793, 44.561422144179879 ], [ -0.224194612680635, 44.561613103734089 ], [ -0.2224602880392, 44.562226865161605 ], [ -0.220661525687343, 44.563081240449137 ], [ -0.219550542046345, 44.563555132760598 ], [ -0.218496011070137, 44.563892219345327 ], [ -0.215899310999776, 44.564900418578269 ], [ -0.215406065822652, 44.565135528272179 ], [ -0.214169173871849, 44.565613031606311 ], [ -0.21047760650917, 44.566364655783794 ], [ -0.208350588442889, 44.566638223669969 ], [ -0.206772092812921, 44.566539929524694 ], [ -0.206332958871401, 44.566552684579634 ], [ -0.206020693105037, 44.566602297809332 ], [ -0.203817667671886, 44.566603185255026 ], [ -0.202109252023108, 44.56641399203999 ], [ -0.200031277805663, 44.566375137697953 ], [ -0.198511875822952, 44.566184915234153 ], [ -0.196112707024964, 44.566015641395829 ], [ -0.194035275702311, 44.566008193297144 ], [ -0.192004853330878, 44.565918259036543 ], [ -0.190942709619548, 44.566079606608007 ], [ -0.190256781717334, 44.56623007243968 ], [ -0.18819258451887, 44.566501434020189 ], [ -0.185030766303789, 44.567556742096166 ], [ -0.182977945512388, 44.568097967961705 ], [ -0.17971428435506, 44.568579433294737 ], [ -0.178961569318396, 44.568641653795105 ], [ -0.176131324784555, 44.568696084327094 ], [ -0.173349291899423, 44.568397678549857 ], [ -0.171444831924421, 44.56803795849833 ], [ -0.167360815624042, 44.566772221207891 ], [ -0.166405471901017, 44.566524831957757 ], [ -0.165700527923875, 44.566225206400325 ], [ -0.163470012471873, 44.565599908276987 ], [ -0.160870385901429, 44.565156318621248 ], [ -0.159357446259344, 44.565100521544871 ], [ -0.156972282999458, 44.565245337550984 ], [ -0.155286952607666, 44.565554798258368 ], [ -0.152782695293955, 44.566139891663326 ], [ -0.150053614175939, 44.567055686932243 ], [ -0.148019288137017, 44.568001156854066 ], [ -0.146782014664584, 44.56848240358827 ], [ -0.144869596359871, 44.569649577338723 ], [ -0.143220115257048, 44.570764183097509 ], [ -0.141821245834724, 44.571876136450769 ], [ -0.140806109963096, 44.573112299133484 ], [ -0.140394320850503, 44.574070015787967 ], [ -0.140437829451956, 44.575055325166808 ], [ -0.140079037937863, 44.575470959672565 ], [ -0.140062369815383, 44.576507533549211 ], [ -0.139712057465142, 44.577143660007621 ], [ -0.138511741508417, 44.578475161143089 ], [ -0.138217208330831, 44.578666324817718 ], [ -0.137595525917715, 44.577685833773842 ], [ -0.136873861489243, 44.577017106695628 ], [ -0.137493391003603, 44.57677877066422 ], [ -0.137922134168047, 44.576509814868594 ], [ -0.138562839479114, 44.575360905601229 ], [ -0.138547854083719, 44.575000949394806 ], [ -0.138438702330771, 44.573967953611415 ], [ -0.138769104451651, 44.572611634095587 ], [ -0.139242739231541, 44.571926957223347 ], [ -0.140204718652646, 44.570913055640382 ], [ -0.14142359889796, 44.569986435890158 ], [ -0.141853017213948, 44.569753482564991 ], [ -0.142403270095598, 44.569381945011067 ], [ -0.144565392883457, 44.568171665004101 ], [ -0.14635413518648, 44.567363898424063 ], [ -0.147968131011427, 44.566835876424562 ], [ -0.151305030943494, 44.565452305883994 ], [ -0.152105825840521, 44.565078070289992 ], [ -0.154539336802967, 44.564310316416027 ], [ -0.15504037190832, 44.564255454854973 ], [ -0.155096997067345, 44.564118692657708 ], [ -0.156881686033762, 44.563716296576196 ], [ -0.156967245824557, 44.563713849796791 ], [ -0.159984231303909, 44.563645548855348 ], [ -0.161941547541188, 44.563783209912721 ], [ -0.163210630191976, 44.564030655753179 ], [ -0.164033785198611, 44.564146715126142 ], [ -0.165948421433007, 44.564736011252009 ], [ -0.167285000512259, 44.56506256260537 ], [ -0.168119557385159, 44.565448554709754 ], [ -0.168959178139977, 44.565924492124246 ], [ -0.170048195376632, 44.566352719026312 ], [ -0.171445728299053, 44.566641433036217 ], [ -0.172776307541122, 44.566837452401323 ], [ -0.174366160825733, 44.567206194967184 ], [ -0.176516186997318, 44.567428158200805 ], [ -0.178405945158013, 44.5674818842392 ], [ -0.180422428870586, 44.567257130984956 ], [ -0.182854007401394, 44.56675008195657 ], [ -0.184034632002954, 44.566409706283757 ], [ -0.185032607344283, 44.566205228534685 ], [ -0.186644695753002, 44.565672180468994 ], [ -0.189016542752187, 44.565225280090694 ], [ -0.189699919025496, 44.56502984673606 ], [ -0.192276099325218, 44.564653553751427 ], [ -0.196365418705237, 44.564647847499074 ], [ -0.199079852617408, 44.564821493153303 ], [ -0.201748563894478, 44.565388325322679 ], [ -0.203139577477283, 44.565537179144918 ], [ -0.203577664060502, 44.565483922800325 ], [ -0.203686831845921, 44.565120362086013 ], [ -0.204192679394391, 44.565150729985014 ], [ -0.204516491227922, 44.565371081213456 ], [ -0.206845547908479, 44.565371022316896 ], [ -0.208793808507874, 44.565323419544363 ], [ -0.210929496107198, 44.564959491110123 ], [ -0.212120200299438, 44.564843762656736 ], [ -0.213800028174378, 44.564398437535715 ], [ -0.215475472087224, 44.563876630009482 ], [ -0.216582369908805, 44.56330829523332 ], [ -0.21712950340578, 44.562891411956187 ], [ -0.217939878026628, 44.562737148497384 ], [ -0.219987990720848, 44.561835000778473 ], [ -0.221229886027133, 44.561447382002143 ], [ -0.222579543706299, 44.560696207331503 ], [ -0.223998522068118, 44.560078139063471 ], [ -0.22735825104635, 44.559241146540991 ], [ -0.228184957342186, 44.559131377821075 ], [ -0.228802646607722, 44.558892568434196 ], [ -0.230553110391708, 44.558629617624703 ], [ -0.232811997671563, 44.55848689788143 ], [ -0.233433556765905, 44.558338047830432 ], [ -0.23745480172941, 44.558206661663739 ], [ -0.239134232194101, 44.557760952474972 ], [ -0.240944528752711, 44.557180730143202 ], [ -0.242692039857762, 44.556868115780453 ], [ -0.243559919421748, 44.556576821146997 ], [ -0.244373234207948, 44.55647633280558 ], [ -0.245757637404227, 44.556489690792255 ], [ -0.247214036518525, 44.556681113114919 ], [ -0.248745108814832, 44.557140618559778 ], [ -0.251053499917732, 44.558077266713994 ], [ -0.253059417167291, 44.559252539636766 ], [ -0.253379198190404, 44.559378265176854 ], [ -0.254038593263829, 44.560039085386286 ], [ -0.256328468991963, 44.561917726351027 ], [ -0.257379514758133, 44.563161638912163 ], [ -0.259218785749383, 44.564828272864681 ], [ -0.260591544727257, 44.565923004831113 ], [ -0.26092052014819, 44.566228640665081 ], [ -0.264120321679883, 44.568728985630656 ], [ -0.265795825115854, 44.569584950665337 ], [ -0.268067065844864, 44.571062978590419 ], [ -0.269243747567139, 44.571987721364628 ], [ -0.271110337386038, 44.573157814307244 ], [ -0.271439672757147, 44.573467917060931 ], [ -0.271961467113422, 44.573857912140539 ], [ -0.272619898075232, 44.574473614453389 ], [ -0.272747088689796, 44.574514895190795 ], [ -0.274776470682754, 44.576184677034497 ], [ -0.277027217578386, 44.578559662955456 ], [ -0.27833908605606, 44.579701058788139 ], [ -0.278669593685161, 44.580051654313202 ], [ -0.278931852638988, 44.58026912233651 ], [ -0.279335279120522, 44.580811270693843 ], [ -0.279920123042584, 44.581199360481108 ], [ -0.280236968262632, 44.581509811846523 ], [ -0.281399102945599, 44.582155556030479 ], [ -0.281667974026569, 44.582507975528344 ], [ -0.28224390275021, 44.582720619374065 ], [ -0.282562522800594, 44.582801250744666 ], [ -0.283223791857056, 44.583461865524676 ], [ -0.284193231118641, 44.584023209502959 ], [ -0.286577352215784, 44.585191190408793 ], [ -0.287859049825149, 44.585657612970039 ], [ -0.291015313888145, 44.587198965041743 ], [ -0.294331522924801, 44.589424752093045 ], [ -0.294864243907101, 44.590039583027199 ], [ -0.296067855038079, 44.591539930662059 ], [ -0.29742550752619, 44.593905168693311 ], [ -0.297878958618203, 44.59551349548547 ], [ -0.298195911525883, 44.596900638904906 ], [ -0.298881287102496, 44.59809657198096 ], [ -0.300891362077488, 44.60093786696244 ], [ -0.301088221965583, 44.601112191974941 ], [ -0.301596082227475, 44.601191622493531 ], [ -0.30179958738986, 44.601500903856589 ], [ -0.302011112484801, 44.601990153440525 ], [ -0.303729700425078, 44.603704808769876 ], [ -0.303863627132147, 44.603881011760222 ], [ -0.30448112835123, 44.604948298244523 ], [ -0.304924183135389, 44.60661098548907 ], [ -0.304903621112892, 44.607508139813504 ], [ -0.304108014008243, 44.610676584942901 ], [ -0.303579743833631, 44.61149881850303 ], [ -0.303294985431848, 44.612408378498792 ], [ -0.303064905297737, 44.615564413207395 ], [ -0.303226823608103, 44.616325462142441 ], [ -0.30391380126128, 44.617521335534612 ], [ -0.305042677483977, 44.619023861140086 ], [ -0.306964749052639, 44.621056787459089 ], [ -0.30933918546372, 44.623292391832486 ], [ -0.309411848376336, 44.623519983998037 ], [ -0.310330947310411, 44.624303401568987 ], [ -0.311374436361395, 44.625056053468327 ], [ -0.31196662899773, 44.625578938678402 ], [ -0.312226849211481, 44.625755855415171 ], [ -0.312810489661514, 44.626369098539861 ], [ -0.314705731305223, 44.627808018993555 ], [ -0.315093312700276, 44.628026162289501 ], [ -0.32146393193181, 44.632155455128235 ], [ -0.322045555315761, 44.63245334509331 ], [ -0.323148290453362, 44.633114010384418 ], [ -0.324889852775001, 44.63397170418353 ], [ -0.327096537140165, 44.635310957310011 ], [ -0.330364113511371, 44.636726336446046 ], [ -0.330624177061874, 44.636898713320043 ], [ -0.332266870776428, 44.63829991945061 ], [ -0.33306081438566, 44.639091447846049 ], [ -0.333198978114765, 44.639357602177192 ], [ -0.333558843207013, 44.640171228076561 ], [ -0.333835662914403, 44.642140728275251 ], [ -0.333789823420479, 44.644074907927809 ], [ -0.334341481431588, 44.646401055916066 ], [ -0.334955960784123, 44.647378205049939 ], [ -0.335962064907557, 44.648658910363231 ], [ -0.336611003482039, 44.649044809139085 ], [ -0.337191887573509, 44.649347156735203 ], [ -0.338175595313177, 44.650141940750814 ], [ -0.338948172073667, 44.650483545186852 ], [ -0.340688726123649, 44.651566319096716 ], [ -0.343072262512604, 44.652634132301941 ], [ -0.3442987127186, 44.653241310774511 ], [ -0.345905629621329, 44.653877511466085 ], [ -0.348458103267228, 44.654534615871967 ], [ -0.349609112168094, 44.654869193520909 ], [ -0.351070087898496, 44.655108762084978 ], [ -0.352970711215078, 44.655289925182529 ], [ -0.353865368191593, 44.655537620079151 ], [ -0.354883370134101, 44.65573651099762 ], [ -0.355013483059081, 44.655822671304229 ], [ -0.355200095755467, 44.65577645946999 ], [ -0.35525222928805, 44.655549605953901 ], [ -0.355448029100585, 44.655678826575134 ], [ -0.355779461799551, 44.656029201692448 ], [ -0.357064762818872, 44.656539845442829 ], [ -0.35817631643499, 44.657375638576937 ], [ -0.359366632833074, 44.658515398855599 ], [ -0.359705162490647, 44.659005216988689 ], [ -0.36003521853965, 44.659310568568088 ], [ -0.361456991638464, 44.661344366169253 ], [ -0.362138952666504, 44.662679774089177 ], [ -0.362822911790101, 44.663794351129219 ], [ -0.36326377234201, 44.665087527015679 ], [ -0.363630806837346, 44.666455035511987 ], [ -0.36526270536224, 44.668640099220482 ], [ -0.36677095409372, 44.6700855045381 ], [ -0.367162254729799, 44.670357436347018 ], [ -0.368084618777988, 44.671189896314999 ], [ -0.368228406698164, 44.671545955993778 ], [ -0.369283670042796, 44.672509524442241 ], [ -0.370781509926604, 44.674811245174915 ], [ -0.371129746258653, 44.67548096154016 ], [ -0.371262622269075, 44.675612076312106 ], [ -0.371540521210172, 44.676414595472785 ], [ -0.371716454598171, 44.677454509171938 ], [ -0.372283692093386, 44.67874381263465 ], [ -0.372768717368801, 44.679630125492572 ], [ -0.373271974243482, 44.680925882786909 ], [ -0.374904150043183, 44.683628967023914 ], [ -0.375241260636352, 44.684069233483477 ], [ -0.376220717340602, 44.684773743506724 ], [ -0.376425203812446, 44.685087394556582 ], [ -0.377339675590996, 44.685739813080225 ], [ -0.378695457587061, 44.686378746549757 ], [ -0.380874235480094, 44.687091636346395 ], [ -0.382528278840992, 44.68737448212498 ], [ -0.383731939102645, 44.687477342453072 ], [ -0.384424414029176, 44.687460664017472 ], [ -0.385609051389684, 44.687163091631881 ], [ -0.38724471416578, 44.687076974386635 ], [ -0.388428067729815, 44.686779410480618 ], [ -0.388862496489346, 44.686630935565709 ], [ -0.390950138116231, 44.686499376447159 ], [ -0.392573294830938, 44.686143228742765 ], [ -0.396024335962755, 44.685789526890211 ], [ -0.399094459064878, 44.685361815799865 ], [ -0.400671182000184, 44.685367420888085 ], [ -0.401308737911698, 44.685487491980119 ], [ -0.402324730494028, 44.685640976176572 ], [ -0.403797530227267, 44.686100293182413 ], [ -0.404573717602573, 44.686486416104124 ], [ -0.405358275612039, 44.687052500424329 ], [ -0.406032302406303, 44.687941881208893 ], [ -0.406251960010936, 44.688565902815292 ], [ -0.406314285670664, 44.689825554398197 ], [ -0.406043127454122, 44.690730520050366 ], [ -0.405500537066596, 44.691513178264053 ], [ -0.404356044056117, 44.692620738865202 ], [ -0.402964749013373, 44.693825990617768 ], [ -0.399662881323829, 44.696238878587174 ], [ -0.398331734150954, 44.697397163645199 ], [ -0.39767619358553, 44.698174238164803 ], [ -0.397443365631607, 44.698586892135467 ], [ -0.396731896442821, 44.699505351648959 ], [ -0.396510982738232, 44.700408748536809 ], [ -0.396343907728929, 44.700864437589992 ], [ -0.396437393217946, 44.701492352709494 ], [ -0.396713174075245, 44.70197950373727 ], [ -0.397433356517364, 44.702502571751332 ], [ -0.398211180619519, 44.702933753101995 ], [ -0.400197765113839, 44.703566589662962 ], [ -0.400960384634709, 44.703682826725888 ], [ -0.402565203806859, 44.704228232083338 ], [ -0.403019431348508, 44.70448910685338 ], [ -0.404751875547435, 44.705075613294447 ], [ -0.405784043004264, 44.705552986061953 ], [ -0.406232380362818, 44.705674355108528 ], [ -0.406875823162605, 44.705929390426057 ], [ -0.408601441251849, 44.706380880385225 ], [ -0.40949024170994, 44.706493173638442 ], [ -0.412893748531619, 44.70641979350701 ], [ -0.414775252965131, 44.706190532398956 ], [ -0.41758095025034, 44.705491143853301 ], [ -0.420505966286196, 44.704427540281351 ], [ -0.421666284492967, 44.7036437244805 ], [ -0.424449449656328, 44.702494285046591 ], [ -0.425695987826665, 44.702194369455356 ], [ -0.426060428137401, 44.701912744819303 ], [ -0.426116533177084, 44.701775837183334 ], [ -0.426743160295698, 44.701670824270387 ], [ -0.426935249563137, 44.701484647805408 ], [ -0.427692201435117, 44.701465706529831 ], [ -0.428563102530997, 44.701222450639314 ], [ -0.429380366172858, 44.701156571936203 ], [ -0.431523118854189, 44.701112666320938 ], [ -0.432289719571844, 44.701314173166153 ], [ -0.432924780254386, 44.701389090978971 ], [ -0.433691664124483, 44.701595085322673 ], [ -0.433822003511928, 44.701681154373361 ], [ -0.434454326009412, 44.701711091590354 ], [ -0.434907197334887, 44.70192682431486 ], [ -0.435867496476761, 44.702216913641074 ], [ -0.436900587095496, 44.702684962280578 ], [ -0.437825060614054, 44.703525844967203 ], [ -0.438415292513463, 44.703962582220093 ], [ -0.439932088660742, 44.705542002404073 ], [ -0.440469260137789, 44.706205665800965 ], [ -0.441265406405996, 44.706991939681465 ], [ -0.441403034143889, 44.707217451584839 ], [ -0.441924493284083, 44.707561691277789 ], [ -0.442534514291251, 44.708403309778774 ], [ -0.4432654544763, 44.709155554380096 ], [ -0.443949817376575, 44.710220140422948 ], [ -0.444548655735421, 44.710836811472518 ], [ -0.444893593404446, 44.711682165215642 ], [ -0.44511801971836, 44.712396097795349 ], [ -0.445464343482315, 44.713016120338651 ], [ -0.445707029640777, 44.714089943831269 ], [ -0.44626535636123, 44.715158444787427 ], [ -0.44655288588224, 44.71587041133359 ], [ -0.447304990492411, 44.71702749503914 ], [ -0.448362597473475, 44.718260666471444 ], [ -0.449799093714857, 44.720477795572485 ], [ -0.45105867083462, 44.72170465132826 ], [ -0.45250809378811, 44.722934585096453 ], [ -0.453745261206929, 44.723670983405832 ], [ -0.454521047437447, 44.724056800671718 ], [ -0.455692145523161, 44.72474567736672 ], [ -0.457169167124588, 44.725249262344853 ], [ -0.458308665308626, 44.725587648072072 ], [ -0.459275019371452, 44.725967480095314 ], [ -0.461764726043382, 44.72653397577556 ], [ -0.463250399932587, 44.727217445104976 ], [ -0.463899885429502, 44.7275620940108 ], [ -0.466853265143304, 44.728573563127433 ], [ -0.471126751644863, 44.73071508887422 ], [ -0.471834417631649, 44.730976765005437 ], [ -0.473513889434496, 44.731744144157524 ], [ -0.475894745352695, 44.73262916101767 ], [ -0.477881731617993, 44.733215599318768 ], [ -0.479488395731803, 44.733804945836923 ], [ -0.481529663462179, 44.734204874657927 ], [ -0.483771621469565, 44.734864298408965 ], [ -0.484981628145216, 44.73506953270234 ], [ -0.486648460509749, 44.735566768015687 ], [ -0.487341496018859, 44.73554944543659 ], [ -0.487664062560718, 44.735674460767243 ], [ -0.490985145663923, 44.736443931249497 ], [ -0.493549198716658, 44.737196642961045 ], [ -0.494692843709105, 44.737349797183882 ], [ -0.495587894381762, 44.737551342293507 ], [ -0.497174748967281, 44.737735535930575 ], [ -0.49812578041864, 44.737800115161107 ], [ -0.500357445439661, 44.738247761485781 ], [ -0.50245497845931, 44.73851035830139 ], [ -0.503355955222956, 44.738846832726793 ], [ -0.504569620737752, 44.739128343474057 ], [ -0.505281331050666, 44.739470793851943 ], [ -0.506117000618714, 44.739773267027644 ], [ -0.508659415435031, 44.741328385481026 ], [ -0.509778682985256, 44.742243666996153 ], [ -0.510290916642149, 44.742367113028592 ], [ -0.510556371202569, 44.742629054237796 ], [ -0.510890981817157, 44.743249278817885 ], [ -0.511966465088616, 44.744535418594793 ], [ -0.512458612363574, 44.745511120295923 ], [ -0.512677146572347, 44.746094469646351 ], [ -0.51308752618504, 44.746712286102458 ], [ -0.513165378616155, 44.748241846616729 ], [ -0.5133781955489, 44.748956050379334 ], [ -0.513198987215859, 44.750399142452324 ], [ -0.512849128972715, 44.752208126411986 ], [ -0.512885089051001, 44.754140051348443 ], [ -0.513026377914547, 44.754680793388978 ], [ -0.513164128893467, 44.754901722788588 ], [ -0.513076551861158, 44.755666012309739 ], [ -0.513243261443501, 44.756471801361833 ], [ -0.513324503793352, 44.758055331924055 ], [ -0.513277270688685, 44.758372249537011 ], [ -0.513363440549429, 44.758820115056785 ], [ -0.513264333965876, 44.759359471837172 ], [ -0.513286288897448, 44.760034674177128 ], [ -0.513013984277041, 44.760899450217828 ], [ -0.513171992460006, 44.761525277522729 ], [ -0.513141621085346, 44.762152574167089 ], [ -0.513245228426048, 44.76296036716041 ], [ -0.51349223440568, 44.764079031663506 ], [ -0.513689654964438, 44.765739989560799 ], [ -0.514027229906497, 44.767396502298205 ], [ -0.51396017649751, 44.768570191188076 ], [ -0.51400601924083, 44.769465432593613 ], [ -0.513599010657732, 44.77163672181635 ], [ -0.513646679736049, 44.772581472436698 ], [ -0.513318074723369, 44.773578711311316 ], [ -0.513398360570119, 44.773891586092667 ], [ -0.515087876626388, 44.776063965051044 ], [ -0.515738705995148, 44.776678662654724 ], [ -0.515995620466013, 44.776760629908331 ], [ -0.516249722255574, 44.776797625601034 ], [ -0.51638317573618, 44.776928570682479 ], [ -0.516445520038391, 44.777278653762195 ] ] ] ] } },
{ "type": "Feature", "properties": { "fid": 10, "gid": 10, "id": 10, "cdmassedea": "FT34", "cdeumassed": "FRFT34", "nommassede": "Estuaire Fluvial Garonne Aval", "systemeref": "31", "cdeubassin": "FRF", "typemassed": "T6", "cdeussbass": "FRF_GARO", "cdcategori": "1.2.2", "cdnaturema": "3", "surfacetot": 22.977416330523386 }, "geometry": { "type": "MultiPolygon", "coordinates": [ [ [ [ -0.586162727759913, 45.00605782515732 ], [ -0.585529827032935, 45.006114280876012 ], [ -0.585467989164095, 45.006120780741576 ], [ -0.584760949671271, 45.006864613553653 ], [ -0.58405291143593, 45.00761298012722 ], [ -0.583892109036463, 45.007780396084556 ], [ -0.584938466568051, 45.008287461198748 ], [ -0.585650572197846, 45.008634044082022 ], [ -0.585972048169071, 45.008812955146986 ], [ -0.586975391414573, 45.009361947949948 ], [ -0.587980022287721, 45.009910890894048 ], [ -0.588983404880396, 45.01045986576387 ], [ -0.58998807512461, 45.011008790751319 ], [ -0.590981064582093, 45.011553577913638 ], [ -0.592875416158944, 45.01331305707636 ], [ -0.593268852997571, 45.013800577070782 ], [ -0.594938471235135, 45.015382516513171 ], [ -0.60022145134071, 45.020745751653081 ], [ -0.601843939406433, 45.022635576650273 ], [ -0.603239661013126, 45.02502845184474 ], [ -0.605335906947362, 45.027718588078223 ], [ -0.605891930261245, 45.028615411873403 ], [ -0.606645150050928, 45.029672586893732 ], [ -0.607305186652384, 45.030151425810814 ], [ -0.607643310113484, 45.030546059352588 ], [ -0.607968134393205, 45.030675232999798 ], [ -0.608822272410697, 45.03146323351708 ], [ -0.60964190993983, 45.032563304389093 ], [ -0.610640168286443, 45.033436750665871 ], [ -0.61135917075137, 45.033823522854227 ], [ -0.611834140787234, 45.03440748976449 ], [ -0.612430561832386, 45.034883860196864 ], [ -0.6127024202845, 45.035235565648151 ], [ -0.613814294569314, 45.03583940731631 ], [ -0.614268999681129, 45.036049972666348 ], [ -0.614406205622395, 45.036225782082354 ], [ -0.614563849120929, 45.036914684415542 ], [ -0.614570666617072, 45.03694150282584 ], [ -0.614716266361043, 45.037522636999057 ], [ -0.614971907329954, 45.03756390652881 ], [ -0.615410093125521, 45.037459539530168 ], [ -0.615958341798924, 45.038212363729365 ], [ -0.616491408925233, 45.038690773742452 ], [ -0.618273024501614, 45.039957820880119 ], [ -0.620110109163879, 45.041078825284146 ], [ -0.620592112958775, 45.04178871866749 ], [ -0.622234446583122, 45.042825893766185 ], [ -0.624083369044321, 45.044401627854839 ], [ -0.626300035022618, 45.046686424055792 ], [ -0.628486658061431, 45.048426853267046 ], [ -0.629290602985824, 45.049216354891222 ], [ -0.629977278738718, 45.049993731373462 ], [ -0.629979616755986, 45.050002793045337 ], [ -0.631828322705167, 45.057167068503759 ], [ -0.633637870631099, 45.062521685830724 ], [ -0.633639805958154, 45.062527412080215 ], [ -0.633633800939459, 45.062521338741426 ], [ -0.627827518645873, 45.05664823352501 ], [ -0.606232640035731, 45.041790727255403 ], [ -0.606746558326042, 45.041913779830686 ], [ -0.60689753017866, 45.041908887361082 ], [ -0.607190593111351, 45.041899389630011 ], [ -0.607248516907135, 45.041811886417761 ], [ -0.607244239540703, 45.041627253383346 ], [ -0.607237279840597, 45.041361588034043 ], [ -0.606692016947514, 45.040653692549036 ], [ -0.604517056862632, 45.039137824001841 ], [ -0.603183258136074, 45.037910149716183 ], [ -0.603046772637227, 45.037725290858148 ], [ -0.601237757481292, 45.03592712178618 ], [ -0.600778064434947, 45.035401204126906 ], [ -0.600050076981167, 45.034834391869197 ], [ -0.598638525440839, 45.033343297334355 ], [ -0.598149464974946, 45.032498352362303 ], [ -0.597633049525675, 45.032334785259351 ], [ -0.597349379767953, 45.031758099226828 ], [ -0.596741958044275, 45.031088226028849 ], [ -0.595047730562439, 45.028795045669149 ], [ -0.594005063691043, 45.027066656516524 ], [ -0.5932251366222, 45.025510038778492 ], [ -0.592606798691875, 45.024628691805674 ], [ -0.591638184466525, 45.0228438174952 ], [ -0.591436052562587, 45.022625014185387 ], [ -0.590820371701352, 45.021784133183104 ], [ -0.59055483571616, 45.021567374853269 ], [ -0.590414506456911, 45.02130150997629 ], [ -0.589754718594756, 45.020822572104706 ], [ -0.58943028192592, 45.020697842926211 ], [ -0.589226261890359, 45.020429525090883 ], [ -0.586522814649531, 45.018479748011082 ], [ -0.585227356704665, 45.017737364359483 ], [ -0.583397838003942, 45.016750791242409 ], [ -0.582931546818627, 45.016315156295946 ], [ -0.580582402019037, 45.015070376270373 ], [ -0.579729684493493, 45.014552529106744 ], [ -0.578107588000443, 45.013865644690512 ], [ -0.576736840639071, 45.013134604843557 ], [ -0.576668958990355, 45.013046657128243 ], [ -0.576149912250123, 45.012838018556558 ], [ -0.575561097922727, 45.012491918428729 ], [ -0.574981244462548, 45.012325787725281 ], [ -0.574519531611905, 45.011980104322959 ], [ -0.573879157375817, 45.011860977889199 ], [ -0.573479587497492, 45.01151329405787 ], [ -0.572771347390744, 45.011306211607334 ], [ -0.572572201248, 45.011132347543828 ], [ -0.572128980172771, 45.01091674966613 ], [ -0.571277098153334, 45.010389803074453 ], [ -0.570498143305613, 45.01004978243067 ], [ -0.57009413858548, 45.009612100252617 ], [ -0.566698410940641, 45.007765219194361 ], [ -0.56479792412407, 45.006591367785312 ], [ -0.56258242819971, 45.00547714786412 ], [ -0.561144527715691, 45.00466245888682 ], [ -0.560811055449634, 45.004353176345234 ], [ -0.559127869947641, 45.003456186540788 ], [ -0.555782360155548, 45.001327992686981 ], [ -0.555589335472705, 45.001289099112924 ], [ -0.555317714769494, 45.000932760290873 ], [ -0.554196542565368, 45.00026108339911 ], [ -0.552765362836124, 44.999428055031217 ], [ -0.551902107127914, 44.998676015093679 ], [ -0.551242915026299, 44.998196852049048 ], [ -0.550584686314088, 44.997492333519759 ], [ -0.54926506559201, 44.9964934719506 ], [ -0.549126578245088, 44.996272570584495 ], [ -0.548134373665702, 44.995488568993657 ], [ -0.547212859156383, 44.994837497241825 ], [ -0.546674818575405, 44.994264317743308 ], [ -0.545886810408543, 44.993735157920291 ], [ -0.543481243240859, 44.991369364949044 ], [ -0.542675898423286, 44.99026391885883 ], [ -0.542066011582282, 44.989517260266446 ], [ -0.5417223146494, 44.988982934198468 ], [ -0.541386483089625, 44.988633118849542 ], [ -0.540441795240758, 44.987532097750389 ], [ -0.540223321792036, 44.986989274662058 ], [ -0.539555531323728, 44.986330069987211 ], [ -0.539005682697588, 44.985266040351817 ], [ -0.538611918323703, 44.985003683315661 ], [ -0.53851794108113, 44.9844208449733 ], [ -0.538082196473183, 44.983353181188562 ], [ -0.53788325730814, 44.983179256444686 ], [ -0.537839415238281, 44.982324440504662 ], [ -0.536749592602136, 44.979384909395534 ], [ -0.536450104412967, 44.97727644484965 ], [ -0.536246780078276, 44.977012530578449 ], [ -0.535918020983917, 44.976793162785633 ], [ -0.535935042226568, 44.97676107689837 ], [ -0.536089478822272, 44.976431706921197 ], [ -0.535424786904695, 44.974591720767854 ], [ -0.535275762819466, 44.973920506507731 ], [ -0.535066779371483, 44.973566643770766 ], [ -0.534744005188458, 44.973441716621288 ], [ -0.535175857753813, 44.973202666760848 ], [ -0.534982319587793, 44.971906485154818 ], [ -0.535201431608027, 44.970006849731519 ], [ -0.535166743454418, 44.969336506785247 ], [ -0.53508448503823, 44.968978614861477 ], [ -0.535403856531804, 44.966314219037443 ], [ -0.53532727749184, 44.966046273964473 ], [ -0.535129695550838, 44.965912861320405 ], [ -0.53523336618156, 44.96546343601495 ], [ -0.535032322877714, 44.964027800300109 ], [ -0.534957319601914, 44.963804868604441 ], [ -0.535134136005913, 44.963528864565227 ], [ -0.535100182643104, 44.962628676271649 ], [ -0.534842388413592, 44.96254674845472 ], [ -0.535199438488217, 44.962089264856679 ], [ -0.535005654372231, 44.96078859014294 ], [ -0.535055166971344, 44.959299924193893 ], [ -0.535762053956559, 44.956762902533598 ], [ -0.536156880628746, 44.954591806580439 ], [ -0.53659831438463, 44.953320492653205 ], [ -0.537080128719134, 44.95258865135515 ], [ -0.537176224836489, 44.951999769508021 ], [ -0.537704274981891, 44.951176326826676 ], [ -0.537972994342812, 44.950225948338627 ], [ -0.538549840871917, 44.949130567644907 ], [ -0.538594251837833, 44.948768646907375 ], [ -0.538891983200707, 44.948398658811541 ], [ -0.539649655153107, 44.946851385897276 ], [ -0.541467870137348, 44.944013043158627 ], [ -0.541613612719686, 44.943246827676354 ], [ -0.541667482976563, 44.942974730666386 ], [ -0.543439233997956, 44.9402279594593 ], [ -0.544337032840753, 44.937729851882189 ], [ -0.544845887397701, 44.936546477045873 ], [ -0.545347452645545, 44.935228142327567 ], [ -0.54556563771565, 44.934545229589503 ], [ -0.545850260587539, 44.933909765447645 ], [ -0.545935217016136, 44.933668218260223 ], [ -0.546303974295576, 44.932638016608607 ], [ -0.546376550602036, 44.931599244118885 ], [ -0.546399473810022, 44.929575171630411 ], [ -0.546472044385108, 44.928536400032129 ], [ -0.546196815773897, 44.926652531639206 ], [ -0.546034257399003, 44.924724510399848 ], [ -0.545733133702695, 44.922571091962467 ], [ -0.545914190129505, 44.922385059243631 ], [ -0.54570345767213, 44.921760902904275 ], [ -0.545313236093908, 44.921548044022813 ], [ -0.545364847633962, 44.921321080964695 ], [ -0.545547479416358, 44.921180061653402 ], [ -0.5453269397976, 44.920601281280895 ], [ -0.545481770385706, 44.919920392257424 ], [ -0.545327377483631, 44.919384563735001 ], [ -0.544908812358315, 44.918622839487725 ], [ -0.545013610567778, 44.918213926845375 ], [ -0.544682291302895, 44.917909060582076 ], [ -0.544224557050496, 44.916166211026052 ], [ -0.543500741799264, 44.914427345587868 ], [ -0.542045455141352, 44.911990804695961 ], [ -0.541846756706854, 44.911816890697196 ], [ -0.53916940497216, 44.90755819799756 ], [ -0.538196831707548, 44.905872302443463 ], [ -0.537241947551002, 44.90454633897 ], [ -0.536919305305324, 44.904196115663012 ], [ -0.536498415191405, 44.903393888207738 ], [ -0.534894261465806, 44.899290201625838 ], [ -0.533138139262154, 44.893213100580105 ], [ -0.532784234360145, 44.8910163065324 ], [ -0.532487630812714, 44.887695638311385 ], [ -0.532446118580446, 44.884177594287117 ], [ -0.532999291395837, 44.881145322754215 ], [ -0.533453418215946, 44.880144002917262 ], [ -0.533552544055103, 44.879604606434462 ], [ -0.53442173832263, 44.878049319716318 ], [ -0.534532203428818, 44.87773036610087 ], [ -0.53619746370779, 44.87539266243909 ], [ -0.536797430986809, 44.874756190592443 ], [ -0.537678391148709, 44.873430317987143 ], [ -0.538002457899458, 44.872338492749172 ], [ -0.538028258173049, 44.868908435369462 ], [ -0.538365795436598, 44.868091059435045 ], [ -0.538632841236509, 44.867140743853973 ], [ -0.538985559117519, 44.866363437711797 ], [ -0.539046244273348, 44.866320946222906 ], [ -0.538913506646737, 44.866185487033412 ], [ -0.538909099290185, 44.866095503247088 ], [ -0.539155088546081, 44.865956977138133 ], [ -0.539315822844519, 44.865411104074397 ], [ -0.539299762752013, 44.865096181137474 ], [ -0.539466449656402, 44.864644748559343 ], [ -0.53959292116799, 44.864640714102819 ], [ -0.539726637836332, 44.864771634898155 ], [ -0.539735454975789, 44.864951602332283 ], [ -0.539988966695399, 44.864952526997492 ], [ -0.540214473888599, 44.864409092116666 ], [ -0.540145564510195, 44.864321166382119 ], [ -0.539893036671082, 44.864315704558642 ], [ -0.53983420998666, 44.864407705674338 ], [ -0.539579696238393, 44.864370762965066 ], [ -0.539813738632157, 44.864002799222966 ], [ -0.540452921944777, 44.864131110698224 ], [ -0.540750192339487, 44.863761127238831 ], [ -0.540921273976626, 44.863399676302393 ], [ -0.54134059415766, 44.862935671626367 ], [ -0.541389613808302, 44.862668240101932 ], [ -0.541001108310457, 44.862495884807252 ], [ -0.541489335094317, 44.861898999971466 ], [ -0.542092942642221, 44.861343491475616 ], [ -0.542606333631567, 44.861466793056749 ], [ -0.542725545788611, 44.861327799970923 ], [ -0.542400277189764, 44.861153430582014 ], [ -0.54263457157115, 44.860789958428533 ], [ -0.542940636634849, 44.860599936452694 ], [ -0.543261489800082, 44.860684320769792 ], [ -0.54447844388773, 44.859748710967203 ], [ -0.546006075562533, 44.85867698311727 ], [ -0.548540874568732, 44.857302648904124 ], [ -0.550775132096831, 44.856447077547294 ], [ -0.551575538131314, 44.856020401711845 ], [ -0.552509656929472, 44.855724625183356 ], [ -0.554737240465961, 44.854765540730597 ], [ -0.556158395537765, 44.854098131864816 ], [ -0.557228983554543, 44.853757383009494 ], [ -0.558335274558624, 44.85314059705788 ], [ -0.559576130923698, 44.852668187882358 ], [ -0.561053101391273, 44.851863734613318 ], [ -0.563620302541401, 44.850132002857499 ], [ -0.564358197310423, 44.849481924970576 ], [ -0.565070087884123, 44.848562301955305 ], [ -0.565689803693371, 44.847109392112515 ], [ -0.56583083810794, 44.846158544027624 ], [ -0.565657395215112, 44.845262868360685 ], [ -0.565027431275698, 44.843841116793591 ], [ -0.564826047083199, 44.843622276898905 ], [ -0.563934802269633, 44.842294537376617 ], [ -0.562666347605762, 44.841010453777542 ], [ -0.560689924424457, 44.83948772808624 ], [ -0.560488572732939, 44.83926888063246 ], [ -0.558983791863516, 44.838050928715347 ], [ -0.55884695827674, 44.837870564362156 ], [ -0.557401112773482, 44.836821939074554 ], [ -0.556036218216472, 44.836090642806354 ], [ -0.553547262076066, 44.834449051051827 ], [ -0.552640025015035, 44.834022991564048 ], [ -0.55172837638288, 44.833506942391601 ], [ -0.550691071703509, 44.833026453146871 ], [ -0.549975340777784, 44.832643809715996 ], [ -0.548939899474567, 44.832172257964473 ], [ -0.548418206630638, 44.831873519117423 ], [ -0.547385946832529, 44.83149197582788 ], [ -0.546233269802931, 44.831208904255462 ], [ -0.54609520173479, 44.830988010243807 ], [ -0.543124333001881, 44.829528342521343 ], [ -0.543056442014478, 44.829435882095346 ], [ -0.542796409934813, 44.82930900501438 ], [ -0.541423663076156, 44.828447114721804 ], [ -0.541101424741774, 44.828317714499377 ], [ -0.539597934864764, 44.827369855454329 ], [ -0.539012859364194, 44.827068592975387 ], [ -0.53698387523953, 44.825718399683652 ], [ -0.536517981982299, 44.825278138796556 ], [ -0.535665415390765, 44.824669960988707 ], [ -0.535330603460231, 44.824320144999646 ], [ -0.535008685903253, 44.824195224380581 ], [ -0.53368409025074, 44.82278646932609 ], [ -0.532117842831529, 44.820614850941048 ], [ -0.531792647054555, 44.819994351951308 ], [ -0.528357847308656, 44.814863097952177 ], [ -0.528157973339259, 44.814644153423927 ], [ -0.525835875708685, 44.811275365436934 ], [ -0.524850752130985, 44.809094199307559 ], [ -0.523544118761963, 44.807013370866812 ], [ -0.522534721763988, 44.805815290871756 ], [ -0.521206779508981, 44.804320910032224 ], [ -0.520192408450273, 44.803041861566612 ], [ -0.519429192628086, 44.801709770320464 ], [ -0.518864527504375, 44.800556120752766 ], [ -0.517850977754693, 44.799268018142101 ], [ -0.517497222532375, 44.798287912103007 ], [ -0.516548035996669, 44.794528439233318 ], [ -0.516467494482353, 44.79295838244272 ], [ -0.516588558071877, 44.790120235472344 ], [ -0.516322652416243, 44.78864167836695 ], [ -0.516389680448761, 44.787467979926234 ], [ -0.516485526520314, 44.786613296239281 ], [ -0.516387182303647, 44.785931498919538 ], [ -0.516048075122504, 44.78548714992997 ], [ -0.515917415701444, 44.785401175168474 ], [ -0.515866884102468, 44.784411450255654 ], [ -0.514770508465186, 44.781246951320313 ], [ -0.514145533484659, 44.780135762782898 ], [ -0.513944575439542, 44.779916835281924 ], [ -0.513532395552806, 44.779254003713859 ], [ -0.513071429973629, 44.778903633486763 ], [ -0.512993731921392, 44.778726157357355 ], [ -0.514640198158841, 44.777796274761016 ], [ -0.516445520038391, 44.777278653762195 ], [ -0.51647094962535, 44.777421447729161 ], [ -0.518976427872163, 44.78069889185268 ], [ -0.519451825343556, 44.781359697788844 ], [ -0.519916939491645, 44.781795526709125 ], [ -0.520343871103564, 44.782732738183867 ], [ -0.52427369750901, 44.788172792297438 ], [ -0.524500699903425, 44.788886542734517 ], [ -0.525430666276864, 44.790033043845931 ], [ -0.525923727600795, 44.791013198259087 ], [ -0.526393353234566, 44.791538983534117 ], [ -0.527160978795633, 44.79296100433794 ], [ -0.527189816655454, 44.793541370725293 ], [ -0.527690130535786, 44.796147985880353 ], [ -0.528192054458814, 44.797308096627042 ], [ -0.528337652777528, 44.798921147627915 ], [ -0.528708901921779, 44.799995296420207 ], [ -0.528972605836627, 44.801694710434141 ], [ -0.529330724269128, 44.80249891123691 ], [ -0.5298788628879, 44.804554262625039 ], [ -0.530386576182459, 44.805844863292592 ], [ -0.530452572365648, 44.805887822344395 ], [ -0.531204037224235, 44.807229236296855 ], [ -0.531405160126688, 44.807448134541573 ], [ -0.531761803822292, 44.808247872197725 ], [ -0.532204855333257, 44.809495467564638 ], [ -0.533059280492863, 44.811365315020765 ], [ -0.536621742634875, 44.816951978080617 ], [ -0.537643277140177, 44.818636226577645 ], [ -0.538521602609045, 44.819734733759773 ], [ -0.538567708048363, 44.819823385221234 ], [ -0.539786887693047, 44.820965078662311 ], [ -0.5400512800198, 44.821181944868755 ], [ -0.540657328637615, 44.821897096184834 ], [ -0.543295359825103, 44.824029854886966 ], [ -0.546362858116468, 44.826121786763061 ], [ -0.546622883499765, 44.826248655352714 ], [ -0.550277449637852, 44.828447883124724 ], [ -0.551056608604367, 44.828832997414054 ], [ -0.551124227632075, 44.828920955839493 ], [ -0.552618690138147, 44.829702226563633 ], [ -0.553074343306776, 44.829957999553443 ], [ -0.554097755810688, 44.830159525463607 ], [ -0.555656219279157, 44.830970250161151 ], [ -0.557079427876917, 44.831564488786405 ], [ -0.558573473477459, 44.83233668583582 ], [ -0.558896754032919, 44.832461497849081 ], [ -0.559160580339793, 44.832687354044083 ], [ -0.559507601920003, 44.833266530871676 ], [ -0.56126091469857, 44.834390870813088 ], [ -0.561907837645943, 44.834685530287963 ], [ -0.563346128692559, 44.8355946464794 ], [ -0.564207725013655, 44.836337525663609 ], [ -0.565391973478988, 44.837214226385733 ], [ -0.566647791587767, 44.838259851702546 ], [ -0.566792286736883, 44.838620210858366 ], [ -0.566945069392945, 44.839110984644158 ], [ -0.568560315077304, 44.841226532657295 ], [ -0.5695826147555, 44.843856836111328 ], [ -0.570010072468432, 44.846235906173447 ], [ -0.569927868056718, 44.847094743078941 ], [ -0.569532242539464, 44.849220916099135 ], [ -0.568534005918336, 44.850956404692212 ], [ -0.566957103903603, 44.852259864425655 ], [ -0.566657616585804, 44.852571413948219 ], [ -0.564890957528698, 44.853880942862716 ], [ -0.564031621025191, 44.854395230946899 ], [ -0.562733244744126, 44.85523905098659 ], [ -0.558472355055365, 44.857241395558027 ], [ -0.557913452952144, 44.857439571205546 ], [ -0.553324160078957, 44.859483783483348 ], [ -0.552829744777325, 44.859720423217887 ], [ -0.552841450005058, 44.85994536059669 ], [ -0.551968911498636, 44.860194104233621 ], [ -0.551420107549452, 44.860612728251596 ], [ -0.551190581958424, 44.86107069920687 ], [ -0.551408102395668, 44.861604485872718 ], [ -0.55116943473142, 44.861877993456311 ], [ -0.55084884740473, 44.861798129096684 ], [ -0.550392946032857, 44.86154234432248 ], [ -0.550074922007213, 44.861502951964027 ], [ -0.549315855171653, 44.861522731016855 ], [ -0.548700628013413, 44.861853340843552 ], [ -0.548090825275568, 44.862309948194607 ], [ -0.548046543883146, 44.862671863112283 ], [ -0.547740484804792, 44.86286189928957 ], [ -0.547173941777811, 44.862920569281776 ], [ -0.546737319194782, 44.863290519709921 ], [ -0.546144151231578, 44.864071032601707 ], [ -0.545857016146527, 44.864620957050604 ], [ -0.545678987175331, 44.864851957870286 ], [ -0.545563908641323, 44.865076440620236 ], [ -0.545647658328825, 44.865479325453919 ], [ -0.545193867550188, 44.866480690490746 ], [ -0.545265940301783, 44.866658637109843 ], [ -0.545333879930317, 44.866751097299471 ], [ -0.544900901872393, 44.86842322518762 ], [ -0.544924252525861, 44.868873102880166 ], [ -0.544678548809843, 44.869016139060498 ], [ -0.544645914545876, 44.869602992326037 ], [ -0.544978213414763, 44.869907813717262 ], [ -0.544476413856359, 44.870009461753952 ], [ -0.544261306873659, 44.870737330431751 ], [ -0.54421131305529, 44.87100930147524 ], [ -0.54397541072881, 44.871327766075524 ], [ -0.543599892442547, 44.872646567216684 ], [ -0.543738053132696, 44.872867467305241 ], [ -0.543936619590226, 44.873041375815312 ], [ -0.543301330560974, 44.873237405392025 ], [ -0.543001187099329, 44.873562425070531 ], [ -0.542737024234144, 44.874557724839832 ], [ -0.542102190713382, 44.875745104977625 ], [ -0.542052181976934, 44.876017075480235 ], [ -0.541689748666746, 44.876339573002383 ], [ -0.541639737402874, 44.876611543370288 ], [ -0.541393707595762, 44.876750075452044 ], [ -0.541110872894248, 44.877389973846988 ], [ -0.541056446191355, 44.877571960015857 ], [ -0.54069115905152, 44.877849482600368 ], [ -0.540277695143779, 44.878669289350768 ], [ -0.540233350481301, 44.879031203030131 ], [ -0.540679543904717, 44.879111600308832 ], [ -0.54075004541682, 44.879244538346882 ], [ -0.54018175707378, 44.879258160741642 ], [ -0.540122915205371, 44.879350162446265 ], [ -0.540511534640905, 44.879522521735673 ], [ -0.540455247209159, 44.879654998312184 ], [ -0.539949226008616, 44.879671139279473 ], [ -0.539676468093037, 44.88053151797466 ], [ -0.539592177137108, 44.881345329492213 ], [ -0.539540579010752, 44.881572287071101 ], [ -0.539547825941485, 44.88170724320257 ], [ -0.539235676390215, 44.881802816024269 ], [ -0.538968854742502, 44.882757634656876 ], [ -0.53894368972317, 44.883745304066537 ], [ -0.538896495501914, 44.884062245810718 ], [ -0.538824551958938, 44.886358218103581 ], [ -0.538669733193875, 44.887039090816906 ], [ -0.538675399082187, 44.888616096954422 ], [ -0.538710079253453, 44.889286422564503 ], [ -0.538647805216492, 44.89055015799584 ], [ -0.538964122113798, 44.891765774986951 ], [ -0.539434712900944, 44.892291522294606 ], [ -0.539832241625444, 44.892643853686884 ], [ -0.539921667748707, 44.893136690501763 ], [ -0.540480446283537, 44.894155310852788 ], [ -0.541342701608749, 44.896385447090367 ], [ -0.541839840221669, 44.897451092364534 ], [ -0.542162952519318, 44.898792665128191 ], [ -0.542655712022778, 44.899768322936801 ], [ -0.543116673259261, 44.901565136742988 ], [ -0.543544903493058, 44.902502295416291 ], [ -0.543890645852643, 44.903077077119335 ], [ -0.544745308210826, 44.904901878253739 ], [ -0.545431461973521, 44.906186794959119 ], [ -0.545772824808403, 44.906671586786672 ], [ -0.546131853984864, 44.907475760523504 ], [ -0.546339395385184, 44.90782963595214 ], [ -0.546904125970036, 44.908938172876532 ], [ -0.547671601181144, 44.910324127910478 ], [ -0.547899395397247, 44.911037858633428 ], [ -0.548360113616863, 44.911383642286658 ], [ -0.548441413010434, 44.911966864239339 ], [ -0.548637570859429, 44.912100291544839 ], [ -0.548663531244347, 44.912590649487939 ], [ -0.549131825618288, 44.913075884164599 ], [ -0.5492995207305, 44.913881660500991 ], [ -0.550484277599589, 44.915966263205448 ], [ -0.550650418634984, 44.916727025605198 ], [ -0.551065946577901, 44.917660067137405 ], [ -0.552016655514961, 44.92011264973808 ], [ -0.552339445635002, 44.921463237117173 ], [ -0.553131720219381, 44.923555870755521 ], [ -0.553834818710477, 44.926101989125044 ], [ -0.554165990085211, 44.927623549007571 ], [ -0.554383796918364, 44.928157340870278 ], [ -0.554708037475272, 44.929769249649567 ], [ -0.555000895637811, 44.930525956814677 ], [ -0.555122850870828, 44.931648641274016 ], [ -0.55528180991643, 44.932274443136215 ], [ -0.555246397265537, 44.932816338733815 ], [ -0.555141646375254, 44.933225262820677 ], [ -0.555125620948585, 44.93439292121149 ], [ -0.554923720644037, 44.935390780153931 ], [ -0.554891725440811, 44.935986642882732 ], [ -0.554570186698152, 44.937119013824784 ], [ -0.554534764112492, 44.937660909979272 ], [ -0.553911554571582, 44.939339186803743 ], [ -0.553675705069448, 44.939662175931318 ], [ -0.553515216429226, 44.940253135643346 ], [ -0.553160735797026, 44.940746653008247 ], [ -0.552302524728267, 44.942522562085834 ], [ -0.5522243427657, 44.943471396913324 ], [ -0.551817848197985, 44.944426220941175 ], [ -0.551114656153284, 44.945525716755654 ], [ -0.550835733307316, 44.946251141616479 ], [ -0.549666730515423, 44.948172149998967 ], [ -0.549264248323182, 44.948951087372642 ], [ -0.549016962361238, 44.949314987900948 ], [ -0.548636325941736, 44.950539354524778 ], [ -0.547822460361687, 44.951957806313999 ], [ -0.547411098896672, 44.952597322515373 ], [ -0.546846090614962, 44.953917694782028 ], [ -0.546659541598363, 44.954239093670907 ], [ -0.546558829978325, 44.954733500899877 ], [ -0.546197778027034, 44.955105531310487 ], [ -0.545871528435729, 44.956147897505318 ], [ -0.545716602534645, 44.956828794409688 ], [ -0.544967207112695, 44.958285723033882 ], [ -0.544812264320848, 44.958966619103144 ], [ -0.544323227584627, 44.959563536257903 ], [ -0.544128312524864, 44.960696342033629 ], [ -0.543935481802286, 44.963086356331843 ], [ -0.544098215130623, 44.966501499429562 ], [ -0.544295075492126, 44.967847133421571 ], [ -0.544353259656298, 44.968967364698791 ], [ -0.54463919682779, 44.969593645784727 ], [ -0.54503377094974, 44.97013084085529 ], [ -0.545484090801983, 44.971468392148765 ], [ -0.545760915307007, 44.971910200675552 ], [ -0.54627522264983, 44.973295279732518 ], [ -0.546467731119738, 44.974550926062626 ], [ -0.546840820275951, 44.975890939457344 ], [ -0.547125452746685, 44.978941697253902 ], [ -0.547486260830966, 44.979786400005523 ], [ -0.548218945319675, 44.981930596689722 ], [ -0.548777177553348, 44.982904188703671 ], [ -0.549791908826565, 44.984147109129829 ], [ -0.550122063890295, 44.984406952582205 ], [ -0.550792807342414, 44.985111066507272 ], [ -0.552582393351426, 44.986595096898917 ], [ -0.553585297697632, 44.987829353876883 ], [ -0.556608304095928, 44.989873257622357 ], [ -0.556810181834488, 44.990092122151097 ], [ -0.558529401096424, 44.991443126685304 ], [ -0.558933470319814, 44.991885345903952 ], [ -0.561435288357956, 44.993896241368716 ], [ -0.562948358673869, 44.99493833624873 ], [ -0.563679909638366, 44.995595371054399 ], [ -0.56499084716344, 44.99641408890821 ], [ -0.566971325793731, 44.997891796986785 ], [ -0.569820383428157, 44.999661557734463 ], [ -0.57337357394815, 45.001692540533092 ], [ -0.573959390184001, 45.001993678545766 ], [ -0.575855435496488, 45.003077386034093 ], [ -0.577078350624186, 45.003407595791195 ], [ -0.578927836016444, 45.003582437970095 ], [ -0.580220264689532, 45.00404557270857 ], [ -0.583641724617262, 45.005179187183387 ], [ -0.584283023131297, 45.005293719137057 ], [ -0.585512142168, 45.005758835430882 ], [ -0.585599738663352, 45.005837129161506 ], [ -0.586126074865899, 45.006040980766109 ], [ -0.586162727759913, 45.00605782515732 ] ] ] ] } },
{ "type": "Feature", "properties": { "fid": 11, "gid": 11, "id": 11, "cdmassedea": "FT35", "cdeumassed": "FRFT35", "nommassede": "Gironde amont", "systemeref": "31", "cdeubassin": "FRF", "typemassed": "T6", "cdeussbass": "FRF_COAC", "cdcategori": "1.2.2", "cdnaturema": "3", "surfacetot": 81.660464711305949 }, "geometry": { "type": "MultiPolygon", "coordinates": [ [ [ [ -0.750696183188805, 45.243853692875568 ], [ -0.7501087969368, 45.244056493710886 ], [ -0.748928834553576, 45.243810566352884 ], [ -0.731473260325961, 45.240170774360976 ], [ -0.729461726650402, 45.239751128938124 ], [ -0.714117633814074, 45.236548651846547 ], [ -0.711744994459336, 45.236053235813458 ], [ -0.692834692277099, 45.232102579978346 ], [ -0.690360095458668, 45.231585320330801 ], [ -0.690306084776201, 45.231175054102799 ], [ -0.690188297524255, 45.230282043922834 ], [ -0.690177550624175, 45.230196765159029 ], [ -0.690019599168423, 45.229390716308195 ], [ -0.68989486077666, 45.228488922047966 ], [ -0.689808943218266, 45.227865281900847 ], [ -0.689752901984395, 45.227596711078142 ], [ -0.689567672159325, 45.226705930062352 ], [ -0.689548694884511, 45.226611909227927 ], [ -0.689451031365136, 45.225984150359913 ], [ -0.689411722436298, 45.225814181628628 ], [ -0.689203891645765, 45.224928654557189 ], [ -0.688995769930881, 45.224038630057002 ], [ -0.688886893410355, 45.223568988200967 ], [ -0.68877140685664, 45.223153649177789 ], [ -0.688649641194647, 45.222720489426024 ], [ -0.688826947019134, 45.222489279752523 ], [ -0.688826881732252, 45.222295479325474 ], [ -0.688822108863178, 45.22139422975642 ], [ -0.688822853348359, 45.221231951870621 ], [ -0.688869481067141, 45.220914918802876 ], [ -0.688692531732369, 45.220515131962713 ], [ -0.688311866173315, 45.219657850639464 ], [ -0.688157583581283, 45.219311398883825 ], [ -0.687995521711106, 45.218789429763063 ], [ -0.687721861132421, 45.217910584508218 ], [ -0.687616540733712, 45.217571529151321 ], [ -0.687381356502592, 45.217042960908536 ], [ -0.687182070670925, 45.216594333227519 ], [ -0.687104193767767, 45.216168737773891 ], [ -0.687090825884467, 45.216101573883414 ], [ -0.686756371342602, 45.215305861976269 ], [ -0.68639328926785, 45.214443489512874 ], [ -0.686154182142815, 45.213874486209356 ], [ -0.68600124780637, 45.21358657962751 ], [ -0.685587845323524, 45.2128115005099 ], [ -0.685563027608517, 45.212744714593661 ], [ -0.685261440501559, 45.211866788713891 ], [ -0.685058663110365, 45.2112875707207 ], [ -0.684889793820901, 45.211009203269839 ], [ -0.684569706356102, 45.210487941309104 ], [ -0.684411486769522, 45.210177672726715 ], [ -0.68417037384002, 45.209365354535613 ], [ -0.684053892158974, 45.208972581934738 ], [ -0.683842700544207, 45.208497301794139 ], [ -0.683618279010016, 45.207995415964426 ], [ -0.683475890630404, 45.207635047098179 ], [ -0.683129152874262, 45.206767622408869 ], [ -0.683103068428476, 45.20670087801787 ], [ -0.682752483535165, 45.205910198741279 ], [ -0.682376122653548, 45.20505727117218 ], [ -0.682035482661222, 45.204185136491439 ], [ -0.681695150134636, 45.203317498146568 ], [ -0.681503465952271, 45.202828051062454 ], [ -0.681344946863399, 45.202454691847898 ], [ -0.680979487479333, 45.201592388129704 ], [ -0.68091910167668, 45.201450155826151 ], [ -0.680678329429984, 45.200718949220885 ], [ -0.680537888979258, 45.200290909283417 ], [ -0.680365730954744, 45.199845887240933 ], [ -0.680029267389805, 45.198978118789441 ], [ -0.679812808242975, 45.198421882328738 ], [ -0.679671484085529, 45.198115559758691 ], [ -0.679420301356474, 45.197573988709657 ], [ -0.678234131395178, 45.193061037352919 ], [ -0.675995555593995, 45.18568928580612 ], [ -0.675928630836434, 45.185524732888801 ], [ -0.67234423235363, 45.176633364847881 ], [ -0.670159430579253, 45.168894738891325 ], [ -0.668959206268614, 45.161646522206986 ], [ -0.668862895789542, 45.159463833386475 ], [ -0.668762420209152, 45.158768566046817 ], [ -0.668633688648363, 45.157875923893172 ], [ -0.668504665687272, 45.156978784580197 ], [ -0.668490536976327, 45.156880097167253 ], [ -0.668445418846615, 45.155980198051893 ], [ -0.668400302170336, 45.155080299107063 ], [ -0.668388248269335, 45.154819294574317 ], [ -0.668180404607194, 45.154506140505042 ], [ -0.668196791765668, 45.154212652105578 ], [ -0.668246660109712, 45.153381739764917 ], [ -0.668235872227656, 45.153314490939259 ], [ -0.668109703915157, 45.152421765688864 ], [ -0.668041523032695, 45.151946275860787 ], [ -0.667902483728721, 45.151536213549107 ], [ -0.667889951324274, 45.151500570493049 ], [ -0.66793902486075, 45.150638136669741 ], [ -0.667989546631705, 45.149739600046956 ], [ -0.66804133783127, 45.148841021779347 ], [ -0.66809156089922, 45.147937988302132 ], [ -0.667987014247254, 45.147044553230764 ], [ -0.667975046227518, 45.14695931573209 ], [ -0.668071072544872, 45.146365752285377 ], [ -0.667957074732357, 45.146162184815367 ], [ -0.667944158740825, 45.146140075179602 ], [ -0.667924634333363, 45.145784672051427 ], [ -0.668178019300995, 45.145298604586728 ], [ -0.668213283454868, 45.145234347788097 ], [ -0.668113171148735, 45.144408371159123 ], [ -0.66800706441965, 45.143510481480646 ], [ -0.667982037599763, 45.14330398735467 ], [ -0.667980053030733, 45.142614496828145 ], [ -0.667978164947478, 45.14171317896394 ], [ -0.667976276925125, 45.140811861292491 ], [ -0.667975397885432, 45.140604572889139 ], [ -0.668201101850905, 45.139930126151533 ], [ -0.668249132630475, 45.139788831995965 ], [ -0.668092075878038, 45.139045854482077 ], [ -0.668161852985068, 45.138169220760346 ], [ -0.668079902335251, 45.137270538034514 ], [ -0.668003449507103, 45.136416743575545 ], [ -0.668030348687368, 45.136244596568311 ], [ -0.668137146905084, 45.135524486512125 ], [ -0.668271815387399, 45.134627690491719 ], [ -0.668405504221555, 45.133735433488688 ], [ -0.668538893398254, 45.13283867934588 ], [ -0.668667608229118, 45.131987147839304 ], [ -0.668662408339314, 45.131946756954427 ], [ -0.668555045795314, 45.131048912284356 ], [ -0.668458676580782, 45.130240843795441 ], [ -0.668418757617558, 45.130156526638622 ], [ -0.668099410247395, 45.129481988931367 ], [ -0.668075570699233, 45.129293484189262 ], [ -0.667990227655903, 45.128633780335534 ], [ -0.667876355640814, 45.128412183165267 ], [ -0.667442592602412, 45.127565640881308 ], [ -0.667350736055994, 45.127388387834046 ], [ -0.667130905187872, 45.126697053779189 ], [ -0.666966767088883, 45.12617514880467 ], [ -0.66673655322978, 45.125849213261439 ], [ -0.666240533506433, 45.125139922418562 ], [ -0.666223516342945, 45.125113440899234 ], [ -0.666215932018123, 45.124978484066212 ], [ -0.665737558581538, 45.124363255532586 ], [ -0.665707041596265, 45.124305669825063 ], [ -0.665313457631431, 45.123565965717582 ], [ -0.665435399048822, 45.123503366205284 ], [ -0.665498127825465, 45.12346975514177 ], [ -0.665537223856856, 45.123017782082421 ], [ -0.665226992290983, 45.122694475964067 ], [ -0.665201083128561, 45.122668286759342 ], [ -0.665170951285415, 45.123295732805346 ], [ -0.665021142857103, 45.123088836088947 ], [ -0.664450074741962, 45.122282855987677 ], [ -0.663879318047633, 45.121481370290859 ], [ -0.663726388520233, 45.121265561114257 ], [ -0.664112441330382, 45.121347514127343 ], [ -0.663913820245742, 45.120998001357847 ], [ -0.663441382017984, 45.120161734062791 ], [ -0.663283058817233, 45.119883005729008 ], [ -0.662663042283019, 45.119475231687026 ], [ -0.661964839647204, 45.119020448151041 ], [ -0.661789260971882, 45.118827915408417 ], [ -0.661222358245631, 45.118220087376436 ], [ -0.661113249680421, 45.118070438640984 ], [ -0.660527339731859, 45.117269437402499 ], [ -0.659941741183067, 45.116472930418141 ], [ -0.659357135065903, 45.115671881625936 ], [ -0.658771569921008, 45.114875368808818 ], [ -0.65818729173083, 45.114078811373709 ], [ -0.657601465529951, 45.113277795547702 ], [ -0.656903302519984, 45.112530039107369 ], [ -0.656204569612495, 45.111773284073792 ], [ -0.656048582178655, 45.111607142243002 ], [ -0.655573269653856, 45.110996285961626 ], [ -0.654959181479906, 45.110209706791359 ], [ -0.654346086626993, 45.109418585554565 ], [ -0.653733303193082, 45.108631958284491 ], [ -0.653121807132987, 45.107845286158664 ], [ -0.652920291814319, 45.107585990129898 ], [ -0.65255487655923, 45.107039123250765 ], [ -0.652010530157683, 45.1062277111239 ], [ -0.651464929474783, 45.105416338125259 ], [ -0.650920320862502, 45.104600423818169 ], [ -0.650639667710719, 45.104181472441724 ], [ -0.650456129517123, 45.10376835239073 ], [ -0.650079384897074, 45.10291088084567 ], [ -0.64996426263053, 45.102648750512095 ], [ -0.649398993941788, 45.101847028179172 ], [ -0.648832177842668, 45.101040847545484 ], [ -0.648419754004398, 45.100454949045911 ], [ -0.648297809957405, 45.100224588578627 ], [ -0.647848346190205, 45.099383013791886 ], [ -0.647398895950089, 45.098541437370201 ], [ -0.646949459236478, 45.097699859313813 ], [ -0.646786069834484, 45.097029188615103 ], [ -0.646687488708677, 45.09682510303697 ], [ -0.646281935078031, 45.095973073392685 ], [ -0.645873560738148, 45.095116628383877 ], [ -0.645640949557907, 45.094633000873586 ], [ -0.645525857403812, 45.094253690269788 ], [ -0.645256013113275, 45.093374683525887 ], [ -0.645024864258746, 45.092620600417881 ], [ -0.645039508491508, 45.092493931275591 ], [ -0.645079634843866, 45.092172636593318 ], [ -0.644466877440541, 45.091381464604602 ], [ -0.644394691836201, 45.091289183844751 ], [ -0.644231351793386, 45.090618510483203 ], [ -0.644167469372829, 45.090516944439479 ], [ -0.643953845543275, 45.090167897276082 ], [ -0.643925208250765, 45.089650554538437 ], [ -0.643912892472914, 45.089403084624166 ], [ -0.643680805453058, 45.088770714272769 ], [ -0.643360522258104, 45.087897862672975 ], [ -0.643040542155758, 45.087029507532776 ], [ -0.642719009272955, 45.086156696001062 ], [ -0.642399049088725, 45.085288339402865 ], [ -0.642290542226947, 45.084989934186623 ], [ -0.64202763086918, 45.084430678564011 ], [ -0.641624484284185, 45.083574054430713 ], [ -0.641221642974185, 45.082721926212763 ], [ -0.640820083488661, 45.081869755222989 ], [ -0.640417266703801, 45.081017624468011 ], [ -0.640014169372299, 45.08016099525566 ], [ -0.63961391615609, 45.079308778985762 ], [ -0.63921240565807, 45.078456602946815 ], [ -0.638810907391634, 45.077604425647358 ], [ -0.638768239055725, 45.077515684757849 ], [ -0.638056315887658, 45.076858424425211 ], [ -0.638036400335908, 45.076786967043951 ], [ -0.637785799243235, 45.075907324084511 ], [ -0.637534913438802, 45.07502318357276 ], [ -0.637464454088552, 45.074774984628029 ], [ -0.631736644204896, 45.070851600929714 ], [ -0.629204880712953, 45.068805285551718 ], [ -0.628589658302841, 45.068190353459855 ], [ -0.627057185058524, 45.066657962758022 ], [ -0.627680035809813, 45.066416843302243 ], [ -0.627791989526409, 45.066142793247593 ], [ -0.627597043034634, 45.066059010518273 ], [ -0.627282367665265, 45.066109822426547 ], [ -0.626856025623765, 45.066439179880049 ], [ -0.625957747177824, 45.065398034711684 ], [ -0.624997017716228, 45.064283601263135 ], [ -0.62410385814836, 45.063447641061536 ], [ -0.623236446889699, 45.062643345425528 ], [ -0.622185755169815, 45.061576025810176 ], [ -0.624179882766637, 45.061708829655259 ], [ -0.625909244844644, 45.061858535918979 ], [ -0.630313061052259, 45.062239637746941 ], [ -0.633639805958154, 45.062527412080215 ], [ -0.633637870631099, 45.062521685830724 ], [ -0.631828322705167, 45.057167068503759 ], [ -0.629979616755986, 45.050002793045337 ], [ -0.629977278738718, 45.049993731373462 ], [ -0.632250847807728, 45.052567425500825 ], [ -0.633316182761979, 45.053483574719806 ], [ -0.633672928538291, 45.054238071242743 ], [ -0.634917625464454, 45.055193419883082 ], [ -0.636405448137469, 45.056875410294559 ], [ -0.636687992294306, 45.057406987473207 ], [ -0.637294323736726, 45.058067694500771 ], [ -0.638675835553611, 45.058973469679771 ], [ -0.639483002403552, 45.059807871595631 ], [ -0.640278094615669, 45.06041732668632 ], [ -0.640684083118294, 45.0611251292001 ], [ -0.641405308144583, 45.061556723342029 ], [ -0.643526789579504, 45.063217907476492 ], [ -0.644929834443518, 45.064528516784897 ], [ -0.645558919512484, 45.065594048818575 ], [ -0.646075624865439, 45.066262156965863 ], [ -0.646241027985131, 45.066477571729614 ], [ -0.64656069360705, 45.066737508694992 ], [ -0.646950648677625, 45.0669050074818 ], [ -0.646962775610487, 45.067129948295729 ], [ -0.647227770362281, 45.067351113391929 ], [ -0.647617731705787, 45.067518609870817 ], [ -0.648152911298396, 45.068001327569405 ], [ -0.651182627818492, 45.071214501728221 ], [ -0.651977715813404, 45.071819377977206 ], [ -0.652452772727344, 45.07252938891385 ], [ -0.652772572998888, 45.072654102662973 ], [ -0.653249386263349, 45.073273917625606 ], [ -0.653840296002419, 45.073615073466435 ], [ -0.654854395345362, 45.074767080589254 ], [ -0.655318685871565, 45.07511689185916 ], [ -0.656028038891119, 45.075323452508783 ], [ -0.658388655733412, 45.076697118403537 ], [ -0.659710735245328, 45.077654190611831 ], [ -0.661540727630426, 45.078828905306381 ], [ -0.663130386399436, 45.080043045648232 ], [ -0.66471578231177, 45.081171676581796 ], [ -0.664800713575217, 45.081574496076897 ], [ -0.665069770362547, 45.081836051894655 ], [ -0.666321029077348, 45.082660180281941 ], [ -0.666791472272249, 45.083140444545762 ], [ -0.666868841207426, 45.083408307266225 ], [ -0.667530617251938, 45.08389579005626 ], [ -0.669684689369795, 45.086357683820403 ], [ -0.671199642119588, 45.088520623690876 ], [ -0.671575261146124, 45.089589887333624 ], [ -0.672932850029883, 45.091447024193265 ], [ -0.673736945583795, 45.092200194909324 ], [ -0.675192668582663, 45.09328339956118 ], [ -0.676860343936562, 45.094724648380378 ], [ -0.679323829539335, 45.097040970995842 ], [ -0.679548918250244, 45.096497218008274 ], [ -0.679470200629945, 45.096229405148513 ], [ -0.679577308431737, 45.095865317081348 ], [ -0.679390710769151, 45.094519416632814 ], [ -0.679551996205242, 45.094108470428694 ], [ -0.679549338090349, 45.09393279 ], [ -0.679219330203846, 45.093713839165154 ], [ -0.679188463927873, 45.093128964725985 ], [ -0.678902375331642, 45.09255251954658 ], [ -0.677927004124998, 45.089565124590436 ], [ -0.677273795587206, 45.088049849482168 ], [ -0.675853485737022, 45.085297970163559 ], [ -0.675844644910178, 45.084892644747029 ], [ -0.675700794408528, 45.084581912110679 ], [ -0.674368015842358, 45.082268804235753 ], [ -0.672939367628231, 45.080508682183968 ], [ -0.671131827955403, 45.078576255557046 ], [ -0.670631893394836, 45.078092475403494 ], [ -0.668317085306401, 45.075852236739628 ], [ -0.667060345109406, 45.07494268711492 ], [ -0.6638860427734, 45.072374629460327 ], [ -0.662365464856004, 45.071279920672396 ], [ -0.658152009328249, 45.068511536449421 ], [ -0.656435122981962, 45.067076181744248 ], [ -0.655477039044169, 45.06578715237054 ], [ -0.653355399286896, 45.064130691816317 ], [ -0.652073204311566, 45.062726083227716 ], [ -0.651452444567502, 45.062354354710038 ], [ -0.651286759731111, 45.062251626043448 ], [ -0.650644304254432, 45.061664280262768 ], [ -0.650097543522378, 45.061159422485972 ], [ -0.64983969757874, 45.060969578129274 ], [ -0.648972347728619, 45.060326501734693 ], [ -0.648980644260712, 45.060317216299197 ], [ -0.649275811678492, 45.060046149754541 ], [ -0.64920022469762, 45.059823289430732 ], [ -0.648912605737096, 45.059566817829975 ], [ -0.648666676716055, 45.059345033340612 ], [ -0.647938600805551, 45.059003845101046 ], [ -0.647753801237951, 45.058919765142114 ], [ -0.64754212531561, 45.058521092818268 ], [ -0.647097675810742, 45.058531146810331 ], [ -0.646845141185285, 45.058539419379805 ], [ -0.646444491689749, 45.058187496098249 ], [ -0.646747966985784, 45.058024326297506 ], [ -0.646876813886636, 45.057952504416072 ], [ -0.64686009327524, 45.057637579706729 ], [ -0.646498687845974, 45.057243810625138 ], [ -0.646455148032219, 45.057200169274644 ], [ -0.645490307660881, 45.056952349568007 ], [ -0.645358426168095, 45.05688005339843 ], [ -0.645097495266079, 45.056739874642631 ], [ -0.64501224060805, 45.056075668145994 ], [ -0.645010385457451, 45.056066715402906 ], [ -0.644795809127834, 45.055623066707447 ], [ -0.644527260526116, 45.055248785823167 ], [ -0.64438464132949, 45.055050651534152 ], [ -0.643844637211682, 45.054491465872012 ], [ -0.643779333832392, 45.054426002331574 ], [ -0.642803519999184, 45.053989237843972 ], [ -0.642739292703569, 45.053959792417757 ], [ -0.642390041627624, 45.053380838368263 ], [ -0.642108246637849, 45.053290910231276 ], [ -0.640953843424034, 45.052923067818341 ], [ -0.640452341216515, 45.052759200395492 ], [ -0.640088085583302, 45.052320439491353 ], [ -0.63997779490333, 45.052188844190539 ], [ -0.63914582314634, 45.05173382639687 ], [ -0.638141208864506, 45.051185297676284 ], [ -0.637622951698021, 45.050900284621498 ], [ -0.637220070527559, 45.050570939062162 ], [ -0.637025268348813, 45.050410555620424 ], [ -0.63643470607659, 45.050069312692209 ], [ -0.636239311462878, 45.050017108465219 ], [ -0.635483013581807, 45.049825489438255 ], [ -0.635284897341926, 45.049692251722639 ], [ -0.635239333128904, 45.049558538491439 ], [ -0.635209380048295, 45.04946938251738 ], [ -0.636275113257775, 45.049218251004561 ], [ -0.636288777865074, 45.049213297906796 ], [ -0.636584814330231, 45.049072932121106 ], [ -0.63706388503236, 45.048520980966494 ], [ -0.637488918781709, 45.048682854084589 ], [ -0.637645166137034, 45.04881745617643 ], [ -0.63781371094709, 45.048965176326632 ], [ -0.638539828979209, 45.049455209208389 ], [ -0.638671585549895, 45.049545543402637 ], [ -0.639013474502041, 45.049719142446257 ], [ -0.639555250341989, 45.04999436640292 ], [ -0.640266561675757, 45.050471353048337 ], [ -0.640528038036203, 45.050561949734508 ], [ -0.641667358697908, 45.050952821706815 ], [ -0.642077295509582, 45.05109714543751 ], [ -0.64271631068548, 45.051166370634668 ], [ -0.642684587553075, 45.051050233758218 ], [ -0.642440372799527, 45.050170399555142 ], [ -0.642197141703725, 45.049286026360058 ], [ -0.641951673516711, 45.048406233012422 ], [ -0.641707189035217, 45.047521900674091 ], [ -0.641462712278504, 45.04663756800656 ], [ -0.641394299229192, 45.046387429759079 ], [ -0.641075364043128, 45.045784949352473 ], [ -0.64082923813906, 45.045324301726801 ], [ -0.640524460062483, 45.044978240085783 ], [ -0.640166401762906, 45.044575333001085 ], [ -0.639746568914002, 45.044278099537003 ], [ -0.63930936978581, 45.043967912358838 ], [ -0.638922926029746, 45.043597477000723 ], [ -0.638572789241019, 45.043257400554573 ], [ -0.638218269524072, 45.042849865820401 ], [ -0.637554327693146, 45.042082893456396 ], [ -0.6368904040546, 45.041315917291556 ], [ -0.636746087947001, 45.041149378368011 ], [ -0.636235086629917, 45.040544150038784 ], [ -0.63558261672644, 45.039776793359025 ], [ -0.635435186805238, 45.039601341385172 ], [ -0.635184716455402, 45.039366161175074 ], [ -0.634423269385868, 45.038642918636164 ], [ -0.633663402637294, 45.03792412676642 ], [ -0.633265328928212, 45.037549547993869 ], [ -0.632843440805411, 45.037238839020723 ], [ -0.631962408036211, 45.036591592609305 ], [ -0.631081687506665, 45.03594883649879 ], [ -0.63020196390787, 45.035301534995135 ], [ -0.629320700439575, 45.034649770862963 ], [ -0.628438480659532, 45.034002538393544 ], [ -0.627993566084429, 45.033904377403992 ], [ -0.627375311561722, 45.033622584929766 ], [ -0.627147601100782, 45.033521847150084 ], [ -0.626473024153156, 45.032998525791527 ], [ -0.625615357886816, 45.032336953006094 ], [ -0.625109372599185, 45.031943331235269 ], [ -0.624763471338727, 45.031666172806922 ], [ -0.623925266455263, 45.030990434655436 ], [ -0.623088350199476, 45.03031464901968 ], [ -0.622250476890523, 45.029643395679969 ], [ -0.621412332614018, 45.028967638982614 ], [ -0.620574208567252, 45.02829187610029 ], [ -0.619736104749685, 45.027616107033353 ], [ -0.618898021160771, 45.0269403317821 ], [ -0.618557254816797, 45.026662989449349 ], [ -0.618000427605632, 45.026307045766451 ], [ -0.617060498832686, 45.025706675946616 ], [ -0.616117763036346, 45.025101883544018 ], [ -0.615177584144093, 45.024497000842658 ], [ -0.61423644775897, 45.023896648687206 ], [ -0.61329630942258, 45.02329175029881 ], [ -0.612356191396354, 45.022686844071899 ], [ -0.611415115679051, 45.022086468364868 ], [ -0.611200087638797, 45.021944729574784 ], [ -0.61059058520321, 45.021401184402919 ], [ -0.609802960242796, 45.020696671280696 ], [ -0.609147466697007, 45.020109545433215 ], [ -0.608997202543294, 45.020006261379173 ], [ -0.608159798685396, 45.019416017980731 ], [ -0.608092223130114, 45.019373143517711 ], [ -0.607139147054358, 45.018782137880557 ], [ -0.60618706945035, 45.01818658587289 ], [ -0.605929062265952, 45.018028204728054 ], [ -0.605189430734503, 45.017633062245643 ], [ -0.604177173633887, 45.017089017167898 ], [ -0.604165471028016, 45.017084889706894 ], [ -0.603070147197538, 45.016651684400074 ], [ -0.601961869957382, 45.016214381734308 ], [ -0.600854878107563, 45.01577702704315 ], [ -0.600083055313434, 45.015473026465138 ], [ -0.599753665425556, 45.015330461805675 ], [ -0.598669066583919, 45.014865322582772 ], [ -0.597583217702469, 45.014400213860178 ], [ -0.596499922945093, 45.013935012615285 ], [ -0.595413821224486, 45.013465385630475 ], [ -0.594329294541145, 45.013000204365483 ], [ -0.593243517856877, 45.012535053552568 ], [ -0.59215902721257, 45.012069851263284 ], [ -0.590981064582093, 45.011553577913638 ], [ -0.58998807512461, 45.011008790751319 ], [ -0.588983404880396, 45.01045986576387 ], [ -0.587980022287721, 45.009910890894048 ], [ -0.586975391414573, 45.009361947949948 ], [ -0.585972048169071, 45.008812955146986 ], [ -0.585650572197846, 45.008634044082022 ], [ -0.584938466568051, 45.008287461198748 ], [ -0.583892109036463, 45.007780396084556 ], [ -0.58405291143593, 45.00761298012722 ], [ -0.584760949671271, 45.006864613553653 ], [ -0.585467989164095, 45.006120780741576 ], [ -0.585529827032935, 45.006114280876012 ], [ -0.586162727759913, 45.00605782515732 ], [ -0.586646075353073, 45.00634417795024 ], [ -0.58681752748193, 45.006442299499135 ], [ -0.587708740281539, 45.006828158266508 ], [ -0.588504525748881, 45.00717202364438 ], [ -0.588830896600514, 45.007229092020033 ], [ -0.58895307699307, 45.007252189104051 ], [ -0.58954641880766, 45.007688203441575 ], [ -0.589821386251124, 45.007755940930146 ], [ -0.591025694850071, 45.008050551960942 ], [ -0.591598993242202, 45.008352006980722 ], [ -0.591867356402459, 45.008613734302408 ], [ -0.591943204889333, 45.008647337428933 ], [ -0.593030163354381, 45.00911245947006 ], [ -0.594115871922844, 45.009577611924875 ], [ -0.595201309669862, 45.010038256629677 ], [ -0.596151140546538, 45.01044469014947 ], [ -0.596297599087582, 45.010489527437016 ], [ -0.5973759584761, 45.010819690729058 ], [ -0.597437753709973, 45.010871771055875 ], [ -0.597905715406695, 45.011253213963101 ], [ -0.598339650238823, 45.011500558858103 ], [ -0.598364609363734, 45.0115132711882 ], [ -0.598814543855484, 45.011633912944809 ], [ -0.599377443250937, 45.011989745994043 ], [ -0.600328075100096, 45.01258539625961 ], [ -0.601218312511771, 45.012696284179434 ], [ -0.601507982233564, 45.012853649705313 ], [ -0.602523651488214, 45.013393098022817 ], [ -0.602650454301303, 45.013388991559545 ], [ -0.603066674166205, 45.013636893086513 ], [ -0.603372039522307, 45.013820785256293 ], [ -0.604013837039087, 45.013980257982709 ], [ -0.60419886126567, 45.013992289908025 ], [ -0.604524238904467, 45.014013293679049 ], [ -0.605040795213589, 45.014181325207822 ], [ -0.605356243280985, 45.014324326237208 ], [ -0.606425271774181, 45.014803426238231 ], [ -0.606925319765125, 45.015030570353431 ], [ -0.607433705196443, 45.015347573893358 ], [ -0.607895684420679, 45.01563453417014 ], [ -0.608479837289022, 45.01584542435625 ], [ -0.608737296313379, 45.015936218207131 ], [ -0.609494069821169, 45.016380353457293 ], [ -0.610472309469203, 45.01694798835949 ], [ -0.610505462630181, 45.016969445436942 ], [ -0.611376008483657, 45.017581127618456 ], [ -0.611493116542245, 45.017662951615641 ], [ -0.612213861251447, 45.018256957759199 ], [ -0.613043147551149, 45.018937567190953 ], [ -0.613872163605155, 45.019613673388804 ], [ -0.614701780620397, 45.020298767902482 ], [ -0.615531127391048, 45.020979359181617 ], [ -0.616359226114543, 45.021659985630862 ], [ -0.617189881407162, 45.022340523585029 ], [ -0.617451428758353, 45.022552844948891 ], [ -0.618100480513065, 45.022959870267265 ], [ -0.618829126063305, 45.023418382990826 ], [ -0.619037151267479, 45.023569348965466 ], [ -0.619922611886523, 45.024212033121863 ], [ -0.620083926352076, 45.02432846395444 ], [ -0.620886747752878, 45.024793564389661 ], [ -0.621869345775262, 45.025365473797066 ], [ -0.622768567340024, 45.02588601020247 ], [ -0.622843085786915, 45.025937663690776 ], [ -0.623745801430301, 45.026570745380653 ], [ -0.623757798693609, 45.026579367960025 ], [ -0.624519047099119, 45.027284651087321 ], [ -0.6252910441424, 45.027998592885766 ], [ -0.626063060871772, 45.028712529469857 ], [ -0.626547153973056, 45.029160939262901 ], [ -0.626790601805596, 45.029445937752911 ], [ -0.62722453949074, 45.029963579753833 ], [ -0.627609996615481, 45.030086214321251 ], [ -0.62812930724171, 45.030254056744752 ], [ -0.62863814074862, 45.030593491907567 ], [ -0.629562661502626, 45.031207794089383 ], [ -0.630487202542911, 45.031822088697176 ], [ -0.631413324185615, 45.032440831490597 ], [ -0.632337905890393, 45.033055110937198 ], [ -0.633263776347485, 45.033669341394535 ], [ -0.633525638070129, 45.033845565616907 ], [ -0.634106915851364, 45.034340346891547 ], [ -0.634509269845199, 45.034683235156443 ], [ -0.63489250153995, 45.035044773515217 ], [ -0.635653613499876, 45.035763515001925 ], [ -0.636415037301829, 45.036486748570475 ], [ -0.637173651326571, 45.037205562847348 ], [ -0.637934821946788, 45.037924289160095 ], [ -0.638696304605403, 45.038647507550387 ], [ -0.639457514378145, 45.039366223733673 ], [ -0.639698537355402, 45.039592690467956 ], [ -0.639790653513816, 45.039679812071469 ], [ -0.640190243969832, 45.040252615306287 ], [ -0.640312905117377, 45.040379297894368 ], [ -0.641045858852193, 45.041112449348837 ], [ -0.641780100428567, 45.041845554611875 ], [ -0.642336454467879, 45.042404208678867 ], [ -0.642536611463911, 45.042568913547498 ], [ -0.643365064953286, 45.043244845921294 ], [ -0.644195100102218, 45.04392522784908 ], [ -0.644258244118535, 45.043977241103505 ], [ -0.644583236536003, 45.044223483104858 ], [ -0.64505511480316, 45.044577582208639 ], [ -0.645483662397695, 45.044851977601823 ], [ -0.646425779291285, 45.045456566097748 ], [ -0.647367916535462, 45.046061146721968 ], [ -0.648308805382479, 45.046665761059934 ], [ -0.649250689928095, 45.047265828826376 ], [ -0.649391633369858, 45.047360356235565 ], [ -0.649793285943593, 45.047631111683501 ], [ -0.650712563343611, 45.048254443310825 ], [ -0.651631567629875, 45.048873270334568 ], [ -0.65168749937656, 45.048911996204041 ], [ -0.652315496592919, 45.049630499812935 ], [ -0.652983242987553, 45.050392763671042 ], [ -0.653040939441765, 45.050458471584811 ], [ -0.653388568370821, 45.051244758934914 ], [ -0.653474792729567, 45.051435719642193 ], [ -0.65396324030133, 45.052041620316068 ], [ -0.654594146808273, 45.052823112978388 ], [ -0.654685239426081, 45.052932791465821 ], [ -0.654576782972077, 45.053296893236713 ], [ -0.65482293646569, 45.053658366572861 ], [ -0.65506059800953, 45.054006598026135 ], [ -0.65519502765743, 45.05450694203671 ], [ -0.655430873178787, 45.055391538058302 ], [ -0.655537270639604, 45.055793653578121 ], [ -0.655741443468687, 45.056057355228404 ], [ -0.65555864939063, 45.056198560860018 ], [ -0.655527463087867, 45.056402389571922 ], [ -0.655511676277492, 45.056511070440543 ], [ -0.655993286974195, 45.057225352234376 ], [ -0.656050900970292, 45.057309088853714 ], [ -0.656081505692231, 45.057893964291303 ], [ -0.656179371499706, 45.058107075437491 ], [ -0.656225178663436, 45.058204720097677 ], [ -0.656866693771936, 45.058855159546596 ], [ -0.657300239166392, 45.059300609414286 ], [ -0.657652910028673, 45.059559430166367 ], [ -0.658537139550845, 45.060206393834179 ], [ -0.659151503332058, 45.060654908989548 ], [ -0.659321538212161, 45.060901700398404 ], [ -0.65970194722759, 45.061448038095683 ], [ -0.659927532153285, 45.061688496010646 ], [ -0.66063144677135, 45.0624360152542 ], [ -0.661337918420878, 45.063183446727379 ], [ -0.661440463158244, 45.063292744378188 ], [ -0.662135379402513, 45.063882813787934 ], [ -0.662571613201573, 45.064251542391403 ], [ -0.663005088521902, 45.064539237866732 ], [ -0.663559069524396, 45.064899582429824 ], [ -0.663862126478566, 45.06519607290128 ], [ -0.664611623581786, 45.065919536895954 ], [ -0.66536143484944, 45.066647493089377 ], [ -0.666110970777693, 45.067370947271229 ], [ -0.666507527816333, 45.067754489344672 ], [ -0.666905038349275, 45.068074903424545 ], [ -0.667747830391731, 45.068745702055168 ], [ -0.668590642641298, 45.069416494427728 ], [ -0.669016306754015, 45.069758508449034 ], [ -0.669416590794635, 45.070101357407218 ], [ -0.670224110379658, 45.070795836115565 ], [ -0.671029111422096, 45.071490392786295 ], [ -0.671614241108566, 45.071993893638449 ], [ -0.671858632628096, 45.072170615401205 ], [ -0.672209887270263, 45.072424935694741 ], [ -0.672858756755529, 45.072678452898863 ], [ -0.672883464670626, 45.072686651630598 ], [ -0.673953581495097, 45.072962322632748 ], [ -0.674055161250443, 45.073017560123105 ], [ -0.675041861997657, 45.073552863226737 ], [ -0.675065596881407, 45.073565600453939 ], [ -0.675646086080709, 45.073726715306748 ], [ -0.675891644919347, 45.073862828840348 ], [ -0.676894793420313, 45.074415601191795 ], [ -0.677897665907372, 45.07496386751081 ], [ -0.67792550598198, 45.074980975444909 ], [ -0.678790962720025, 45.075605882452713 ], [ -0.679679202451856, 45.076248058113819 ], [ -0.680570001393353, 45.076890142893937 ], [ -0.680615529829261, 45.07692469307041 ], [ -0.680966472990137, 45.077192519254929 ], [ -0.68135651470154, 45.077648340282849 ], [ -0.682014158532432, 45.078419807437861 ], [ -0.682671820500749, 45.079191270864484 ], [ -0.683329204308371, 45.079958233490217 ], [ -0.683341518500689, 45.079971346840637 ], [ -0.683901381845873, 45.080764066413906 ], [ -0.684421268783376, 45.081490503206318 ], [ -0.684565959497688, 45.081697539713751 ], [ -0.685072948857115, 45.082266660128425 ], [ -0.685310365401145, 45.082529217241586 ], [ -0.685660789713288, 45.083058447215144 ], [ -0.686203156124426, 45.083874271375876 ], [ -0.686745241756862, 45.084685595998153 ], [ -0.687235621647758, 45.085426520169051 ], [ -0.687778033987218, 45.086242337157366 ], [ -0.688132610512208, 45.086775930819549 ], [ -0.688290287657348, 45.087063657745837 ], [ -0.68874885162746, 45.087900275380647 ], [ -0.688767731343266, 45.087935705304844 ], [ -0.689030994769131, 45.088107262347435 ], [ -0.689186306523989, 45.088706042619691 ], [ -0.689395526789628, 45.089523875374688 ], [ -0.689514980268139, 45.089984129441348 ], [ -0.689726101554635, 45.090387264312383 ], [ -0.690171044154425, 45.091228836505351 ], [ -0.690614730397194, 45.092070449169128 ], [ -0.691058726981282, 45.092916557311909 ], [ -0.691142604647881, 45.093107575039816 ], [ -0.691508781653368, 45.09396978138718 ], [ -0.691877509565149, 45.094831902553537 ], [ -0.692216098747227, 45.095622911357012 ], [ -0.69258357861591, 45.096485072632333 ], [ -0.692865018282629, 45.097142767206854 ], [ -0.692963471293865, 45.097342314867092 ], [ -0.693380877716273, 45.098189298872718 ], [ -0.693651392149084, 45.098739188436376 ], [ -0.693346238593715, 45.098974651245904 ], [ -0.693360639542196, 45.099231068280766 ], [ -0.693373851782968, 45.099469497059545 ], [ -0.693571310014351, 45.099607172298548 ], [ -0.694003754300558, 45.099371995288344 ], [ -0.694031368869592, 45.099443190415947 ], [ -0.694301088015765, 45.100173382311006 ], [ -0.697534101250386, 45.10715085895071 ], [ -0.69866250097074, 45.109556704836528 ], [ -0.699815352616309, 45.111960709370287 ], [ -0.7008848051476, 45.113322245696189 ], [ -0.701177802912254, 45.113907743872097 ], [ -0.701444798763362, 45.114078876393471 ], [ -0.701522082950034, 45.114482333600336 ], [ -0.702237071886586, 45.115855633839267 ], [ -0.704382622396257, 45.119218674080635 ], [ -0.704949153977992, 45.120290076790965 ], [ -0.709153152303176, 45.127604980480669 ], [ -0.710909485226684, 45.131990329671098 ], [ -0.711762518015218, 45.13410764163423 ], [ -0.714011006185398, 45.138999198131081 ], [ -0.715368476802793, 45.141983341054207 ], [ -0.715383414116776, 45.142207847502661 ], [ -0.715936477115973, 45.143243867782722 ], [ -0.716589152569599, 45.144429977989802 ], [ -0.717330430925333, 45.145622336400848 ], [ -0.717460318799006, 45.145663006823376 ], [ -0.717475265501023, 45.145887513187219 ], [ -0.720466286696583, 45.150628430113464 ], [ -0.720878989401208, 45.15129069855373 ], [ -0.721131261279972, 45.151237279269829 ], [ -0.721911802008046, 45.151671468089368 ], [ -0.723060263975376, 45.153417834632386 ], [ -0.723586170913548, 45.154237910871032 ], [ -0.723875013106248, 45.154949307827138 ], [ -0.724364740488079, 45.155790022045785 ], [ -0.724662587709162, 45.156636120825141 ], [ -0.725074443622229, 45.15726260964194 ], [ -0.725169935192373, 45.157935461777903 ], [ -0.725666628133809, 45.158684914374795 ], [ -0.726206381061875, 45.159342924013224 ], [ -0.726357355909095, 45.159698912970292 ], [ -0.726563188143528, 45.160097047389961 ], [ -0.727052932973813, 45.160936730336587 ], [ -0.727136462818102, 45.161429976639127 ], [ -0.727363522351615, 45.161972632471191 ], [ -0.727914378768057, 45.16277447403111 ], [ -0.728263790407406, 45.163438838427439 ], [ -0.72843578328073, 45.16410913312383 ], [ -0.728723181383825, 45.164775569761545 ], [ -0.728934590185354, 45.165083512132142 ], [ -0.729012143486323, 45.165486955159068 ], [ -0.729090613572138, 45.165709338943294 ], [ -0.729550443955078, 45.166100000255177 ], [ -0.729751879654167, 45.166453276452465 ], [ -0.7299163407707, 45.166988817597492 ], [ -0.730386748407768, 45.167559128480889 ], [ -0.730607862236703, 45.168011976160876 ], [ -0.7307482580611, 45.168187286538476 ], [ -0.73080775285041, 45.168320301203032 ], [ -0.731118748109499, 45.169165950936367 ], [ -0.731250793726758, 45.169432566069446 ], [ -0.731590628998369, 45.169736208775689 ], [ -0.731868619301457, 45.170087944038535 ], [ -0.732094171629804, 45.170801445974227 ], [ -0.732785636591549, 45.171995398368693 ], [ -0.733132731151728, 45.172407207482827 ], [ -0.73359720974003, 45.172887703273112 ], [ -0.733884714601826, 45.173554127960848 ], [ -0.734462273383837, 45.174751885672329 ], [ -0.734758335603112, 45.175373020878105 ], [ -0.734830832667548, 45.175505598892613 ], [ -0.734833837560912, 45.175550500008647 ], [ -0.735302805023311, 45.176075841863984 ], [ -0.73600704245898, 45.177458564546207 ], [ -0.736090607778102, 45.177950785531671 ], [ -0.736323219073727, 45.178574043092674 ], [ -0.736523247373598, 45.178883379121132 ], [ -0.737179845447106, 45.179942452513487 ], [ -0.737229457372602, 45.180121820694708 ], [ -0.73778904196988, 45.181049135842656 ], [ -0.738087783495903, 45.182076215302956 ], [ -0.738229803190602, 45.182296466273215 ], [ -0.738756390096536, 45.182558037588691 ], [ -0.739072891888313, 45.182511634065499 ], [ -0.739982211397995, 45.184103271307315 ], [ -0.740139360290623, 45.184549045765465 ], [ -0.74018061578845, 45.185358720823324 ], [ -0.74069794701486, 45.186603478935616 ], [ -0.74124528217769, 45.187540397838127 ], [ -0.741402450827307, 45.187986170862011 ], [ -0.741469333905786, 45.189371831719626 ], [ -0.742284078568948, 45.191426878254525 ], [ -0.742760842736798, 45.192086942299433 ], [ -0.742906490536689, 45.192533100907148 ], [ -0.743458824981472, 45.193370636464067 ], [ -0.743843269300836, 45.194529840536788 ], [ -0.74406398271981, 45.194973480001252 ], [ -0.744262517527832, 45.196228925305441 ], [ -0.745110444629061, 45.198021016740519 ], [ -0.745717784330667, 45.199848794304444 ], [ -0.747290498973009, 45.205429471820011 ], [ -0.747517316347895, 45.205962907691131 ], [ -0.747590470693279, 45.206276490865733 ], [ -0.747474059840384, 45.206460408845437 ], [ -0.747389327053895, 45.207094309637171 ], [ -0.747579474789935, 45.207447944625486 ], [ -0.747559708179977, 45.209242567208044 ], [ -0.747643491532005, 45.209735803493217 ], [ -0.747718131667118, 45.211040413084959 ], [ -0.74791523214895, 45.212250906706274 ], [ -0.748052571476019, 45.21278734757221 ], [ -0.748155324965038, 45.21336892936894 ], [ -0.748127225254414, 45.214091957752572 ], [ -0.74808180508041, 45.214363497532446 ], [ -0.748010378289034, 45.22012621428987 ], [ -0.748100217958008, 45.220709253805516 ], [ -0.748081099321822, 45.221565966475808 ], [ -0.748159724254145, 45.221788339615486 ], [ -0.748123086563733, 45.222556658336835 ], [ -0.747918874047546, 45.223329579702565 ], [ -0.747790235753243, 45.224451801997226 ], [ -0.747364712079314, 45.22608822190093 ], [ -0.747046909133757, 45.227044963883316 ], [ -0.747023278917713, 45.228028653722731 ], [ -0.747163019283557, 45.228385007640604 ], [ -0.747177147135516, 45.229736656498581 ], [ -0.747427280248854, 45.230809347402271 ], [ -0.747403037661549, 45.231396217628138 ], [ -0.74736994978953, 45.23338051151724 ], [ -0.747588345580791, 45.233959239518825 ], [ -0.747691201824175, 45.234541844850874 ], [ -0.747902123934452, 45.235030818143429 ], [ -0.748879336892902, 45.237981491504591 ], [ -0.749377720371009, 45.239902946366932 ], [ -0.750642544409453, 45.243510817114448 ], [ -0.750696183188805, 45.243853692875568 ] ] ] ] } }
]
}
