{
"type": "FeatureCollection",
"name": "pe_aci_adour",
"crs": { "type": "name", "properties": { "name": "urn:ogc:def:crs:OGC:1.3:CRS84" } },
"xy_coordinate_resolution": 1e-15,
"features": [
{ "type": "Feature", "properties": { "fid": 1, "gid": 1, "codenatzon": "25", "id_local": "155", "cdperimetr": "155", "nomperimet": "StVincent-Gaves", "nomzone": "L'Adour du confluent de l'Ouzente (exclus)  au confluent des Gaves réunis (exlus)", "numcircadm": "05", "cddepartem": "40", "sourceperi": "BDCARTHAGE 2012", "niveau": "Niveau_1", "nominterve": "OUGC Adour", "structureo": "Irrig'Adour", "datecreati": "2013-07-29", "cdinterven": "2202", "vpi_aff": 8.5, "mg_mnoe": 0.0, "vp_def": 8.5, "vp_notif": 8.5, "v_aup": 8.5, "v1_5": 7.29, "vmax": 8.64, "vaut": 8.5, "typ_gest": "1", "v_ret_dec": 0.35, "v_rdec_aup": 0.35, "deseq": 0, "ecar_imp": "0", "v_eso_dec": 1.24, "v_edec_aup": 1.24, "vprj_ret": 0.0, "rqs": null }, "geometry": { "type": "MultiPolygon", "coordinates": [ [ [ [ -0.936301003596471, 43.701486486329955 ], [ -0.937569058557196, 43.701444661476444 ], [ -0.942643107011954, 43.701243453714056 ], [ -0.947063724775199, 43.701497091060673 ], [ -0.951375248418654, 43.701169793888788 ], [ -0.956332960583115, 43.700142122097432 ], [ -0.96248328270353, 43.69810778824754 ], [ -0.965638819892237, 43.695924780645399 ], [ -0.969664659774968, 43.693759963496198 ], [ -0.973164208977151, 43.692582312885996 ], [ -0.976646587763581, 43.692031799564496 ], [ -0.981122379689151, 43.69140390294308 ], [ -0.986141122358992, 43.690886778313789 ], [ -0.990992454720083, 43.690677127767252 ], [ -0.995103587964478, 43.690580326710823 ], [ -0.997722552373156, 43.690641480509555 ], [ -1.000042433155384, 43.690696200769665 ], [ -1.004448402073531, 43.691592073280646 ], [ -1.010475614418778, 43.692762237258798 ], [ -1.018746902487557, 43.694366435712602 ], [ -1.022194215784132, 43.694923895253815 ], [ -1.026723604065731, 43.695621097110191 ], [ -1.031188558904824, 43.69632153078097 ], [ -1.036303308020563, 43.697064112272841 ], [ -1.039837023182705, 43.697283532914611 ], [ -1.042605452079754, 43.697239931343013 ], [ -1.046486050026998, 43.69682469256815 ], [ -1.052305769560689, 43.695499790973692 ], [ -1.056142029741933, 43.694600254484918 ], [ -1.060353277333965, 43.693546504750707 ], [ -1.062417188939288, 43.692829461120986 ], [ -1.064584242057358, 43.692077825275526 ], [ -1.070152449774972, 43.68978299627738 ], [ -1.077012559205756, 43.68668395286565 ], [ -1.083588512943932, 43.685121428637927 ], [ -1.086256835561889, 43.684768660819309 ], [ -1.089523937695567, 43.684042649947102 ], [ -1.094417220575061, 43.681591991408077 ], [ -1.095621295911958, 43.680090854380367 ], [ -1.098083332855378, 43.67892666136072 ], [ -1.098700737645186, 43.678637589518218 ], [ -1.102143379304266, 43.67842185297863 ], [ -1.106410030640286, 43.677558408599388 ], [ -1.108233735283755, 43.676767744619468 ], [ -1.110055404591041, 43.674045946435342 ], [ -1.110071164804529, 43.673716163063105 ], [ -1.112906046802613, 43.672122480408675 ], [ -1.117422532271305, 43.67004075940433 ], [ -1.121868497736809, 43.669057433385696 ], [ -1.131252113250114, 43.669227649155516 ], [ -1.133708975205156, 43.66896348960767 ], [ -1.136080107736841, 43.667278444484097 ], [ -1.138023778149958, 43.661725763929937 ], [ -1.140963761996911, 43.660591450046276 ], [ -1.137602953215325, 43.653971093652238 ], [ -1.136697590487552, 43.648180367054422 ], [ -1.135468922315628, 43.643622620863887 ], [ -1.13433625287209, 43.638714668303294 ], [ -1.133836830050732, 43.636553086501451 ], [ -1.131300305291535, 43.633955816884153 ], [ -1.127082111607111, 43.628876882629044 ], [ -1.12091064884282, 43.623885249867293 ], [ -1.116644618571162, 43.62144735318185 ], [ -1.113675195360144, 43.62048342562548 ], [ -1.112296573834362, 43.619998940085161 ], [ -1.111324966173375, 43.617400266580326 ], [ -1.109879731441182, 43.615455396235397 ], [ -1.109339332990001, 43.613511032628622 ], [ -1.10888547914738, 43.612086804147921 ], [ -1.106186278382384, 43.611134947477517 ], [ -1.103925712762287, 43.610039691073773 ], [ -1.099807356046209, 43.606316795543357 ], [ -1.096056294298446, 43.603592975390264 ], [ -1.093276984148998, 43.6034013610305 ], [ -1.092486507179711, 43.602732958592448 ], [ -1.092180485183706, 43.601559683674054 ], [ -1.089614888879137, 43.599255087254008 ], [ -1.086736574564433, 43.59650732184182 ], [ -1.0858342296692, 43.594680785655797 ], [ -1.087065549270408, 43.593071413929351 ], [ -1.089220702396393, 43.592170394363862 ], [ -1.090333625777602, 43.592195930460939 ], [ -1.092781629223181, 43.591950321618768 ], [ -1.093388902605364, 43.590783529988784 ], [ -1.094984170403394, 43.590119201813643 ], [ -1.096338755999509, 43.589373969432934 ], [ -1.09743978930073, 43.590729836127949 ], [ -1.09904000106874, 43.591610922155354 ], [ -1.102266457878518, 43.592024687497918 ], [ -1.105617333463971, 43.592289500171105 ], [ -1.107601342892776, 43.59206622951011 ], [ -1.112971081386543, 43.59159300313658 ], [ -1.115705655776717, 43.590677668014138 ], [ -1.120796889596685, 43.586096919168817 ], [ -1.122302656162156, 43.583958397412026 ], [ -1.123508752705515, 43.581389628571159 ], [ -1.124342565716034, 43.578650996822986 ], [ -1.125456263466118, 43.576324918940038 ], [ -1.127180577168501, 43.574767863705155 ], [ -1.129139614775188, 43.574030908247806 ], [ -1.131818130406929, 43.573464836125389 ], [ -1.13736153053663, 43.571312333325352 ], [ -1.148696818862977, 43.57053704768154 ], [ -1.152466499482974, 43.570617735036215 ], [ -1.156678276401158, 43.56985331974839 ], [ -1.158668948538321, 43.568745563306599 ], [ -1.160583337976105, 43.567730638052907 ], [ -1.162509134158379, 43.567241726840038 ], [ -1.164958155933046, 43.567201923509259 ], [ -1.166970847035333, 43.567426212788099 ], [ -1.168334433298172, 43.567753089896904 ], [ -1.170334138542129, 43.567392060793743 ], [ -1.171618297455428, 43.566432845926286 ], [ -1.174229776355157, 43.56225042128159 ], [ -1.173757717384351, 43.559723083144782 ], [ -1.17524418368668, 43.558630321516496 ], [ -1.176725403326893, 43.557446746684676 ], [ -1.178626536921955, 43.555602916837181 ], [ -1.181083827098887, 43.553233642011719 ], [ -1.182171347114291, 43.552321757839437 ], [ -1.183936810331735, 43.550780567085987 ], [ -1.187469383353454, 43.548148845989594 ], [ -1.19567835549101, 43.546182624290424 ], [ -1.199350938537841, 43.547856087035434 ], [ -1.202733393901491, 43.549883129981808 ], [ -1.207488058031795, 43.553483341749114 ], [ -1.209117730825546, 43.554410719931887 ], [ -1.210759059598801, 43.554270357350525 ], [ -1.21286677567743, 43.553571040652649 ], [ -1.215267467753934, 43.550527400423384 ], [ -1.217003676607132, 43.547567803854406 ], [ -1.220025589489166, 43.54468389726437 ], [ -1.220814990072691, 43.543932447453692 ], [ -1.221308140195182, 43.543624962213265 ], [ -1.224354969210092, 43.541924821725772 ], [ -1.225233065888856, 43.541368216007733 ], [ -1.228215315722679, 43.539481344343052 ], [ -1.232283430860319, 43.538506853759451 ], [ -1.234521223530765, 43.538514552376569 ], [ -1.236670161791437, 43.539565383949892 ], [ -1.237852786390345, 43.540812392728768 ], [ -1.238449313334587, 43.542514749224281 ], [ -1.238554361128292, 43.544393764711138 ], [ -1.239778056948451, 43.546328200583616 ], [ -1.240177513943013, 43.548272371660737 ], [ -1.240272652216051, 43.548741979591014 ], [ -1.240602438955954, 43.550256447055034 ], [ -1.239770376721153, 43.554194249080695 ], [ -1.24008716653074, 43.558290586248233 ], [ -1.240508301441334, 43.560108190731093 ], [ -1.243436801660696, 43.561669266563769 ], [ -1.247810032789439, 43.562841468237025 ], [ -1.251188908043339, 43.562563940027268 ], [ -1.255172601766074, 43.561115504012271 ], [ -1.258314788078404, 43.560681422128816 ], [ -1.268100565840658, 43.561508313331046 ], [ -1.27035839307301, 43.561432744069158 ], [ -1.273309525486286, 43.560114238130531 ], [ -1.275011341754713, 43.566651611893647 ], [ -1.277655811291939, 43.569458029519794 ], [ -1.278171859198369, 43.571041772592643 ], [ -1.276600600238966, 43.572805947154009 ], [ -1.274882415165176, 43.573996221975868 ], [ -1.273003423685288, 43.574426015991286 ], [ -1.272620983841074, 43.575540111548882 ], [ -1.273318153262115, 43.577517510180193 ], [ -1.27385057706192, 43.578812327658 ], [ -1.274524234903442, 43.580907209540193 ], [ -1.275226123622506, 43.583097084939219 ], [ -1.275721239604654, 43.586172283760988 ], [ -1.276294373563298, 43.588708709588737 ], [ -1.276396620182905, 43.589155553159863 ], [ -1.276552238534508, 43.591072503708816 ], [ -1.276513255530953, 43.591719162357371 ], [ -1.275693710698737, 43.592386339741857 ], [ -1.275575712040809, 43.59253923386219 ], [ -1.275049676885197, 43.59310591200618 ], [ -1.274728367920989, 43.593645082740153 ], [ -1.274495343587893, 43.594010049796637 ], [ -1.274470796528697, 43.594435306339356 ], [ -1.2749578812635, 43.594987636828407 ], [ -1.275443281126553, 43.595460286363412 ], [ -1.27649999409765, 43.595954380773037 ], [ -1.277608096192603, 43.596401463882728 ], [ -1.279560713064214, 43.596703787375752 ], [ -1.279593579896559, 43.596710676960932 ], [ -1.281328952772981, 43.597061407883267 ], [ -1.282993531316474, 43.597424134440303 ], [ -1.284293481926777, 43.598084390823921 ], [ -1.285397484108307, 43.598851579392942 ], [ -1.285567535537223, 43.599808976248148 ], [ -1.285707327034234, 43.600587627722959 ], [ -1.285159185205753, 43.601573374166122 ], [ -1.284613586814194, 43.602424080717086 ], [ -1.281880425778309, 43.605010182728918 ], [ -1.277588871569163, 43.609549068698634 ], [ -1.276653957815356, 43.610257616114865 ], [ -1.276582225729658, 43.610314626188789 ], [ -1.274089045196768, 43.612260271438444 ], [ -1.273279857227453, 43.613183646808181 ], [ -1.273254855599895, 43.613207111264266 ], [ -1.272713347798938, 43.613606713528981 ], [ -1.271982660559014, 43.614262198191348 ], [ -1.271241517972063, 43.614778005283085 ], [ -1.270223942510512, 43.615512241872601 ], [ -1.268475805707482, 43.616904961176949 ], [ -1.266519332626203, 43.618090131991927 ], [ -1.265234467735389, 43.619186510997949 ], [ -1.263208208801277, 43.620797626503908 ], [ -1.261810264317277, 43.621983273476054 ], [ -1.261739889269851, 43.622040203575089 ], [ -1.260283936108606, 43.623714753917916 ], [ -1.258796004918341, 43.626399641156553 ], [ -1.25850388644981, 43.627487663736829 ], [ -1.257877682198639, 43.629440451346845 ], [ -1.256919759687519, 43.633010374966503 ], [ -1.256283905369562, 43.635081100216162 ], [ -1.255697254994019, 43.637663130004889 ], [ -1.255325028760892, 43.639948458674056 ], [ -1.25536048373192, 43.641222001111728 ], [ -1.255127941407727, 43.643132758624006 ], [ -1.254059218122511, 43.648666956592116 ], [ -1.253586207549546, 43.649919514215028 ], [ -1.251976096602643, 43.655448299315559 ], [ -1.251504759945826, 43.659039038235349 ], [ -1.251840261445326, 43.661225104258541 ], [ -1.252658896335159, 43.663108049795127 ], [ -1.253988563350958, 43.664911673022921 ], [ -1.257687611511293, 43.668159189709357 ], [ -1.261451460507931, 43.670738447895964 ], [ -1.263518725041646, 43.672396509930763 ], [ -1.265407335906179, 43.673867297473421 ], [ -1.267709337255579, 43.675534478877218 ], [ -1.270303231611468, 43.67778930754455 ], [ -1.272919447025567, 43.681623884130417 ], [ -1.274508216090849, 43.68556222292797 ], [ -1.275147425571202, 43.68865042655694 ], [ -1.274047581756878, 43.691866310153742 ], [ -1.272277863702169, 43.694755778350448 ], [ -1.271093912679639, 43.697037343309006 ], [ -1.269901146926176, 43.698521758497584 ], [ -1.267667945847666, 43.703214538423154 ], [ -1.266306667569424, 43.707772874140609 ], [ -1.264793853415392, 43.70994151837327 ], [ -1.261438034186386, 43.714524822197966 ], [ -1.25875047097188, 43.715801816753327 ], [ -1.256269045121019, 43.717065565140899 ], [ -1.253874328144303, 43.718226689965384 ], [ -1.251071252175987, 43.719679788718992 ], [ -1.249330713646176, 43.720635287106212 ], [ -1.247235553933866, 43.721771264172361 ], [ -1.244733305517601, 43.723198120412313 ], [ -1.243222053774065, 43.724054586823534 ], [ -1.241352334896266, 43.725001682895012 ], [ -1.239602243635042, 43.726060670180779 ], [ -1.238697508307798, 43.726713484903044 ], [ -1.236111674613742, 43.728540075713312 ], [ -1.236004039582121, 43.728724233236008 ], [ -1.234705033050938, 43.730946470386918 ], [ -1.232461364458032, 43.73330464007892 ], [ -1.22868711442511, 43.734627195072626 ], [ -1.225245451156572, 43.735891740293056 ], [ -1.222630830180334, 43.736805069952226 ], [ -1.219739141591435, 43.73786301201357 ], [ -1.217855362481255, 43.738458519198225 ], [ -1.217219132991962, 43.738627353425848 ], [ -1.216694863364764, 43.738765243456072 ], [ -1.215815155885134, 43.738902607977941 ], [ -1.214870010427578, 43.739146775466622 ], [ -1.213192775527147, 43.739522543834248 ], [ -1.211580911447689, 43.73973320058672 ], [ -1.210187617751393, 43.739886293178593 ], [ -1.204431565416644, 43.740140577308125 ], [ -1.204411889197603, 43.740141337617978 ], [ -1.188991485714965, 43.741258553768333 ], [ -1.184657799425764, 43.742606196885276 ], [ -1.18342555122976, 43.742996087068377 ], [ -1.18225598029454, 43.743355947272072 ], [ -1.177237826704957, 43.745937061085741 ], [ -1.173184545438936, 43.747985061599216 ], [ -1.167585563255481, 43.751857818106423 ], [ -1.164678082532548, 43.753825806465535 ], [ -1.164008734802881, 43.754338076114948 ], [ -1.162526970848734, 43.755471368122876 ], [ -1.160087418709708, 43.758524517941893 ], [ -1.15627822650496, 43.763892514879359 ], [ -1.152320371858367, 43.77085587596725 ], [ -1.147843893350222, 43.77848298707773 ], [ -1.142585914470855, 43.785274671819735 ], [ -1.139952107958236, 43.790354003081561 ], [ -1.137239371922759, 43.795480224064029 ], [ -1.135419701679496, 43.801230912404613 ], [ -1.132335386781089, 43.81413441154865 ], [ -1.131260577029014, 43.820631798775551 ], [ -1.125117158281562, 43.822459559165672 ], [ -1.122045831433863, 43.825454924325321 ], [ -1.118946841202889, 43.832790469562063 ], [ -1.112953355761603, 43.835193561141303 ], [ -1.106105881956462, 43.837591691611031 ], [ -1.099089329270202, 43.839274937141724 ], [ -1.093711639035685, 43.840396204264358 ], [ -1.088668926839511, 43.841207099176451 ], [ -1.087624752518763, 43.841341355191773 ], [ -1.086959369457646, 43.841419469970937 ], [ -1.083591138211765, 43.841667377419419 ], [ -1.077707986277245, 43.84147355891713 ], [ -1.069388918383173, 43.842776184925469 ], [ -1.069351837348584, 43.84279086414454 ], [ -1.064010771993096, 43.844954153905405 ], [ -1.061458628847245, 43.842995270981646 ], [ -1.058465414399794, 43.840452625985485 ], [ -1.057713041149049, 43.839624885930064 ], [ -1.056801785134937, 43.838270396037387 ], [ -1.055503133561455, 43.835994843347052 ], [ -1.053421531314878, 43.83237735758356 ], [ -1.049967481151096, 43.82788357840267 ], [ -1.046376435377996, 43.822803877208791 ], [ -1.044998496603027, 43.820773500795347 ], [ -1.043856444206847, 43.818842709458529 ], [ -1.042716375849329, 43.816420079131696 ], [ -1.041626244854038, 43.81388415448783 ], [ -1.040626444141692, 43.811825382019066 ], [ -1.039740092512363, 43.809632574997217 ], [ -1.038740671984645, 43.80741736961042 ], [ -1.038154797233563, 43.8052001098931 ], [ -1.036988476430687, 43.802238633870509 ], [ -1.036106449957831, 43.800343172732759 ], [ -1.035476827353548, 43.798483311611264 ], [ -1.035202022599948, 43.797110268227414 ], [ -1.034149654659677, 43.793639518390471 ], [ -1.033663682325134, 43.79127340002011 ], [ -1.033237007036961, 43.789906985858686 ], [ -1.032238884867913, 43.787681493743378 ], [ -1.031439799835262, 43.785035616817495 ], [ -1.031081836304966, 43.783201492185931 ], [ -1.031489355976461, 43.78031670493921 ], [ -1.031195163797503, 43.776565398347657 ], [ -1.030035762075475, 43.770386395275104 ], [ -1.027866511254313, 43.764186515120834 ], [ -1.025541094734453, 43.756582625659277 ], [ -1.024318549278313, 43.750514401809156 ], [ -1.020595859569424, 43.73754192135516 ], [ -1.018718074093727, 43.732588714655037 ], [ -1.017836756232666, 43.731863744994406 ], [ -1.015314177157943, 43.731074635948126 ], [ -1.012671918480486, 43.730266369254181 ], [ -1.010847725446188, 43.729905292320041 ], [ -1.004686442734928, 43.729312379652356 ], [ -1.000218494432346, 43.729345884826017 ], [ -0.995333302361272, 43.729602070181997 ], [ -0.989468596776334, 43.730408154325922 ], [ -0.984282492033343, 43.731426227355534 ], [ -0.983076344854557, 43.731597147722489 ], [ -0.981238442051002, 43.731542781557927 ], [ -0.979285393977089, 43.730704396498005 ], [ -0.977105231043177, 43.727896212118402 ], [ -0.976268974585008, 43.72618790238753 ], [ -0.975029435324815, 43.723543621017726 ], [ -0.973922286680451, 43.717506732388713 ], [ -0.973148460585462, 43.715760346361058 ], [ -0.970563770239036, 43.712511949816303 ], [ -0.968121038161124, 43.709254248965159 ], [ -0.967457209290649, 43.70872441502258 ], [ -0.966451792684456, 43.708328666210342 ], [ -0.964254442245226, 43.707854730668537 ], [ -0.962648245960001, 43.707512549931735 ], [ -0.960370393024889, 43.706973980601617 ], [ -0.957746883473003, 43.706469443278856 ], [ -0.955980727628982, 43.70607470342712 ], [ -0.952783574600773, 43.705465160675153 ], [ -0.949663261473959, 43.704803679194491 ], [ -0.942332675019857, 43.703385020470783 ], [ -0.936301003596471, 43.701486486329955 ] ] ] ] } },
{ "type": "Feature", "properties": { "fid": 2, "gid": 2, "codenatzon": "26", "id_local": "142", "cdperimetr": "142", "nomperimet": "Luys", "nomzone": "Le Luy de France", "numcircadm": "05", "cddepartem": "40", "sourceperi": "BDCARTHAGE 2012", "niveau": "Niveau_1", "nominterve": "OUGC Adour", "structureo": "Irrig'Adour", "datecreati": "2013-07-29", "cdinterven": "2202", "vpi_aff": 9.7, "mg_mnoe": 0.0, "vp_def": 10.33, "vp_notif": 10.33, "v_aup": 10.33, "v1_5": 5.0, "vmax": 6.52, "vaut": 10.33, "typ_gest": "1", "v_ret_dec": 3.92, "v_rdec_aup": 3.97, "deseq": 0, "ecar_imp": "0", "v_eso_dec": 0.67, "v_edec_aup": 0.67, "vprj_ret": 3.3, "rqs": null }, "geometry": { "type": "MultiPolygon", "coordinates": [ [ [ [ -0.138699200038095, 43.246293338804826 ], [ -0.138647468622557, 43.245034407291577 ], [ -0.141034818410545, 43.246513453265194 ], [ -0.143896359411828, 43.247896925606355 ], [ -0.147058426072539, 43.249330811431683 ], [ -0.148786427064951, 43.249987265820842 ], [ -0.149541023316971, 43.250397309541384 ], [ -0.151743338218162, 43.251575115688262 ], [ -0.155334163198608, 43.253865513105346 ], [ -0.156108120386786, 43.254576273005966 ], [ -0.156944148723778, 43.255348551806819 ], [ -0.158082360025357, 43.256534884299008 ], [ -0.159126204908453, 43.2576299813486 ], [ -0.16004307876522, 43.258728780859428 ], [ -0.161575613977172, 43.260120059294138 ], [ -0.163498328525014, 43.261463148448819 ], [ -0.165939006538353, 43.262998357662426 ], [ -0.168219464213023, 43.263903898022349 ], [ -0.170249643603946, 43.264857603670052 ], [ -0.171916219667426, 43.265654433834094 ], [ -0.173222742881274, 43.266358649340205 ], [ -0.175649131450796, 43.267777641115437 ], [ -0.178393530435109, 43.269943087947475 ], [ -0.18265290343538, 43.274706400153484 ], [ -0.184354276665157, 43.275947401812061 ], [ -0.185949147986148, 43.277233390027263 ], [ -0.187845151458839, 43.278932339375579 ], [ -0.190245056621814, 43.280892181214092 ], [ -0.192012199140994, 43.282203659815529 ], [ -0.194268345064273, 43.283784613666135 ], [ -0.196271833754387, 43.285219780891062 ], [ -0.199630530876733, 43.287439129027348 ], [ -0.201791517924408, 43.288860341745306 ], [ -0.203919094195802, 43.290030226456182 ], [ -0.205903436285982, 43.291087844061707 ], [ -0.207998323837154, 43.29224532611785 ], [ -0.209845190471385, 43.293442821030212 ], [ -0.211676281757864, 43.294832819245251 ], [ -0.213267239031099, 43.295902007457592 ], [ -0.215627081802576, 43.296714388628246 ], [ -0.218333602939669, 43.297547018395122 ], [ -0.219640517932691, 43.298259916165328 ], [ -0.222079976116734, 43.299316997876446 ], [ -0.223364902631037, 43.299585118062765 ], [ -0.225183394367658, 43.299715739693156 ], [ -0.227184585393216, 43.299736687908059 ], [ -0.230023012976288, 43.299822478771773 ], [ -0.234770406266457, 43.300230035710797 ], [ -0.238471948318244, 43.300542071876819 ], [ -0.242004660048097, 43.301133834846155 ], [ -0.246389946751527, 43.302384297849308 ], [ -0.250066422367443, 43.304033861255398 ], [ -0.254156230121215, 43.305765872372248 ], [ -0.257922119367824, 43.307281748374841 ], [ -0.261698754091679, 43.30861331274513 ], [ -0.263695451455057, 43.309561278654179 ], [ -0.26410960237038, 43.309760239140346 ], [ -0.266391107180608, 43.310375740085171 ], [ -0.269177106391238, 43.311425392618226 ], [ -0.271063464592597, 43.311805536329175 ], [ -0.274143856243444, 43.312567305286684 ], [ -0.276972730154428, 43.313111861529727 ], [ -0.280807582680688, 43.313927169175031 ], [ -0.28541225650257, 43.314795553360135 ], [ -0.289261823212138, 43.31561932185226 ], [ -0.29314549740732, 43.31652363106874 ], [ -0.297374327737775, 43.317393786902798 ], [ -0.300410037587795, 43.318292064243103 ], [ -0.30276921172083, 43.318931009258115 ], [ -0.306134236964267, 43.319737322283991 ], [ -0.308890790372777, 43.320715413432076 ], [ -0.311129733063529, 43.321840045755856 ], [ -0.312865368170998, 43.322677677070537 ], [ -0.314629551578199, 43.323403039717178 ], [ -0.317244727974669, 43.324447591606784 ], [ -0.318553005961964, 43.324592332284205 ], [ -0.319020626711341, 43.324645400674662 ], [ -0.322081613744606, 43.324925261044434 ], [ -0.325017723452159, 43.325271203342417 ], [ -0.327645072781254, 43.32584315624409 ], [ -0.331225727076974, 43.326323346619844 ], [ -0.335226710522402, 43.326424714887366 ], [ -0.337441997890649, 43.326716957422825 ], [ -0.342107809069693, 43.327422784756074 ], [ -0.345867914279499, 43.328338279323525 ], [ -0.346606494365944, 43.328405306310366 ], [ -0.349310461232356, 43.329036695168739 ], [ -0.354580818690416, 43.330264686375131 ], [ -0.363546036557395, 43.332858893036132 ], [ -0.365143070085561, 43.332718252949384 ], [ -0.366275625849964, 43.332723862080151 ], [ -0.368391676755218, 43.332986910822065 ], [ -0.370502500827833, 43.333447260661281 ], [ -0.37231704203941, 43.333913744577913 ], [ -0.374130283361023, 43.334405771792333 ], [ -0.375877389011942, 43.334986674420406 ], [ -0.377515196397578, 43.335588344662497 ], [ -0.383819717424453, 43.33710137915628 ], [ -0.387432091135615, 43.337956771223858 ], [ -0.390654815316952, 43.338705740904565 ], [ -0.394048665541047, 43.339554487421722 ], [ -0.39822724235402, 43.340463262891738 ], [ -0.400827405076804, 43.340881077806316 ], [ -0.402679680998199, 43.341030193997888 ], [ -0.405439041555786, 43.341392840173427 ], [ -0.407934472045481, 43.341647283424088 ], [ -0.410053493596284, 43.341832805612377 ], [ -0.413033470924287, 43.342184207495784 ], [ -0.416273038222991, 43.342923744702766 ], [ -0.418141434269798, 43.343743314238758 ], [ -0.420283679482543, 43.345142659029435 ], [ -0.42201028906241, 43.345953372367731 ], [ -0.423489706541914, 43.346608412935169 ], [ -0.425690566811535, 43.34741223468717 ], [ -0.427906296202748, 43.34820633655935 ], [ -0.430020042414498, 43.348697135507813 ], [ -0.432484486402128, 43.348893763721996 ], [ -0.434944039313871, 43.34926622036258 ], [ -0.438026017227577, 43.349370568525984 ], [ -0.440106963081813, 43.349848916283115 ], [ -0.442352030384482, 43.350800170302669 ], [ -0.443568998322446, 43.351274294666879 ], [ -0.44511269418978, 43.351873903759611 ], [ -0.448164304174432, 43.353338779695818 ], [ -0.448691079418745, 43.356734381218466 ], [ -0.449492170004907, 43.35755578938312 ], [ -0.450953325939149, 43.358409279941029 ], [ -0.452461191402476, 43.359270446384038 ], [ -0.454357205851694, 43.3603225158245 ], [ -0.457298249584006, 43.361147052189793 ], [ -0.462674426484414, 43.362086657696061 ], [ -0.465394646884168, 43.362891469300997 ], [ -0.467539594069151, 43.364164211536583 ], [ -0.46873863829913, 43.365494820502121 ], [ -0.468808269117021, 43.366766641309908 ], [ -0.469548268559928, 43.369007005215664 ], [ -0.47021188195061, 43.371187470690842 ], [ -0.470273667584651, 43.372816130498151 ], [ -0.470836247997819, 43.374504339518587 ], [ -0.471336040885056, 43.376266071407649 ], [ -0.474856374269854, 43.38010196002309 ], [ -0.476326477370189, 43.381180655534315 ], [ -0.477394717581704, 43.382145561960975 ], [ -0.478966206253757, 43.383810498279281 ], [ -0.480324166606185, 43.385140011125863 ], [ -0.48244682745804, 43.386904685577335 ], [ -0.483140489172417, 43.387440218370202 ], [ -0.484384310840027, 43.388408600568198 ], [ -0.485899015464586, 43.389823951800992 ], [ -0.486974839861492, 43.391116505824421 ], [ -0.487844806122861, 43.392525023597265 ], [ -0.488244229078398, 43.393867963237568 ], [ -0.488329158497774, 43.395130140635075 ], [ -0.48835637309238, 43.396988803412164 ], [ -0.48989791791521, 43.400365998189415 ], [ -0.490448175654295, 43.402045357843178 ], [ -0.490713387893525, 43.402928785051309 ], [ -0.491370678488242, 43.403969173885613 ], [ -0.492095969149836, 43.404721266172274 ], [ -0.493246818820608, 43.405372797594836 ], [ -0.495017278734938, 43.40676547674439 ], [ -0.49747321549902, 43.408297439941002 ], [ -0.498617989691853, 43.409377202605071 ], [ -0.499745093197185, 43.410534186758625 ], [ -0.501340619616, 43.411833329080252 ], [ -0.50336377850211, 43.413041994880672 ], [ -0.505017036114817, 43.413722102335583 ], [ -0.507018740587387, 43.414553339293171 ], [ -0.509448843895783, 43.416708147666995 ], [ -0.511029117179197, 43.418003580920555 ], [ -0.512509947045963, 43.419621022750619 ], [ -0.514254660633016, 43.420622947817826 ], [ -0.514425156244493, 43.420774750086714 ], [ -0.515716322773814, 43.421579877740463 ], [ -0.518027712534918, 43.42256231669586 ], [ -0.52023541883854, 43.423292652177537 ], [ -0.523144325391561, 43.424278046370091 ], [ -0.524534415567427, 43.424840746556775 ], [ -0.527164449584489, 43.425597031324891 ], [ -0.529075699216327, 43.426129436655344 ], [ -0.530988977096045, 43.426512536310014 ], [ -0.532283719516116, 43.4271865884132 ], [ -0.53466088768312, 43.428113416117178 ], [ -0.536229077657394, 43.428376915438086 ], [ -0.537788288735123, 43.428357647968724 ], [ -0.540369946348095, 43.428367268141621 ], [ -0.542258814535868, 43.428373947710611 ], [ -0.544746740622896, 43.429228472061929 ], [ -0.546715966977671, 43.430037622738283 ], [ -0.54849036490456, 43.431096293837491 ], [ -0.549842561902748, 43.432082975476142 ], [ -0.551684757024566, 43.433760639246245 ], [ -0.552946354441025, 43.435434845581511 ], [ -0.553656444642988, 43.437100578824243 ], [ -0.554914704095143, 43.438923042467422 ], [ -0.556695686971177, 43.440602656334086 ], [ -0.558163130131838, 43.441338173202524 ], [ -0.560228175442351, 43.442076510931628 ], [ -0.562931262830096, 43.443220934445804 ], [ -0.564642774843279, 43.444429612445177 ], [ -0.566840255471753, 43.445739772764767 ], [ -0.568943518291805, 43.446976359858176 ], [ -0.570470334777966, 43.447894730041199 ], [ -0.571932615646315, 43.448089688277072 ], [ -0.574495582516913, 43.448235045568474 ], [ -0.578538453501734, 43.448541939485168 ], [ -0.583529786198888, 43.448674263205838 ], [ -0.585402236269824, 43.448698123228056 ], [ -0.587212509516408, 43.448782266313216 ], [ -0.588835096287986, 43.449611366012128 ], [ -0.590143862424797, 43.450490719366307 ], [ -0.591886130259357, 43.451729645261224 ], [ -0.593615244483102, 43.452824917416486 ], [ -0.594719275611089, 43.453522995899256 ], [ -0.59681688961797, 43.454362785227872 ], [ -0.597683321868034, 43.455230175969881 ], [ -0.598771491733162, 43.456950573512437 ], [ -0.599783477346775, 43.45855086566192 ], [ -0.601780805818481, 43.462398133587683 ], [ -0.602196513651497, 43.463009684441566 ], [ -0.603160273014161, 43.46372563850408 ], [ -0.604484416343356, 43.464572641592909 ], [ -0.606020183284412, 43.465035516179348 ], [ -0.607200700030081, 43.465135182064436 ], [ -0.610195063444575, 43.465053847977892 ], [ -0.612903837339563, 43.465071841125649 ], [ -0.615232741316617, 43.46525064131486 ], [ -0.618272203761559, 43.465284056540646 ], [ -0.620493518918473, 43.465335523984152 ], [ -0.622489374702503, 43.465638724094958 ], [ -0.623041784835819, 43.465989144106345 ], [ -0.623563695164567, 43.466323219479797 ], [ -0.624290933130762, 43.467154178999159 ], [ -0.624945582077651, 43.469325203129848 ], [ -0.625491622289022, 43.47075288664697 ], [ -0.626169008510699, 43.47252665853869 ], [ -0.627377414516261, 43.474665858954836 ], [ -0.628348068889989, 43.475993471172714 ], [ -0.629927252705287, 43.477602140287978 ], [ -0.632694468591272, 43.479022796057187 ], [ -0.635234826535867, 43.479738764970961 ], [ -0.641369440868693, 43.480348242287022 ], [ -0.643243901506812, 43.480496776426364 ], [ -0.64613788260804, 43.480700893638996 ], [ -0.648924680746366, 43.481868097917243 ], [ -0.654246445787454, 43.484143357301114 ], [ -0.655915705588049, 43.485167198978274 ], [ -0.658039787264592, 43.486257406275755 ], [ -0.661043347986803, 43.487624467647088 ], [ -0.66282168762084, 43.488726268655782 ], [ -0.663873970027952, 43.489996705181817 ], [ -0.664575581121389, 43.491468028802728 ], [ -0.66473981085461, 43.49173224284192 ], [ -0.664844582329047, 43.491900395670648 ], [ -0.665911078759744, 43.493611780168223 ], [ -0.666747487061667, 43.494532851546268 ], [ -0.668760694033456, 43.495834069783157 ], [ -0.670469663488038, 43.496393446970849 ], [ -0.672534071578296, 43.497395521748437 ], [ -0.672922018469958, 43.497710412369486 ], [ -0.673631073264761, 43.498722597578166 ], [ -0.673692506170382, 43.499814991924836 ], [ -0.67328803199937, 43.500558343653942 ], [ -0.673354428646841, 43.501267348079701 ], [ -0.674245632143395, 43.501746059694959 ], [ -0.675775177194184, 43.501757571521516 ], [ -0.677905876600351, 43.502540638691087 ], [ -0.679607512772615, 43.503572266278496 ], [ -0.680952241616128, 43.504269549771941 ], [ -0.682183406624061, 43.505056508867106 ], [ -0.683530886886233, 43.505686237504896 ], [ -0.684813617068278, 43.506269076902576 ], [ -0.686724123160566, 43.507072772490183 ], [ -0.688279924693525, 43.507403079386137 ], [ -0.689615880790604, 43.507654986381084 ], [ -0.691851732223001, 43.507970272490525 ], [ -0.693486685043653, 43.508198688391225 ], [ -0.694320022771817, 43.508340945522605 ], [ -0.696754491687677, 43.5088619257209 ], [ -0.697773356867723, 43.509268649219898 ], [ -0.698759514652323, 43.509712260674064 ], [ -0.699708344811272, 43.510535256943783 ], [ -0.700533741288674, 43.511272501613988 ], [ -0.701366420333876, 43.512406035486656 ], [ -0.702281229509639, 43.513396748568717 ], [ -0.703504408864669, 43.514814306256014 ], [ -0.704898514117232, 43.515397217754746 ], [ -0.706155163033655, 43.515786562991387 ], [ -0.708211372938906, 43.516292633120095 ], [ -0.709739652297288, 43.51645189067596 ], [ -0.710906742249294, 43.516366988597326 ], [ -0.712891612128716, 43.516528980582031 ], [ -0.713612111514346, 43.517855317652675 ], [ -0.714248863041125, 43.518559103122193 ], [ -0.714913565266886, 43.520454545538676 ], [ -0.715621102897112, 43.522664302564181 ], [ -0.715791721795277, 43.522869995442669 ], [ -0.716583309570958, 43.5236216014832 ], [ -0.717394471329939, 43.524197778883945 ], [ -0.719012951797521, 43.524682911399402 ], [ -0.721421762235008, 43.524901749792285 ], [ -0.723569392646752, 43.524796328621775 ], [ -0.724635775186526, 43.524282467125651 ], [ -0.725404932817334, 43.523733799464445 ], [ -0.726418148175252, 43.522509431350699 ], [ -0.727534088744696, 43.52111594490021 ], [ -0.729142024078125, 43.520227750014932 ], [ -0.732206490830205, 43.519473366988258 ], [ -0.735242240081646, 43.518904852667582 ], [ -0.738306142333416, 43.518596904524436 ], [ -0.740878429046969, 43.518697251680599 ], [ -0.743761100342673, 43.519142476378683 ], [ -0.745921523686472, 43.519580878754184 ], [ -0.747268102304685, 43.520201712252856 ], [ -0.748733323721151, 43.52066000475368 ], [ -0.750347045417545, 43.520833130549555 ], [ -0.752778947199958, 43.520524138991306 ], [ -0.755496508959017, 43.519408077712605 ], [ -0.756989071674531, 43.51835174789047 ], [ -0.757715399739195, 43.517948453901738 ], [ -0.75971825245341, 43.517523373787846 ], [ -0.763034313813208, 43.517358245381708 ], [ -0.764638329923068, 43.517019490269796 ], [ -0.766137741690607, 43.516606639832283 ], [ -0.768260508350174, 43.516469525793482 ], [ -0.771292359478026, 43.516233283096447 ], [ -0.774322061360578, 43.516177943240294 ], [ -0.775974377468462, 43.516404510665488 ], [ -0.77723293723845, 43.51679298378189 ], [ -0.778585936375747, 43.517592052081284 ], [ -0.780472002961919, 43.517891149340876 ], [ -0.782902008728677, 43.517514107860237 ], [ -0.786985086603496, 43.517587213679946 ], [ -0.789380805315393, 43.518458066687572 ], [ -0.790720601439344, 43.519330014198765 ], [ -0.791995447962789, 43.520600736929708 ], [ -0.793038804146436, 43.521108974883724 ], [ -0.795416441715357, 43.521489768558155 ], [ -0.797693511451848, 43.522090707069204 ], [ -0.799795658067007, 43.522700783387315 ], [ -0.801275628915062, 43.523522717821677 ], [ -0.802649875977433, 43.525334604560285 ], [ -0.803467040374514, 43.527450133588736 ], [ -0.803564295734936, 43.528960340041088 ], [ -0.803610437821588, 43.529656767019667 ], [ -0.803279613637847, 43.531829924939494 ], [ -0.803676246951325, 43.535801908522558 ], [ -0.803776807502398, 43.536428970114699 ], [ -0.803833452191295, 43.538386205708541 ], [ -0.803909324945449, 43.54010360416698 ], [ -0.804134112899932, 43.54194763895633 ], [ -0.804240132205864, 43.543123358441591 ], [ -0.804302464808596, 43.543512597966483 ], [ -0.804566133262623, 43.543823239986814 ], [ -0.804968134317089, 43.544016628639618 ], [ -0.806843997172146, 43.544463856459757 ], [ -0.80914629620621, 43.544878713507146 ], [ -0.811205224528286, 43.545162060909959 ], [ -0.814228269854439, 43.545448272914548 ], [ -0.817127864378195, 43.546265087681419 ], [ -0.819093020579855, 43.546974695850061 ], [ -0.823153206900948, 43.547619672375589 ], [ -0.825716915035023, 43.548326482220389 ], [ -0.828824691063056, 43.548762614015821 ], [ -0.831914359260242, 43.549116502863342 ], [ -0.833599336588422, 43.549097849855102 ], [ -0.835585084759786, 43.549059337291688 ], [ -0.839553885502611, 43.548459013084241 ], [ -0.841934095885482, 43.54803745203899 ], [ -0.844748974743935, 43.547812013483806 ], [ -0.848668584484185, 43.54801028074214 ], [ -0.851527873194415, 43.548174544327054 ], [ -0.854709638676589, 43.548516335115096 ], [ -0.858091623191715, 43.549139142525135 ], [ -0.86446497078986, 43.550047806648074 ], [ -0.86758848437472, 43.550481255444154 ], [ -0.870485833492176, 43.55120681023979 ], [ -0.872840833282142, 43.552203095935326 ], [ -0.875551909622049, 43.553434985934693 ], [ -0.878761866570219, 43.555288786606333 ], [ -0.881062596136975, 43.555643957062607 ], [ -0.885107283906222, 43.556723661183703 ], [ -0.890995896820117, 43.558526129335263 ], [ -0.892943377324861, 43.560114108519308 ], [ -0.89354177244711, 43.560502502244496 ], [ -0.894397107157932, 43.561259848303415 ], [ -0.89515062710664, 43.561696818895811 ], [ -0.896217085562963, 43.562064308326669 ], [ -0.897696290717357, 43.562466011668548 ], [ -0.899089187670359, 43.562672519211439 ], [ -0.901171112189298, 43.562552711315419 ], [ -0.903029701137607, 43.562476662750569 ], [ -0.905408778230633, 43.562282703406837 ], [ -0.908133607927007, 43.562027197562124 ], [ -0.909781378564991, 43.561621323146959 ], [ -0.911165141655329, 43.561404848257403 ], [ -0.912895757272805, 43.561184024491752 ], [ -0.914456778963763, 43.561114428877652 ], [ -0.916197143186582, 43.561263188791976 ], [ -0.918217804651025, 43.561276087179905 ], [ -0.920164097775616, 43.560859292250832 ], [ -0.922177947404949, 43.560114972766215 ], [ -0.924788804379345, 43.558750073579766 ], [ -0.928369853885916, 43.558337333557439 ], [ -0.930316822910503, 43.558527456911008 ], [ -0.932124424776168, 43.558755298224845 ], [ -0.932353723590275, 43.560111528993275 ], [ -0.932339776617624, 43.560400274144264 ], [ -0.932305089353514, 43.560919754249461 ], [ -0.932446342037423, 43.56136026657606 ], [ -0.932792940462243, 43.561946674127739 ], [ -0.932935412114858, 43.562220544802969 ], [ -0.933071192247826, 43.562540666569205 ], [ -0.933176299565073, 43.564135445495594 ], [ -0.934031461916998, 43.564901718722886 ], [ -0.935421880129691, 43.565581090273582 ], [ -0.937403937536711, 43.565909851009948 ], [ -0.939037757396144, 43.565629774999245 ], [ -0.940827894227648, 43.56516920366176 ], [ -0.943854381132982, 43.564455158306338 ], [ -0.945316454073259, 43.564172012354682 ], [ -0.947633568171461, 43.564078547396875 ], [ -0.949811420774381, 43.564045278917995 ], [ -0.951946527375208, 43.564187285160195 ], [ -0.95429426456137, 43.564619977173379 ], [ -0.956479125788711, 43.564851041490577 ], [ -0.95879918359353, 43.564861482143591 ], [ -0.961454029323489, 43.564386398857131 ], [ -0.964317961926, 43.563988423641177 ], [ -0.966953416490497, 43.563315603191349 ], [ -0.968761913629996, 43.561884909235921 ], [ -0.970178287759999, 43.561715528884825 ], [ -0.971539947518354, 43.561832304202717 ], [ -0.97335465704745, 43.562401650128017 ], [ -0.97477117658202, 43.563147038938574 ], [ -0.975881112727913, 43.563727833504736 ], [ -0.976448720023391, 43.566076392832315 ], [ -0.976947397902239, 43.567044498560954 ], [ -0.977421611469457, 43.568288457852262 ], [ -0.978118775735335, 43.569564107533445 ], [ -0.979060468133064, 43.570615110118716 ], [ -0.980223919908245, 43.571599713787023 ], [ -0.982748432433485, 43.572768433884725 ], [ -0.984448252746536, 43.573215071039876 ], [ -0.984688500699945, 43.573273713577009 ], [ -0.987102954943874, 43.573847384443823 ], [ -0.989603852414983, 43.574107102422595 ], [ -0.991861466733994, 43.574082330353399 ], [ -0.993832848480834, 43.574005711281572 ], [ -0.997255995209918, 43.573275566340214 ], [ -0.998766838048541, 43.573066576822079 ], [ -1.000914774166983, 43.573163202855866 ], [ -1.002754136939663, 43.573411224212485 ], [ -1.004329619140777, 43.573866240547062 ], [ -1.004742171427226, 43.574539960473366 ], [ -1.005443623319584, 43.575423823262021 ], [ -1.006266502191869, 43.576637429922833 ], [ -1.007476770245752, 43.577619017464372 ], [ -1.009197301705268, 43.57879947624096 ], [ -1.010733255511942, 43.579611571076562 ], [ -1.01217800956092, 43.58040556898176 ], [ -1.012418218306039, 43.58056330152553 ], [ -1.014112310846557, 43.581342927405785 ], [ -1.015222886484259, 43.581540027077921 ], [ -1.01615368138292, 43.581479012594784 ], [ -1.017486202396193, 43.581150617466868 ], [ -1.020131257463753, 43.580831880673308 ], [ -1.021938779771453, 43.581102240808043 ], [ -1.023983723330969, 43.581368871427308 ], [ -1.026576539109243, 43.58154767188288 ], [ -1.02893415656959, 43.58168096837796 ], [ -1.029180979183677, 43.581671805078351 ], [ -1.030116729661378, 43.581641162998899 ], [ -1.032611871144861, 43.581670102661384 ], [ -1.03517085100609, 43.581687443667917 ], [ -1.037284690650709, 43.581573042417972 ], [ -1.039405002609752, 43.581111839230594 ], [ -1.042306212040629, 43.58045794709404 ], [ -1.045890071907798, 43.57981533390177 ], [ -1.04799096932609, 43.579219747721808 ], [ -1.050190846653571, 43.578254481744501 ], [ -1.05100226119068, 43.577917539853445 ], [ -1.053246555063448, 43.576289163117139 ], [ -1.055326649901439, 43.57442768598932 ], [ -1.057661991650376, 43.572618964763144 ], [ -1.05878137723145, 43.571410756729321 ], [ -1.060282255200757, 43.56909756530041 ], [ -1.06230037922463, 43.566725104655411 ], [ -1.063340995446513, 43.564983132503301 ], [ -1.063834996272595, 43.56459458916401 ], [ -1.065649238475869, 43.563990981547384 ], [ -1.067573644556833, 43.563950531767432 ], [ -1.069406295974201, 43.564539087900314 ], [ -1.070446277020066, 43.565050027789873 ], [ -1.072036178006744, 43.564891216750837 ], [ -1.07339225134087, 43.56429035797666 ], [ -1.074015348555399, 43.563938834019886 ], [ -1.074562130142142, 43.563859011260391 ], [ -1.075886260262853, 43.563679446342654 ], [ -1.077252067080297, 43.563987964292743 ], [ -1.078624873328826, 43.565066930766505 ], [ -1.0793131446032, 43.566541672891049 ], [ -1.079865987098099, 43.568286270750697 ], [ -1.080449976791386, 43.569954045257759 ], [ -1.080941472764182, 43.571764343877533 ], [ -1.083645440817177, 43.574257029333786 ], [ -1.0921965693041, 43.581426877013094 ], [ -1.095752208051364, 43.583859616123121 ], [ -1.096257067773003, 43.586458525825996 ], [ -1.095778626026721, 43.587773824207972 ], [ -1.096338755999509, 43.589373969432934 ], [ -1.094984170403394, 43.590119201813643 ], [ -1.093388902605364, 43.590783529988784 ], [ -1.092781629223181, 43.591950321618768 ], [ -1.090333625777602, 43.592195930460939 ], [ -1.089220702396393, 43.592170394363862 ], [ -1.087065549270408, 43.593071413929351 ], [ -1.0858342296692, 43.594680785655797 ], [ -1.086736574564433, 43.59650732184182 ], [ -1.089614888879137, 43.599255087254008 ], [ -1.092180485183706, 43.601559683674054 ], [ -1.092486507179711, 43.602732958592448 ], [ -1.093276984148998, 43.6034013610305 ], [ -1.096056294298446, 43.603592975390264 ], [ -1.099807356046209, 43.606316795543357 ], [ -1.103925712762287, 43.610039691073773 ], [ -1.106186278382384, 43.611134947477517 ], [ -1.10888547914738, 43.612086804147921 ], [ -1.109339332990001, 43.613511032628622 ], [ -1.109879731441182, 43.615455396235397 ], [ -1.111324966173375, 43.617400266580326 ], [ -1.112296573834362, 43.619998940085161 ], [ -1.113675195360144, 43.62048342562548 ], [ -1.116644618571162, 43.62144735318185 ], [ -1.12091064884282, 43.623885249867293 ], [ -1.127082111607111, 43.628876882629044 ], [ -1.131300305291535, 43.633955816884153 ], [ -1.133836830050732, 43.636553086501451 ], [ -1.13433625287209, 43.638714668303294 ], [ -1.135468922315628, 43.643622620863887 ], [ -1.136697590487552, 43.648180367054422 ], [ -1.137602953215325, 43.653971093652238 ], [ -1.140963761996911, 43.660591450046276 ], [ -1.138023778149958, 43.661725763929937 ], [ -1.136080107736841, 43.667278444484097 ], [ -1.133708975205156, 43.66896348960767 ], [ -1.131252113250114, 43.669227649155516 ], [ -1.121868497736809, 43.669057433385696 ], [ -1.117422532271305, 43.67004075940433 ], [ -1.112906046802613, 43.672122480408675 ], [ -1.110071164804529, 43.673716163063105 ], [ -1.110055404591041, 43.674045946435342 ], [ -1.108233735283755, 43.676767744619468 ], [ -1.106410030640286, 43.677558408599388 ], [ -1.102143379304266, 43.67842185297863 ], [ -1.098700737645186, 43.678637589518218 ], [ -1.098083332855378, 43.67892666136072 ], [ -1.095621295911958, 43.680090854380367 ], [ -1.094417220575061, 43.681591991408077 ], [ -1.089523937695567, 43.684042649947102 ], [ -1.086256835561889, 43.684768660819309 ], [ -1.083588512943932, 43.685121428637927 ], [ -1.077012559205756, 43.68668395286565 ], [ -1.070152449774972, 43.68978299627738 ], [ -1.064584242057358, 43.692077825275526 ], [ -1.062417188939288, 43.692829461120986 ], [ -1.060353277333965, 43.693546504750707 ], [ -1.056142029741933, 43.694600254484918 ], [ -1.052305769560689, 43.695499790973692 ], [ -1.046486050026998, 43.69682469256815 ], [ -1.042605452079754, 43.697239931343013 ], [ -1.039837023182705, 43.697283532914611 ], [ -1.036303308020563, 43.697064112272841 ], [ -1.031188558904824, 43.69632153078097 ], [ -1.026723604065731, 43.695621097110191 ], [ -1.022194215784132, 43.694923895253815 ], [ -1.018746902487557, 43.694366435712602 ], [ -1.010475614418778, 43.692762237258798 ], [ -1.004448402073531, 43.691592073280646 ], [ -1.000042433155384, 43.690696200769665 ], [ -0.997722552373156, 43.690641480509555 ], [ -0.995103587964478, 43.690580326710823 ], [ -0.990992454720083, 43.690677127767252 ], [ -0.986141122358992, 43.690886778313789 ], [ -0.981122379689151, 43.69140390294308 ], [ -0.976646587763581, 43.692031799564496 ], [ -0.973164208977151, 43.692582312885996 ], [ -0.969664659774968, 43.693759963496198 ], [ -0.965638819892237, 43.695924780645399 ], [ -0.96248328270353, 43.69810778824754 ], [ -0.956332960583115, 43.700142122097432 ], [ -0.951375248418654, 43.701169793888788 ], [ -0.947063724775199, 43.701497091060673 ], [ -0.942643107011954, 43.701243453714056 ], [ -0.937569058557196, 43.701444661476444 ], [ -0.936301003596471, 43.701486486329955 ], [ -0.931117654428365, 43.701655567961652 ], [ -0.924868130814533, 43.702345386992434 ], [ -0.91700231142376, 43.704805279853645 ], [ -0.911149702192241, 43.706835430389617 ], [ -0.907544336848554, 43.708267322763 ], [ -0.903964276781748, 43.710692794365734 ], [ -0.900067508338258, 43.711742343639187 ], [ -0.896218059266992, 43.712267735387044 ], [ -0.891768190130103, 43.714719835425242 ], [ -0.889114692223106, 43.716319430795814 ], [ -0.88699716746976, 43.717719878291405 ], [ -0.883377466434239, 43.719893558567975 ], [ -0.87944652369927, 43.722282659798722 ], [ -0.876834432962577, 43.723712820264851 ], [ -0.876152357624282, 43.724088749140243 ], [ -0.868257957175186, 43.726969179314004 ], [ -0.866591403238035, 43.727442406902476 ], [ -0.864775477590903, 43.727686828189867 ], [ -0.863544905614715, 43.727812313287451 ], [ -0.862014296011032, 43.727501723622062 ], [ -0.861167216314853, 43.727022736021311 ], [ -0.859049052561144, 43.723872884060967 ], [ -0.858602559274838, 43.723041319533067 ], [ -0.858070980410847, 43.721993028118611 ], [ -0.857484324890719, 43.721256373289826 ], [ -0.855878304310455, 43.720367784575217 ], [ -0.854098689714114, 43.719453648781027 ], [ -0.852460332481318, 43.719087466586529 ], [ -0.850624625183045, 43.7190768323144 ], [ -0.849067990656457, 43.718856957022979 ], [ -0.84771319359584, 43.718431606742243 ], [ -0.846735705741956, 43.71791624458465 ], [ -0.844806115240644, 43.716633155517265 ], [ -0.844199940676204, 43.715812291696594 ], [ -0.843335142981978, 43.714770596116473 ], [ -0.842570968412903, 43.71388376227717 ], [ -0.842241097188948, 43.713336302399455 ], [ -0.84077480170705, 43.712212587804558 ], [ -0.839603820486838, 43.711583386204623 ], [ -0.838344165432247, 43.711186268483033 ], [ -0.836404548035719, 43.710777343592689 ], [ -0.83403457983163, 43.710338582969868 ], [ -0.830940080357516, 43.710569237120538 ], [ -0.829453517457328, 43.710612395174678 ], [ -0.828295988300573, 43.710603050498925 ], [ -0.827932811537208, 43.710566778855309 ], [ -0.826616148380924, 43.710432185983109 ], [ -0.824805504123744, 43.709505388431019 ], [ -0.823302851581054, 43.708927547590591 ], [ -0.822373430964243, 43.708387818445054 ], [ -0.821811477010084, 43.707421183939573 ], [ -0.821121873333063, 43.706314900278848 ], [ -0.820024497234551, 43.705389565832732 ], [ -0.818264274703493, 43.704496678454376 ], [ -0.816384243242172, 43.704003543331218 ], [ -0.815079747450063, 43.703689519662611 ], [ -0.813517975502133, 43.703171886470663 ], [ -0.812051785999292, 43.702777640420919 ], [ -0.810961892325726, 43.70282912837677 ], [ -0.81050854269922, 43.703088287335 ], [ -0.809440471001947, 43.704166246581622 ], [ -0.807679921007101, 43.705341016397831 ], [ -0.806870464016964, 43.705859959168862 ], [ -0.804683366048759, 43.70642712270498 ], [ -0.80275720697755, 43.706638615314233 ], [ -0.800715826747054, 43.706642506573722 ], [ -0.799503953542591, 43.706280077609755 ], [ -0.798704645410889, 43.705933896412596 ], [ -0.796523292019084, 43.705356905847331 ], [ -0.7948871966428, 43.705756423841692 ], [ -0.792507426427983, 43.706181844956134 ], [ -0.790674236190102, 43.706308105450404 ], [ -0.789075595769909, 43.706273856479804 ], [ -0.787865057205443, 43.705866283221276 ], [ -0.786635961098341, 43.704687651322978 ], [ -0.785416792690699, 43.703338961999933 ], [ -0.783209659309665, 43.700897232198244 ], [ -0.781935713638361, 43.699846858136844 ], [ -0.780964020130786, 43.69887180250165 ], [ -0.779812790489832, 43.697588163847151 ], [ -0.778756862829849, 43.69646680649106 ], [ -0.777053811664623, 43.695251385459045 ], [ -0.775566172893291, 43.694524191436749 ], [ -0.773043861791052, 43.693593713764784 ], [ -0.770524817343824, 43.693374457778042 ], [ -0.768965605561492, 43.692992072372 ], [ -0.767858188146767, 43.69228225254605 ], [ -0.767569661763633, 43.691472511443607 ], [ -0.76778342036594, 43.690375546205367 ], [ -0.768667800634907, 43.688917015280474 ], [ -0.7698661440789, 43.687307541371908 ], [ -0.770915256949607, 43.686064054900456 ], [ -0.773087804838631, 43.683551991111479 ], [ -0.774103946436231, 43.68232289664585 ], [ -0.774454382817248, 43.681720958466819 ], [ -0.774401903759977, 43.680753832656769 ], [ -0.77372332686317, 43.67945375220414 ], [ -0.773411646845151, 43.678955566992819 ], [ -0.772324559680932, 43.676349107574289 ], [ -0.771482263466747, 43.674742972376222 ], [ -0.771292597870481, 43.674492997773797 ], [ -0.770585596795998, 43.67357208304594 ], [ -0.769070187124518, 43.672327607712532 ], [ -0.768171978027005, 43.671709698956647 ], [ -0.767306654019482, 43.671249102211021 ], [ -0.765307450869846, 43.6701828157207 ], [ -0.762617817659266, 43.669429655396456 ], [ -0.75993938184273, 43.669189142500024 ], [ -0.758307948934918, 43.669024791674524 ], [ -0.75594854300188, 43.669655206055914 ], [ -0.754498902376026, 43.669858592610488 ], [ -0.753637483055719, 43.669605220946877 ], [ -0.753026859152235, 43.669139801370704 ], [ -0.752768248981612, 43.668846194057203 ], [ -0.751967131116318, 43.667707654035745 ], [ -0.751594602659167, 43.666599281615412 ], [ -0.750968347270215, 43.665399501711327 ], [ -0.749972387725333, 43.664681617182687 ], [ -0.748926606148791, 43.663912291360248 ], [ -0.747591514255064, 43.66356176491594 ], [ -0.744820602539941, 43.66349475118048 ], [ -0.742535570271876, 43.663753364112125 ], [ -0.73989392751109, 43.664480014679732 ], [ -0.738746295155063, 43.66475763061721 ], [ -0.735811453285097, 43.665048659677545 ], [ -0.733686681914525, 43.664764958724 ], [ -0.73288692511648, 43.664396890148083 ], [ -0.732009221276807, 43.663998782404249 ], [ -0.731295808553385, 43.663248561093745 ], [ -0.730938072412737, 43.662057858294787 ], [ -0.730944329827571, 43.66087818296343 ], [ -0.730980016324384, 43.659610620976807 ], [ -0.730886788873471, 43.65897910486698 ], [ -0.730494867501925, 43.658343551914044 ], [ -0.729368140008206, 43.658162483150349 ], [ -0.728481883483513, 43.658885838542105 ], [ -0.727757328971488, 43.659757991049801 ], [ -0.726742575252376, 43.660346742929981 ], [ -0.72502617202546, 43.660688699786931 ], [ -0.72357331174741, 43.660775286574761 ], [ -0.723569784794972, 43.661067710602069 ], [ -0.72175325310978, 43.661017504734353 ], [ -0.720092437648435, 43.660546990515044 ], [ -0.718698013054182, 43.658996204650869 ], [ -0.716547246704151, 43.657417100708884 ], [ -0.714458268868846, 43.65433548555589 ], [ -0.71280704004158, 43.652292619842399 ], [ -0.711906983267808, 43.650936450919097 ], [ -0.708600756607118, 43.64782886632424 ], [ -0.704923914585365, 43.645274512798643 ], [ -0.703526480737991, 43.644732435926564 ], [ -0.703291173753066, 43.644641301632966 ], [ -0.70086451253279, 43.643786783064776 ], [ -0.695942349294289, 43.642621594325561 ], [ -0.695026054869538, 43.642445290760371 ], [ -0.693481765493019, 43.641412403675488 ], [ -0.691763607998638, 43.640344524586347 ], [ -0.688569133661803, 43.63990827386349 ], [ -0.686703808080036, 43.639656803926322 ], [ -0.685992428526244, 43.639383524611127 ], [ -0.684120012195565, 43.638627364319454 ], [ -0.681330542133368, 43.637636539855919 ], [ -0.674626596656848, 43.636714738568678 ], [ -0.671504001600705, 43.636801917566324 ], [ -0.669928148480235, 43.636914432605877 ], [ -0.667523807082152, 43.636549013559396 ], [ -0.666183490101835, 43.635306516978758 ], [ -0.66587870807505, 43.634875299811291 ], [ -0.664840545565048, 43.633779974074976 ], [ -0.663517621229658, 43.632653380387652 ], [ -0.661967128287164, 43.632192600627647 ], [ -0.65954620191646, 43.631783613543696 ], [ -0.65600218874678, 43.63086256148587 ], [ -0.651848941916895, 43.630646605753292 ], [ -0.649843937900938, 43.630646535291248 ], [ -0.646832972370131, 43.630868251090575 ], [ -0.644988290461333, 43.631066072871221 ], [ -0.643200957975267, 43.630594603771861 ], [ -0.641353987901898, 43.629183830745745 ], [ -0.640356842565795, 43.627595354529369 ], [ -0.639519689311974, 43.624470570912678 ], [ -0.639399217120183, 43.624146554206263 ], [ -0.638024192350365, 43.620458288998449 ], [ -0.637672201544015, 43.619943749999166 ], [ -0.635994972104901, 43.619427613225383 ], [ -0.63084839318141, 43.620681017264722 ], [ -0.629546267204702, 43.621422549682954 ], [ -0.627703895657761, 43.621853033292957 ], [ -0.626620453965546, 43.622227499739729 ], [ -0.624931297556849, 43.622211326329747 ], [ -0.623355470414668, 43.622430483526962 ], [ -0.621482538204674, 43.62297939639776 ], [ -0.619956471012488, 43.62331846367087 ], [ -0.618013466447569, 43.623248318473934 ], [ -0.614763425884225, 43.623154170126512 ], [ -0.61176091445868, 43.622902481317219 ], [ -0.611129369828391, 43.622747698314654 ], [ -0.609799200761505, 43.622400510417016 ], [ -0.608404667750077, 43.621902135745252 ], [ -0.607065866167782, 43.620545490466185 ], [ -0.606142006182277, 43.619567483210325 ], [ -0.604369971949229, 43.619081588663015 ], [ -0.59921628590976, 43.619626548939195 ], [ -0.59748442180933, 43.620071237487757 ], [ -0.594788841459786, 43.620357713297871 ], [ -0.592295410503182, 43.620166325813315 ], [ -0.589462941780771, 43.619547683870266 ], [ -0.584767215873186, 43.618555113086401 ], [ -0.583151474065643, 43.617955393961353 ], [ -0.581762543482948, 43.617743668734946 ], [ -0.580028955801122, 43.6179592377921 ], [ -0.577981963573258, 43.618382324371417 ], [ -0.576912235428476, 43.618754785684303 ], [ -0.574882308866286, 43.619362241301332 ], [ -0.571695684713856, 43.619444584405173 ], [ -0.570606417077831, 43.619278049562411 ], [ -0.570241421437914, 43.619222598238082 ], [ -0.568566472100436, 43.618980271852742 ], [ -0.566794224845887, 43.618394665225097 ], [ -0.564374023359846, 43.617703575125958 ], [ -0.562505569353103, 43.617130240652529 ], [ -0.559654184034746, 43.615835947914199 ], [ -0.556499967006725, 43.614215280281897 ], [ -0.553088075786684, 43.61208791609161 ], [ -0.551864893185634, 43.611141766835075 ], [ -0.550478649399506, 43.609742103301052 ], [ -0.548556534555934, 43.608431449460454 ], [ -0.546841950715013, 43.60706394060518 ], [ -0.545813474273236, 43.606579408017389 ], [ -0.544560278723393, 43.605985717427593 ], [ -0.542977799347189, 43.605501862165745 ], [ -0.541539976351233, 43.605242192996805 ], [ -0.539599289174581, 43.605242122316909 ], [ -0.536680724735871, 43.605211501828812 ], [ -0.533830277837731, 43.605624174316667 ], [ -0.530918048792608, 43.606358610492528 ], [ -0.529045370059971, 43.606801677256243 ], [ -0.526846097270115, 43.608040146663633 ], [ -0.525826895509587, 43.60882434408871 ], [ -0.524614493770394, 43.610607074211643 ], [ -0.523991700147963, 43.611595039533334 ], [ -0.522687083020796, 43.613916217866873 ], [ -0.522189259642745, 43.614787715965292 ], [ -0.521392134432914, 43.615709770577269 ], [ -0.519962631126177, 43.616229246006888 ], [ -0.518477811984864, 43.616191519572062 ], [ -0.516599190304388, 43.61608579367725 ], [ -0.514387433714635, 43.615707743463631 ], [ -0.511335264145405, 43.614950108316556 ], [ -0.509797930283483, 43.614077011066755 ], [ -0.507596027332248, 43.613076172057013 ], [ -0.505252932586435, 43.61211152125918 ], [ -0.504063569707919, 43.611451944191828 ], [ -0.502636911283089, 43.610476080512697 ], [ -0.500890075926313, 43.609208021082047 ], [ -0.499745447400943, 43.608150484659291 ], [ -0.498156553373965, 43.606702551275241 ], [ -0.497106701867093, 43.605583674109646 ], [ -0.496212346884069, 43.604315687848825 ], [ -0.495366469481142, 43.603104395486255 ], [ -0.494776184269456, 43.602371281849805 ], [ -0.49362246748741, 43.600075445568478 ], [ -0.492458950876682, 43.598726183574236 ], [ -0.491712789949437, 43.598110477418544 ], [ -0.489243499079039, 43.597136295168085 ], [ -0.486477514719389, 43.596368822196879 ], [ -0.483522403922334, 43.595680917313103 ], [ -0.480782429850876, 43.59411131196498 ], [ -0.47820704899283, 43.59363079714057 ], [ -0.476153218743448, 43.593125344157592 ], [ -0.474665664179415, 43.592451534003757 ], [ -0.471881540170896, 43.591307188993873 ], [ -0.470549520027585, 43.590692716745856 ], [ -0.46942760050734, 43.590227867839552 ], [ -0.467604949381821, 43.5891242371628 ], [ -0.46570243642731, 43.587605203120269 ], [ -0.464385085617865, 43.586579401580636 ], [ -0.463627275333828, 43.584622213891471 ], [ -0.463449652515592, 43.583799144708046 ], [ -0.462995863692271, 43.582359525228554 ], [ -0.462714298751045, 43.580512825047244 ], [ -0.462484370193865, 43.579358309479638 ], [ -0.462062136770781, 43.577881913382846 ], [ -0.461581189058799, 43.576712936438085 ], [ -0.460939650849225, 43.575328344727097 ], [ -0.460331881287544, 43.574176691857403 ], [ -0.459340724203356, 43.572470126662303 ], [ -0.459243977417326, 43.572334244206949 ], [ -0.457923594084136, 43.57045729221926 ], [ -0.457106446782034, 43.568767655506967 ], [ -0.45533000904331, 43.567366057163476 ], [ -0.453568966622681, 43.565985423365504 ], [ -0.451448828211486, 43.564917605381233 ], [ -0.450058515027761, 43.564394684187825 ], [ -0.448319274642073, 43.563770461014748 ], [ -0.445772394219109, 43.562472899886643 ], [ -0.443405276386281, 43.560071136162335 ], [ -0.444293540143254, 43.558319125772165 ], [ -0.444577791560082, 43.557530443869638 ], [ -0.444821049485414, 43.555613956620668 ], [ -0.44509909737318, 43.554370762025073 ], [ -0.445417984719049, 43.552568354145102 ], [ -0.445356794409835, 43.550940490921519 ], [ -0.444974017337018, 43.549525160556811 ], [ -0.44458095092807, 43.547844476874261 ], [ -0.443839767605444, 43.545512731065294 ], [ -0.442708821864213, 43.542887803913104 ], [ -0.442299217978455, 43.542053733167045 ], [ -0.441362840603363, 43.540750984034005 ], [ -0.439836748818691, 43.539052100608842 ], [ -0.436777233537926, 43.537451853452737 ], [ -0.435300522225247, 43.53713793360582 ], [ -0.434682938039092, 43.537121725269984 ], [ -0.433237835660704, 43.536960046090357 ], [ -0.43287514286844, 43.536931674651349 ], [ -0.431618687271893, 43.536683287143518 ], [ -0.43013580901788, 43.535865747347138 ], [ -0.429417096333774, 43.534744057830338 ], [ -0.429434436460775, 43.53392912611325 ], [ -0.429317877695455, 43.532636140314168 ], [ -0.428435440476099, 43.531029162448071 ], [ -0.42689851693412, 43.529091360052135 ], [ -0.425639383771334, 43.528159411769018 ], [ -0.423834353901621, 43.526950411968826 ], [ -0.421700887927122, 43.526379118194299 ], [ -0.419846653135882, 43.526086119805612 ], [ -0.417588397250174, 43.526224745652215 ], [ -0.414444777083227, 43.526516878535034 ], [ -0.411634988651577, 43.526614504791297 ], [ -0.409131680959547, 43.526410184850036 ], [ -0.407873623656741, 43.526223896408283 ], [ -0.406007408678533, 43.525751206825475 ], [ -0.403126065161142, 43.524711560205716 ], [ -0.402543739441565, 43.524671600242698 ], [ -0.401965157133042, 43.524504795878748 ], [ -0.400365949433336, 43.524010361089388 ], [ -0.398254374390275, 43.523162050445691 ], [ -0.395672047851133, 43.522140435083394 ], [ -0.393051138533274, 43.520844110441004 ], [ -0.392085751990288, 43.52028475035744 ], [ -0.391575351747716, 43.519773490959665 ], [ -0.390022121027499, 43.517913379678959 ], [ -0.389013168419357, 43.516400021043538 ], [ -0.388175681722265, 43.514936454933988 ], [ -0.387547835639129, 43.513289569361625 ], [ -0.386952321577284, 43.511642710681969 ], [ -0.38691508253221, 43.51039220823008 ], [ -0.386427032710074, 43.50968609691828 ], [ -0.384860812673224, 43.508384230198281 ], [ -0.38367909854177, 43.507674227198933 ], [ -0.382050026639342, 43.506351820551458 ], [ -0.379928036200514, 43.505310413572452 ], [ -0.379721364175676, 43.505352603863621 ], [ -0.378410710067462, 43.505479293805614 ], [ -0.376812246033159, 43.505772256377917 ], [ -0.375267996225645, 43.505770288387161 ], [ -0.374500935132408, 43.505496830164738 ], [ -0.373470684922376, 43.504327311978372 ], [ -0.373163606096666, 43.503854603297363 ], [ -0.372954970949375, 43.503289933377751 ], [ -0.37222640157527, 43.501232341256269 ], [ -0.371604290842348, 43.500103244907521 ], [ -0.371172911385952, 43.499617017219478 ], [ -0.369666750224165, 43.497844134140124 ], [ -0.368320988593017, 43.496603671065095 ], [ -0.366632148008276, 43.495255333143824 ], [ -0.363547662868563, 43.493031754402466 ], [ -0.35944813773843, 43.488805287171274 ], [ -0.356545888586349, 43.485847405045035 ], [ -0.353695780362106, 43.48315245973702 ], [ -0.351841182092116, 43.481643525055851 ], [ -0.35112549712495, 43.480319036905236 ], [ -0.350253698488008, 43.479107675506455 ], [ -0.348248353985044, 43.476982155090433 ], [ -0.346335233374827, 43.475667048584427 ], [ -0.344038263298499, 43.474022508396757 ], [ -0.341167856768925, 43.471923570821716 ], [ -0.339267202544966, 43.470527256002583 ], [ -0.335757664449462, 43.467875746647493 ], [ -0.33370597767907, 43.46670058196252 ], [ -0.330910334184856, 43.465345972560684 ], [ -0.329199096349817, 43.464741622507944 ], [ -0.328470291610104, 43.464461589262726 ], [ -0.328526180879288, 43.464118627407395 ], [ -0.324784558356261, 43.461657829100609 ], [ -0.321075883482199, 43.459349173124984 ], [ -0.319262382570606, 43.458377957357001 ], [ -0.318583337971616, 43.457912426614243 ], [ -0.317503085903609, 43.456716445024149 ], [ -0.315482770450041, 43.45461233275568 ], [ -0.313172526932577, 43.452877710036944 ], [ -0.310922524295705, 43.451114637867349 ], [ -0.308799755252678, 43.449391579482942 ], [ -0.30663041979243, 43.447734264545446 ], [ -0.305150165452591, 43.446792510696739 ], [ -0.303041947078639, 43.444974920100741 ], [ -0.300593751837321, 43.442484144522162 ], [ -0.299486168816312, 43.44150849640409 ], [ -0.298501334400839, 43.440643513027794 ], [ -0.296472465819543, 43.438881629285326 ], [ -0.29368402783121, 43.435850427158861 ], [ -0.291541311982879, 43.432804643639322 ], [ -0.289647671143784, 43.430628865954276 ], [ -0.28744766095125, 43.427823825932379 ], [ -0.28563065709575, 43.425438274352366 ], [ -0.28328744939596, 43.42264671858505 ], [ -0.279948019983203, 43.41943887073252 ], [ -0.277650985739573, 43.417473333247621 ], [ -0.275858339843475, 43.415649857791117 ], [ -0.274005029076575, 43.413842477527993 ], [ -0.271698858147846, 43.411314198618271 ], [ -0.268886688466403, 43.408558035670445 ], [ -0.26656218934349, 43.40695785819922 ], [ -0.264207525542681, 43.405268638836176 ], [ -0.261635134480055, 43.403789261710386 ], [ -0.259299676703344, 43.402359873751941 ], [ -0.258412469263232, 43.401909515565478 ], [ -0.255927191118178, 43.400998453941078 ], [ -0.253587526093494, 43.400307706033324 ], [ -0.251909182902445, 43.399665489716725 ], [ -0.249797636661097, 43.398373266844949 ], [ -0.246511685190424, 43.395383576434057 ], [ -0.244350605187551, 43.393057862416256 ], [ -0.242000571750585, 43.390458864423593 ], [ -0.23962943066904, 43.387679638227134 ], [ -0.237473876570344, 43.38564173442068 ], [ -0.235763155033018, 43.383739634357276 ], [ -0.23385492724554, 43.381262138458276 ], [ -0.233306955365269, 43.380508244667162 ], [ -0.232889697704597, 43.380111059956526 ], [ -0.229120730336568, 43.376964780569025 ], [ -0.225073146393693, 43.374037149624655 ], [ -0.222630037346219, 43.371346610306695 ], [ -0.221955455039782, 43.369777148286744 ], [ -0.22103871990162, 43.367382312982315 ], [ -0.220380567875806, 43.365929850888691 ], [ -0.21983251444553, 43.364442421109786 ], [ -0.218811143115333, 43.362627883083519 ], [ -0.217376608365737, 43.360383314770857 ], [ -0.215459247603389, 43.358491192132838 ], [ -0.213656855489903, 43.357076791510515 ], [ -0.211698987590284, 43.355784472306006 ], [ -0.210032890501838, 43.353898108145025 ], [ -0.20812082336274, 43.35241946592032 ], [ -0.206506962078078, 43.351040215774994 ], [ -0.205081906922406, 43.34943064053418 ], [ -0.20390458154598, 43.347944457131675 ], [ -0.202966119763983, 43.346296939964873 ], [ -0.201820673899906, 43.344778113790973 ], [ -0.200741855020685, 43.343373768895503 ], [ -0.200294859776618, 43.342608612522682 ], [ -0.2000229177513, 43.342072176117547 ], [ -0.198823732538674, 43.339658024894597 ], [ -0.197410508080023, 43.337773233774527 ], [ -0.196228205174404, 43.335382050683037 ], [ -0.195628821600316, 43.333432324561002 ], [ -0.194801290516387, 43.33218702507768 ], [ -0.193377057875187, 43.330577317993686 ], [ -0.191825932748432, 43.329151103126996 ], [ -0.190938299595151, 43.328182363642611 ], [ -0.190142946116094, 43.326832901510436 ], [ -0.189201383398518, 43.325141487330434 ], [ -0.188370351723758, 43.323297667648589 ], [ -0.187412454567674, 43.321561762221613 ], [ -0.186063600501674, 43.319813878759575 ], [ -0.184243831952918, 43.3179991752097 ], [ -0.183039281684763, 43.316581057944596 ], [ -0.182366702526399, 43.314889843433924 ], [ -0.181885540577983, 43.3138018232899 ], [ -0.181306034306581, 43.312072107419425 ], [ -0.180866027645481, 43.310284165167836 ], [ -0.180587420526749, 43.308784641689179 ], [ -0.179736668641534, 43.30659914841511 ], [ -0.177818607558136, 43.304283667477137 ], [ -0.176066705633495, 43.301148139185642 ], [ -0.174764830225129, 43.299146485644506 ], [ -0.173231411214661, 43.29781456282106 ], [ -0.172581183993405, 43.297180942082456 ], [ -0.171586824282767, 43.296215203781131 ], [ -0.17056955390294, 43.294602516920236 ], [ -0.16952354704745, 43.293255243420838 ], [ -0.168125020458308, 43.291014275750165 ], [ -0.167438049409423, 43.28960742360767 ], [ -0.161880645015576, 43.282995849421049 ], [ -0.160347716701091, 43.281685217457458 ], [ -0.158329734216035, 43.280042484016946 ], [ -0.15690761592195, 43.278684639482428 ], [ -0.155793687169535, 43.276876534221202 ], [ -0.154854712594615, 43.275071463049954 ], [ -0.154421239841705, 43.273868606780027 ], [ -0.154119566958141, 43.273413673630557 ], [ -0.153136204302546, 43.271970458466228 ], [ -0.151550762366341, 43.26976648440349 ], [ -0.149840804215485, 43.267583486723851 ], [ -0.148147013556052, 43.265643100114339 ], [ -0.146440027091189, 43.263766399871244 ], [ -0.145473771592395, 43.262579048204721 ], [ -0.144777763708891, 43.261528834934779 ], [ -0.143568690967861, 43.259551824451954 ], [ -0.142458168298073, 43.257869139055607 ], [ -0.141315013053181, 43.255970887961269 ], [ -0.140379528348734, 43.252469045396417 ], [ -0.140165701335919, 43.25139050980281 ], [ -0.138827618612223, 43.24675331872313 ], [ -0.138699200038095, 43.246293338804826 ] ] ] ] } },
{ "type": "Feature", "properties": { "fid": 3, "gid": 4, "codenatzon": "29", "id_local": "140", "cdperimetr": "140", "nomperimet": "Audon-StVincent", "nomzone": "L'Adour du confluent de la Midouze (exclus) au confluent de L'Ouzente (inclus), à l'exclusion du Lous", "numcircadm": "05", "cddepartem": "40", "sourceperi": "BDCARTHAGE 2012", "niveau": "Niveau_1", "nominterve": "OUGC Adour", "structureo": "Irrig'Adour", "datecreati": "2013-07-29", "cdinterven": "2202", "vpi_aff": 5.83, "mg_mnoe": 0.0, "vp_def": 8.03, "vp_notif": 8.03, "v_aup": 8.03, "v1_5": 5.83, "vmax": 7.1, "vaut": 8.04, "typ_gest": "1", "v_ret_dec": 0.31, "v_rdec_aup": 0.31, "deseq": 1, "ecar_imp": "0", "v_eso_dec": 1.18, "v_edec_aup": 1.18, "vprj_ret": 0.0, "rqs": null }, "geometry": { "type": "MultiPolygon", "coordinates": [ [ [ [ -0.841213987139539, 43.824201347554471 ], [ -0.841307268814819, 43.823593910548524 ], [ -0.841805040030724, 43.82035119675529 ], [ -0.842365005376988, 43.818285930424558 ], [ -0.842916138876598, 43.816761770758852 ], [ -0.844451400926867, 43.813729829068173 ], [ -0.846221870662105, 43.810608790220051 ], [ -0.848081825829734, 43.808106113212119 ], [ -0.850734089434428, 43.805571302989684 ], [ -0.851212460620165, 43.805234416705737 ], [ -0.853012515002937, 43.803963503545752 ], [ -0.854924727930692, 43.802494372433259 ], [ -0.855329712895862, 43.802367595778691 ], [ -0.859485104833107, 43.801116448887917 ], [ -0.861387961631668, 43.800661568408671 ], [ -0.859102167180802, 43.797013447363177 ], [ -0.857457276636088, 43.795706011573479 ], [ -0.854763123974266, 43.794324254102364 ], [ -0.853371931755092, 43.793553643868357 ], [ -0.851884129165715, 43.792354043020723 ], [ -0.849781356326503, 43.789544689605812 ], [ -0.847849997096927, 43.785757091644591 ], [ -0.846600265549292, 43.780814861321915 ], [ -0.84531830873872, 43.773922355245112 ], [ -0.844490485071162, 43.769835126987417 ], [ -0.844281147683416, 43.768756934467291 ], [ -0.843726102665092, 43.766879315507509 ], [ -0.843277792617861, 43.765539692602445 ], [ -0.841566342961232, 43.762991433053593 ], [ -0.840229534769853, 43.761840579390217 ], [ -0.838500766972714, 43.761320927929717 ], [ -0.846519774252864, 43.761397714869155 ], [ -0.855738573861422, 43.761445711230543 ], [ -0.862603433492852, 43.761243244983206 ], [ -0.873679414546799, 43.760493948684278 ], [ -0.87905995838379, 43.759909809335866 ], [ -0.880806361909952, 43.759748413003663 ], [ -0.883686093806235, 43.759578243612914 ], [ -0.88630899433739, 43.759592992791433 ], [ -0.889394081886084, 43.759456234297055 ], [ -0.89133781986315, 43.759314191344401 ], [ -0.892540014094349, 43.759239504983405 ], [ -0.895702467769545, 43.759099800142074 ], [ -0.89949961675875, 43.758774744696723 ], [ -0.902585517263571, 43.758361568524428 ], [ -0.906589851975485, 43.757560630732179 ], [ -0.910125795016327, 43.756428793611185 ], [ -0.911915865683319, 43.755815535742123 ], [ -0.913677577893917, 43.755179762632892 ], [ -0.915503777380717, 43.754168511380392 ], [ -0.91797964788591, 43.753007062233841 ], [ -0.921424267277437, 43.751229030195084 ], [ -0.924077373336861, 43.749530525019836 ], [ -0.925906018263692, 43.748333955923883 ], [ -0.927522244668861, 43.747207408498525 ], [ -0.92847067001602, 43.746398305138271 ], [ -0.929839861922774, 43.744735776683108 ], [ -0.930492616834633, 43.744036484010785 ], [ -0.930976583336454, 43.743569208716231 ], [ -0.931385964632034, 43.743206860037276 ], [ -0.932185846324622, 43.742597334798866 ], [ -0.932806498519587, 43.742129198625527 ], [ -0.934174626410491, 43.741151538211675 ], [ -0.932788719591222, 43.740106819475919 ], [ -0.93237979787953, 43.739080950493594 ], [ -0.931108321977586, 43.738284545545277 ], [ -0.929713482669142, 43.737560079085583 ], [ -0.926984172713192, 43.736762091260069 ], [ -0.924852641189518, 43.735059286852518 ], [ -0.921819636877543, 43.732830785268519 ], [ -0.919431257454412, 43.731016524509549 ], [ -0.917562112601286, 43.729700763484523 ], [ -0.915022891098884, 43.730107006107765 ], [ -0.913026260229684, 43.730697086584918 ], [ -0.91162967765603, 43.731157217758039 ], [ -0.90976370569419, 43.731927597106633 ], [ -0.907746061727966, 43.732211668092894 ], [ -0.905559978539643, 43.732217587198129 ], [ -0.903247323154316, 43.732124744033769 ], [ -0.901022165167336, 43.731826316491485 ], [ -0.901097355957919, 43.730985398368155 ], [ -0.897554661521363, 43.728603842744313 ], [ -0.896876662637413, 43.727465880768968 ], [ -0.895052826618098, 43.725377387716065 ], [ -0.891970566448887, 43.724285570203101 ], [ -0.888480589935395, 43.723932986844893 ], [ -0.882521018637119, 43.724366627036574 ], [ -0.876834432962577, 43.723712820264851 ], [ -0.87944652369927, 43.722282659798722 ], [ -0.883377466434239, 43.719893558567975 ], [ -0.88699716746976, 43.717719878291405 ], [ -0.889114692223106, 43.716319430795814 ], [ -0.891768190130103, 43.714719835425242 ], [ -0.896218059266992, 43.712267735387044 ], [ -0.900067508338258, 43.711742343639187 ], [ -0.903964276781748, 43.710692794365734 ], [ -0.907544336848554, 43.708267322763 ], [ -0.911149702192241, 43.706835430389617 ], [ -0.91700231142376, 43.704805279853645 ], [ -0.924868130814533, 43.702345386992434 ], [ -0.931117654428365, 43.701655567961652 ], [ -0.936301003596471, 43.701486486329955 ], [ -0.942332675019857, 43.703385020470783 ], [ -0.949663261473959, 43.704803679194491 ], [ -0.952783574600773, 43.705465160675153 ], [ -0.955980727628982, 43.70607470342712 ], [ -0.957746883473003, 43.706469443278856 ], [ -0.960370393024889, 43.706973980601617 ], [ -0.962648245960001, 43.707512549931735 ], [ -0.964254442245226, 43.707854730668537 ], [ -0.966451792684456, 43.708328666210342 ], [ -0.967457209290649, 43.70872441502258 ], [ -0.968121038161124, 43.709254248965159 ], [ -0.970563770239036, 43.712511949816303 ], [ -0.973148460585462, 43.715760346361058 ], [ -0.973922286680451, 43.717506732388713 ], [ -0.975029435324815, 43.723543621017726 ], [ -0.976268974585008, 43.72618790238753 ], [ -0.977105231043177, 43.727896212118402 ], [ -0.979285393977089, 43.730704396498005 ], [ -0.981238442051002, 43.731542781557927 ], [ -0.983076344854557, 43.731597147722489 ], [ -0.984282492033343, 43.731426227355534 ], [ -0.989468596776334, 43.730408154325922 ], [ -0.995333302361272, 43.729602070181997 ], [ -1.000218494432346, 43.729345884826017 ], [ -1.004686442734928, 43.729312379652356 ], [ -1.010847725446188, 43.729905292320041 ], [ -1.012671918480486, 43.730266369254181 ], [ -1.015314177157943, 43.731074635948126 ], [ -1.017836756232666, 43.731863744994406 ], [ -1.018718074093727, 43.732588714655037 ], [ -1.020595859569424, 43.73754192135516 ], [ -1.024318549278313, 43.750514401809156 ], [ -1.025541094734453, 43.756582625659277 ], [ -1.027866511254313, 43.764186515120834 ], [ -1.030035762075475, 43.770386395275104 ], [ -1.031195163797503, 43.776565398347657 ], [ -1.031489355976461, 43.78031670493921 ], [ -1.031081836304966, 43.783201492185931 ], [ -1.031439799835262, 43.785035616817495 ], [ -1.032238884867913, 43.787681493743378 ], [ -1.033237007036961, 43.789906985858686 ], [ -1.033663682325134, 43.79127340002011 ], [ -1.034149654659677, 43.793639518390471 ], [ -1.035202022599948, 43.797110268227414 ], [ -1.035476827353548, 43.798483311611264 ], [ -1.036106449957831, 43.800343172732759 ], [ -1.036988476430687, 43.802238633870509 ], [ -1.038154797233563, 43.8052001098931 ], [ -1.038740671984645, 43.80741736961042 ], [ -1.039740092512363, 43.809632574997217 ], [ -1.040626444141692, 43.811825382019066 ], [ -1.041626244854038, 43.81388415448783 ], [ -1.042716375849329, 43.816420079131696 ], [ -1.043856444206847, 43.818842709458529 ], [ -1.044998496603027, 43.820773500795347 ], [ -1.046376435377996, 43.822803877208791 ], [ -1.049967481151096, 43.82788357840267 ], [ -1.053421531314878, 43.83237735758356 ], [ -1.055503133561455, 43.835994843347052 ], [ -1.056801785134937, 43.838270396037387 ], [ -1.057713041149049, 43.839624885930064 ], [ -1.058465414399794, 43.840452625985485 ], [ -1.061458628847245, 43.842995270981646 ], [ -1.064010771993096, 43.844954153905405 ], [ -1.061264904214243, 43.846070715432091 ], [ -1.060663862519396, 43.847074615137217 ], [ -1.058456139268492, 43.850815990779701 ], [ -1.058399402450855, 43.851011351265655 ], [ -1.058047361986516, 43.851425231581686 ], [ -1.057974222000849, 43.851747960331018 ], [ -1.055053100922302, 43.855654873100541 ], [ -1.054159018980165, 43.864293707349326 ], [ -1.04570213772962, 43.865279503014122 ], [ -1.044761543667034, 43.877033213377445 ], [ -1.044314956226104, 43.880743732203499 ], [ -1.044775330660541, 43.884745758327469 ], [ -1.046087609042703, 43.888081293434446 ], [ -1.047283268635723, 43.889491836635642 ], [ -1.04837784518544, 43.891289532331911 ], [ -1.046704149170932, 43.892608184733447 ], [ -1.043559434233878, 43.894518117907346 ], [ -1.039939053343389, 43.894724825883941 ], [ -1.034117039550273, 43.893728690575671 ], [ -1.028946219606147, 43.893162169333948 ], [ -1.025437062758898, 43.895264948769629 ], [ -1.02429261072776, 43.912212757618825 ], [ -1.02457649131937, 43.915594659780417 ], [ -1.026487822450921, 43.917785760494937 ], [ -1.029623312270448, 43.921865052506107 ], [ -1.0308986966173, 43.925079504396294 ], [ -1.030711439130968, 43.929114783873196 ], [ -1.028794392891484, 43.936160592094978 ], [ -1.027628471528007, 43.938302662936863 ], [ -1.015288835214215, 43.930728079387173 ], [ -1.01261534301431, 43.929285578300146 ], [ -1.009214519543592, 43.927617230332508 ], [ -1.004718998779889, 43.925988925333925 ], [ -1.001878374579639, 43.925120797400297 ], [ -0.997847992154084, 43.924128499523135 ], [ -0.993279590187952, 43.922723257013729 ], [ -0.989754025428229, 43.921319598313254 ], [ -0.986091666676334, 43.91965603111592 ], [ -0.980874126416455, 43.916620813471894 ], [ -0.973318095974616, 43.911435595634302 ], [ -0.967727503891183, 43.908322397305604 ], [ -0.963525248828351, 43.905786265996881 ], [ -0.960763292621949, 43.904804876690427 ], [ -0.955814946257641, 43.904245196123668 ], [ -0.946284262269292, 43.90524358038256 ], [ -0.939188185454517, 43.905810770556286 ], [ -0.935862424595458, 43.905647577642121 ], [ -0.934049294630864, 43.905027978454683 ], [ -0.931271415440111, 43.90374484482124 ], [ -0.927481911341504, 43.901588183544703 ], [ -0.92384033817174, 43.898926142110064 ], [ -0.913595701371173, 43.892003815923168 ], [ -0.903656535105762, 43.887215561577968 ], [ -0.901594488092406, 43.886145342775656 ], [ -0.898216824971984, 43.884396277810623 ], [ -0.893666181519771, 43.881589994490284 ], [ -0.887334464501529, 43.877756230592603 ], [ -0.884080762338068, 43.874907463093386 ], [ -0.882229871770243, 43.873127081782307 ], [ -0.876649547051786, 43.868721164555112 ], [ -0.872072057204366, 43.865338471370968 ], [ -0.869527669257148, 43.863239056035205 ], [ -0.865067562300299, 43.860950893243931 ], [ -0.862052052109505, 43.858459117077388 ], [ -0.858194143706547, 43.854702863632554 ], [ -0.854676924782595, 43.851696050906902 ], [ -0.852986865737895, 43.849782814211999 ], [ -0.848747494534688, 43.844477755099348 ], [ -0.847369227248433, 43.841651803775569 ], [ -0.846464083133798, 43.840165687045747 ], [ -0.844438879541922, 43.835488763452545 ], [ -0.843808091719057, 43.833628029016658 ], [ -0.843008194222091, 43.831331624908898 ], [ -0.842045473418455, 43.827977841717264 ], [ -0.841213987139539, 43.824201347554471 ] ] ] ] } },
{ "type": "Feature", "properties": { "fid": 4, "gid": 5, "codenatzon": "30", "id_local": "141", "cdperimetr": "141", "nomperimet": "Aval Campagne", "nomzone": "La Midouze du confluent du Batanès (Perdon) (inclus) au confluent de l'Adour", "numcircadm": "05", "cddepartem": "40", "sourceperi": "BDCARTHAGE 2012", "niveau": "Niveau_1", "nominterve": "OUGC Adour", "structureo": "Irrig'Adour", "datecreati": "2013-07-29", "cdinterven": "2202", "vpi_aff": 27.71, "mg_mnoe": 0.0, "vp_def": 27.71, "vp_notif": 27.71, "v_aup": 27.71, "v1_5": 17.82, "vmax": 22.58, "vaut": 27.71, "typ_gest": "1", "v_ret_dec": 0.2, "v_rdec_aup": 0.2, "deseq": 0, "ecar_imp": "0", "v_eso_dec": 0.0, "v_edec_aup": 0.0, "vprj_ret": 0.0, "rqs": null }, "geometry": { "type": "MultiPolygon", "coordinates": [ [ [ [ -0.543300847262261, 43.861659524083834 ], [ -0.54769743185057, 43.859485708644023 ], [ -0.55051258889107, 43.8578711813254 ], [ -0.552709408050038, 43.856786741220112 ], [ -0.554795606912679, 43.85569666174063 ], [ -0.556621703016161, 43.854763222862296 ], [ -0.558093876996945, 43.853998715058097 ], [ -0.559017851686857, 43.853594484663788 ], [ -0.561495938466786, 43.853288702299224 ], [ -0.563735939071769, 43.853512954270286 ], [ -0.566831840576328, 43.853510869582934 ], [ -0.568638601671652, 43.853356697798993 ], [ -0.574795899559062, 43.8521687092286 ], [ -0.57839471290391, 43.851605022813388 ], [ -0.580954012413945, 43.851605830031978 ], [ -0.583384313697214, 43.85157608383026 ], [ -0.585641155138406, 43.85155096061694 ], [ -0.588276081106979, 43.851473470854195 ], [ -0.59138936528249, 43.851254462728079 ], [ -0.59291889844339, 43.851208154914751 ], [ -0.594401643948005, 43.850911940465672 ], [ -0.594921277504118, 43.850326521040856 ], [ -0.594963969134927, 43.849703660822286 ], [ -0.59419129953242, 43.848377917302642 ], [ -0.590652443294313, 43.842589810318408 ], [ -0.591851594207944, 43.841739788048024 ], [ -0.592937674832808, 43.841158189604464 ], [ -0.594545556995926, 43.840812872394942 ], [ -0.596318945531038, 43.8408984902523 ], [ -0.597436246570177, 43.841104897329728 ], [ -0.597864925153079, 43.841139817956744 ], [ -0.605630274021249, 43.842167027465287 ], [ -0.608477488242461, 43.842528684434271 ], [ -0.611513934112431, 43.842598843568972 ], [ -0.61306386336898, 43.842610847438415 ], [ -0.615464970540251, 43.842638570386242 ], [ -0.617890835856603, 43.842544809316436 ], [ -0.621148200793858, 43.842067678794024 ], [ -0.624549466773594, 43.841900476157221 ], [ -0.626579794384521, 43.841782882616812 ], [ -0.628384338441275, 43.841601207099906 ], [ -0.632485472538084, 43.841492234693156 ], [ -0.636643646556231, 43.841857519016806 ], [ -0.640090186256009, 43.842179969401613 ], [ -0.641664255098772, 43.842370656135067 ], [ -0.646329523801484, 43.842624596031385 ], [ -0.649390764323182, 43.842904444168468 ], [ -0.652642682848527, 43.842963172383712 ], [ -0.655083895838413, 43.843042852004807 ], [ -0.657106374026236, 43.842912671995556 ], [ -0.658430559243499, 43.842948992971777 ], [ -0.659442645084561, 43.842919128093037 ], [ -0.660453288873989, 43.842822844701885 ], [ -0.662875124005222, 43.842534005711798 ], [ -0.665360223895943, 43.841954744293297 ], [ -0.669489967267417, 43.840883619745782 ], [ -0.67486648042164, 43.83847319712163 ], [ -0.678676992223446, 43.837231553571542 ], [ -0.680778721879548, 43.836494172842194 ], [ -0.68342592090764, 43.835566571734759 ], [ -0.688630896430751, 43.833314576158934 ], [ -0.691792603316253, 43.832071919402281 ], [ -0.698189994919615, 43.831040398954237 ], [ -0.702148498421091, 43.830702604139162 ], [ -0.709261201394531, 43.830275778801095 ], [ -0.716054314246762, 43.830081170936111 ], [ -0.721089039243333, 43.830053541087878 ], [ -0.726937959366982, 43.828848882463753 ], [ -0.733305350134449, 43.826463945018439 ], [ -0.739361063430148, 43.823941120320058 ], [ -0.745400200672549, 43.821130236816572 ], [ -0.747055915124445, 43.819834422750894 ], [ -0.748354697480639, 43.81759615571228 ], [ -0.749607969357771, 43.816386727012762 ], [ -0.756335046139994, 43.815019388747068 ], [ -0.764918082595637, 43.81418754388536 ], [ -0.770781817116237, 43.813799772003065 ], [ -0.775739820756395, 43.813506434873347 ], [ -0.779437851866018, 43.813179931105793 ], [ -0.780294841895093, 43.812371286434406 ], [ -0.781532940321614, 43.810752092579584 ], [ -0.784454587536975, 43.80842531221758 ], [ -0.788693203199725, 43.806975735292745 ], [ -0.791498328007561, 43.806324104008297 ], [ -0.795335425542363, 43.805528120138867 ], [ -0.798081622085979, 43.804820112089736 ], [ -0.803343144863637, 43.803861729874612 ], [ -0.807593209497258, 43.802870961028702 ], [ -0.811751694745301, 43.8014825201954 ], [ -0.815704882916449, 43.800086819072526 ], [ -0.81976854455883, 43.798742275835032 ], [ -0.823072965293958, 43.797464091465137 ], [ -0.827390342539614, 43.795888544826219 ], [ -0.832143699205549, 43.795072294974062 ], [ -0.835358842384977, 43.794720966385093 ], [ -0.839386998639312, 43.795002259654929 ], [ -0.842338718066005, 43.79562395962877 ], [ -0.846854767955864, 43.796275189936111 ], [ -0.850435862192859, 43.797333419627236 ], [ -0.856389434585691, 43.798348460498438 ], [ -0.859562012989686, 43.799726526793407 ], [ -0.859924712783216, 43.79989358429183 ], [ -0.861387961631668, 43.800661568408671 ], [ -0.859485104833107, 43.801116448887917 ], [ -0.855329712895862, 43.802367595778691 ], [ -0.854924727930692, 43.802494372433259 ], [ -0.853012515002937, 43.803963503545752 ], [ -0.851212460620165, 43.805234416705737 ], [ -0.850734089434428, 43.805571302989684 ], [ -0.848081825829734, 43.808106113212119 ], [ -0.846221870662105, 43.810608790220051 ], [ -0.844451400926867, 43.813729829068173 ], [ -0.842916138876598, 43.816761770758852 ], [ -0.842365005376988, 43.818285930424558 ], [ -0.841805040030724, 43.82035119675529 ], [ -0.841307268814819, 43.823593910548524 ], [ -0.841213987139539, 43.824201347554471 ], [ -0.842045473418455, 43.827977841717264 ], [ -0.843008194222091, 43.831331624908898 ], [ -0.843808091719057, 43.833628029016658 ], [ -0.844438879541922, 43.835488763452545 ], [ -0.846464083133798, 43.840165687045747 ], [ -0.847369227248433, 43.841651803775569 ], [ -0.848747494534688, 43.844477755099348 ], [ -0.852986865737895, 43.849782814211999 ], [ -0.854676924782595, 43.851696050906902 ], [ -0.858194143706547, 43.854702863632554 ], [ -0.862052052109505, 43.858459117077388 ], [ -0.865067562300299, 43.860950893243931 ], [ -0.869527669257148, 43.863239056035205 ], [ -0.872072057204366, 43.865338471370968 ], [ -0.876649547051786, 43.868721164555112 ], [ -0.882229871770243, 43.873127081782307 ], [ -0.884080762338068, 43.874907463093386 ], [ -0.887334464501529, 43.877756230592603 ], [ -0.893666181519771, 43.881589994490284 ], [ -0.898216824971984, 43.884396277810623 ], [ -0.901594488092406, 43.886145342775656 ], [ -0.903656535105762, 43.887215561577968 ], [ -0.913595701371173, 43.892003815923168 ], [ -0.92384033817174, 43.898926142110064 ], [ -0.927481911341504, 43.901588183544703 ], [ -0.931271415440111, 43.90374484482124 ], [ -0.934049294630864, 43.905027978454683 ], [ -0.935862424595458, 43.905647577642121 ], [ -0.939188185454517, 43.905810770556286 ], [ -0.946284262269292, 43.90524358038256 ], [ -0.955814946257641, 43.904245196123668 ], [ -0.960763292621949, 43.904804876690427 ], [ -0.963525248828351, 43.905786265996881 ], [ -0.967727503891183, 43.908322397305604 ], [ -0.973318095974616, 43.911435595634302 ], [ -0.980874126416455, 43.916620813471894 ], [ -0.986091666676334, 43.91965603111592 ], [ -0.989754025428229, 43.921319598313254 ], [ -0.993279590187952, 43.922723257013729 ], [ -0.997847992154084, 43.924128499523135 ], [ -1.001878374579639, 43.925120797400297 ], [ -1.004718998779889, 43.925988925333925 ], [ -1.009214519543592, 43.927617230332508 ], [ -1.01261534301431, 43.929285578300146 ], [ -1.015288835214215, 43.930728079387173 ], [ -1.027628471528007, 43.938302662936863 ], [ -1.026559773605926, 43.940500437029264 ], [ -1.025974644647826, 43.941351220477372 ], [ -1.02321393931415, 43.945260512928826 ], [ -1.019345144473019, 43.948813841904865 ], [ -1.013540143695952, 43.954100666103351 ], [ -1.009529045381471, 43.957559658358377 ], [ -1.007078456995112, 43.960027783038946 ], [ -1.00720724155083, 43.96016823563415 ], [ -1.003851470100778, 43.96210612970718 ], [ -1.002983986765212, 43.965031416481537 ], [ -0.994763899153364, 43.981106458745515 ], [ -0.993829127062152, 43.983748868876773 ], [ -0.994104643100327, 43.984487235832667 ], [ -0.994941086930736, 43.98672237954932 ], [ -0.996151461245822, 43.989300688534577 ], [ -0.997276565670778, 43.992337091763453 ], [ -0.997550874412295, 43.99491386373694 ], [ -0.996405143135896, 43.997942342080485 ], [ -0.994157421123078, 44.000286166023535 ], [ -0.992576232637029, 44.001754900837199 ], [ -0.988528566639057, 44.007547628790533 ], [ -0.984576979296886, 44.013206832072775 ], [ -0.980261777807077, 44.020303398839069 ], [ -0.973704665143445, 44.030256213487327 ], [ -0.9604711653318, 44.036386334284515 ], [ -0.958232706983256, 44.038436613469187 ], [ -0.952019509454392, 44.044689634049782 ], [ -0.943246968924743, 44.055332933848945 ], [ -0.938286558352376, 44.061666752106071 ], [ -0.936408293312418, 44.068046938381187 ], [ -0.934856541392284, 44.074888770850599 ], [ -0.932637005258671, 44.079811908872543 ], [ -0.929353340188974, 44.082786601976998 ], [ -0.923127850615553, 44.085829824673745 ], [ -0.921251966576048, 44.086582087540314 ], [ -0.912663739121834, 44.092697948295402 ], [ -0.907982442083378, 44.099204338444608 ], [ -0.905006370884373, 44.104563872372999 ], [ -0.903610098725348, 44.10660947032823 ], [ -0.900608823656111, 44.107249129936399 ], [ -0.895534159321403, 44.106852098318193 ], [ -0.89552115467169, 44.106848478801609 ], [ -0.892901878799222, 44.106954920123364 ], [ -0.891157741461088, 44.106724484909641 ], [ -0.888169223508449, 44.106619004612718 ], [ -0.886653779187216, 44.106474440294988 ], [ -0.884688274162775, 44.106035018180606 ], [ -0.882574077561398, 44.105537450532353 ], [ -0.881424097880881, 44.104988274651504 ], [ -0.878967418492882, 44.103899529160657 ], [ -0.877130140584992, 44.103049515830932 ], [ -0.875125932120722, 44.10210212923063 ], [ -0.873406871711129, 44.101361362073163 ], [ -0.872254308726219, 44.100771292072054 ], [ -0.872048179260621, 44.100661012249361 ], [ -0.849021599480144, 44.093129001705776 ], [ -0.843098165517161, 44.090935472356023 ], [ -0.841413190660932, 44.090309620534185 ], [ -0.841119689617727, 44.090248335743695 ], [ -0.838938284139484, 44.089391399518234 ], [ -0.82078336298277, 44.082665365679908 ], [ -0.815913780072707, 44.080862057589599 ], [ -0.814244311337086, 44.079316129966294 ], [ -0.810875105189819, 44.078392710591487 ], [ -0.810164543242336, 44.076380863161837 ], [ -0.808174817475115, 44.074918592913818 ], [ -0.805843512092924, 44.073373103359607 ], [ -0.802805139543801, 44.071897123171304 ], [ -0.799559065816633, 44.070748271878422 ], [ -0.795191103792341, 44.069529865869946 ], [ -0.791553119721838, 44.068517066913834 ], [ -0.789496628956235, 44.067637496354131 ], [ -0.787510784166423, 44.06647636266807 ], [ -0.784231202420168, 44.064493993271995 ], [ -0.780319232504937, 44.062507835070662 ], [ -0.777077175074903, 44.060592473884554 ], [ -0.773980836621748, 44.058947034771528 ], [ -0.771016974615604, 44.058720030298829 ], [ -0.767539997203557, 44.057659008824459 ], [ -0.765313778536199, 44.056194972008228 ], [ -0.763504263484001, 44.055392332486633 ], [ -0.761974063932393, 44.054246793312409 ], [ -0.758322971241232, 44.053912215574933 ], [ -0.755311461609096, 44.054074914856812 ], [ -0.752747166443661, 44.054054556026401 ], [ -0.751131051387694, 44.05381655594298 ], [ -0.749352387458193, 44.053306056813021 ], [ -0.748224164869291, 44.052813102295069 ], [ -0.744625586911939, 44.051184073188317 ], [ -0.740223313606064, 44.04825749497062 ], [ -0.737571570643839, 44.047311490354488 ], [ -0.733159491033733, 44.046191399826682 ], [ -0.729362365982945, 44.045303726936098 ], [ -0.725783013840121, 44.044623191362952 ], [ -0.723575498413467, 44.04424343298242 ], [ -0.719393006348628, 44.044958198623647 ], [ -0.716584426299185, 44.045508576792479 ], [ -0.713622915443934, 44.046127459002335 ], [ -0.710291323995316, 44.041005329697676 ], [ -0.711577455254413, 44.037212951911393 ], [ -0.716992514412224, 44.032659773721754 ], [ -0.723576071563571, 44.02828633992911 ], [ -0.725729716446239, 44.026185777227084 ], [ -0.727891378199102, 44.024837303692429 ], [ -0.73495992196312, 44.023347879066279 ], [ -0.740453435145295, 44.021610296740405 ], [ -0.744140199942115, 44.020065175149384 ], [ -0.744994136383647, 44.019500248040295 ], [ -0.746191657574691, 44.017783659096004 ], [ -0.746627602045276, 44.016722909929669 ], [ -0.747029011058331, 44.015632679389888 ], [ -0.747333380888601, 44.014811547053895 ], [ -0.747064566564018, 44.013288343498232 ], [ -0.744354886366205, 44.011308980214984 ], [ -0.742332498778959, 44.010086034124271 ], [ -0.738685858211142, 44.007421991896372 ], [ -0.73417880013056, 44.00567048781032 ], [ -0.730287939761353, 44.004825002908213 ], [ -0.723576538651433, 44.003013336698722 ], [ -0.71932618848262, 43.999432857156719 ], [ -0.713121790122594, 43.993652265993312 ], [ -0.709565161500369, 43.990245204961305 ], [ -0.707306425967683, 43.988695443451725 ], [ -0.706508937032116, 43.988037575758462 ], [ -0.702847177924951, 43.985702141238569 ], [ -0.699050835290295, 43.984538584444344 ], [ -0.69577779342585, 43.983495199423118 ], [ -0.688574386281274, 43.982707137464146 ], [ -0.6843670828428, 43.98196686409743 ], [ -0.682303477187744, 43.982347187835764 ], [ -0.679914007226147, 43.982197669687764 ], [ -0.678095953034577, 43.981601581399964 ], [ -0.677445852139901, 43.977758376234746 ], [ -0.67752367946137, 43.974336382703633 ], [ -0.677194116771097, 43.972081184953367 ], [ -0.676744208292688, 43.970789916111897 ], [ -0.67571162351469, 43.967157906300073 ], [ -0.674796914626532, 43.964846753849983 ], [ -0.674107407203672, 43.963305935144881 ], [ -0.672776562268427, 43.960333083790658 ], [ -0.671937410545366, 43.956951172121961 ], [ -0.671576903714492, 43.95489123461256 ], [ -0.672013477397676, 43.953299272410163 ], [ -0.672938466193817, 43.95125031506317 ], [ -0.674209097712121, 43.948418970941788 ], [ -0.676384362770235, 43.945927189396436 ], [ -0.678042040141218, 43.944209254156206 ], [ -0.680156079846702, 43.942461594175292 ], [ -0.682826160134394, 43.94080452789543 ], [ -0.685214218374526, 43.939754893703473 ], [ -0.688486159502573, 43.938199012003672 ], [ -0.690102242420405, 43.937792756752451 ], [ -0.694024440464077, 43.936430400444166 ], [ -0.69821328377861, 43.934274845436555 ], [ -0.701232253506199, 43.932907022582071 ], [ -0.703616889855592, 43.931204916860942 ], [ -0.705937942861171, 43.929810551196795 ], [ -0.708037396657463, 43.928337796293746 ], [ -0.708598140901002, 43.926368349061349 ], [ -0.708697915362462, 43.924401252282451 ], [ -0.708404932355154, 43.923005656581793 ], [ -0.707555764675096, 43.921408137390642 ], [ -0.706633202401646, 43.920552194139049 ], [ -0.705172521590482, 43.919989468867335 ], [ -0.701454830854848, 43.915133321560731 ], [ -0.699424759718268, 43.911566135910633 ], [ -0.695856341445104, 43.907164784694842 ], [ -0.694219455386904, 43.904899801689446 ], [ -0.69250423279529, 43.903170006708287 ], [ -0.691422488820711, 43.902008594220526 ], [ -0.687443872277777, 43.902615347176052 ], [ -0.681805416341252, 43.903769665835995 ], [ -0.679312913964336, 43.904141986862605 ], [ -0.677171108089724, 43.904011776677805 ], [ -0.67427478952603, 43.903690218844304 ], [ -0.672890917001457, 43.903034565022367 ], [ -0.671856734296766, 43.902627787263569 ], [ -0.670283975542971, 43.902221720404839 ], [ -0.66867038463163, 43.901707646442304 ], [ -0.667115978156285, 43.901080132814215 ], [ -0.665322996206747, 43.900171350016286 ], [ -0.663279822399281, 43.899041948656517 ], [ -0.660392830098659, 43.89725187760115 ], [ -0.659402762069331, 43.896802617995867 ], [ -0.657265531653057, 43.895414614337064 ], [ -0.655944678464594, 43.894765839270725 ], [ -0.653449795050012, 43.89399282505029 ], [ -0.650359254107468, 43.89303319462023 ], [ -0.647045901665503, 43.891770200941231 ], [ -0.645047096805461, 43.890859812054607 ], [ -0.643623303810613, 43.89003340895286 ], [ -0.642304986441741, 43.889375206580567 ], [ -0.640856846102568, 43.888675306203453 ], [ -0.638952105317782, 43.888261522231431 ], [ -0.634739776793085, 43.887587265861889 ], [ -0.633201250938825, 43.887507680014345 ], [ -0.630281642737641, 43.886757497905307 ], [ -0.626689904735006, 43.885593119537006 ], [ -0.62491155905356, 43.884918329818433 ], [ -0.622901243518548, 43.884039616332934 ], [ -0.621873354033272, 43.883587196284843 ], [ -0.621019866147943, 43.883209744126106 ], [ -0.618335984901328, 43.882204072600075 ], [ -0.615534856583682, 43.881040721763952 ], [ -0.613195691387243, 43.880208521835726 ], [ -0.610627771641056, 43.879266293444523 ], [ -0.607514247521997, 43.87843200563767 ], [ -0.604588097498142, 43.877587344037167 ], [ -0.602560343018394, 43.876960293061437 ], [ -0.600230369317043, 43.876290048181566 ], [ -0.598592812413391, 43.875821780969616 ], [ -0.596629170201271, 43.874954364064678 ], [ -0.594702780251903, 43.874138835412332 ], [ -0.592673331135967, 43.873481007630538 ], [ -0.590849811194434, 43.873086188929783 ], [ -0.589231612051525, 43.872697897610962 ], [ -0.587427547003596, 43.872364758388322 ], [ -0.585715800487353, 43.872308615664274 ], [ -0.583689362913067, 43.872506031513502 ], [ -0.581720164633414, 43.872602389497352 ], [ -0.579200467867134, 43.87273008934185 ], [ -0.57713450388383, 43.872816248119634 ], [ -0.575095062499905, 43.872783970296268 ], [ -0.573557017893819, 43.872703528532419 ], [ -0.571772837759481, 43.872437975111943 ], [ -0.569871695856311, 43.871792899662033 ], [ -0.567699906343997, 43.871134176703173 ], [ -0.565817406759493, 43.870537496685046 ], [ -0.564405623793972, 43.870147199983577 ], [ -0.562586719898473, 43.869571905821914 ], [ -0.562024256065061, 43.868301398816392 ], [ -0.561057630251567, 43.867414092944649 ], [ -0.559818992307076, 43.866468203832987 ], [ -0.558107814359933, 43.865556107183359 ], [ -0.556433724300004, 43.865034244130342 ], [ -0.554505595808812, 43.864470548145135 ], [ -0.55244505667164, 43.863776235059198 ], [ -0.550354436757458, 43.863142140534052 ], [ -0.54910688702728, 43.862889390837687 ], [ -0.54677789776725, 43.862465359617048 ], [ -0.545403023692584, 43.862186057846976 ], [ -0.544076631581757, 43.86193685836674 ], [ -0.543300847262261, 43.861659524083834 ] ] ] ] } },
{ "type": "Feature", "properties": { "fid": 5, "gid": 6, "codenatzon": "31", "id_local": "147", "cdperimetr": "147", "nomperimet": "Louts", "nomzone": "Le Lous", "numcircadm": "05", "cddepartem": "40", "sourceperi": "BDCARTHAGE 2012", "niveau": "Niveau_1", "nominterve": "OUGC Adour", "structureo": "Irrig'Adour", "datecreati": "2013-07-29", "cdinterven": "2202", "vpi_aff": 1.8, "mg_mnoe": 0.0, "vp_def": 2.72, "vp_notif": 2.72, "v_aup": 2.72, "v1_5": 1.9, "vmax": 1.96, "vaut": 2.72, "typ_gest": "1", "v_ret_dec": 1.28, "v_rdec_aup": 1.84, "deseq": 1, "ecar_imp": "0", "v_eso_dec": 0.57, "v_edec_aup": 0.57, "vprj_ret": 2.1, "rqs": null }, "geometry": { "type": "MultiPolygon", "coordinates": [ [ [ [ -0.318583337971616, 43.457912426614243 ], [ -0.319262382570606, 43.458377957357001 ], [ -0.321075883482199, 43.459349173124984 ], [ -0.324784558356261, 43.461657829100609 ], [ -0.328526180879288, 43.464118627407395 ], [ -0.328470291610104, 43.464461589262726 ], [ -0.329199096349817, 43.464741622507944 ], [ -0.330910334184856, 43.465345972560684 ], [ -0.33370597767907, 43.46670058196252 ], [ -0.335757664449462, 43.467875746647493 ], [ -0.339267202544966, 43.470527256002583 ], [ -0.341167856768925, 43.471923570821716 ], [ -0.344038263298499, 43.474022508396757 ], [ -0.346335233374827, 43.475667048584427 ], [ -0.348248353985044, 43.476982155090433 ], [ -0.350253698488008, 43.479107675506455 ], [ -0.35112549712495, 43.480319036905236 ], [ -0.351841182092116, 43.481643525055851 ], [ -0.353695780362106, 43.48315245973702 ], [ -0.356545888586349, 43.485847405045035 ], [ -0.35944813773843, 43.488805287171274 ], [ -0.363547662868563, 43.493031754402466 ], [ -0.366632148008276, 43.495255333143824 ], [ -0.368320988593017, 43.496603671065095 ], [ -0.369666750224165, 43.497844134140124 ], [ -0.371172911385952, 43.499617017219478 ], [ -0.371604290842348, 43.500103244907521 ], [ -0.37222640157527, 43.501232341256269 ], [ -0.372954970949375, 43.503289933377751 ], [ -0.373163606096666, 43.503854603297363 ], [ -0.373470684922376, 43.504327311978372 ], [ -0.374500935132408, 43.505496830164738 ], [ -0.375267996225645, 43.505770288387161 ], [ -0.376812246033159, 43.505772256377917 ], [ -0.378410710067462, 43.505479293805614 ], [ -0.379721364175676, 43.505352603863621 ], [ -0.379928036200514, 43.505310413572452 ], [ -0.382050026639342, 43.506351820551458 ], [ -0.38367909854177, 43.507674227198933 ], [ -0.384860812673224, 43.508384230198281 ], [ -0.386427032710074, 43.50968609691828 ], [ -0.38691508253221, 43.51039220823008 ], [ -0.386952321577284, 43.511642710681969 ], [ -0.387547835639129, 43.513289569361625 ], [ -0.388175681722265, 43.514936454933988 ], [ -0.389013168419357, 43.516400021043538 ], [ -0.390022121027499, 43.517913379678959 ], [ -0.391575351747716, 43.519773490959665 ], [ -0.392085751990288, 43.52028475035744 ], [ -0.393051138533274, 43.520844110441004 ], [ -0.395672047851133, 43.522140435083394 ], [ -0.398254374390275, 43.523162050445691 ], [ -0.400365949433336, 43.524010361089388 ], [ -0.401965157133042, 43.524504795878748 ], [ -0.402543739441565, 43.524671600242698 ], [ -0.403126065161142, 43.524711560205716 ], [ -0.406007408678533, 43.525751206825475 ], [ -0.407873623656741, 43.526223896408283 ], [ -0.409131680959547, 43.526410184850036 ], [ -0.411634988651577, 43.526614504791297 ], [ -0.414444777083227, 43.526516878535034 ], [ -0.417588397250174, 43.526224745652215 ], [ -0.419846653135882, 43.526086119805612 ], [ -0.421700887927122, 43.526379118194299 ], [ -0.423834353901621, 43.526950411968826 ], [ -0.425639383771334, 43.528159411769018 ], [ -0.42689851693412, 43.529091360052135 ], [ -0.428435440476099, 43.531029162448071 ], [ -0.429317877695455, 43.532636140314168 ], [ -0.429434436460775, 43.53392912611325 ], [ -0.429417096333774, 43.534744057830338 ], [ -0.43013580901788, 43.535865747347138 ], [ -0.431618687271893, 43.536683287143518 ], [ -0.43287514286844, 43.536931674651349 ], [ -0.433237835660704, 43.536960046090357 ], [ -0.434682938039092, 43.537121725269984 ], [ -0.435300522225247, 43.53713793360582 ], [ -0.436777233537926, 43.537451853452737 ], [ -0.439836748818691, 43.539052100608842 ], [ -0.441362840603363, 43.540750984034005 ], [ -0.442299217978455, 43.542053733167045 ], [ -0.442708821864213, 43.542887803913104 ], [ -0.443839767605444, 43.545512731065294 ], [ -0.44458095092807, 43.547844476874261 ], [ -0.444974017337018, 43.549525160556811 ], [ -0.445356794409835, 43.550940490921519 ], [ -0.445417984719049, 43.552568354145102 ], [ -0.44509909737318, 43.554370762025073 ], [ -0.444821049485414, 43.555613956620668 ], [ -0.444577791560082, 43.557530443869638 ], [ -0.444293540143254, 43.558319125772165 ], [ -0.443405276386281, 43.560071136162335 ], [ -0.445772394219109, 43.562472899886643 ], [ -0.448319274642073, 43.563770461014748 ], [ -0.450058515027761, 43.564394684187825 ], [ -0.451448828211486, 43.564917605381233 ], [ -0.453568966622681, 43.565985423365504 ], [ -0.45533000904331, 43.567366057163476 ], [ -0.457106446782034, 43.568767655506967 ], [ -0.457923594084136, 43.57045729221926 ], [ -0.459243977417326, 43.572334244206949 ], [ -0.459340724203356, 43.572470126662303 ], [ -0.460331881287544, 43.574176691857403 ], [ -0.460939650849225, 43.575328344727097 ], [ -0.461581189058799, 43.576712936438085 ], [ -0.462062136770781, 43.577881913382846 ], [ -0.462484370193865, 43.579358309479638 ], [ -0.462714298751045, 43.580512825047244 ], [ -0.462995863692271, 43.582359525228554 ], [ -0.463449652515592, 43.583799144708046 ], [ -0.463627275333828, 43.584622213891471 ], [ -0.464385085617865, 43.586579401580636 ], [ -0.46570243642731, 43.587605203120269 ], [ -0.467604949381821, 43.5891242371628 ], [ -0.46942760050734, 43.590227867839552 ], [ -0.470549520027585, 43.590692716745856 ], [ -0.471881540170896, 43.591307188993873 ], [ -0.474665664179415, 43.592451534003757 ], [ -0.476153218743448, 43.593125344157592 ], [ -0.47820704899283, 43.59363079714057 ], [ -0.480782429850876, 43.59411131196498 ], [ -0.483522403922334, 43.595680917313103 ], [ -0.486477514719389, 43.596368822196879 ], [ -0.489243499079039, 43.597136295168085 ], [ -0.491712789949437, 43.598110477418544 ], [ -0.492458950876682, 43.598726183574236 ], [ -0.49362246748741, 43.600075445568478 ], [ -0.494776184269456, 43.602371281849805 ], [ -0.495366469481142, 43.603104395486255 ], [ -0.496212346884069, 43.604315687848825 ], [ -0.497106701867093, 43.605583674109646 ], [ -0.498156553373965, 43.606702551275241 ], [ -0.499745447400943, 43.608150484659291 ], [ -0.500890075926313, 43.609208021082047 ], [ -0.502636911283089, 43.610476080512697 ], [ -0.504063569707919, 43.611451944191828 ], [ -0.505252932586435, 43.61211152125918 ], [ -0.507596027332248, 43.613076172057013 ], [ -0.509797930283483, 43.614077011066755 ], [ -0.511335264145405, 43.614950108316556 ], [ -0.514387433714635, 43.615707743463631 ], [ -0.516599190304388, 43.61608579367725 ], [ -0.518477811984864, 43.616191519572062 ], [ -0.519962631126177, 43.616229246006888 ], [ -0.521392134432914, 43.615709770577269 ], [ -0.522189259642745, 43.614787715965292 ], [ -0.522687083020796, 43.613916217866873 ], [ -0.523991700147963, 43.611595039533334 ], [ -0.524614493770394, 43.610607074211643 ], [ -0.525826895509587, 43.60882434408871 ], [ -0.526846097270115, 43.608040146663633 ], [ -0.529045370059971, 43.606801677256243 ], [ -0.530918048792608, 43.606358610492528 ], [ -0.533830277837731, 43.605624174316667 ], [ -0.536680724735871, 43.605211501828812 ], [ -0.539599289174581, 43.605242122316909 ], [ -0.541539976351233, 43.605242192996805 ], [ -0.542977799347189, 43.605501862165745 ], [ -0.544560278723393, 43.605985717427593 ], [ -0.545813474273236, 43.606579408017389 ], [ -0.546841950715013, 43.60706394060518 ], [ -0.548556534555934, 43.608431449460454 ], [ -0.550478649399506, 43.609742103301052 ], [ -0.551864893185634, 43.611141766835075 ], [ -0.553088075786684, 43.61208791609161 ], [ -0.556499967006725, 43.614215280281897 ], [ -0.559654184034746, 43.615835947914199 ], [ -0.562505569353103, 43.617130240652529 ], [ -0.564374023359846, 43.617703575125958 ], [ -0.566794224845887, 43.618394665225097 ], [ -0.568566472100436, 43.618980271852742 ], [ -0.570241421437914, 43.619222598238082 ], [ -0.570606417077831, 43.619278049562411 ], [ -0.571695684713856, 43.619444584405173 ], [ -0.574882308866286, 43.619362241301332 ], [ -0.576912235428476, 43.618754785684303 ], [ -0.577981963573258, 43.618382324371417 ], [ -0.580028955801122, 43.6179592377921 ], [ -0.581762543482948, 43.617743668734946 ], [ -0.583151474065643, 43.617955393961353 ], [ -0.584767215873186, 43.618555113086401 ], [ -0.589462941780771, 43.619547683870266 ], [ -0.592295410503182, 43.620166325813315 ], [ -0.594788841459786, 43.620357713297871 ], [ -0.59748442180933, 43.620071237487757 ], [ -0.59921628590976, 43.619626548939195 ], [ -0.604369971949229, 43.619081588663015 ], [ -0.606142006182277, 43.619567483210325 ], [ -0.607065866167782, 43.620545490466185 ], [ -0.608404667750077, 43.621902135745252 ], [ -0.609799200761505, 43.622400510417016 ], [ -0.611129369828391, 43.622747698314654 ], [ -0.61176091445868, 43.622902481317219 ], [ -0.614763425884225, 43.623154170126512 ], [ -0.618013466447569, 43.623248318473934 ], [ -0.619956471012488, 43.62331846367087 ], [ -0.621482538204674, 43.62297939639776 ], [ -0.623355470414668, 43.622430483526962 ], [ -0.624931297556849, 43.622211326329747 ], [ -0.626620453965546, 43.622227499739729 ], [ -0.627703895657761, 43.621853033292957 ], [ -0.629546267204702, 43.621422549682954 ], [ -0.63084839318141, 43.620681017264722 ], [ -0.635994972104901, 43.619427613225383 ], [ -0.637672201544015, 43.619943749999166 ], [ -0.638024192350365, 43.620458288998449 ], [ -0.639399217120183, 43.624146554206263 ], [ -0.639519689311974, 43.624470570912678 ], [ -0.640356842565795, 43.627595354529369 ], [ -0.641353987901898, 43.629183830745745 ], [ -0.643200957975267, 43.630594603771861 ], [ -0.644988290461333, 43.631066072871221 ], [ -0.646832972370131, 43.630868251090575 ], [ -0.649843937900938, 43.630646535291248 ], [ -0.651848941916895, 43.630646605753292 ], [ -0.65600218874678, 43.63086256148587 ], [ -0.65954620191646, 43.631783613543696 ], [ -0.661967128287164, 43.632192600627647 ], [ -0.663517621229658, 43.632653380387652 ], [ -0.664840545565048, 43.633779974074976 ], [ -0.66587870807505, 43.634875299811291 ], [ -0.666183490101835, 43.635306516978758 ], [ -0.667523807082152, 43.636549013559396 ], [ -0.669928148480235, 43.636914432605877 ], [ -0.671504001600705, 43.636801917566324 ], [ -0.674626596656848, 43.636714738568678 ], [ -0.681330542133368, 43.637636539855919 ], [ -0.684120012195565, 43.638627364319454 ], [ -0.685992428526244, 43.639383524611127 ], [ -0.686703808080036, 43.639656803926322 ], [ -0.688569133661803, 43.63990827386349 ], [ -0.691763607998638, 43.640344524586347 ], [ -0.693481765493019, 43.641412403675488 ], [ -0.695026054869538, 43.642445290760371 ], [ -0.695942349294289, 43.642621594325561 ], [ -0.70086451253279, 43.643786783064776 ], [ -0.703291173753066, 43.644641301632966 ], [ -0.703526480737991, 43.644732435926564 ], [ -0.704923914585365, 43.645274512798643 ], [ -0.708600756607118, 43.64782886632424 ], [ -0.711906983267808, 43.650936450919097 ], [ -0.71280704004158, 43.652292619842399 ], [ -0.714458268868846, 43.65433548555589 ], [ -0.716547246704151, 43.657417100708884 ], [ -0.718698013054182, 43.658996204650869 ], [ -0.720092437648435, 43.660546990515044 ], [ -0.72175325310978, 43.661017504734353 ], [ -0.723569784794972, 43.661067710602069 ], [ -0.72357331174741, 43.660775286574761 ], [ -0.72502617202546, 43.660688699786931 ], [ -0.726742575252376, 43.660346742929981 ], [ -0.727757328971488, 43.659757991049801 ], [ -0.728481883483513, 43.658885838542105 ], [ -0.729368140008206, 43.658162483150349 ], [ -0.730494867501925, 43.658343551914044 ], [ -0.730886788873471, 43.65897910486698 ], [ -0.730980016324384, 43.659610620976807 ], [ -0.730944329827571, 43.66087818296343 ], [ -0.730938072412737, 43.662057858294787 ], [ -0.731295808553385, 43.663248561093745 ], [ -0.732009221276807, 43.663998782404249 ], [ -0.73288692511648, 43.664396890148083 ], [ -0.733686681914525, 43.664764958724 ], [ -0.735811453285097, 43.665048659677545 ], [ -0.738746295155063, 43.66475763061721 ], [ -0.73989392751109, 43.664480014679732 ], [ -0.742535570271876, 43.663753364112125 ], [ -0.744820602539941, 43.66349475118048 ], [ -0.747591514255064, 43.66356176491594 ], [ -0.748926606148791, 43.663912291360248 ], [ -0.749972387725333, 43.664681617182687 ], [ -0.750968347270215, 43.665399501711327 ], [ -0.751594602659167, 43.666599281615412 ], [ -0.751967131116318, 43.667707654035745 ], [ -0.752768248981612, 43.668846194057203 ], [ -0.753026859152235, 43.669139801370704 ], [ -0.753637483055719, 43.669605220946877 ], [ -0.754498902376026, 43.669858592610488 ], [ -0.75594854300188, 43.669655206055914 ], [ -0.758307948934918, 43.669024791674524 ], [ -0.75993938184273, 43.669189142500024 ], [ -0.762617817659266, 43.669429655396456 ], [ -0.765307450869846, 43.6701828157207 ], [ -0.767306654019482, 43.671249102211021 ], [ -0.768171978027005, 43.671709698956647 ], [ -0.769070187124518, 43.672327607712532 ], [ -0.770585596795998, 43.67357208304594 ], [ -0.771292597870481, 43.674492997773797 ], [ -0.771482263466747, 43.674742972376222 ], [ -0.772324559680932, 43.676349107574289 ], [ -0.773411646845151, 43.678955566992819 ], [ -0.77372332686317, 43.67945375220414 ], [ -0.774401903759977, 43.680753832656769 ], [ -0.774454382817248, 43.681720958466819 ], [ -0.774103946436231, 43.68232289664585 ], [ -0.773087804838631, 43.683551991111479 ], [ -0.770915256949607, 43.686064054900456 ], [ -0.7698661440789, 43.687307541371908 ], [ -0.768667800634907, 43.688917015280474 ], [ -0.76778342036594, 43.690375546205367 ], [ -0.767569661763633, 43.691472511443607 ], [ -0.767858188146767, 43.69228225254605 ], [ -0.768965605561492, 43.692992072372 ], [ -0.770524817343824, 43.693374457778042 ], [ -0.773043861791052, 43.693593713764784 ], [ -0.775566172893291, 43.694524191436749 ], [ -0.777053811664623, 43.695251385459045 ], [ -0.778756862829849, 43.69646680649106 ], [ -0.779812790489832, 43.697588163847151 ], [ -0.780964020130786, 43.69887180250165 ], [ -0.781935713638361, 43.699846858136844 ], [ -0.783209659309665, 43.700897232198244 ], [ -0.785416792690699, 43.703338961999933 ], [ -0.786635961098341, 43.704687651322978 ], [ -0.787865057205443, 43.705866283221276 ], [ -0.789075595769909, 43.706273856479804 ], [ -0.790674236190102, 43.706308105450404 ], [ -0.792507426427983, 43.706181844956134 ], [ -0.7948871966428, 43.705756423841692 ], [ -0.796523292019084, 43.705356905847331 ], [ -0.798704645410889, 43.705933896412596 ], [ -0.799503953542591, 43.706280077609755 ], [ -0.800715826747054, 43.706642506573722 ], [ -0.80275720697755, 43.706638615314233 ], [ -0.804683366048759, 43.70642712270498 ], [ -0.806870464016964, 43.705859959168862 ], [ -0.807679921007101, 43.705341016397831 ], [ -0.809440471001947, 43.704166246581622 ], [ -0.81050854269922, 43.703088287335 ], [ -0.810961892325726, 43.70282912837677 ], [ -0.812051785999292, 43.702777640420919 ], [ -0.813517975502133, 43.703171886470663 ], [ -0.815079747450063, 43.703689519662611 ], [ -0.816384243242172, 43.704003543331218 ], [ -0.818264274703493, 43.704496678454376 ], [ -0.820024497234551, 43.705389565832732 ], [ -0.821121873333063, 43.706314900278848 ], [ -0.821811477010084, 43.707421183939573 ], [ -0.822373430964243, 43.708387818445054 ], [ -0.823302851581054, 43.708927547590591 ], [ -0.824805504123744, 43.709505388431019 ], [ -0.826616148380924, 43.710432185983109 ], [ -0.827932811537208, 43.710566778855309 ], [ -0.828295988300573, 43.710603050498925 ], [ -0.829453517457328, 43.710612395174678 ], [ -0.830940080357516, 43.710569237120538 ], [ -0.83403457983163, 43.710338582969868 ], [ -0.836404548035719, 43.710777343592689 ], [ -0.838344165432247, 43.711186268483033 ], [ -0.839603820486838, 43.711583386204623 ], [ -0.84077480170705, 43.712212587804558 ], [ -0.842241097188948, 43.713336302399455 ], [ -0.842570968412903, 43.71388376227717 ], [ -0.843335142981978, 43.714770596116473 ], [ -0.844199940676204, 43.715812291696594 ], [ -0.844806115240644, 43.716633155517265 ], [ -0.846735705741956, 43.71791624458465 ], [ -0.84771319359584, 43.718431606742243 ], [ -0.849067990656457, 43.718856957022979 ], [ -0.850624625183045, 43.7190768323144 ], [ -0.852460332481318, 43.719087466586529 ], [ -0.854098689714114, 43.719453648781027 ], [ -0.855878304310455, 43.720367784575217 ], [ -0.857484324890719, 43.721256373289826 ], [ -0.858070980410847, 43.721993028118611 ], [ -0.858602559274838, 43.723041319533067 ], [ -0.859049052561144, 43.723872884060967 ], [ -0.861167216314853, 43.727022736021311 ], [ -0.862014296011032, 43.727501723622062 ], [ -0.863544905614715, 43.727812313287451 ], [ -0.864775477590903, 43.727686828189867 ], [ -0.866591403238035, 43.727442406902476 ], [ -0.868257957175186, 43.726969179314004 ], [ -0.876152357624282, 43.724088749140243 ], [ -0.876834432962577, 43.723712820264851 ], [ -0.882521018637119, 43.724366627036574 ], [ -0.888480589935395, 43.723932986844893 ], [ -0.891970566448887, 43.724285570203101 ], [ -0.895052826618098, 43.725377387716065 ], [ -0.896876662637413, 43.727465880768968 ], [ -0.897554661521363, 43.728603842744313 ], [ -0.901097355957919, 43.730985398368155 ], [ -0.901022165167336, 43.731826316491485 ], [ -0.903247323154316, 43.732124744033769 ], [ -0.905559978539643, 43.732217587198129 ], [ -0.907746061727966, 43.732211668092894 ], [ -0.90976370569419, 43.731927597106633 ], [ -0.91162967765603, 43.731157217758039 ], [ -0.913026260229684, 43.730697086584918 ], [ -0.915022891098884, 43.730107006107765 ], [ -0.917562112601286, 43.729700763484523 ], [ -0.919431257454412, 43.731016524509549 ], [ -0.921819636877543, 43.732830785268519 ], [ -0.924852641189518, 43.735059286852518 ], [ -0.926984172713192, 43.736762091260069 ], [ -0.929713482669142, 43.737560079085583 ], [ -0.931108321977586, 43.738284545545277 ], [ -0.93237979787953, 43.739080950493594 ], [ -0.932788719591222, 43.740106819475919 ], [ -0.934174626410491, 43.741151538211675 ], [ -0.932806498519587, 43.742129198625527 ], [ -0.932185846324622, 43.742597334798866 ], [ -0.931385964632034, 43.743206860037276 ], [ -0.930976583336454, 43.743569208716231 ], [ -0.930492616834633, 43.744036484010785 ], [ -0.929839861922774, 43.744735776683108 ], [ -0.92847067001602, 43.746398305138271 ], [ -0.927522244668861, 43.747207408498525 ], [ -0.925906018263692, 43.748333955923883 ], [ -0.924077373336861, 43.749530525019836 ], [ -0.921424267277437, 43.751229030195084 ], [ -0.91797964788591, 43.753007062233841 ], [ -0.915503777380717, 43.754168511380392 ], [ -0.913677577893917, 43.755179762632892 ], [ -0.911915865683319, 43.755815535742123 ], [ -0.910125795016327, 43.756428793611185 ], [ -0.906589851975485, 43.757560630732179 ], [ -0.902585517263571, 43.758361568524428 ], [ -0.89949961675875, 43.758774744696723 ], [ -0.895702467769545, 43.759099800142074 ], [ -0.892540014094349, 43.759239504983405 ], [ -0.89133781986315, 43.759314191344401 ], [ -0.889394081886084, 43.759456234297055 ], [ -0.88630899433739, 43.759592992791433 ], [ -0.883686093806235, 43.759578243612914 ], [ -0.880806361909952, 43.759748413003663 ], [ -0.87905995838379, 43.759909809335866 ], [ -0.873679414546799, 43.760493948684278 ], [ -0.862603433492852, 43.761243244983206 ], [ -0.855738573861422, 43.761445711230543 ], [ -0.846519774252864, 43.761397714869155 ], [ -0.838500766972714, 43.761320927929717 ], [ -0.838165377595095, 43.761220317836219 ], [ -0.834419230955315, 43.761238868410288 ], [ -0.831964789259923, 43.761591054694811 ], [ -0.830187872811334, 43.762077801487003 ], [ -0.828699617780254, 43.762368314264926 ], [ -0.826265663922305, 43.762332262951134 ], [ -0.824360929559931, 43.761646858862974 ], [ -0.822459810973803, 43.760403168506627 ], [ -0.820219245430987, 43.758531488062808 ], [ -0.81873685676788, 43.758317718255739 ], [ -0.816488654163124, 43.75749090862552 ], [ -0.816218071182556, 43.757387955846895 ], [ -0.814470907145667, 43.756566033314556 ], [ -0.810032921232888, 43.756397422438305 ], [ -0.801769078923912, 43.756208986954697 ], [ -0.801418748402214, 43.756221221673414 ], [ -0.796187386405674, 43.756421172922195 ], [ -0.790497135187499, 43.756336318369478 ], [ -0.788172380180267, 43.755133394976411 ], [ -0.787263593797043, 43.754336052042369 ], [ -0.784685695002562, 43.751777295893731 ], [ -0.78077298133496, 43.75120593127911 ], [ -0.779392013491533, 43.751006526486115 ], [ -0.772724705009291, 43.75001635264114 ], [ -0.764735456160114, 43.749289235164738 ], [ -0.754245443074527, 43.750565356873572 ], [ -0.750205049606635, 43.750083162955917 ], [ -0.748115788562757, 43.748970477476661 ], [ -0.74593067503909, 43.747964277472327 ], [ -0.742934870197673, 43.746009796992617 ], [ -0.740576851902932, 43.744986948293224 ], [ -0.737870649240178, 43.743985242781697 ], [ -0.735302822653076, 43.743330297098296 ], [ -0.734459982340321, 43.743183413165802 ], [ -0.732764541157129, 43.74288997720241 ], [ -0.729885388086501, 43.743231956177375 ], [ -0.727820010735767, 43.744054982711162 ], [ -0.725915394467058, 43.744814235796923 ], [ -0.724173032546527, 43.745229563716563 ], [ -0.723567302869699, 43.745259498829157 ], [ -0.718906760053096, 43.748130504505404 ], [ -0.717203662294336, 43.747850370447622 ], [ -0.716089244999846, 43.747690121726983 ], [ -0.713951360683825, 43.74701083241731 ], [ -0.712353697762764, 43.746638080889156 ], [ -0.711482953696258, 43.746581922275617 ], [ -0.709678759960388, 43.746720095584536 ], [ -0.708323689459594, 43.746761148204314 ], [ -0.707075631728339, 43.746430600084459 ], [ -0.705426396195694, 43.746022718858995 ], [ -0.704505799014553, 43.745653395598794 ], [ -0.703497082469707, 43.744881274013025 ], [ -0.702247839810687, 43.744531298722443 ], [ -0.701362039050847, 43.744503154796682 ], [ -0.699810289210316, 43.744641785277189 ], [ -0.697406640424845, 43.743466274184271 ], [ -0.694449945052079, 43.741977313451144 ], [ -0.692641068360084, 43.741254755010821 ], [ -0.690891427505195, 43.741012587687919 ], [ -0.689068029579745, 43.741353437475084 ], [ -0.685355736533808, 43.741763353175926 ], [ -0.684539142869572, 43.741561025380896 ], [ -0.6816954956603, 43.741427283222521 ], [ -0.680322895004027, 43.741172192007141 ], [ -0.674082963154615, 43.741342140402566 ], [ -0.668886414130499, 43.740701830636006 ], [ -0.662241437546768, 43.740885776370625 ], [ -0.655501635992158, 43.740049394175443 ], [ -0.650742804580406, 43.734200387895427 ], [ -0.645919652942281, 43.731087386424278 ], [ -0.642567598438696, 43.729466244636448 ], [ -0.640722241963384, 43.728595886867289 ], [ -0.63858975013818, 43.727220994109018 ], [ -0.636935197212104, 43.726312519771191 ], [ -0.634311156313936, 43.724850765908805 ], [ -0.632259547411919, 43.723613097604598 ], [ -0.631553890003929, 43.722731120418871 ], [ -0.632035634277284, 43.722016974024569 ], [ -0.633622165781439, 43.721035972708712 ], [ -0.636120289602387, 43.719543105112443 ], [ -0.638087455738495, 43.718788484300418 ], [ -0.64144945610523, 43.716901732948592 ], [ -0.642553458563867, 43.715207006362817 ], [ -0.642939230064286, 43.714361114077882 ], [ -0.640740342481223, 43.712731996034741 ], [ -0.637077722172781, 43.711525855577918 ], [ -0.635263897391042, 43.710586927148427 ], [ -0.63549037427958, 43.709804636326034 ], [ -0.636623276234839, 43.70949594262175 ], [ -0.638092568829545, 43.709248523191206 ], [ -0.639314876382422, 43.708041486764934 ], [ -0.638960809633914, 43.707481000320541 ], [ -0.638090572182392, 43.707244366125934 ], [ -0.633992708410427, 43.706765062122685 ], [ -0.629835350236792, 43.706812921165799 ], [ -0.626151087769528, 43.706589323307931 ], [ -0.62405997412872, 43.705916003760422 ], [ -0.623431002121043, 43.70477082274396 ], [ -0.622390923166836, 43.702049048352549 ], [ -0.620517264044078, 43.701224307214609 ], [ -0.619168399639775, 43.700655996691879 ], [ -0.618148981680355, 43.699883534011001 ], [ -0.617791949761714, 43.699026678215979 ], [ -0.617654943350563, 43.69803987283683 ], [ -0.617886630653269, 43.697582475158121 ], [ -0.61938255925566, 43.69546514559709 ], [ -0.620209571549494, 43.694532103535067 ], [ -0.622307673569612, 43.692584780468906 ], [ -0.625746681459272, 43.689128173555218 ], [ -0.626965696035047, 43.687938760996076 ], [ -0.627792453924957, 43.68700566670767 ], [ -0.627911628746312, 43.686241300853517 ], [ -0.627838591770633, 43.685333122168132 ], [ -0.627239970816165, 43.683997891466255 ], [ -0.625145160091766, 43.68145138577993 ], [ -0.62310824428359, 43.678771087555013 ], [ -0.621366625483174, 43.676415121762943 ], [ -0.621098604307853, 43.676051000576557 ], [ -0.620593663222944, 43.675369805236024 ], [ -0.617241695233296, 43.673017316784602 ], [ -0.616409236998272, 43.672432826903574 ], [ -0.61083711068272, 43.669519339634881 ], [ -0.606990660325396, 43.668714977189047 ], [ -0.603778606441179, 43.668123487373954 ], [ -0.600586115592347, 43.667841948090775 ], [ -0.597122712244389, 43.667415984602584 ], [ -0.594892583750952, 43.666899050773033 ], [ -0.592089581284746, 43.666203749529451 ], [ -0.587865702559367, 43.665478652967998 ], [ -0.582035014502489, 43.663505379424755 ], [ -0.577931702368446, 43.661932807204025 ], [ -0.57379104828532, 43.660164074948923 ], [ -0.56844221909371, 43.658700567342677 ], [ -0.563756825675872, 43.657669848348903 ], [ -0.559564146137138, 43.656659579243012 ], [ -0.556334972097628, 43.655976327609331 ], [ -0.552574920022514, 43.655514753473859 ], [ -0.548725860125434, 43.655887816827395 ], [ -0.543783838567941, 43.657638202642971 ], [ -0.541454813124845, 43.658466277797004 ], [ -0.539387662051263, 43.658750252787442 ], [ -0.535302626413792, 43.659158110055266 ], [ -0.533480679038766, 43.658442728125173 ], [ -0.53215342826677, 43.656504305873455 ], [ -0.530613692122053, 43.654816007432153 ], [ -0.530331573998148, 43.654531876025757 ], [ -0.529634062774824, 43.653856543596277 ], [ -0.52735336254881, 43.651286828670827 ], [ -0.518759358086637, 43.646904395346816 ], [ -0.513694590294243, 43.64355591689435 ], [ -0.511061176487604, 43.641871072605035 ], [ -0.507821423849789, 43.641426937018132 ], [ -0.50526382637281, 43.64141443278249 ], [ -0.50313145212174, 43.641267574076934 ], [ -0.501708480534401, 43.64093942715072 ], [ -0.499917316812486, 43.639974183928622 ], [ -0.498977260673437, 43.639027518897727 ], [ -0.498482154480681, 43.638431331046206 ], [ -0.494589721025945, 43.633278423099313 ], [ -0.492889089762044, 43.631991371099545 ], [ -0.491208024050431, 43.630932531188471 ], [ -0.489037827422039, 43.629787221568378 ], [ -0.486359775505216, 43.628571297694712 ], [ -0.485124491533949, 43.62806115197715 ], [ -0.477868909703632, 43.626497189901293 ], [ -0.473230662052153, 43.626564850073713 ], [ -0.47011379551633, 43.625714091421031 ], [ -0.468549012424497, 43.625264367879055 ], [ -0.466806042770896, 43.624193891642527 ], [ -0.465633000128075, 43.623591616827746 ], [ -0.462670043606035, 43.621930515455887 ], [ -0.462272810000847, 43.621758225084804 ], [ -0.456003746126413, 43.617027305658823 ], [ -0.452986818398845, 43.614506237314778 ], [ -0.451190028724015, 43.61257785184003 ], [ -0.449477087450368, 43.611083118811621 ], [ -0.448108583600402, 43.609771585347801 ], [ -0.446156934705386, 43.608162780689568 ], [ -0.445168111958056, 43.606802384948011 ], [ -0.443668233133504, 43.604400554226984 ], [ -0.441964233101497, 43.60229744681002 ], [ -0.440691751641925, 43.600869366831802 ], [ -0.43866035269974, 43.599047367420539 ], [ -0.436577886634482, 43.596793701144712 ], [ -0.432751745123113, 43.59314616382418 ], [ -0.43066871419835, 43.590757534171935 ], [ -0.428903775863898, 43.588678658150918 ], [ -0.427062881678669, 43.587043612602066 ], [ -0.426061331729744, 43.585950169631424 ], [ -0.42071271083828, 43.578976237599349 ], [ -0.418006352946448, 43.575261329055557 ], [ -0.416730014964541, 43.572874685025667 ], [ -0.414537350884196, 43.570462711441309 ], [ -0.413472859326705, 43.568986971871574 ], [ -0.411356120424246, 43.566050415991768 ], [ -0.409023602701369, 43.563948266963607 ], [ -0.407403832321824, 43.562180333137078 ], [ -0.40640227227145, 43.56097843572261 ], [ -0.405815341221617, 43.560203949131107 ], [ -0.405116377273556, 43.560027647774945 ], [ -0.394044482258109, 43.549577189861715 ], [ -0.39118707564452, 43.545915564051732 ], [ -0.389265825990057, 43.543543736984994 ], [ -0.386664654242944, 43.541144083633654 ], [ -0.384367278448037, 43.539342871339841 ], [ -0.382647759376975, 43.537883237576203 ], [ -0.380758492966015, 43.536258267816116 ], [ -0.37978812902247, 43.534352227790016 ], [ -0.377665675923989, 43.532532165520088 ], [ -0.375875735627644, 43.53072826558337 ], [ -0.374457579922738, 43.5290834207293 ], [ -0.372903639189108, 43.527277240283503 ], [ -0.371558487966126, 43.525246932031074 ], [ -0.36961142724596, 43.523462159603341 ], [ -0.367205047511421, 43.521600652608129 ], [ -0.366058255043656, 43.51992993665548 ], [ -0.36442557712845, 43.518832145213807 ], [ -0.363547170445162, 43.518098195070699 ], [ -0.357007089408993, 43.51389303176893 ], [ -0.353145219059786, 43.510243317395208 ], [ -0.351090102920878, 43.508127479177439 ], [ -0.349040264333636, 43.505232889486443 ], [ -0.347052077562011, 43.502381339771816 ], [ -0.345354774196414, 43.49888115501107 ], [ -0.34348802376713, 43.496637835320897 ], [ -0.341085001063541, 43.49431700422501 ], [ -0.340568099920089, 43.493657563737031 ], [ -0.339040600065416, 43.492754432992157 ], [ -0.336476574007147, 43.491158792320391 ], [ -0.333563893521931, 43.488510207387783 ], [ -0.331461710280291, 43.486234094533472 ], [ -0.328998373061818, 43.483122062501749 ], [ -0.327331095461828, 43.480426905359522 ], [ -0.326736475836421, 43.476941753406656 ], [ -0.325327618356887, 43.473567413339495 ], [ -0.324208792795128, 43.47076550940546 ], [ -0.323876951972231, 43.469758063480079 ], [ -0.323321503215569, 43.468546018884247 ], [ -0.322046326098014, 43.464807922764301 ], [ -0.321282889614628, 43.46242218034245 ], [ -0.320448330251618, 43.460480002255338 ], [ -0.319091162133032, 43.458473100689318 ], [ -0.318583337971616, 43.457912426614243 ] ] ] ] } },
{ "type": "Feature", "properties": { "fid": 6, "gid": 7, "codenatzon": "32", "id_local": "3", "cdperimetr": "3", "nomperimet": "Aire aval -Audon", "nomzone": "L'Adour du confluent du Lées (exclus) au confluent de la Midouze (exclus)", "numcircadm": "05", "cddepartem": "40", "sourceperi": "BDCARTHAGE 2012", "niveau": "Niveau_1", "nominterve": "OUGC Adour", "structureo": "Irrig'Adour", "datecreati": "2013-07-29", "cdinterven": "2202", "vpi_aff": 25.36, "mg_mnoe": 1.32, "vp_def": 27.66, "vp_notif": 27.66, "v_aup": 28.22, "v1_5": 22.2, "vmax": 24.07, "vaut": 27.66, "typ_gest": "1", "v_ret_dec": 13.23, "v_rdec_aup": 13.23, "deseq": 1, "ecar_imp": "0", "v_eso_dec": 6.26, "v_edec_aup": 6.26, "vprj_ret": 6.0, "rqs": null }, "geometry": { "type": "MultiPolygon", "coordinates": [ [ [ [ -0.059243781045937, 43.211818979336918 ], [ -0.059195903426426, 43.20946611286233 ], [ -0.059297312941757, 43.206083595670819 ], [ -0.059364490208548, 43.204137038533368 ], [ -0.059398248472107, 43.202402839272708 ], [ -0.059898824051741, 43.200836207632008 ], [ -0.060239045278812, 43.200169829917854 ], [ -0.060406037525044, 43.199264255590222 ], [ -0.060157975131244, 43.196269563955916 ], [ -0.059989682674425, 43.194226557484342 ], [ -0.059290051435863, 43.185816269952511 ], [ -0.060950353479578, 43.181907499302383 ], [ -0.061680235432499, 43.179352857114615 ], [ -0.062925915908476, 43.176499648347431 ], [ -0.064467009804788, 43.173377579389204 ], [ -0.065492842896441, 43.17059390999848 ], [ -0.066030855230949, 43.169241709534376 ], [ -0.06668618797072, 43.165316498713452 ], [ -0.066487033312408, 43.162247995471375 ], [ -0.066343471201747, 43.160384094605767 ], [ -0.065270957736575, 43.157629461751213 ], [ -0.065061788071552, 43.155317029664381 ], [ -0.066077686233164, 43.15364076959596 ], [ -0.067465383056898, 43.15597379665023 ], [ -0.071106823391971, 43.159997254346088 ], [ -0.072386146990394, 43.166162275838772 ], [ -0.074024220328877, 43.170436811495705 ], [ -0.076335153030119, 43.173034543328541 ], [ -0.078614905784507, 43.175278710260102 ], [ -0.085143841368285, 43.179395018170212 ], [ -0.089295483456912, 43.182103267793565 ], [ -0.091638874125857, 43.184529229283349 ], [ -0.092801031616495, 43.186448718163568 ], [ -0.093356773544537, 43.187234551352979 ], [ -0.09614825357274, 43.19210088015339 ], [ -0.096734025718261, 43.19433003420319 ], [ -0.098257196927255, 43.1961543605847 ], [ -0.100596275688757, 43.198144175816417 ], [ -0.100900335566811, 43.198580764416576 ], [ -0.101667081214198, 43.200093832065164 ], [ -0.102031970834695, 43.200154829843129 ], [ -0.102555333879974, 43.201138677532029 ], [ -0.103364963741878, 43.202668890689843 ], [ -0.104048667279283, 43.204089353667555 ], [ -0.104984257845957, 43.205727276301417 ], [ -0.105716766970109, 43.207430275244363 ], [ -0.106811122687706, 43.209240302989322 ], [ -0.108662854448961, 43.211810903146734 ], [ -0.109927654279964, 43.213489352321538 ], [ -0.111571569315732, 43.215697160850581 ], [ -0.112618905524366, 43.217457449351699 ], [ -0.11338195371565, 43.219150343847005 ], [ -0.113975741173797, 43.220888975937214 ], [ -0.114536625514618, 43.222664319606565 ], [ -0.114909561696171, 43.224269401331441 ], [ -0.115436350005411, 43.22543798367267 ], [ -0.115848913656728, 43.226146162187547 ], [ -0.116449687598005, 43.227028671121339 ], [ -0.117206523156361, 43.22772281031952 ], [ -0.119280466864688, 43.228621989100873 ], [ -0.12585946359413, 43.231019884090074 ], [ -0.127028317682477, 43.232277076985113 ], [ -0.127853844711989, 43.233590185879613 ], [ -0.129323642625073, 43.235397355235584 ], [ -0.131111113600052, 43.23739343978098 ], [ -0.132691068812299, 43.239166747978075 ], [ -0.134001446158149, 43.240708836851631 ], [ -0.135235978464622, 43.242113187582035 ], [ -0.136481013699695, 43.243324175655339 ], [ -0.138647468622557, 43.245034407291577 ], [ -0.138699200038095, 43.246293338804826 ], [ -0.138827618612223, 43.24675331872313 ], [ -0.140165701335919, 43.25139050980281 ], [ -0.140379528348734, 43.252469045396417 ], [ -0.141315013053181, 43.255970887961269 ], [ -0.142458168298073, 43.257869139055607 ], [ -0.143568690967861, 43.259551824451954 ], [ -0.144777763708891, 43.261528834934779 ], [ -0.145473771592395, 43.262579048204721 ], [ -0.146440027091189, 43.263766399871244 ], [ -0.148147013556052, 43.265643100114339 ], [ -0.149840804215485, 43.267583486723851 ], [ -0.151550762366341, 43.26976648440349 ], [ -0.153136204302546, 43.271970458466228 ], [ -0.154119566958141, 43.273413673630557 ], [ -0.154421239841705, 43.273868606780027 ], [ -0.154854712594615, 43.275071463049954 ], [ -0.155793687169535, 43.276876534221202 ], [ -0.15690761592195, 43.278684639482428 ], [ -0.158329734216035, 43.280042484016946 ], [ -0.160347716701091, 43.281685217457458 ], [ -0.161880645015576, 43.282995849421049 ], [ -0.167438049409423, 43.28960742360767 ], [ -0.168125020458308, 43.291014275750165 ], [ -0.16952354704745, 43.293255243420838 ], [ -0.17056955390294, 43.294602516920236 ], [ -0.171586824282767, 43.296215203781131 ], [ -0.172581183993405, 43.297180942082456 ], [ -0.173231411214661, 43.29781456282106 ], [ -0.174764830225129, 43.299146485644506 ], [ -0.176066705633495, 43.301148139185642 ], [ -0.177818607558136, 43.304283667477137 ], [ -0.179736668641534, 43.30659914841511 ], [ -0.180587420526749, 43.308784641689179 ], [ -0.180866027645481, 43.310284165167836 ], [ -0.181306034306581, 43.312072107419425 ], [ -0.181885540577983, 43.3138018232899 ], [ -0.182366702526399, 43.314889843433924 ], [ -0.183039281684763, 43.316581057944596 ], [ -0.184243831952918, 43.3179991752097 ], [ -0.186063600501674, 43.319813878759575 ], [ -0.187412454567674, 43.321561762221613 ], [ -0.188370351723758, 43.323297667648589 ], [ -0.189201383398518, 43.325141487330434 ], [ -0.190142946116094, 43.326832901510436 ], [ -0.190938299595151, 43.328182363642611 ], [ -0.191825932748432, 43.329151103126996 ], [ -0.193377057875187, 43.330577317993686 ], [ -0.194801290516387, 43.33218702507768 ], [ -0.195628821600316, 43.333432324561002 ], [ -0.196228205174404, 43.335382050683037 ], [ -0.197410508080023, 43.337773233774527 ], [ -0.198823732538674, 43.339658024894597 ], [ -0.2000229177513, 43.342072176117547 ], [ -0.200294859776618, 43.342608612522682 ], [ -0.200741855020685, 43.343373768895503 ], [ -0.201820673899906, 43.344778113790973 ], [ -0.202966119763983, 43.346296939964873 ], [ -0.20390458154598, 43.347944457131675 ], [ -0.205081906922406, 43.34943064053418 ], [ -0.206506962078078, 43.351040215774994 ], [ -0.20812082336274, 43.35241946592032 ], [ -0.210032890501838, 43.353898108145025 ], [ -0.211698987590284, 43.355784472306006 ], [ -0.213656855489903, 43.357076791510515 ], [ -0.215459247603389, 43.358491192132838 ], [ -0.217376608365737, 43.360383314770857 ], [ -0.218811143115333, 43.362627883083519 ], [ -0.21983251444553, 43.364442421109786 ], [ -0.220380567875806, 43.365929850888691 ], [ -0.22103871990162, 43.367382312982315 ], [ -0.221955455039782, 43.369777148286744 ], [ -0.222630037346219, 43.371346610306695 ], [ -0.225073146393693, 43.374037149624655 ], [ -0.229120730336568, 43.376964780569025 ], [ -0.232889697704597, 43.380111059956526 ], [ -0.233306955365269, 43.380508244667162 ], [ -0.23385492724554, 43.381262138458276 ], [ -0.235763155033018, 43.383739634357276 ], [ -0.237473876570344, 43.38564173442068 ], [ -0.23962943066904, 43.387679638227134 ], [ -0.242000571750585, 43.390458864423593 ], [ -0.244350605187551, 43.393057862416256 ], [ -0.246511685190424, 43.395383576434057 ], [ -0.249797636661097, 43.398373266844949 ], [ -0.251909182902445, 43.399665489716725 ], [ -0.253587526093494, 43.400307706033324 ], [ -0.255927191118178, 43.400998453941078 ], [ -0.258412469263232, 43.401909515565478 ], [ -0.259299676703344, 43.402359873751941 ], [ -0.261635134480055, 43.403789261710386 ], [ -0.264207525542681, 43.405268638836176 ], [ -0.26656218934349, 43.40695785819922 ], [ -0.268886688466403, 43.408558035670445 ], [ -0.271698858147846, 43.411314198618271 ], [ -0.274005029076575, 43.413842477527993 ], [ -0.275858339843475, 43.415649857791117 ], [ -0.277650985739573, 43.417473333247621 ], [ -0.279948019983203, 43.41943887073252 ], [ -0.28328744939596, 43.42264671858505 ], [ -0.28563065709575, 43.425438274352366 ], [ -0.28744766095125, 43.427823825932379 ], [ -0.289647671143784, 43.430628865954276 ], [ -0.291541311982879, 43.432804643639322 ], [ -0.29368402783121, 43.435850427158861 ], [ -0.296472465819543, 43.438881629285326 ], [ -0.298501334400839, 43.440643513027794 ], [ -0.299486168816312, 43.44150849640409 ], [ -0.300593751837321, 43.442484144522162 ], [ -0.303041947078639, 43.444974920100741 ], [ -0.305150165452591, 43.446792510696739 ], [ -0.30663041979243, 43.447734264545446 ], [ -0.308799755252678, 43.449391579482942 ], [ -0.310922524295705, 43.451114637867349 ], [ -0.313172526932577, 43.452877710036944 ], [ -0.315482770450041, 43.45461233275568 ], [ -0.317503085903609, 43.456716445024149 ], [ -0.318583337971616, 43.457912426614243 ], [ -0.319091162133032, 43.458473100689318 ], [ -0.320448330251618, 43.460480002255338 ], [ -0.321282889614628, 43.46242218034245 ], [ -0.322046326098014, 43.464807922764301 ], [ -0.323321503215569, 43.468546018884247 ], [ -0.323876951972231, 43.469758063480079 ], [ -0.324208792795128, 43.47076550940546 ], [ -0.325327618356887, 43.473567413339495 ], [ -0.326736475836421, 43.476941753406656 ], [ -0.327331095461828, 43.480426905359522 ], [ -0.328998373061818, 43.483122062501749 ], [ -0.331461710280291, 43.486234094533472 ], [ -0.333563893521931, 43.488510207387783 ], [ -0.336476574007147, 43.491158792320391 ], [ -0.339040600065416, 43.492754432992157 ], [ -0.340568099920089, 43.493657563737031 ], [ -0.341085001063541, 43.49431700422501 ], [ -0.34348802376713, 43.496637835320897 ], [ -0.345354774196414, 43.49888115501107 ], [ -0.347052077562011, 43.502381339771816 ], [ -0.349040264333636, 43.505232889486443 ], [ -0.351090102920878, 43.508127479177439 ], [ -0.353145219059786, 43.510243317395208 ], [ -0.357007089408993, 43.51389303176893 ], [ -0.363547170445162, 43.518098195070699 ], [ -0.36442557712845, 43.518832145213807 ], [ -0.366058255043656, 43.51992993665548 ], [ -0.367205047511421, 43.521600652608129 ], [ -0.36961142724596, 43.523462159603341 ], [ -0.371558487966126, 43.525246932031074 ], [ -0.372903639189108, 43.527277240283503 ], [ -0.374457579922738, 43.5290834207293 ], [ -0.375875735627644, 43.53072826558337 ], [ -0.377665675923989, 43.532532165520088 ], [ -0.37978812902247, 43.534352227790016 ], [ -0.380758492966015, 43.536258267816116 ], [ -0.382647759376975, 43.537883237576203 ], [ -0.384367278448037, 43.539342871339841 ], [ -0.386664654242944, 43.541144083633654 ], [ -0.389265825990057, 43.543543736984994 ], [ -0.39118707564452, 43.545915564051732 ], [ -0.394044482258109, 43.549577189861715 ], [ -0.405116377273556, 43.560027647774945 ], [ -0.405815341221617, 43.560203949131107 ], [ -0.40640227227145, 43.56097843572261 ], [ -0.407403832321824, 43.562180333137078 ], [ -0.409023602701369, 43.563948266963607 ], [ -0.411356120424246, 43.566050415991768 ], [ -0.413472859326705, 43.568986971871574 ], [ -0.414537350884196, 43.570462711441309 ], [ -0.416730014964541, 43.572874685025667 ], [ -0.418006352946448, 43.575261329055557 ], [ -0.42071271083828, 43.578976237599349 ], [ -0.426061331729744, 43.585950169631424 ], [ -0.427062881678669, 43.587043612602066 ], [ -0.428903775863898, 43.588678658150918 ], [ -0.43066871419835, 43.590757534171935 ], [ -0.432751745123113, 43.59314616382418 ], [ -0.436577886634482, 43.596793701144712 ], [ -0.43866035269974, 43.599047367420539 ], [ -0.440691751641925, 43.600869366831802 ], [ -0.441964233101497, 43.60229744681002 ], [ -0.443668233133504, 43.604400554226984 ], [ -0.445168111958056, 43.606802384948011 ], [ -0.446156934705386, 43.608162780689568 ], [ -0.448108583600402, 43.609771585347801 ], [ -0.449477087450368, 43.611083118811621 ], [ -0.451190028724015, 43.61257785184003 ], [ -0.452986818398845, 43.614506237314778 ], [ -0.456003746126413, 43.617027305658823 ], [ -0.462272810000847, 43.621758225084804 ], [ -0.462670043606035, 43.621930515455887 ], [ -0.465633000128075, 43.623591616827746 ], [ -0.466806042770896, 43.624193891642527 ], [ -0.468549012424497, 43.625264367879055 ], [ -0.47011379551633, 43.625714091421031 ], [ -0.473230662052153, 43.626564850073713 ], [ -0.477868909703632, 43.626497189901293 ], [ -0.485124491533949, 43.62806115197715 ], [ -0.486359775505216, 43.628571297694712 ], [ -0.489037827422039, 43.629787221568378 ], [ -0.491208024050431, 43.630932531188471 ], [ -0.492889089762044, 43.631991371099545 ], [ -0.494589721025945, 43.633278423099313 ], [ -0.498482154480681, 43.638431331046206 ], [ -0.498977260673437, 43.639027518897727 ], [ -0.499917316812486, 43.639974183928622 ], [ -0.501708480534401, 43.64093942715072 ], [ -0.50313145212174, 43.641267574076934 ], [ -0.50526382637281, 43.64141443278249 ], [ -0.507821423849789, 43.641426937018132 ], [ -0.511061176487604, 43.641871072605035 ], [ -0.513694590294243, 43.64355591689435 ], [ -0.518759358086637, 43.646904395346816 ], [ -0.52735336254881, 43.651286828670827 ], [ -0.529634062774824, 43.653856543596277 ], [ -0.530331573998148, 43.654531876025757 ], [ -0.530613692122053, 43.654816007432153 ], [ -0.53215342826677, 43.656504305873455 ], [ -0.533480679038766, 43.658442728125173 ], [ -0.535302626413792, 43.659158110055266 ], [ -0.539387662051263, 43.658750252787442 ], [ -0.541454813124845, 43.658466277797004 ], [ -0.543783838567941, 43.657638202642971 ], [ -0.548725860125434, 43.655887816827395 ], [ -0.552574920022514, 43.655514753473859 ], [ -0.556334972097628, 43.655976327609331 ], [ -0.559564146137138, 43.656659579243012 ], [ -0.563756825675872, 43.657669848348903 ], [ -0.56844221909371, 43.658700567342677 ], [ -0.57379104828532, 43.660164074948923 ], [ -0.577931702368446, 43.661932807204025 ], [ -0.582035014502489, 43.663505379424755 ], [ -0.587865702559367, 43.665478652967998 ], [ -0.592089581284746, 43.666203749529451 ], [ -0.594892583750952, 43.666899050773033 ], [ -0.597122712244389, 43.667415984602584 ], [ -0.600586115592347, 43.667841948090775 ], [ -0.603778606441179, 43.668123487373954 ], [ -0.606990660325396, 43.668714977189047 ], [ -0.61083711068272, 43.669519339634881 ], [ -0.616409236998272, 43.672432826903574 ], [ -0.617241695233296, 43.673017316784602 ], [ -0.620593663222944, 43.675369805236024 ], [ -0.621098604307853, 43.676051000576557 ], [ -0.621366625483174, 43.676415121762943 ], [ -0.62310824428359, 43.678771087555013 ], [ -0.625145160091766, 43.68145138577993 ], [ -0.627239970816165, 43.683997891466255 ], [ -0.627838591770633, 43.685333122168132 ], [ -0.627911628746312, 43.686241300853517 ], [ -0.627792453924957, 43.68700566670767 ], [ -0.626965696035047, 43.687938760996076 ], [ -0.625746681459272, 43.689128173555218 ], [ -0.622307673569612, 43.692584780468906 ], [ -0.620209571549494, 43.694532103535067 ], [ -0.61938255925566, 43.69546514559709 ], [ -0.617886630653269, 43.697582475158121 ], [ -0.617654943350563, 43.69803987283683 ], [ -0.617791949761714, 43.699026678215979 ], [ -0.618148981680355, 43.699883534011001 ], [ -0.619168399639775, 43.700655996691879 ], [ -0.620517264044078, 43.701224307214609 ], [ -0.622390923166836, 43.702049048352549 ], [ -0.623431002121043, 43.70477082274396 ], [ -0.62405997412872, 43.705916003760422 ], [ -0.626151087769528, 43.706589323307931 ], [ -0.629835350236792, 43.706812921165799 ], [ -0.633992708410427, 43.706765062122685 ], [ -0.638090572182392, 43.707244366125934 ], [ -0.638960809633914, 43.707481000320541 ], [ -0.639314876382422, 43.708041486764934 ], [ -0.638092568829545, 43.709248523191206 ], [ -0.636623276234839, 43.70949594262175 ], [ -0.63549037427958, 43.709804636326034 ], [ -0.635263897391042, 43.710586927148427 ], [ -0.637077722172781, 43.711525855577918 ], [ -0.640740342481223, 43.712731996034741 ], [ -0.642939230064286, 43.714361114077882 ], [ -0.642553458563867, 43.715207006362817 ], [ -0.64144945610523, 43.716901732948592 ], [ -0.638087455738495, 43.718788484300418 ], [ -0.636120289602387, 43.719543105112443 ], [ -0.633622165781439, 43.721035972708712 ], [ -0.632035634277284, 43.722016974024569 ], [ -0.631553890003929, 43.722731120418871 ], [ -0.632259547411919, 43.723613097604598 ], [ -0.634311156313936, 43.724850765908805 ], [ -0.636935197212104, 43.726312519771191 ], [ -0.63858975013818, 43.727220994109018 ], [ -0.640722241963384, 43.728595886867289 ], [ -0.642567598438696, 43.729466244636448 ], [ -0.645919652942281, 43.731087386424278 ], [ -0.650742804580406, 43.734200387895427 ], [ -0.655501635992158, 43.740049394175443 ], [ -0.662241437546768, 43.740885776370625 ], [ -0.668886414130499, 43.740701830636006 ], [ -0.674082963154615, 43.741342140402566 ], [ -0.680322895004027, 43.741172192007141 ], [ -0.6816954956603, 43.741427283222521 ], [ -0.684539142869572, 43.741561025380896 ], [ -0.685355736533808, 43.741763353175926 ], [ -0.689068029579745, 43.741353437475084 ], [ -0.690891427505195, 43.741012587687919 ], [ -0.692641068360084, 43.741254755010821 ], [ -0.694449945052079, 43.741977313451144 ], [ -0.697406640424845, 43.743466274184271 ], [ -0.699810289210316, 43.744641785277189 ], [ -0.701362039050847, 43.744503154796682 ], [ -0.702247839810687, 43.744531298722443 ], [ -0.703497082469707, 43.744881274013025 ], [ -0.704505799014553, 43.745653395598794 ], [ -0.705426396195694, 43.746022718858995 ], [ -0.707075631728339, 43.746430600084459 ], [ -0.708323689459594, 43.746761148204314 ], [ -0.709678759960388, 43.746720095584536 ], [ -0.711482953696258, 43.746581922275617 ], [ -0.712353697762764, 43.746638080889156 ], [ -0.713951360683825, 43.74701083241731 ], [ -0.716089244999846, 43.747690121726983 ], [ -0.717203662294336, 43.747850370447622 ], [ -0.718906760053096, 43.748130504505404 ], [ -0.723567302869699, 43.745259498829157 ], [ -0.724173032546527, 43.745229563716563 ], [ -0.725915394467058, 43.744814235796923 ], [ -0.727820010735767, 43.744054982711162 ], [ -0.729885388086501, 43.743231956177375 ], [ -0.732764541157129, 43.74288997720241 ], [ -0.734459982340321, 43.743183413165802 ], [ -0.735302822653076, 43.743330297098296 ], [ -0.737870649240178, 43.743985242781697 ], [ -0.740576851902932, 43.744986948293224 ], [ -0.742934870197673, 43.746009796992617 ], [ -0.74593067503909, 43.747964277472327 ], [ -0.748115788562757, 43.748970477476661 ], [ -0.750205049606635, 43.750083162955917 ], [ -0.754245443074527, 43.750565356873572 ], [ -0.764735456160114, 43.749289235164738 ], [ -0.772724705009291, 43.75001635264114 ], [ -0.779392013491533, 43.751006526486115 ], [ -0.78077298133496, 43.75120593127911 ], [ -0.784685695002562, 43.751777295893731 ], [ -0.787263593797043, 43.754336052042369 ], [ -0.788172380180267, 43.755133394976411 ], [ -0.790497135187499, 43.756336318369478 ], [ -0.796187386405674, 43.756421172922195 ], [ -0.801418748402214, 43.756221221673414 ], [ -0.801769078923912, 43.756208986954697 ], [ -0.810032921232888, 43.756397422438305 ], [ -0.814470907145667, 43.756566033314556 ], [ -0.816218071182556, 43.757387955846895 ], [ -0.816488654163124, 43.75749090862552 ], [ -0.81873685676788, 43.758317718255739 ], [ -0.820219245430987, 43.758531488062808 ], [ -0.822459810973803, 43.760403168506627 ], [ -0.824360929559931, 43.761646858862974 ], [ -0.826265663922305, 43.762332262951134 ], [ -0.828699617780254, 43.762368314264926 ], [ -0.830187872811334, 43.762077801487003 ], [ -0.831964789259923, 43.761591054694811 ], [ -0.834419230955315, 43.761238868410288 ], [ -0.838165377595095, 43.761220317836219 ], [ -0.838500766972714, 43.761320927929717 ], [ -0.840229534769853, 43.761840579390217 ], [ -0.841566342961232, 43.762991433053593 ], [ -0.843277792617861, 43.765539692602445 ], [ -0.843726102665092, 43.766879315507509 ], [ -0.844281147683416, 43.768756934467291 ], [ -0.844490485071162, 43.769835126987417 ], [ -0.84531830873872, 43.773922355245112 ], [ -0.846600265549292, 43.780814861321915 ], [ -0.847849997096927, 43.785757091644591 ], [ -0.849781356326503, 43.789544689605812 ], [ -0.851884129165715, 43.792354043020723 ], [ -0.853371931755092, 43.793553643868357 ], [ -0.854763123974266, 43.794324254102364 ], [ -0.857457276636088, 43.795706011573479 ], [ -0.859102167180802, 43.797013447363177 ], [ -0.861387961631668, 43.800661568408671 ], [ -0.859924712783216, 43.79989358429183 ], [ -0.859562012989686, 43.799726526793407 ], [ -0.856389434585691, 43.798348460498438 ], [ -0.850435862192859, 43.797333419627236 ], [ -0.846854767955864, 43.796275189936111 ], [ -0.842338718066005, 43.79562395962877 ], [ -0.839386998639312, 43.795002259654929 ], [ -0.835358842384977, 43.794720966385093 ], [ -0.832143699205549, 43.795072294974062 ], [ -0.827390342539614, 43.795888544826219 ], [ -0.823072965293958, 43.797464091465137 ], [ -0.81976854455883, 43.798742275835032 ], [ -0.815704882916449, 43.800086819072526 ], [ -0.811751694745301, 43.8014825201954 ], [ -0.807593209497258, 43.802870961028702 ], [ -0.803343144863637, 43.803861729874612 ], [ -0.798081622085979, 43.804820112089736 ], [ -0.795335425542363, 43.805528120138867 ], [ -0.791498328007561, 43.806324104008297 ], [ -0.788693203199725, 43.806975735292745 ], [ -0.784454587536975, 43.80842531221758 ], [ -0.781532940321614, 43.810752092579584 ], [ -0.780294841895093, 43.812371286434406 ], [ -0.779437851866018, 43.813179931105793 ], [ -0.775739820756395, 43.813506434873347 ], [ -0.770781817116237, 43.813799772003065 ], [ -0.764918082595637, 43.81418754388536 ], [ -0.756335046139994, 43.815019388747068 ], [ -0.749607969357771, 43.816386727012762 ], [ -0.748354697480639, 43.81759615571228 ], [ -0.747055915124445, 43.819834422750894 ], [ -0.745400200672549, 43.821130236816572 ], [ -0.739361063430148, 43.823941120320058 ], [ -0.733305350134449, 43.826463945018439 ], [ -0.726937959366982, 43.828848882463753 ], [ -0.721089039243333, 43.830053541087878 ], [ -0.716054314246762, 43.830081170936111 ], [ -0.709261201394531, 43.830275778801095 ], [ -0.702148498421091, 43.830702604139162 ], [ -0.698189994919615, 43.831040398954237 ], [ -0.691792603316253, 43.832071919402281 ], [ -0.688630896430751, 43.833314576158934 ], [ -0.68342592090764, 43.835566571734759 ], [ -0.680778721879548, 43.836494172842194 ], [ -0.678676992223446, 43.837231553571542 ], [ -0.67486648042164, 43.83847319712163 ], [ -0.669489967267417, 43.840883619745782 ], [ -0.665360223895943, 43.841954744293297 ], [ -0.662875124005222, 43.842534005711798 ], [ -0.660453288873989, 43.842822844701885 ], [ -0.659442645084561, 43.842919128093037 ], [ -0.658430559243499, 43.842948992971777 ], [ -0.657106374026236, 43.842912671995556 ], [ -0.655083895838413, 43.843042852004807 ], [ -0.652642682848527, 43.842963172383712 ], [ -0.649390764323182, 43.842904444168468 ], [ -0.646329523801484, 43.842624596031385 ], [ -0.641664255098772, 43.842370656135067 ], [ -0.640090186256009, 43.842179969401613 ], [ -0.636643646556231, 43.841857519016806 ], [ -0.632485472538084, 43.841492234693156 ], [ -0.628384338441275, 43.841601207099906 ], [ -0.626579794384521, 43.841782882616812 ], [ -0.624549466773594, 43.841900476157221 ], [ -0.621148200793858, 43.842067678794024 ], [ -0.617890835856603, 43.842544809316436 ], [ -0.615464970540251, 43.842638570386242 ], [ -0.61306386336898, 43.842610847438415 ], [ -0.611513934112431, 43.842598843568972 ], [ -0.608477488242461, 43.842528684434271 ], [ -0.605630274021249, 43.842167027465287 ], [ -0.597864925153079, 43.841139817956744 ], [ -0.597436246570177, 43.841104897329728 ], [ -0.596318945531038, 43.8408984902523 ], [ -0.594545556995926, 43.840812872394942 ], [ -0.592937674832808, 43.841158189604464 ], [ -0.591851594207944, 43.841739788048024 ], [ -0.590652443294313, 43.842589810318408 ], [ -0.59419129953242, 43.848377917302642 ], [ -0.594963969134927, 43.849703660822286 ], [ -0.594921277504118, 43.850326521040856 ], [ -0.594401643948005, 43.850911940465672 ], [ -0.59291889844339, 43.851208154914751 ], [ -0.59138936528249, 43.851254462728079 ], [ -0.588276081106979, 43.851473470854195 ], [ -0.585641155138406, 43.85155096061694 ], [ -0.583384313697214, 43.85157608383026 ], [ -0.580954012413945, 43.851605830031978 ], [ -0.57839471290391, 43.851605022813388 ], [ -0.574795899559062, 43.8521687092286 ], [ -0.568638601671652, 43.853356697798993 ], [ -0.566831840576328, 43.853510869582934 ], [ -0.563735939071769, 43.853512954270286 ], [ -0.561495938466786, 43.853288702299224 ], [ -0.559017851686857, 43.853594484663788 ], [ -0.558093876996945, 43.853998715058097 ], [ -0.556621703016161, 43.854763222862296 ], [ -0.554795606912679, 43.85569666174063 ], [ -0.552709408050038, 43.856786741220112 ], [ -0.55051258889107, 43.8578711813254 ], [ -0.54769743185057, 43.859485708644023 ], [ -0.543300847262261, 43.861659524083834 ], [ -0.542643264204392, 43.861420260356702 ], [ -0.540957057287191, 43.860402855383015 ], [ -0.539156332535608, 43.859587423010744 ], [ -0.537780076708426, 43.858988162319228 ], [ -0.535924044954849, 43.858007878918812 ], [ -0.533995207401697, 43.857151552463961 ], [ -0.532328530218448, 43.856719029279724 ], [ -0.530795965911001, 43.856444680578285 ], [ -0.528467901763506, 43.856050899727848 ], [ -0.526809080928811, 43.855767269261449 ], [ -0.525448565357187, 43.855716206072714 ], [ -0.523735462787842, 43.855879915565779 ], [ -0.521772800115231, 43.856096626076699 ], [ -0.520494820327613, 43.856376044817651 ], [ -0.51915725313607, 43.856766716742548 ], [ -0.517509749538656, 43.857238907827998 ], [ -0.515372184603748, 43.857437642184962 ], [ -0.513734404208111, 43.857518021310675 ], [ -0.512001533021901, 43.85759121213728 ], [ -0.510423866597298, 43.857615432748879 ], [ -0.508909579351745, 43.857660086127787 ], [ -0.507471385151786, 43.857931197682277 ], [ -0.506240748554159, 43.858799675709534 ], [ -0.505498166401217, 43.859611548779895 ], [ -0.505067102380018, 43.860665864324041 ], [ -0.505139399259169, 43.861406579792558 ], [ -0.505462879192642, 43.862395762660157 ], [ -0.505975621987444, 43.863361495952532 ], [ -0.50653325109119, 43.864275692808704 ], [ -0.506870735143842, 43.864940420179188 ], [ -0.507200945232926, 43.866015235838887 ], [ -0.506916893123428, 43.866312593602494 ], [ -0.506298522193005, 43.86654915990507 ], [ -0.505505090566134, 43.866511307916426 ], [ -0.503332319966086, 43.865797174157983 ], [ -0.502338401770976, 43.864955241534098 ], [ -0.50115854870202, 43.863637862654585 ], [ -0.500323515072381, 43.862575140674785 ], [ -0.499303792550411, 43.861287360130092 ], [ -0.498344275314959, 43.859966990703761 ], [ -0.497414704627151, 43.859434657636349 ], [ -0.496126542378754, 43.859020120444839 ], [ -0.494174680238048, 43.858839443711183 ], [ -0.492214621904115, 43.859055532686767 ], [ -0.491081815822462, 43.858871037845141 ], [ -0.489924235839203, 43.858512550239972 ], [ -0.488618054978992, 43.85833358392459 ], [ -0.486893001834135, 43.85825792023612 ], [ -0.48522628532055, 43.858397047142653 ], [ -0.483825197650543, 43.858792382481965 ], [ -0.482228426700224, 43.858758551963902 ], [ -0.481053292446262, 43.858620273283805 ], [ -0.479491969137344, 43.858101844689699 ], [ -0.477947034367387, 43.857597167682918 ], [ -0.475271386324541, 43.856916951488486 ], [ -0.473222425717025, 43.856437469935692 ], [ -0.471072558570754, 43.856109387010349 ], [ -0.469198951670958, 43.85593493970714 ], [ -0.467476394812902, 43.856223790819023 ], [ -0.465587357677045, 43.856887866758342 ], [ -0.462925034725724, 43.857612218288004 ], [ -0.461318141199219, 43.857946339180224 ], [ -0.459151020436902, 43.858452537516136 ], [ -0.456438225032876, 43.859114973908063 ], [ -0.454450402063214, 43.85943449426496 ], [ -0.452348505555555, 43.859712600479739 ], [ -0.450687080889759, 43.859940978153908 ], [ -0.448757233900556, 43.860168609059251 ], [ -0.448166945579476, 43.860241444488281 ], [ -0.446640354423712, 43.860433792897688 ], [ -0.444908601474464, 43.860550855014601 ], [ -0.443714078345639, 43.860651954257243 ], [ -0.441403166224798, 43.859995154309757 ], [ -0.439848284524966, 43.859319593116616 ], [ -0.438659292717987, 43.858644749079303 ], [ -0.43669627336844, 43.858274305844581 ], [ -0.434818681702765, 43.858031961443075 ], [ -0.432767508458768, 43.857768474787349 ], [ -0.429920455767727, 43.858010327586449 ], [ -0.42873875626241, 43.858065899541501 ], [ -0.42731885803276, 43.858082935443377 ], [ -0.425790355723276, 43.858149351958467 ], [ -0.42414575685367, 43.855526388203337 ], [ -0.422707584965816, 43.854342047494434 ], [ -0.421179257042826, 43.853561158089363 ], [ -0.419134909259435, 43.852841379111581 ], [ -0.417084594164303, 43.852351724350299 ], [ -0.414861056506575, 43.852412173544664 ], [ -0.412768688147472, 43.852541049587046 ], [ -0.410522863770644, 43.852772787411595 ], [ -0.408790887459471, 43.853142743021088 ], [ -0.404695472408191, 43.85364472982873 ], [ -0.40307043126809, 43.853392942197715 ], [ -0.401554170486178, 43.853093793877044 ], [ -0.399977698246134, 43.852850655254656 ], [ -0.398373343383126, 43.852399890966637 ], [ -0.397214742607594, 43.851702188212705 ], [ -0.396163230119214, 43.850667997222672 ], [ -0.395099425588991, 43.849687301069309 ], [ -0.393736515246813, 43.848734297133944 ], [ -0.392087087275013, 43.847736044542742 ], [ -0.390735408855657, 43.847255827011381 ], [ -0.389038539690902, 43.846836432876501 ], [ -0.387112743875008, 43.846580474702087 ], [ -0.383755194890292, 43.845801730663176 ], [ -0.381598957190575, 43.845063302800618 ], [ -0.379718624743639, 43.844166035026831 ], [ -0.37831644472768, 43.843354098678837 ], [ -0.376857511314103, 43.842345633221122 ], [ -0.375168185716134, 43.840902783631343 ], [ -0.373268464100807, 43.839362176989404 ], [ -0.370577305871713, 43.837734618579113 ], [ -0.369047522772382, 43.83659744468217 ], [ -0.367144752219729, 43.834976098624281 ], [ -0.366098698268259, 43.834594512088664 ], [ -0.364684250556193, 43.833854328890915 ], [ -0.36119139905804, 43.832317730934101 ], [ -0.359572972506444, 43.829931251543982 ], [ -0.359118504343585, 43.829044924775381 ], [ -0.358005475600804, 43.827664826335592 ], [ -0.356380109759104, 43.826309678195521 ], [ -0.354772090315691, 43.825152252247655 ], [ -0.351841204328395, 43.824085552795886 ], [ -0.349342123555903, 43.823279413467631 ], [ -0.348023114010195, 43.822955113484454 ], [ -0.345607827650899, 43.822493755739167 ], [ -0.342803431597317, 43.822570618135721 ], [ -0.341127493143044, 43.822779369716763 ], [ -0.339803791747022, 43.823315584528245 ], [ -0.339062135705599, 43.82359481774666 ], [ -0.338068590740727, 43.823935926433776 ], [ -0.335746151488214, 43.824435222119284 ], [ -0.334094177955129, 43.824160778607698 ], [ -0.333072402478276, 43.823607489239187 ], [ -0.331682037052809, 43.822662798020154 ], [ -0.329923620877076, 43.821578094826677 ], [ -0.32849178131022, 43.821058720884828 ], [ -0.326985199141905, 43.821000488820943 ], [ -0.325818092682424, 43.821342685881518 ], [ -0.32376103518396, 43.821599600528366 ], [ -0.321460505995278, 43.821408115004296 ], [ -0.32021386189051, 43.820648991786044 ], [ -0.320035796457512, 43.820523614121008 ], [ -0.318808418500064, 43.819683157178311 ], [ -0.316711385815101, 43.818107801414534 ], [ -0.314005303306901, 43.815763039762039 ], [ -0.312229555149686, 43.814320918629853 ], [ -0.31102295992065, 43.813006587271943 ], [ -0.310166570959803, 43.810330636994863 ], [ -0.30954164041216, 43.808579654031199 ], [ -0.308346686279536, 43.806756054717752 ], [ -0.305275043567406, 43.805687343312044 ], [ -0.300721097133839, 43.803699803555972 ], [ -0.298452622288275, 43.802215176114196 ], [ -0.296214025297883, 43.800463936268088 ], [ -0.295692784024241, 43.800208887584667 ], [ -0.294636743889608, 43.799682862364143 ], [ -0.291324703840893, 43.798274628616788 ], [ -0.287788953563045, 43.798002265115706 ], [ -0.284826585394221, 43.799384316587883 ], [ -0.280583414621598, 43.800823250162843 ], [ -0.277516237018496, 43.799915132372078 ], [ -0.27432269730741, 43.799114933360855 ], [ -0.270703313610687, 43.798390794554805 ], [ -0.266242917752971, 43.797538472169229 ], [ -0.262592647388421, 43.79703574059176 ], [ -0.259845052155764, 43.796379157884168 ], [ -0.256620621613306, 43.795597785293332 ], [ -0.253395603666712, 43.794779542980656 ], [ -0.250489893388541, 43.794042645265669 ], [ -0.247003154417901, 43.793903401469933 ], [ -0.241282991800086, 43.793609796768372 ], [ -0.237776946832936, 43.793128529093373 ], [ -0.235071971200949, 43.792069503326587 ], [ -0.232778899601732, 43.790809140304837 ], [ -0.229841312939955, 43.79019832959353 ], [ -0.22936387589098, 43.790086780671551 ], [ -0.228510137884231, 43.790206099828318 ], [ -0.227655795887646, 43.790289673310944 ], [ -0.22660400946166, 43.789699520496399 ], [ -0.227428471070847, 43.788261866430858 ], [ -0.227010836397868, 43.787760248596221 ], [ -0.226453840833238, 43.787488580446507 ], [ -0.224221155847277, 43.786091375092816 ], [ -0.220882950371462, 43.784897482987908 ], [ -0.217301637116661, 43.783166016769954 ], [ -0.214304950723872, 43.781318054459746 ], [ -0.212911612468955, 43.779914276913829 ], [ -0.212064847359368, 43.779151391953704 ], [ -0.209955939086202, 43.777434539688876 ], [ -0.207539736920181, 43.776622831049714 ], [ -0.203187469021542, 43.776845949704345 ], [ -0.201492690008045, 43.776877390069998 ], [ -0.201214715748247, 43.776975493455183 ], [ -0.199443836866034, 43.777613029057747 ], [ -0.196839437575528, 43.77835164755173 ], [ -0.193239350060595, 43.776363520567216 ], [ -0.19100346298294, 43.776023366882569 ], [ -0.188921878895605, 43.775313873897694 ], [ -0.186552013389827, 43.774213240452966 ], [ -0.183481294473785, 43.772857139612427 ], [ -0.180959098272051, 43.77230956799982 ], [ -0.178821922992025, 43.772345398496313 ], [ -0.177242174511402, 43.772642854075784 ], [ -0.175850438686955, 43.772949134329771 ], [ -0.175297664339083, 43.772974437857258 ], [ -0.174932596292981, 43.772850196833957 ], [ -0.173967563618387, 43.771469242599707 ], [ -0.172936142473317, 43.769526150459455 ], [ -0.171917997353331, 43.767516245978847 ], [ -0.170945251425866, 43.765306796909449 ], [ -0.170226954744155, 43.763031670782226 ], [ -0.16993544007123, 43.760977115593384 ], [ -0.169961060458419, 43.758742682589173 ], [ -0.169763832244947, 43.756506554234917 ], [ -0.169066350563201, 43.753153857495413 ], [ -0.168426089611995, 43.750781463055752 ], [ -0.168472733315178, 43.74762782397589 ], [ -0.168079308317721, 43.740115731299426 ], [ -0.167321789588206, 43.737404445365662 ], [ -0.169330725916297, 43.736985279093645 ], [ -0.170735530839811, 43.736472283752278 ], [ -0.173999955541915, 43.735314477599879 ], [ -0.175153866918307, 43.734573722481535 ], [ -0.175589580595476, 43.73422280965341 ], [ -0.176257995136539, 43.732352823442724 ], [ -0.176008091532167, 43.73018571748235 ], [ -0.17701068149178, 43.728624767943501 ], [ -0.178585250062702, 43.727723558833837 ], [ -0.180254442706593, 43.726801146002494 ], [ -0.181261644685777, 43.726213804097853 ], [ -0.183450739241045, 43.725014582753126 ], [ -0.184898734495962, 43.72417111281765 ], [ -0.186693048761238, 43.722893447727301 ], [ -0.188909810714943, 43.721360185945898 ], [ -0.190419779251006, 43.720140846619998 ], [ -0.192130397217432, 43.718528346448849 ], [ -0.1944871213574, 43.716126414436495 ], [ -0.195836151677216, 43.714677737159562 ], [ -0.197093073119964, 43.713649666116389 ], [ -0.198477442684413, 43.71278540971386 ], [ -0.199673448882825, 43.711979812005936 ], [ -0.200728638324535, 43.711553335742373 ], [ -0.201723660877659, 43.71153734566937 ], [ -0.203178801700415, 43.711940005333389 ], [ -0.204574250238161, 43.712660165298132 ], [ -0.20571373681665, 43.713135455718323 ], [ -0.207581876097815, 43.713742519474302 ], [ -0.209462643435916, 43.714046721400805 ], [ -0.211500133714846, 43.714005009777097 ], [ -0.213345552467796, 43.713653170168698 ], [ -0.215031223784784, 43.712991304882848 ], [ -0.219221651486788, 43.711129292562788 ], [ -0.221284574915871, 43.71018947518008 ], [ -0.223504845451441, 43.709268465794146 ], [ -0.226308022217968, 43.70796940940351 ], [ -0.227362468652612, 43.707659189251949 ], [ -0.229643928674703, 43.706353052039908 ], [ -0.232352927532776, 43.705286543226741 ], [ -0.233910057226135, 43.704326760855878 ], [ -0.234884978215836, 43.703658113801488 ], [ -0.237413774166971, 43.70207366642876 ], [ -0.237890734418228, 43.701641558673941 ], [ -0.238505316592809, 43.701077607556087 ], [ -0.23939463917767, 43.700092671361752 ], [ -0.240083967458846, 43.699058499246817 ], [ -0.240925324628375, 43.697003094211638 ], [ -0.242193377784574, 43.689526525950512 ], [ -0.242970883343844, 43.687814303087301 ], [ -0.244775797703023, 43.687337434530477 ], [ -0.244257904813996, 43.684533734473305 ], [ -0.244924317598169, 43.680614637864487 ], [ -0.24480334807321, 43.678951698274503 ], [ -0.244790426110866, 43.677232388236249 ], [ -0.245187400686025, 43.675194305647054 ], [ -0.245979595188414, 43.673423392686125 ], [ -0.247291888722281, 43.671367160186954 ], [ -0.248336370027821, 43.669678624295798 ], [ -0.24949123768893, 43.667703710857779 ], [ -0.250581670186854, 43.66568576116709 ], [ -0.251610005941659, 43.663741177749074 ], [ -0.252855199843168, 43.661501970950823 ], [ -0.254039129306907, 43.65925128122516 ], [ -0.255265438279062, 43.656633522658517 ], [ -0.256526226092122, 43.654030042465578 ], [ -0.25737560589892, 43.65146953296297 ], [ -0.258399991093846, 43.649240963730243 ], [ -0.25960646376356, 43.645985128091709 ], [ -0.260213566838185, 43.642657342967304 ], [ -0.260781115163652, 43.64036684193848 ], [ -0.261632980688555, 43.638301797656233 ], [ -0.262469557021099, 43.636043065248579 ], [ -0.263194451451926, 43.633800985054116 ], [ -0.264127617532067, 43.632079857288524 ], [ -0.265925876722403, 43.629815715342211 ], [ -0.267749441884859, 43.627134899737982 ], [ -0.269184316358461, 43.624818278588428 ], [ -0.271440937347464, 43.622904004729683 ], [ -0.272575810346363, 43.620929463936292 ], [ -0.272645571248345, 43.620697457294327 ], [ -0.273822099922722, 43.616695484685067 ], [ -0.273524213520236, 43.614704847625902 ], [ -0.273401606514168, 43.613123767006805 ], [ -0.272775761174075, 43.611422998418107 ], [ -0.272610254549644, 43.608523095667337 ], [ -0.272702187800486, 43.605994522196013 ], [ -0.272820674207709, 43.60274888353203 ], [ -0.27298478765724, 43.59941605159576 ], [ -0.272951289218045, 43.59693214877786 ], [ -0.273017809664024, 43.595461875506366 ], [ -0.275612725669522, 43.588440777662584 ], [ -0.276579660532965, 43.585115431084219 ], [ -0.277813208778056, 43.581341639740558 ], [ -0.279034193466044, 43.578310023932147 ], [ -0.280318564582953, 43.575209044610141 ], [ -0.281587803591741, 43.572190232651295 ], [ -0.28262296961309, 43.569552460570996 ], [ -0.283533943581924, 43.567029801914991 ], [ -0.284190834621572, 43.564439210157147 ], [ -0.284694933566547, 43.56219963034097 ], [ -0.284906040252044, 43.561076465504769 ], [ -0.284930074179403, 43.560072396699695 ], [ -0.286182058700645, 43.556246909734227 ], [ -0.287566329869933, 43.552747426070987 ], [ -0.287133447439271, 43.546587214515469 ], [ -0.286799546563972, 43.542423573659612 ], [ -0.287448425728541, 43.538572427482464 ], [ -0.2876229468258, 43.534703996149531 ], [ -0.287669420008771, 43.531591446070003 ], [ -0.287675029927573, 43.525999412149346 ], [ -0.287662861549325, 43.521249840351835 ], [ -0.287907473797178, 43.517748167148696 ], [ -0.286011974433345, 43.512470245232244 ], [ -0.284828419566378, 43.510529111841791 ], [ -0.284407371918564, 43.507732184893086 ], [ -0.284072500227129, 43.502537805695241 ], [ -0.283135182038543, 43.497090918572056 ], [ -0.282333820885858, 43.491244558964688 ], [ -0.281376886338013, 43.482917166860872 ], [ -0.281349018186981, 43.482674846758307 ], [ -0.280319237652826, 43.481422802244282 ], [ -0.279206073315578, 43.479791145419469 ], [ -0.278911295310121, 43.475927895940629 ], [ -0.27910149575558, 43.47399935659967 ], [ -0.278916836877106, 43.472312039233884 ], [ -0.278053083062781, 43.471483025316346 ], [ -0.276164598258912, 43.470567505143507 ], [ -0.274974091653809, 43.470107986956798 ], [ -0.273417034544121, 43.469295808159806 ], [ -0.271995768253305, 43.467960517963355 ], [ -0.27055977406698, 43.46589719941462 ], [ -0.26947237816787, 43.463795757639978 ], [ -0.268823553568718, 43.461537038229302 ], [ -0.268642475162342, 43.459980381885117 ], [ -0.268659114125587, 43.458053049509601 ], [ -0.268739367349677, 43.457096393020969 ], [ -0.268632108076321, 43.456320100763335 ], [ -0.268556123703231, 43.454539608384067 ], [ -0.268248654486867, 43.452856018928323 ], [ -0.267908916229727, 43.451294958688173 ], [ -0.267011107730703, 43.448229504387406 ], [ -0.265823504298106, 43.44586139117898 ], [ -0.264393499874573, 43.443914341599282 ], [ -0.262108889406822, 43.440840586471239 ], [ -0.261006715694962, 43.439725471457599 ], [ -0.26023649680027, 43.438826111973505 ], [ -0.258471274868607, 43.436672497078334 ], [ -0.256771777631927, 43.434710997559286 ], [ -0.254727538370841, 43.431734143117168 ], [ -0.252739190570884, 43.429444139104625 ], [ -0.250829856444673, 43.428078344273004 ], [ -0.247179808469619, 43.42619367200799 ], [ -0.244314916944396, 43.424208729338666 ], [ -0.242581697341095, 43.423026533220231 ], [ -0.242468930881128, 43.422890959186049 ], [ -0.238588429209668, 43.420237523586927 ], [ -0.235707260969353, 43.417055529610465 ], [ -0.231974775043398, 43.414804038711189 ], [ -0.229100242182483, 43.413102018207304 ], [ -0.227156317907397, 43.411498870010881 ], [ -0.226226105328515, 43.410279224196593 ], [ -0.224456599211451, 43.407735043461614 ], [ -0.221630059977668, 43.404978162007794 ], [ -0.220898091295563, 43.404342034597683 ], [ -0.216739733824606, 43.403043645739778 ], [ -0.213409023490053, 43.402462210116745 ], [ -0.20558026053339, 43.400812590817822 ], [ -0.204529317001863, 43.399979452900361 ], [ -0.204341060340326, 43.398837793260569 ], [ -0.204773463913559, 43.398401054152856 ], [ -0.205240515452417, 43.397932602383321 ], [ -0.206004671550164, 43.397491132441871 ], [ -0.205341157723363, 43.396142893569674 ], [ -0.203407210765593, 43.395124428596404 ], [ -0.201704640603219, 43.394939867858312 ], [ -0.200422784209962, 43.394460865608792 ], [ -0.199412709442739, 43.393099336253506 ], [ -0.199847655478488, 43.391650147298549 ], [ -0.200281499798393, 43.39121438469509 ], [ -0.20109290183817, 43.390767474240761 ], [ -0.202904855615959, 43.389722922020283 ], [ -0.204187916454422, 43.38924362654258 ], [ -0.205513213805243, 43.388416755408784 ], [ -0.206366428842614, 43.387513947648088 ], [ -0.206729409782781, 43.386562321115676 ], [ -0.20675959164179, 43.385444839354264 ], [ -0.206647461449708, 43.384160985378891 ], [ -0.205837045317418, 43.382410546390567 ], [ -0.205272044733947, 43.38154568616379 ], [ -0.204678600390476, 43.380748043089532 ], [ -0.204500773198058, 43.380446844390676 ], [ -0.20420961355482, 43.38012244477585 ], [ -0.197689249894895, 43.378469380678261 ], [ -0.195640312902973, 43.377611537096357 ], [ -0.194201110835838, 43.376434299277967 ], [ -0.192838942574767, 43.375079062275326 ], [ -0.191949687928027, 43.37411950191909 ], [ -0.191452608744051, 43.37288277263039 ], [ -0.191123445181916, 43.371289672236323 ], [ -0.190352400575229, 43.369025160751704 ], [ -0.189253024960856, 43.367379171471242 ], [ -0.187683366598781, 43.365583600316008 ], [ -0.186143019540949, 43.363734024507686 ], [ -0.184967854562262, 43.362156633819474 ], [ -0.184205490390066, 43.361130996144333 ], [ -0.182182468084245, 43.359511115851845 ], [ -0.180655425465274, 43.357237149482586 ], [ -0.178892823521201, 43.354827074982616 ], [ -0.176583120374272, 43.352774241028612 ], [ -0.174764381549859, 43.350990941140822 ], [ -0.172206787580444, 43.349387639785668 ], [ -0.169315960836583, 43.347144348082793 ], [ -0.16752963354604, 43.345535704731773 ], [ -0.166228856226966, 43.343948559742408 ], [ -0.165252236333175, 43.341636858349553 ], [ -0.164665241922088, 43.339232053164871 ], [ -0.164307626374664, 43.337766430225642 ], [ -0.163301135136952, 43.335544478815812 ], [ -0.162418713486483, 43.333185063788967 ], [ -0.162224825985927, 43.330723802032352 ], [ -0.161677044127299, 43.32902882465666 ], [ -0.160858262149656, 43.32680648208342 ], [ -0.159947709179954, 43.324771709898798 ], [ -0.159390042356178, 43.322077977209311 ], [ -0.158559180318835, 43.320269711675394 ], [ -0.157665574493788, 43.318464281531028 ], [ -0.15714479034775, 43.316363997787363 ], [ -0.156464427009253, 43.31484857030533 ], [ -0.156348156679049, 43.314590465973829 ], [ -0.155469085826575, 43.312612986276172 ], [ -0.154656800651487, 43.311241365478786 ], [ -0.15381614871681, 43.310041129133495 ], [ -0.152864532462422, 43.308908487442181 ], [ -0.151269376989665, 43.307414627458222 ], [ -0.149455622359862, 43.306117119157626 ], [ -0.147404358125122, 43.304669182576276 ], [ -0.145434406266672, 43.303299524639577 ], [ -0.143747093992086, 43.302084052084531 ], [ -0.14188497647649, 43.300841958370761 ], [ -0.140007030103076, 43.299333718493223 ], [ -0.138226130916139, 43.298013612938533 ], [ -0.13808237569685, 43.297864570092827 ], [ -0.135515952118008, 43.296422200987749 ], [ -0.135228678438106, 43.296128180308571 ], [ -0.13347816348275, 43.294334217134171 ], [ -0.131674767989697, 43.292310888295205 ], [ -0.12957067470303, 43.29012977511605 ], [ -0.127200616692038, 43.287398588023983 ], [ -0.124998736203389, 43.284748316492347 ], [ -0.122613455702448, 43.282166651571039 ], [ -0.119524245642149, 43.280085326483736 ], [ -0.117318478515366, 43.278592345457554 ], [ -0.113320984480691, 43.276200010484231 ], [ -0.109996612678835, 43.274126240621747 ], [ -0.107386925663034, 43.272936829298551 ], [ -0.105831237827038, 43.272368730609649 ], [ -0.10396183000721, 43.271814704349168 ], [ -0.102170015770895, 43.271065397786487 ], [ -0.09979887133253, 43.268378703134488 ], [ -0.098708985747237, 43.266928920584441 ], [ -0.097711223609712, 43.26568383172674 ], [ -0.095828605858328, 43.263316033473735 ], [ -0.094280806687899, 43.26153306683149 ], [ -0.093789275608965, 43.260733097279854 ], [ -0.09323121496903, 43.259474359966099 ], [ -0.090071976705267, 43.255807055326137 ], [ -0.088254420998035, 43.253702856189797 ], [ -0.086437588202654, 43.251531215438476 ], [ -0.084969502722468, 43.250051287461226 ], [ -0.084616327360495, 43.249666099700413 ], [ -0.083248292022864, 43.24817409087072 ], [ -0.081259100837216, 43.245750933289152 ], [ -0.079062510275337, 43.243077309222691 ], [ -0.076792795257456, 43.241071666624727 ], [ -0.074254249732814, 43.238763134258349 ], [ -0.073195091844118, 43.237185639539362 ], [ -0.071962876407321, 43.235767267852005 ], [ -0.070145468854474, 43.233378899811314 ], [ -0.068031812023314, 43.230932539896827 ], [ -0.066313188920043, 43.229266494415143 ], [ -0.06435252599663, 43.22667070623006 ], [ -0.063489792250693, 43.225705480786473 ], [ -0.062901756300168, 43.225047049295391 ], [ -0.06158919522074, 43.222999686105396 ], [ -0.060695438058448, 43.220630951813796 ], [ -0.060322642819889, 43.218683572449066 ], [ -0.059902219755531, 43.216917321661832 ], [ -0.059457070412164, 43.213419520791597 ], [ -0.059243781045937, 43.211818979336918 ] ] ] ] } },
{ "type": "Feature", "properties": { "fid": 7, "gid": 9, "codenatzon": "34", "id_local": "148", "cdperimetr": "148", "nomperimet": "Mont de Marsan-Campagne", "nomzone": "La Midouze du confluent de la Douze au confluent du Batanès (exclus)", "numcircadm": "05", "cddepartem": "40", "sourceperi": "BDCARTHAGE 2012", "niveau": "Niveau_1", "nominterve": "OUGC Adour", "structureo": "Irrig'Adour", "datecreati": "2013-07-29", "cdinterven": "2202", "vpi_aff": 14.55, "mg_mnoe": 0.0, "vp_def": 14.55, "vp_notif": 14.55, "v_aup": 14.55, "v1_5": 8.54, "vmax": 11.74, "vaut": 14.55, "typ_gest": "1", "v_ret_dec": 0.04, "v_rdec_aup": 0.04, "deseq": 0, "ecar_imp": "0", "v_eso_dec": 0.0, "v_edec_aup": 0.0, "vprj_ret": 0.0, "rqs": null }, "geometry": { "type": "MultiPolygon", "coordinates": [ [ [ [ -0.44325624373015, 44.189583645475892 ], [ -0.445078085333926, 44.18619708132622 ], [ -0.446242934958736, 44.182521376062695 ], [ -0.446038293156769, 44.175333472790378 ], [ -0.443772028969413, 44.168737804465721 ], [ -0.442304474266278, 44.166198745886547 ], [ -0.441871666423392, 44.163274517107645 ], [ -0.441915550932421, 44.16099873897695 ], [ -0.441982058278724, 44.15825306214154 ], [ -0.442310875052375, 44.155923346063446 ], [ -0.442899640090689, 44.152494806895056 ], [ -0.443986379678214, 44.148874784902652 ], [ -0.445133674590054, 44.146185109220156 ], [ -0.446392999559316, 44.143519483160532 ], [ -0.447603961660294, 44.140900348979059 ], [ -0.449406507152553, 44.138114366762728 ], [ -0.451246416260419, 44.13573604955522 ], [ -0.452893296510434, 44.134458539655135 ], [ -0.454926898516952, 44.132795737483015 ], [ -0.45709597248058, 44.129979646118464 ], [ -0.45849150733502, 44.128494308304191 ], [ -0.45964446879667, 44.12715154988264 ], [ -0.46060459243528, 44.125066606913357 ], [ -0.460841191024926, 44.123288693822843 ], [ -0.459407591334789, 44.122676708832614 ], [ -0.459758451897885, 44.121656735310424 ], [ -0.460787163858529, 44.120187032383555 ], [ -0.462696637600161, 44.119387644249656 ], [ -0.46811686004175, 44.117918999884004 ], [ -0.475349205535525, 44.113325002189015 ], [ -0.484765101613813, 44.11071975080494 ], [ -0.487552612481529, 44.109788720898067 ], [ -0.488542085862204, 44.108689023413056 ], [ -0.48654664462342, 44.100487075015927 ], [ -0.486901497063187, 44.10009755223723 ], [ -0.486824978379403, 44.097762223498307 ], [ -0.486805261474869, 44.097162834530067 ], [ -0.486532488062361, 44.095050465530157 ], [ -0.486160659489723, 44.092247198508758 ], [ -0.486270332507943, 44.090797294882236 ], [ -0.486348873384508, 44.089718437463119 ], [ -0.485995508350396, 44.086868574669154 ], [ -0.481493549272394, 44.084679213585488 ], [ -0.480651381509992, 44.084380930290187 ], [ -0.479505851249433, 44.083296028677431 ], [ -0.479519652896687, 44.082084295194555 ], [ -0.480836235785519, 44.080866923632748 ], [ -0.481742673320529, 44.080432299960876 ], [ -0.483027193378684, 44.079549171238497 ], [ -0.483581968594043, 44.078859940007305 ], [ -0.484295847339757, 44.077805822829006 ], [ -0.485167012874897, 44.076125234816786 ], [ -0.485689991872554, 44.07410816975203 ], [ -0.48568752437469, 44.073720851607945 ], [ -0.486321046427121, 44.071750340312207 ], [ -0.487237427449488, 44.068982746078092 ], [ -0.487822202669374, 44.06663456383567 ], [ -0.488610721345215, 44.063749376324253 ], [ -0.489653952533821, 44.061297657825094 ], [ -0.49017460926469, 44.058623393250095 ], [ -0.490408468048484, 44.056034952982564 ], [ -0.491166409827794, 44.052979012183492 ], [ -0.490703462996597, 44.050885039344216 ], [ -0.48998597372261, 44.049215207089553 ], [ -0.487326237495305, 44.044827021520625 ], [ -0.483669999400321, 44.04253324603588 ], [ -0.481399149365632, 44.040691045298409 ], [ -0.48040780750597, 44.036528677543281 ], [ -0.478950849764867, 44.029057097339596 ], [ -0.479278810235452, 44.025475264617576 ], [ -0.479770721756187, 44.023000336510414 ], [ -0.479941003447495, 44.022147551348858 ], [ -0.481841167797543, 44.019006313216877 ], [ -0.483583802523417, 44.016396471963702 ], [ -0.487973753184229, 44.011964536941178 ], [ -0.490141114491826, 44.008435418125288 ], [ -0.491611975351889, 44.005515202946199 ], [ -0.492500080569499, 44.003693986287296 ], [ -0.492862456806732, 44.002952604131586 ], [ -0.494235870176622, 43.99978710219122 ], [ -0.495404804374529, 43.996983808362607 ], [ -0.495609981778714, 43.996035850893527 ], [ -0.496853926195801, 43.989843801938882 ], [ -0.496968632041321, 43.98373185720606 ], [ -0.496913586078817, 43.983296138407162 ], [ -0.496503399833337, 43.980026184828183 ], [ -0.496165238825648, 43.976960378103279 ], [ -0.495970729254212, 43.97517379901042 ], [ -0.496859566377859, 43.966154729770658 ], [ -0.497432444603554, 43.95803300879367 ], [ -0.497731162640764, 43.953884887573217 ], [ -0.497850459033859, 43.95225487276398 ], [ -0.497472182589753, 43.94754176470299 ], [ -0.496693040466854, 43.940904591290185 ], [ -0.497026734425955, 43.938642208813263 ], [ -0.49874973240426, 43.936546887666843 ], [ -0.499549804801065, 43.935570674979736 ], [ -0.503653834376584, 43.928286380489496 ], [ -0.504377360256118, 43.925745715966954 ], [ -0.504136224428084, 43.923708224897922 ], [ -0.503737328452193, 43.921680912671725 ], [ -0.503086047136187, 43.92010223673168 ], [ -0.50281320230608, 43.917823533323769 ], [ -0.500717739625883, 43.915957962831037 ], [ -0.499672222924348, 43.915095096591983 ], [ -0.49865849290051, 43.914519450550316 ], [ -0.498329721514358, 43.914300011052454 ], [ -0.498926302201029, 43.908858704459199 ], [ -0.512253618906414, 43.908006488354353 ], [ -0.51306298804902, 43.907489833946762 ], [ -0.51376727698371, 43.906529903169023 ], [ -0.513878914984168, 43.905175086613852 ], [ -0.512837109594944, 43.904074094003867 ], [ -0.510592885908384, 43.902660189459574 ], [ -0.509173500394239, 43.901899404698817 ], [ -0.508540768591155, 43.901586547776439 ], [ -0.507873666593127, 43.900990653252869 ], [ -0.507762169492457, 43.900142836586085 ], [ -0.50814092571632, 43.898716092068945 ], [ -0.508628073481316, 43.897006814990391 ], [ -0.509067763582346, 43.895813192289559 ], [ -0.509379803023804, 43.894888380747808 ], [ -0.509372259737507, 43.893915597772128 ], [ -0.508723667442312, 43.893067686060981 ], [ -0.50776352532203, 43.892301332371368 ], [ -0.506484875420896, 43.89177926224658 ], [ -0.504779998086022, 43.891496740925795 ], [ -0.503334663001249, 43.891412339597359 ], [ -0.502866243225405, 43.891103374687717 ], [ -0.501109317243014, 43.890893002339737 ], [ -0.500461751702512, 43.890612265543297 ], [ -0.500191137363184, 43.890278545825772 ], [ -0.499687809083697, 43.889768312364566 ], [ -0.499618437911304, 43.888545068115384 ], [ -0.499868660362794, 43.887370854651515 ], [ -0.499960676224846, 43.885921650978545 ], [ -0.500036823356102, 43.884743839520446 ], [ -0.499083772531985, 43.883535636965597 ], [ -0.498237539331766, 43.882801340151616 ], [ -0.496924876176963, 43.881673137837801 ], [ -0.495227922956065, 43.880429496250535 ], [ -0.493917802917068, 43.87989501801993 ], [ -0.493223696781159, 43.879913143080984 ], [ -0.491920985742976, 43.880076478478479 ], [ -0.489401742984991, 43.880495395134481 ], [ -0.487674120848469, 43.880712124044294 ], [ -0.485521742413204, 43.880938299534492 ], [ -0.483349596825441, 43.880517084312665 ], [ -0.481320390825349, 43.879820425167303 ], [ -0.479492155649989, 43.879059056751736 ], [ -0.478968340138805, 43.878184526352712 ], [ -0.478720276952746, 43.876826952216597 ], [ -0.478124802636733, 43.875494789787922 ], [ -0.477439820983907, 43.874850238660642 ], [ -0.476462452780971, 43.874020835697834 ], [ -0.475434698207487, 43.873477143445868 ], [ -0.474214151258753, 43.873363722134727 ], [ -0.47263511337774, 43.873395608769066 ], [ -0.471135079693882, 43.873402469361814 ], [ -0.468564690577336, 43.873511826866171 ], [ -0.466131038452213, 43.873476763477939 ], [ -0.463496907814064, 43.873001363776289 ], [ -0.462599206268721, 43.872480001209901 ], [ -0.461913718266202, 43.871799618942887 ], [ -0.461112505588981, 43.870748817175524 ], [ -0.460237702790425, 43.87037083337831 ], [ -0.457794516979793, 43.869592845967254 ], [ -0.456091814787634, 43.86884041597785 ], [ -0.453783397789891, 43.867625762606259 ], [ -0.452890317575373, 43.866640194167651 ], [ -0.451680807112895, 43.865327333702801 ], [ -0.450076993102297, 43.863473000924685 ], [ -0.448166945579476, 43.860241444488281 ], [ -0.448757233900556, 43.860168609059251 ], [ -0.450687080889759, 43.859940978153908 ], [ -0.452348505555555, 43.859712600479739 ], [ -0.454450402063214, 43.85943449426496 ], [ -0.456438225032876, 43.859114973908063 ], [ -0.459151020436902, 43.858452537516136 ], [ -0.461318141199219, 43.857946339180224 ], [ -0.462925034725724, 43.857612218288004 ], [ -0.465587357677045, 43.856887866758342 ], [ -0.467476394812902, 43.856223790819023 ], [ -0.469198951670958, 43.85593493970714 ], [ -0.471072558570754, 43.856109387010349 ], [ -0.473222425717025, 43.856437469935692 ], [ -0.475271386324541, 43.856916951488486 ], [ -0.477947034367387, 43.857597167682918 ], [ -0.479491969137344, 43.858101844689699 ], [ -0.481053292446262, 43.858620273283805 ], [ -0.482228426700224, 43.858758551963902 ], [ -0.483825197650543, 43.858792382481965 ], [ -0.48522628532055, 43.858397047142653 ], [ -0.486893001834135, 43.85825792023612 ], [ -0.488618054978992, 43.85833358392459 ], [ -0.489924235839203, 43.858512550239972 ], [ -0.491081815822462, 43.858871037845141 ], [ -0.492214621904115, 43.859055532686767 ], [ -0.494174680238048, 43.858839443711183 ], [ -0.496126542378754, 43.859020120444839 ], [ -0.497414704627151, 43.859434657636349 ], [ -0.498344275314959, 43.859966990703761 ], [ -0.499303792550411, 43.861287360130092 ], [ -0.500323515072381, 43.862575140674785 ], [ -0.50115854870202, 43.863637862654585 ], [ -0.502338401770976, 43.864955241534098 ], [ -0.503332319966086, 43.865797174157983 ], [ -0.505505090566134, 43.866511307916426 ], [ -0.506298522193005, 43.86654915990507 ], [ -0.506916893123428, 43.866312593602494 ], [ -0.507200945232926, 43.866015235838887 ], [ -0.506870735143842, 43.864940420179188 ], [ -0.50653325109119, 43.864275692808704 ], [ -0.505975621987444, 43.863361495952532 ], [ -0.505462879192642, 43.862395762660157 ], [ -0.505139399259169, 43.861406579792558 ], [ -0.505067102380018, 43.860665864324041 ], [ -0.505498166401217, 43.859611548779895 ], [ -0.506240748554159, 43.858799675709534 ], [ -0.507471385151786, 43.857931197682277 ], [ -0.508909579351745, 43.857660086127787 ], [ -0.510423866597298, 43.857615432748879 ], [ -0.512001533021901, 43.85759121213728 ], [ -0.513734404208111, 43.857518021310675 ], [ -0.515372184603748, 43.857437642184962 ], [ -0.517509749538656, 43.857238907827998 ], [ -0.51915725313607, 43.856766716742548 ], [ -0.520494820327613, 43.856376044817651 ], [ -0.521772800115231, 43.856096626076699 ], [ -0.523735462787842, 43.855879915565779 ], [ -0.525448565357187, 43.855716206072714 ], [ -0.526809080928811, 43.855767269261449 ], [ -0.528467901763506, 43.856050899727848 ], [ -0.530795965911001, 43.856444680578285 ], [ -0.532328530218448, 43.856719029279724 ], [ -0.533995207401697, 43.857151552463961 ], [ -0.535924044954849, 43.858007878918812 ], [ -0.537780076708426, 43.858988162319228 ], [ -0.539156332535608, 43.859587423010744 ], [ -0.540957057287191, 43.860402855383015 ], [ -0.542643264204392, 43.861420260356702 ], [ -0.543300847262261, 43.861659524083834 ], [ -0.544076631581757, 43.86193685836674 ], [ -0.545403023692584, 43.862186057846976 ], [ -0.54677789776725, 43.862465359617048 ], [ -0.54910688702728, 43.862889390837687 ], [ -0.550354436757458, 43.863142140534052 ], [ -0.55244505667164, 43.863776235059198 ], [ -0.554505595808812, 43.864470548145135 ], [ -0.556433724300004, 43.865034244130342 ], [ -0.558107814359933, 43.865556107183359 ], [ -0.559818992307076, 43.866468203832987 ], [ -0.561057630251567, 43.867414092944649 ], [ -0.562024256065061, 43.868301398816392 ], [ -0.562586719898473, 43.869571905821914 ], [ -0.564405623793972, 43.870147199983577 ], [ -0.565817406759493, 43.870537496685046 ], [ -0.567699906343997, 43.871134176703173 ], [ -0.569871695856311, 43.871792899662033 ], [ -0.571772837759481, 43.872437975111943 ], [ -0.573557017893819, 43.872703528532419 ], [ -0.575095062499905, 43.872783970296268 ], [ -0.57713450388383, 43.872816248119634 ], [ -0.579200467867134, 43.87273008934185 ], [ -0.581720164633414, 43.872602389497352 ], [ -0.583689362913067, 43.872506031513502 ], [ -0.585715800487353, 43.872308615664274 ], [ -0.587427547003596, 43.872364758388322 ], [ -0.589231612051525, 43.872697897610962 ], [ -0.590849811194434, 43.873086188929783 ], [ -0.592673331135967, 43.873481007630538 ], [ -0.594702780251903, 43.874138835412332 ], [ -0.596629170201271, 43.874954364064678 ], [ -0.598592812413391, 43.875821780969616 ], [ -0.600230369317043, 43.876290048181566 ], [ -0.602560343018394, 43.876960293061437 ], [ -0.604588097498142, 43.877587344037167 ], [ -0.607514247521997, 43.87843200563767 ], [ -0.610627771641056, 43.879266293444523 ], [ -0.613195691387243, 43.880208521835726 ], [ -0.615534856583682, 43.881040721763952 ], [ -0.618335984901328, 43.882204072600075 ], [ -0.621019866147943, 43.883209744126106 ], [ -0.621873354033272, 43.883587196284843 ], [ -0.622901243518548, 43.884039616332934 ], [ -0.62491155905356, 43.884918329818433 ], [ -0.626689904735006, 43.885593119537006 ], [ -0.630281642737641, 43.886757497905307 ], [ -0.633201250938825, 43.887507680014345 ], [ -0.634739776793085, 43.887587265861889 ], [ -0.638952105317782, 43.888261522231431 ], [ -0.640856846102568, 43.888675306203453 ], [ -0.642304986441741, 43.889375206580567 ], [ -0.643623303810613, 43.89003340895286 ], [ -0.645047096805461, 43.890859812054607 ], [ -0.647045901665503, 43.891770200941231 ], [ -0.650359254107468, 43.89303319462023 ], [ -0.653449795050012, 43.89399282505029 ], [ -0.655944678464594, 43.894765839270725 ], [ -0.657265531653057, 43.895414614337064 ], [ -0.659402762069331, 43.896802617995867 ], [ -0.660392830098659, 43.89725187760115 ], [ -0.663279822399281, 43.899041948656517 ], [ -0.665322996206747, 43.900171350016286 ], [ -0.667115978156285, 43.901080132814215 ], [ -0.66867038463163, 43.901707646442304 ], [ -0.670283975542971, 43.902221720404839 ], [ -0.671856734296766, 43.902627787263569 ], [ -0.672890917001457, 43.903034565022367 ], [ -0.67427478952603, 43.903690218844304 ], [ -0.677171108089724, 43.904011776677805 ], [ -0.679312913964336, 43.904141986862605 ], [ -0.681805416341252, 43.903769665835995 ], [ -0.687443872277777, 43.902615347176052 ], [ -0.691422488820711, 43.902008594220526 ], [ -0.69250423279529, 43.903170006708287 ], [ -0.694219455386904, 43.904899801689446 ], [ -0.695856341445104, 43.907164784694842 ], [ -0.699424759718268, 43.911566135910633 ], [ -0.701454830854848, 43.915133321560731 ], [ -0.705172521590482, 43.919989468867335 ], [ -0.706633202401646, 43.920552194139049 ], [ -0.707555764675096, 43.921408137390642 ], [ -0.708404932355154, 43.923005656581793 ], [ -0.708697915362462, 43.924401252282451 ], [ -0.708598140901002, 43.926368349061349 ], [ -0.708037396657463, 43.928337796293746 ], [ -0.705937942861171, 43.929810551196795 ], [ -0.703616889855592, 43.931204916860942 ], [ -0.701232253506199, 43.932907022582071 ], [ -0.69821328377861, 43.934274845436555 ], [ -0.694024440464077, 43.936430400444166 ], [ -0.690102242420405, 43.937792756752451 ], [ -0.688486159502573, 43.938199012003672 ], [ -0.685214218374526, 43.939754893703473 ], [ -0.682826160134394, 43.94080452789543 ], [ -0.680156079846702, 43.942461594175292 ], [ -0.678042040141218, 43.944209254156206 ], [ -0.676384362770235, 43.945927189396436 ], [ -0.674209097712121, 43.948418970941788 ], [ -0.672938466193817, 43.95125031506317 ], [ -0.672013477397676, 43.953299272410163 ], [ -0.671576903714492, 43.95489123461256 ], [ -0.671937410545366, 43.956951172121961 ], [ -0.672776562268427, 43.960333083790658 ], [ -0.674107407203672, 43.963305935144881 ], [ -0.674796914626532, 43.964846753849983 ], [ -0.67571162351469, 43.967157906300073 ], [ -0.676744208292688, 43.970789916111897 ], [ -0.677194116771097, 43.972081184953367 ], [ -0.67752367946137, 43.974336382703633 ], [ -0.677445852139901, 43.977758376234746 ], [ -0.678095953034577, 43.981601581399964 ], [ -0.679914007226147, 43.982197669687764 ], [ -0.682303477187744, 43.982347187835764 ], [ -0.6843670828428, 43.98196686409743 ], [ -0.688574386281274, 43.982707137464146 ], [ -0.69577779342585, 43.983495199423118 ], [ -0.699050835290295, 43.984538584444344 ], [ -0.702847177924951, 43.985702141238569 ], [ -0.706508937032116, 43.988037575758462 ], [ -0.707306425967683, 43.988695443451725 ], [ -0.709565161500369, 43.990245204961305 ], [ -0.713121790122594, 43.993652265993312 ], [ -0.71932618848262, 43.999432857156719 ], [ -0.723576538651433, 44.003013336698722 ], [ -0.730287939761353, 44.004825002908213 ], [ -0.73417880013056, 44.00567048781032 ], [ -0.738685858211142, 44.007421991896372 ], [ -0.742332498778959, 44.010086034124271 ], [ -0.744354886366205, 44.011308980214984 ], [ -0.747064566564018, 44.013288343498232 ], [ -0.747333380888601, 44.014811547053895 ], [ -0.747029011058331, 44.015632679389888 ], [ -0.746627602045276, 44.016722909929669 ], [ -0.746191657574691, 44.017783659096004 ], [ -0.744994136383647, 44.019500248040295 ], [ -0.744140199942115, 44.020065175149384 ], [ -0.740453435145295, 44.021610296740405 ], [ -0.73495992196312, 44.023347879066279 ], [ -0.727891378199102, 44.024837303692429 ], [ -0.725729716446239, 44.026185777227084 ], [ -0.723576071563571, 44.02828633992911 ], [ -0.716992514412224, 44.032659773721754 ], [ -0.711577455254413, 44.037212951911393 ], [ -0.710291323995316, 44.041005329697676 ], [ -0.713622915443934, 44.046127459002335 ], [ -0.71301445582184, 44.046251373954675 ], [ -0.70766574871948, 44.049279871069452 ], [ -0.706335077513725, 44.049937320022053 ], [ -0.702279777722593, 44.05170110880632 ], [ -0.695798454905124, 44.054484155996164 ], [ -0.691848423613095, 44.055454765205631 ], [ -0.686901745198453, 44.057257224298013 ], [ -0.684367032805884, 44.058329114269149 ], [ -0.682961593217842, 44.059984478108987 ], [ -0.682270959648808, 44.061426668692768 ], [ -0.681549287796533, 44.063397390757771 ], [ -0.680896831852569, 44.066329797704505 ], [ -0.679120053286783, 44.076016466818636 ], [ -0.679325032279215, 44.077343669439699 ], [ -0.678832503364404, 44.079288281224002 ], [ -0.677836562579056, 44.08296622481722 ], [ -0.674885821650105, 44.089165376323784 ], [ -0.671390845841457, 44.093557900483567 ], [ -0.667782181767006, 44.095800125579352 ], [ -0.663262338126662, 44.097753745583347 ], [ -0.657801610420289, 44.098868638166849 ], [ -0.651283434850866, 44.099690362277279 ], [ -0.647705193058617, 44.099682863664235 ], [ -0.644835778098822, 44.099246821804499 ], [ -0.644821622479292, 44.099247293006478 ], [ -0.641290667740566, 44.099644872160169 ], [ -0.636267664845704, 44.100536596046894 ], [ -0.631429505657882, 44.102170270619652 ], [ -0.624823800367213, 44.10986302102831 ], [ -0.623733035943146, 44.111827124759948 ], [ -0.622762154365792, 44.113246497671177 ], [ -0.622230220393853, 44.115053074453492 ], [ -0.621429708153127, 44.11640851871654 ], [ -0.621267051432154, 44.116683779285637 ], [ -0.61954257119276, 44.119196305033611 ], [ -0.617900602000477, 44.122539220106944 ], [ -0.617672046343544, 44.124834642216314 ], [ -0.616105802710307, 44.127364380254342 ], [ -0.615981787096713, 44.129296511540929 ], [ -0.615041685511655, 44.131363922814856 ], [ -0.613358402104275, 44.133307622518217 ], [ -0.612386409157792, 44.13436194959867 ], [ -0.610804354214128, 44.135846332925233 ], [ -0.609381975101366, 44.137208884014889 ], [ -0.609172172294874, 44.137459086755278 ], [ -0.608591198572222, 44.143041517601496 ], [ -0.608346769443472, 44.151532552728604 ], [ -0.604642970038992, 44.154340005370834 ], [ -0.601318990252632, 44.156111516681221 ], [ -0.597216040983682, 44.15796267444 ], [ -0.591856378332245, 44.159751599932882 ], [ -0.585712959965096, 44.161749936855756 ], [ -0.583632567482899, 44.163461808649473 ], [ -0.583178197064104, 44.163575818645334 ], [ -0.579747945003022, 44.164445399767615 ], [ -0.574693078464823, 44.165317762693405 ], [ -0.572110736819848, 44.165604355604877 ], [ -0.570502129815657, 44.166967328458568 ], [ -0.568686741030057, 44.16734640838056 ], [ -0.566381938107315, 44.167078945446242 ], [ -0.56347955405885, 44.167042487798732 ], [ -0.559014353286691, 44.168809888469916 ], [ -0.554133725259622, 44.168936539833737 ], [ -0.54729913715947, 44.170910070454994 ], [ -0.544371130894888, 44.172058708315511 ], [ -0.539262514961111, 44.172702168481415 ], [ -0.535766104146283, 44.173143123579514 ], [ -0.534344311726086, 44.173211465259953 ], [ -0.534225569603386, 44.173220396131846 ], [ -0.524912826452798, 44.174006803627364 ], [ -0.519058812028164, 44.174545467765249 ], [ -0.512859950165355, 44.174631808934478 ], [ -0.507496803198108, 44.174312824456656 ], [ -0.504294561019167, 44.174392741298576 ], [ -0.496216169402331, 44.175371305999626 ], [ -0.489057378820585, 44.177635653401936 ], [ -0.479647393601392, 44.181953080172434 ], [ -0.475352661369852, 44.183755502388799 ], [ -0.471128800071001, 44.184862450726179 ], [ -0.453574003279506, 44.187002165764085 ], [ -0.451991861723564, 44.18719610347484 ], [ -0.445029613406153, 44.189144640811051 ], [ -0.44325624373015, 44.189583645475892 ] ] ] ] } },
{ "type": "Feature", "properties": { "fid": 8, "gid": 13, "codenatzon": "38", "id_local": "149", "cdperimetr": "149", "nomperimet": "Douze aval", "nomzone": "L'Estampon de sa source au confluent de la Douze et la Douze du confluent de l'Estampon au confluent du Midou", "numcircadm": "05", "cddepartem": "40", "sourceperi": "BDCARTHAGE 2012", "niveau": "Niveau_1", "nominterve": "OUGC Adour", "structureo": "Irrig'Adour", "datecreati": "2013-07-29", "cdinterven": "2202", "vpi_aff": 15.9, "mg_mnoe": 0.0, "vp_def": 25.65, "vp_notif": 25.65, "v_aup": 25.65, "v1_5": 15.74, "vmax": 19.24, "vaut": 25.65, "typ_gest": "2", "v_ret_dec": 0.14, "v_rdec_aup": 0.15, "deseq": 1, "ecar_imp": "0", "v_eso_dec": 0.0, "v_edec_aup": 0.0, "vprj_ret": 0.0, "rqs": null }, "geometry": { "type": "MultiPolygon", "coordinates": [ [ [ [ 0.016492993129753, 43.956536747798545 ], [ 0.016421593402633, 43.955198217968878 ], [ 0.01552728356228, 43.954285824272347 ], [ 0.013581158377712, 43.952445425763543 ], [ 0.012410316761641, 43.950684458197138 ], [ 0.012666544575428, 43.948493485656719 ], [ 0.013168934577977, 43.946516654853006 ], [ 0.013099284475358, 43.945659478254377 ], [ 0.007746343404142, 43.947327769888275 ], [ 0.004135765615776, 43.948588903175448 ], [ 0.001971100478152, 43.949839509992707 ], [ -0.000368436468021, 43.950514083058493 ], [ -0.003540424000697, 43.949724914368602 ], [ -0.004541710469648, 43.949615627803198 ], [ -0.006590295371605, 43.949491822154705 ], [ -0.013439778279689, 43.951383598847372 ], [ -0.018119268054241, 43.952889391827817 ], [ -0.019358177997985, 43.952859238316975 ], [ -0.019596610502907, 43.952794406779972 ], [ -0.02084112036273, 43.952309356004925 ], [ -0.022767317385422, 43.951769679751912 ], [ -0.024111009321344, 43.952142264822797 ], [ -0.02560444258997, 43.953470195582675 ], [ -0.026372773561537, 43.954354283486701 ], [ -0.028207697477212, 43.956090695076426 ], [ -0.029701214712544, 43.957310273374567 ], [ -0.031567706532558, 43.959370702928858 ], [ -0.033939558039066, 43.961434443500316 ], [ -0.034427580905725, 43.961858254602951 ], [ -0.036203114123437, 43.963506266525727 ], [ -0.03894305153697, 43.965488159525727 ], [ -0.041615415513584, 43.966305905164589 ], [ -0.048164602345268, 43.968262213763708 ], [ -0.052964536125367, 43.97070439741205 ], [ -0.057499487975534, 43.972604026796141 ], [ -0.059770368815532, 43.974102942128461 ], [ -0.062069451320421, 43.975808470938581 ], [ -0.062484006464774, 43.976044149990159 ], [ -0.064845354203408, 43.977377949595201 ], [ -0.066150054927966, 43.978692315090314 ], [ -0.067858490186115, 43.980644238387342 ], [ -0.069382843506343, 43.982118967603633 ], [ -0.071506183386068, 43.983991728707345 ], [ -0.072983164037832, 43.985476955307703 ], [ -0.074725529499057, 43.987340951841517 ], [ -0.076751601320564, 43.989423828499433 ], [ -0.078589463587263, 43.991321904390091 ], [ -0.080941869652607, 43.994146633151423 ], [ -0.082694969903561, 43.996591711017167 ], [ -0.085716934548969, 43.999276890440186 ], [ -0.087678487456807, 44.000572481598354 ], [ -0.089233700766274, 44.00160464382558 ], [ -0.091033473220746, 44.002733074610532 ], [ -0.094085113201247, 44.004074395553971 ], [ -0.100372237337716, 44.005860454638338 ], [ -0.10713483906636, 44.007893243788168 ], [ -0.114515731841327, 44.008457909154714 ], [ -0.124858645324973, 44.009946121783571 ], [ -0.130695903402941, 44.010935990739149 ], [ -0.141455384627191, 44.013617690101221 ], [ -0.149521239348248, 44.015791378791533 ], [ -0.155306059131684, 44.017578635369574 ], [ -0.164332017591115, 44.02090292290643 ], [ -0.165316059236332, 44.021203524052083 ], [ -0.172762402962967, 44.023482411580979 ], [ -0.180438235804247, 44.025218628073148 ], [ -0.188021338176233, 44.026528809569065 ], [ -0.195239610640693, 44.0279441612876 ], [ -0.198363441123746, 44.028609137281713 ], [ -0.209381133998126, 44.030069835898665 ], [ -0.215736122486403, 44.03030220605222 ], [ -0.221948145873784, 44.030610997423807 ], [ -0.22931881719913, 44.03091589306726 ], [ -0.241153511181482, 44.03144888204227 ], [ -0.243885172578902, 44.031656118916523 ], [ -0.246363827154909, 44.031947456200292 ], [ -0.25049276090445, 44.032261242001979 ], [ -0.254911016309981, 44.032233074490193 ], [ -0.260204931004425, 44.031985498397468 ], [ -0.265701427724786, 44.032281444385298 ], [ -0.269068066397003, 44.032910611283221 ], [ -0.273382116031048, 44.033803648740275 ], [ -0.279457157541551, 44.035481812585111 ], [ -0.290072957910779, 44.035780365371814 ], [ -0.297128427510214, 44.035977781117197 ], [ -0.305490968262899, 44.035553695094428 ], [ -0.309848438581955, 44.035156210904731 ], [ -0.320041681082702, 44.034131878749527 ], [ -0.324760008127926, 44.032614893430612 ], [ -0.324756891774152, 44.030038359060988 ], [ -0.324238744347006, 44.029049420959552 ], [ -0.322976803527476, 44.024976011711139 ], [ -0.322689714071071, 44.022628883111039 ], [ -0.323166412899056, 44.020263669550978 ], [ -0.323786874395872, 44.014975098245891 ], [ -0.323610087712285, 44.012867880166247 ], [ -0.322531438980196, 44.010279078887486 ], [ -0.319927956355739, 44.007376849439282 ], [ -0.314729275827158, 44.003161242727522 ], [ -0.310928827900753, 43.998848919109214 ], [ -0.308527337881269, 43.996967479632303 ], [ -0.304875962120389, 43.994379771686781 ], [ -0.297353458745811, 43.988886632298843 ], [ -0.291381422760935, 43.984554400548717 ], [ -0.286580647849576, 43.980857111761999 ], [ -0.285854622098657, 43.980293320074445 ], [ -0.28372438246723, 43.978375674725953 ], [ -0.280898040901187, 43.975893275735849 ], [ -0.278521086840571, 43.97442853203313 ], [ -0.281151466896595, 43.97390398175876 ], [ -0.285822682087262, 43.973357878954388 ], [ -0.291748191284694, 43.972747245091647 ], [ -0.298334509600034, 43.971305862265446 ], [ -0.301924473264942, 43.970544384966665 ], [ -0.307934373819014, 43.969200571856852 ], [ -0.310174566942881, 43.968763780065323 ], [ -0.313466619290575, 43.967970037981686 ], [ -0.317601519178062, 43.966804143465019 ], [ -0.32173166758976, 43.966336282635183 ], [ -0.32404865808079, 43.966297516302582 ], [ -0.324920124446738, 43.966415093328344 ], [ -0.331171796935585, 43.96716597258559 ], [ -0.335541932850851, 43.968744562204037 ], [ -0.338660410806709, 43.970283550001398 ], [ -0.339932845103592, 43.969997334721583 ], [ -0.341554151645893, 43.969627872514124 ], [ -0.346832782289835, 43.96808859896494 ], [ -0.351973781091745, 43.965777558621966 ], [ -0.352865351733582, 43.96532197130233 ], [ -0.357745795663462, 43.963015568557552 ], [ -0.360299333944314, 43.961806689968718 ], [ -0.363559361665869, 43.960679214376249 ], [ -0.369963741998345, 43.958675883267183 ], [ -0.373405153746179, 43.956889432527085 ], [ -0.377083926048015, 43.954528281313848 ], [ -0.380126870394884, 43.952686470223696 ], [ -0.386326691918011, 43.949453832616811 ], [ -0.388959947753281, 43.947535539883766 ], [ -0.389751777812494, 43.945911446868294 ], [ -0.391438526763928, 43.94382827454929 ], [ -0.392378211680443, 43.941767255688546 ], [ -0.393038696235546, 43.940030719421642 ], [ -0.393560963943936, 43.938515134685012 ], [ -0.393610848824386, 43.936477673252632 ], [ -0.392821890732599, 43.932417073365635 ], [ -0.392084244538342, 43.929431077726136 ], [ -0.393367505969969, 43.928324190705951 ], [ -0.395559463650887, 43.927517130919242 ], [ -0.407025538282876, 43.9278764037713 ], [ -0.409563485160414, 43.927229931134086 ], [ -0.412459753750963, 43.926499656954512 ], [ -0.418400843005128, 43.921598054090239 ], [ -0.420855643560496, 43.920043268654553 ], [ -0.422601778185541, 43.918439107650407 ], [ -0.425586323596137, 43.916080634679034 ], [ -0.430849713245196, 43.913722009102344 ], [ -0.432973723548457, 43.913236183410646 ], [ -0.434894071362109, 43.912820095322232 ], [ -0.437598219484099, 43.912225985273537 ], [ -0.439872030027408, 43.911600411814675 ], [ -0.442037603264654, 43.910774798685992 ], [ -0.444473393517671, 43.909883372078646 ], [ -0.446423899012146, 43.909150305241873 ], [ -0.448956969887872, 43.908093213279002 ], [ -0.451710065806203, 43.907285620255315 ], [ -0.4545175187287, 43.906863615101628 ], [ -0.455949233540827, 43.906741629699596 ], [ -0.458069951411898, 43.906511969227623 ], [ -0.459492432675614, 43.906494488702592 ], [ -0.461538678924207, 43.906901794972171 ], [ -0.462383867362487, 43.907015004889907 ], [ -0.463250117499765, 43.907289031578799 ], [ -0.464726560969461, 43.907670438459583 ], [ -0.46546022374313, 43.907786143800593 ], [ -0.466601821009998, 43.907844947387979 ], [ -0.467426057356667, 43.907868836812057 ], [ -0.468241987159623, 43.907779557462675 ], [ -0.470515282988618, 43.90715332082619 ], [ -0.471643242551701, 43.906662634889528 ], [ -0.472870169760166, 43.906010349352378 ], [ -0.474567448926483, 43.90465523068832 ], [ -0.47524818548889, 43.904111278581091 ], [ -0.477161186507541, 43.902725747811211 ], [ -0.478014056965552, 43.902153803493782 ], [ -0.47885461898663, 43.901635390679139 ], [ -0.479774900374564, 43.901381203294591 ], [ -0.480659136600157, 43.901393893965242 ], [ -0.481610707197562, 43.901444285061608 ], [ -0.483223411719401, 43.901441869256566 ], [ -0.484770126081939, 43.901122680398622 ], [ -0.485869822951343, 43.900705304783848 ], [ -0.487987537730921, 43.899853688248285 ], [ -0.489369463259811, 43.89912881837413 ], [ -0.490725326963432, 43.897932553722953 ], [ -0.49180894264157, 43.896699997938832 ], [ -0.492762925189429, 43.895359179786965 ], [ -0.49372262332282, 43.894458652997386 ], [ -0.494462798771251, 43.89412833261261 ], [ -0.495518449760836, 43.893779724108953 ], [ -0.497453480122985, 43.893343647746768 ], [ -0.499101461728783, 43.893389952162373 ], [ -0.50120809252061, 43.892917626960177 ], [ -0.502866243225405, 43.891103374687717 ], [ -0.503334663001249, 43.891412339597359 ], [ -0.504779998086022, 43.891496740925795 ], [ -0.506484875420896, 43.89177926224658 ], [ -0.50776352532203, 43.892301332371368 ], [ -0.508723667442312, 43.893067686060981 ], [ -0.509372259737507, 43.893915597772128 ], [ -0.509379803023804, 43.894888380747808 ], [ -0.509067763582346, 43.895813192289559 ], [ -0.508628073481316, 43.897006814990391 ], [ -0.50814092571632, 43.898716092068945 ], [ -0.507762169492457, 43.900142836586085 ], [ -0.507873666593127, 43.900990653252869 ], [ -0.508540768591155, 43.901586547776439 ], [ -0.509173500394239, 43.901899404698817 ], [ -0.510592885908384, 43.902660189459574 ], [ -0.512837109594944, 43.904074094003867 ], [ -0.513878914984168, 43.905175086613852 ], [ -0.51376727698371, 43.906529903169023 ], [ -0.51306298804902, 43.907489833946762 ], [ -0.512253618906414, 43.908006488354353 ], [ -0.498926302201029, 43.908858704459199 ], [ -0.498329721514358, 43.914300011052454 ], [ -0.49865849290051, 43.914519450550316 ], [ -0.499672222924348, 43.915095096591983 ], [ -0.500717739625883, 43.915957962831037 ], [ -0.50281320230608, 43.917823533323769 ], [ -0.503086047136187, 43.92010223673168 ], [ -0.503737328452193, 43.921680912671725 ], [ -0.504136224428084, 43.923708224897922 ], [ -0.504377360256118, 43.925745715966954 ], [ -0.503653834376584, 43.928286380489496 ], [ -0.499549804801065, 43.935570674979736 ], [ -0.49874973240426, 43.936546887666843 ], [ -0.497026734425955, 43.938642208813263 ], [ -0.496693040466854, 43.940904591290185 ], [ -0.497472182589753, 43.94754176470299 ], [ -0.497850459033859, 43.95225487276398 ], [ -0.497731162640764, 43.953884887573217 ], [ -0.497432444603554, 43.95803300879367 ], [ -0.496859566377859, 43.966154729770658 ], [ -0.495970729254212, 43.97517379901042 ], [ -0.496165238825648, 43.976960378103279 ], [ -0.496503399833337, 43.980026184828183 ], [ -0.496913586078817, 43.983296138407162 ], [ -0.496968632041321, 43.98373185720606 ], [ -0.496853926195801, 43.989843801938882 ], [ -0.495609981778714, 43.996035850893527 ], [ -0.495404804374529, 43.996983808362607 ], [ -0.494235870176622, 43.99978710219122 ], [ -0.492862456806732, 44.002952604131586 ], [ -0.492500080569499, 44.003693986287296 ], [ -0.491611975351889, 44.005515202946199 ], [ -0.490141114491826, 44.008435418125288 ], [ -0.487973753184229, 44.011964536941178 ], [ -0.483583802523417, 44.016396471963702 ], [ -0.481841167797543, 44.019006313216877 ], [ -0.479941003447495, 44.022147551348858 ], [ -0.479770721756187, 44.023000336510414 ], [ -0.479278810235452, 44.025475264617576 ], [ -0.478950849764867, 44.029057097339596 ], [ -0.48040780750597, 44.036528677543281 ], [ -0.481399149365632, 44.040691045298409 ], [ -0.483669999400321, 44.04253324603588 ], [ -0.487326237495305, 44.044827021520625 ], [ -0.48998597372261, 44.049215207089553 ], [ -0.490703462996597, 44.050885039344216 ], [ -0.491166409827794, 44.052979012183492 ], [ -0.490408468048484, 44.056034952982564 ], [ -0.49017460926469, 44.058623393250095 ], [ -0.489653952533821, 44.061297657825094 ], [ -0.488610721345215, 44.063749376324253 ], [ -0.487822202669374, 44.06663456383567 ], [ -0.487237427449488, 44.068982746078092 ], [ -0.486321046427121, 44.071750340312207 ], [ -0.48568752437469, 44.073720851607945 ], [ -0.485689991872554, 44.07410816975203 ], [ -0.485167012874897, 44.076125234816786 ], [ -0.484295847339757, 44.077805822829006 ], [ -0.483581968594043, 44.078859940007305 ], [ -0.483027193378684, 44.079549171238497 ], [ -0.481742673320529, 44.080432299960876 ], [ -0.480836235785519, 44.080866923632748 ], [ -0.479519652896687, 44.082084295194555 ], [ -0.479505851249433, 44.083296028677431 ], [ -0.480651381509992, 44.084380930290187 ], [ -0.481493549272394, 44.084679213585488 ], [ -0.485995508350396, 44.086868574669154 ], [ -0.486348873384508, 44.089718437463119 ], [ -0.486270332507943, 44.090797294882236 ], [ -0.486160659489723, 44.092247198508758 ], [ -0.486532488062361, 44.095050465530157 ], [ -0.486805261474869, 44.097162834530067 ], [ -0.486824978379403, 44.097762223498307 ], [ -0.486901497063187, 44.10009755223723 ], [ -0.48654664462342, 44.100487075015927 ], [ -0.488542085862204, 44.108689023413056 ], [ -0.487552612481529, 44.109788720898067 ], [ -0.484765101613813, 44.11071975080494 ], [ -0.475349205535525, 44.113325002189015 ], [ -0.46811686004175, 44.117918999884004 ], [ -0.462696637600161, 44.119387644249656 ], [ -0.460787163858529, 44.120187032383555 ], [ -0.459758451897885, 44.121656735310424 ], [ -0.459407591334789, 44.122676708832614 ], [ -0.460841191024926, 44.123288693822843 ], [ -0.46060459243528, 44.125066606913357 ], [ -0.45964446879667, 44.12715154988264 ], [ -0.45849150733502, 44.128494308304191 ], [ -0.45709597248058, 44.129979646118464 ], [ -0.454926898516952, 44.132795737483015 ], [ -0.452893296510434, 44.134458539655135 ], [ -0.451246416260419, 44.13573604955522 ], [ -0.449406507152553, 44.138114366762728 ], [ -0.447603961660294, 44.140900348979059 ], [ -0.446392999559316, 44.143519483160532 ], [ -0.445133674590054, 44.146185109220156 ], [ -0.443986379678214, 44.148874784902652 ], [ -0.442899640090689, 44.152494806895056 ], [ -0.442310875052375, 44.155923346063446 ], [ -0.441982058278724, 44.15825306214154 ], [ -0.441915550932421, 44.16099873897695 ], [ -0.441871666423392, 44.163274517107645 ], [ -0.442304474266278, 44.166198745886547 ], [ -0.443772028969413, 44.168737804465721 ], [ -0.446038293156769, 44.175333472790378 ], [ -0.446242934958736, 44.182521376062695 ], [ -0.445078085333926, 44.18619708132622 ], [ -0.44325624373015, 44.189583645475892 ], [ -0.432875193983001, 44.192143633557116 ], [ -0.424236604843553, 44.194044099788798 ], [ -0.418504710747756, 44.194956850283674 ], [ -0.41573465808407, 44.195201580652046 ], [ -0.396970918349934, 44.193315700667398 ], [ -0.377606819127393, 44.18821505264917 ], [ -0.374352077314969, 44.188045379412102 ], [ -0.369602601914499, 44.187798879524813 ], [ -0.365544394834486, 44.187590261799471 ], [ -0.363681511123166, 44.187485909948059 ], [ -0.345722963855787, 44.189106449201823 ], [ -0.332748253175459, 44.191132846818498 ], [ -0.32039728467078, 44.193223634918013 ], [ -0.318807006097697, 44.193798179972667 ], [ -0.316879180768981, 44.195185296521935 ], [ -0.315536870368451, 44.196771379095992 ], [ -0.312162249646449, 44.200760553618522 ], [ -0.311721428128141, 44.201899249038192 ], [ -0.308610444183787, 44.200840136392905 ], [ -0.299207146652851, 44.200155363346418 ], [ -0.299190135456342, 44.20015587495876 ], [ -0.289702630377996, 44.198062292174853 ], [ -0.272756587422973, 44.193199931318546 ], [ -0.271201231038486, 44.193377170325569 ], [ -0.269493813928695, 44.194540148617222 ], [ -0.265191555221402, 44.19668188836912 ], [ -0.261593969262878, 44.197122121431278 ], [ -0.253048994731247, 44.197755075922622 ], [ -0.248190919984107, 44.196727674442045 ], [ -0.243203140942587, 44.194122724631114 ], [ -0.24213013456474, 44.192299301156048 ], [ -0.239814923080166, 44.188372299523145 ], [ -0.23910743771798, 44.187897471886778 ], [ -0.237832627244691, 44.187786906963929 ], [ -0.236354172599804, 44.187542313785023 ], [ -0.235466494165458, 44.18737020379919 ], [ -0.234069249193095, 44.187104786080369 ], [ -0.233394330221811, 44.186976479653737 ], [ -0.231543931983769, 44.186760170227231 ], [ -0.22921911648445, 44.186143834895383 ], [ -0.227497100864054, 44.185361509177682 ], [ -0.225540885426375, 44.183455618419679 ], [ -0.219828839720467, 44.182064769388653 ], [ -0.218979452322839, 44.182089703910897 ], [ -0.214149756276896, 44.180749330037997 ], [ -0.210720918031579, 44.180494082044973 ], [ -0.207502602460872, 44.180092550390256 ], [ -0.205499322585918, 44.179778070843987 ], [ -0.202031457317724, 44.179685166988378 ], [ -0.200453726524057, 44.178402533343295 ], [ -0.198735422627041, 44.177498043019817 ], [ -0.19660202715149, 44.176686367029482 ], [ -0.192911251138335, 44.175933299796547 ], [ -0.19173236940345, 44.174868893844199 ], [ -0.1894731612945, 44.173381086102097 ], [ -0.187960041993457, 44.173064302403155 ], [ -0.184682194934374, 44.172375626206744 ], [ -0.181642668160652, 44.172162332513189 ], [ -0.177653763945981, 44.172188071244797 ], [ -0.175943877322126, 44.172084301961327 ], [ -0.174517554390851, 44.171184279787902 ], [ -0.172806565813641, 44.170144294652438 ], [ -0.17030359142789, 44.169720975375867 ], [ -0.16802286548281, 44.169538534807174 ], [ -0.163804527342811, 44.169214731273527 ], [ -0.160832116404145, 44.169003034116123 ], [ -0.158336841312877, 44.168408568635684 ], [ -0.155695749188575, 44.165980585140375 ], [ -0.150969894160713, 44.16443624664057 ], [ -0.14285908787715, 44.163705270243767 ], [ -0.140106787732957, 44.162023163044864 ], [ -0.137386849515842, 44.159561257100869 ], [ -0.135510577000869, 44.157822297280561 ], [ -0.135282233131484, 44.157518124284998 ], [ -0.134348389376604, 44.156287718624796 ], [ -0.132266041466163, 44.155185197870651 ], [ -0.128163619737253, 44.152816751826563 ], [ -0.123551404515602, 44.150412630469837 ], [ -0.11522143959902, 44.149005246367913 ], [ -0.113524142340127, 44.148130600749383 ], [ -0.110608058397316, 44.146226587064966 ], [ -0.105382790384768, 44.140578920608185 ], [ -0.104155315289635, 44.139334143021621 ], [ -0.102344507912602, 44.135539595508575 ], [ -0.099350655247702, 44.132372293301856 ], [ -0.096807142529173, 44.130224416914217 ], [ -0.094691799180503, 44.128509996517906 ], [ -0.092997831783479, 44.127080011350579 ], [ -0.091118078169559, 44.126092666042382 ], [ -0.086788778666284, 44.124517180281345 ], [ -0.086772912536804, 44.124512525479588 ], [ -0.085696385605309, 44.123264341813318 ], [ -0.084454463673189, 44.119227705302883 ], [ -0.084317000828334, 44.118785980605267 ], [ -0.08344633917763, 44.114869713533679 ], [ -0.081686996126473, 44.109524161236358 ], [ -0.079862419307875, 44.107917824170173 ], [ -0.077180019265447, 44.106340681972029 ], [ -0.074324164412736, 44.106510800064534 ], [ -0.07193364379963, 44.106577870502953 ], [ -0.066629097884552, 44.105474602661239 ], [ -0.06469233391843, 44.10343376313434 ], [ -0.06413811158784, 44.101018016662103 ], [ -0.063203515638012, 44.100043648683211 ], [ -0.063376738601043, 44.098651998008222 ], [ -0.062413596904417, 44.096382570239889 ], [ -0.06050957189555, 44.093202302540249 ], [ -0.059066490387949, 44.091233459196395 ], [ -0.058188684325476, 44.090123599473571 ], [ -0.055059933419277, 44.089580387192356 ], [ -0.051576832456645, 44.088060774290966 ], [ -0.050416370787488, 44.086647052552152 ], [ -0.048282093826643, 44.085130637657272 ], [ -0.044139054752732, 44.084331248002705 ], [ -0.042798186905444, 44.082508568568777 ], [ -0.042745951662331, 44.08243338317471 ], [ -0.041480936535151, 44.081788931313291 ], [ -0.039461160531191, 44.081718303050138 ], [ -0.03721847555056, 44.081613965604049 ], [ -0.035633926638655, 44.081090719397153 ], [ -0.033985350523383, 44.079074149555041 ], [ -0.032907202159623, 44.078288521988505 ], [ -0.02943624845042, 44.077078566071741 ], [ -0.025809650492454, 44.075764502575225 ], [ -0.022919993584388, 44.069454196413723 ], [ -0.021458299196067, 44.066644393132997 ], [ -0.019712627320699, 44.06363496142631 ], [ -0.016039415114369, 44.060939235242891 ], [ -0.015366016207984, 44.058633932813208 ], [ -0.01566616257918, 44.057558792903485 ], [ -0.016671084492005, 44.055905215956948 ], [ -0.01584331077144, 44.053280244275683 ], [ -0.014492897307529, 44.05180808020441 ], [ -0.011269595679815, 44.048812690974593 ], [ -0.008532973624023, 44.045100747464808 ], [ -0.008088297516088, 44.042342596471379 ], [ -0.008057479701524, 44.039560777428278 ], [ -0.008801153145074, 44.035753152619826 ], [ -0.009891402853707, 44.032314087182122 ], [ -0.010199054606479, 44.028675838385269 ], [ -0.010262366636871, 44.027944464486254 ], [ -0.009610549715659, 44.025098013981768 ], [ -0.008299032927813, 44.021960077568089 ], [ -0.007657694399073, 44.019658013775818 ], [ -0.007355991775948, 44.017081933621057 ], [ -0.008619862568605, 44.013664722384696 ], [ -0.009746238170956, 44.011292577671135 ], [ -0.00900229705776, 44.009619764818979 ], [ -0.006243852761706, 44.005241226277448 ], [ -0.005136729872916, 43.99796826215006 ], [ -0.003540167999583, 43.99233356375786 ], [ -0.004961054813273, 43.9902088652129 ], [ -0.005366615867224, 43.988049728357083 ], [ -0.00596374440991, 43.987376248399059 ], [ -0.006337446557606, 43.986518852310027 ], [ -0.005621257062395, 43.985498274581907 ], [ -0.003538901445796, 43.98422707796275 ], [ -0.002000201042547, 43.979707718630323 ], [ -0.001639044278242, 43.979352838814698 ], [ 0.000100583341856, 43.978027197373912 ], [ 0.001346872521625, 43.977255160457943 ], [ 0.002748505395977, 43.976488375960429 ], [ 0.003376845732457, 43.974091968162796 ], [ 0.003433419687267, 43.972692531598824 ], [ 0.005332543821062, 43.970291105416081 ], [ 0.005792240366547, 43.968758665801374 ], [ 0.007003278311027, 43.965418690824194 ], [ 0.007397521267163, 43.964943078322186 ], [ 0.008547604499459, 43.963597120153182 ], [ 0.010339211958437, 43.962804138185447 ], [ 0.015103979112461, 43.959048321240331 ], [ 0.01599485785839, 43.957784100918346 ], [ 0.016492993129753, 43.956536747798545 ] ] ] ] } },
{ "type": "Feature", "properties": { "fid": 9, "gid": 14, "codenatzon": "39", "id_local": "151", "cdperimetr": "151", "nomperimet": "Midour aval", "nomzone": "Le Midour du confluent du Frêche (inclus) au confluent de la Douze (exclus)", "numcircadm": "05", "cddepartem": "40", "sourceperi": "BDCARTHAGE 2012", "niveau": "Niveau_1", "nominterve": "OUGC Adour", "structureo": "Irrig'Adour", "datecreati": "2013-07-29", "cdinterven": "2202", "vpi_aff": 3.18, "mg_mnoe": 0.42, "vp_def": 9.18, "vp_notif": 9.18, "v_aup": 9.18, "v1_5": 5.89, "vmax": 7.34, "vaut": 9.18, "typ_gest": "1", "v_ret_dec": 2.75, "v_rdec_aup": 3.06, "deseq": 2, "ecar_imp": "1", "v_eso_dec": 0.0, "v_edec_aup": 0.0, "vprj_ret": 4.0, "rqs": null }, "geometry": { "type": "MultiPolygon", "coordinates": [ [ [ [ -0.196939163807751, 43.935327694362847 ], [ -0.197194510263083, 43.933626850065615 ], [ -0.197936575821748, 43.932132519773688 ], [ -0.199950040816238, 43.930389379009895 ], [ -0.201103879023259, 43.929053606489198 ], [ -0.203285787859642, 43.926134327647162 ], [ -0.20563477287634, 43.924003131674439 ], [ -0.207386727377046, 43.923276167576091 ], [ -0.209270401618659, 43.923684781957256 ], [ -0.213264005928626, 43.926057807262197 ], [ -0.215435107118832, 43.926295368052671 ], [ -0.217813947812757, 43.926405153842026 ], [ -0.220132965289328, 43.9259811495821 ], [ -0.22345841535146, 43.924851889097347 ], [ -0.225189393329357, 43.924607627222578 ], [ -0.229929748079833, 43.924872184151845 ], [ -0.233271290867799, 43.92555304255913 ], [ -0.237246909533238, 43.926367269351687 ], [ -0.241274557850834, 43.926427650342134 ], [ -0.245970187559637, 43.92637399880828 ], [ -0.248701259100381, 43.92606285164257 ], [ -0.25286754783604, 43.924934209726068 ], [ -0.258087334609364, 43.922721366848918 ], [ -0.263455685127269, 43.920245255685451 ], [ -0.265998643894946, 43.918260190283888 ], [ -0.268615695492916, 43.916879878264403 ], [ -0.270259681905964, 43.916259360399657 ], [ -0.271438379554217, 43.915241946490625 ], [ -0.272101779836662, 43.915051385546782 ], [ -0.271545012312728, 43.913477890974143 ], [ -0.270930540323072, 43.911316450846478 ], [ -0.270472231641185, 43.909930091304972 ], [ -0.269611652977678, 43.90845564020568 ], [ -0.268578479098139, 43.906879040586105 ], [ -0.268476109052645, 43.905067090522309 ], [ -0.268403536074502, 43.902911911576403 ], [ -0.267933724489675, 43.900656205492616 ], [ -0.267582724126192, 43.899068384735124 ], [ -0.266663358069741, 43.897969693402757 ], [ -0.265587396192274, 43.896776578988558 ], [ -0.264288873569372, 43.895694339395881 ], [ -0.261137887214638, 43.894937258736057 ], [ -0.25926163050271, 43.894525261323494 ], [ -0.257445117893065, 43.893872302368997 ], [ -0.25615389023384, 43.893285419137285 ], [ -0.253809985197522, 43.892427397759867 ], [ -0.252166495394471, 43.891634313539988 ], [ -0.249778317228888, 43.89079081316202 ], [ -0.24654387579286, 43.889526891990485 ], [ -0.244324086096894, 43.888386006620159 ], [ -0.242840264368332, 43.887588022396095 ], [ -0.241349066446441, 43.886236384997076 ], [ -0.239702000146927, 43.884975170519297 ], [ -0.237817288214023, 43.883882461515597 ], [ -0.236299983837162, 43.882963797830492 ], [ -0.234164797430897, 43.882085907283916 ], [ -0.232364066777831, 43.881499553183133 ], [ -0.230535474118635, 43.881143917978193 ], [ -0.229088275736071, 43.880636962464841 ], [ -0.227517251667283, 43.879238439584569 ], [ -0.225934994754598, 43.878065060420724 ], [ -0.224415709190928, 43.876929654939616 ], [ -0.222882692933042, 43.875975515454357 ], [ -0.221713913865775, 43.875041268914003 ], [ -0.220927440179595, 43.874222417343915 ], [ -0.220267787271049, 43.873296622302853 ], [ -0.219608744303568, 43.872532268018517 ], [ -0.222632387325771, 43.872042405552904 ], [ -0.224958896967467, 43.87159043210022 ], [ -0.226143864242581, 43.871186483041754 ], [ -0.226995850953863, 43.870764778145528 ], [ -0.227893029239647, 43.870143487144283 ], [ -0.228248824944954, 43.869290889627216 ], [ -0.228286644834783, 43.868511064165595 ], [ -0.227956363644199, 43.867241405128773 ], [ -0.227039925802028, 43.866246596351502 ], [ -0.226446096327077, 43.86561117230687 ], [ -0.226296356540951, 43.864885960761157 ], [ -0.226381115870959, 43.864086344276913 ], [ -0.226810924191609, 43.862569388945097 ], [ -0.226903854035054, 43.861089976473977 ], [ -0.226295356377599, 43.859143869205973 ], [ -0.225295419663605, 43.857543500046027 ], [ -0.224092742598846, 43.856278172772406 ], [ -0.222473359224105, 43.854659293464785 ], [ -0.220345549679637, 43.852987983661869 ], [ -0.219015762553734, 43.851668119620093 ], [ -0.217477520032882, 43.850231744681942 ], [ -0.217158434781946, 43.849957083768686 ], [ -0.21562365724184, 43.848831240992396 ], [ -0.213565216904052, 43.847581866638585 ], [ -0.211679924093378, 43.846322229200737 ], [ -0.210255110581791, 43.845013233008224 ], [ -0.208749360985744, 43.8435451613243 ], [ -0.207613467211704, 43.842551581569481 ], [ -0.206794348080546, 43.841742832190505 ], [ -0.206197761693661, 43.840647542770377 ], [ -0.205771104446552, 43.839309165789011 ], [ -0.20545690697798, 43.838012421224398 ], [ -0.204953130618967, 43.836883749987372 ], [ -0.203988006568369, 43.835533584747139 ], [ -0.20333773098548, 43.834057682807838 ], [ -0.203303233860773, 43.832410407584405 ], [ -0.2031475185509, 43.83094246128595 ], [ -0.203259993537959, 43.829625022782984 ], [ -0.202955888131677, 43.828053097784178 ], [ -0.202451259099389, 43.826554531920401 ], [ -0.201398147678993, 43.824486533926546 ], [ -0.200897466035285, 43.823686795857995 ], [ -0.195756267464882, 43.818523934934646 ], [ -0.19267605626967, 43.816363025641067 ], [ -0.190236248584564, 43.815001823510855 ], [ -0.190632595752379, 43.813279619566075 ], [ -0.190856242066718, 43.810562071372047 ], [ -0.190720724947456, 43.808210668526129 ], [ -0.190237992946389, 43.805932761162047 ], [ -0.190233004735802, 43.803947460939611 ], [ -0.190811064886252, 43.80166506549056 ], [ -0.192161688281091, 43.79833821874756 ], [ -0.192324090528662, 43.797936980076948 ], [ -0.193178170194223, 43.796178882795893 ], [ -0.194052242876661, 43.794855520362781 ], [ -0.195746022308404, 43.793333354178557 ], [ -0.196568674984756, 43.791697751538273 ], [ -0.196594812704762, 43.791332197482937 ], [ -0.196075499254461, 43.789991437313418 ], [ -0.195470211777683, 43.788221990136684 ], [ -0.196209883536054, 43.786263872264634 ], [ -0.196488086027607, 43.785715163554642 ], [ -0.197634275022787, 43.784722004784712 ], [ -0.200945074174856, 43.781883158266282 ], [ -0.201214715748247, 43.776975493455183 ], [ -0.201492690008045, 43.776877390069998 ], [ -0.203187469021542, 43.776845949704345 ], [ -0.207539736920181, 43.776622831049714 ], [ -0.209955939086202, 43.777434539688876 ], [ -0.212064847359368, 43.779151391953704 ], [ -0.212911612468955, 43.779914276913829 ], [ -0.214304950723872, 43.781318054459746 ], [ -0.217301637116661, 43.783166016769954 ], [ -0.220882950371462, 43.784897482987908 ], [ -0.224221155847277, 43.786091375092816 ], [ -0.226453840833238, 43.787488580446507 ], [ -0.227010836397868, 43.787760248596221 ], [ -0.227428471070847, 43.788261866430858 ], [ -0.22660400946166, 43.789699520496399 ], [ -0.227655795887646, 43.790289673310944 ], [ -0.228510137884231, 43.790206099828318 ], [ -0.22936387589098, 43.790086780671551 ], [ -0.229841312939955, 43.79019832959353 ], [ -0.232778899601732, 43.790809140304837 ], [ -0.235071971200949, 43.792069503326587 ], [ -0.237776946832936, 43.793128529093373 ], [ -0.241282991800086, 43.793609796768372 ], [ -0.247003154417901, 43.793903401469933 ], [ -0.250489893388541, 43.794042645265669 ], [ -0.253395603666712, 43.794779542980656 ], [ -0.256620621613306, 43.795597785293332 ], [ -0.259845052155764, 43.796379157884168 ], [ -0.262592647388421, 43.79703574059176 ], [ -0.266242917752971, 43.797538472169229 ], [ -0.270703313610687, 43.798390794554805 ], [ -0.27432269730741, 43.799114933360855 ], [ -0.277516237018496, 43.799915132372078 ], [ -0.280583414621598, 43.800823250162843 ], [ -0.284826585394221, 43.799384316587883 ], [ -0.287788953563045, 43.798002265115706 ], [ -0.291324703840893, 43.798274628616788 ], [ -0.294636743889608, 43.799682862364143 ], [ -0.295692784024241, 43.800208887584667 ], [ -0.296214025297883, 43.800463936268088 ], [ -0.298452622288275, 43.802215176114196 ], [ -0.300721097133839, 43.803699803555972 ], [ -0.305275043567406, 43.805687343312044 ], [ -0.308346686279536, 43.806756054717752 ], [ -0.30954164041216, 43.808579654031199 ], [ -0.310166570959803, 43.810330636994863 ], [ -0.31102295992065, 43.813006587271943 ], [ -0.312229555149686, 43.814320918629853 ], [ -0.314005303306901, 43.815763039762039 ], [ -0.316711385815101, 43.818107801414534 ], [ -0.318808418500064, 43.819683157178311 ], [ -0.320035796457512, 43.820523614121008 ], [ -0.32021386189051, 43.820648991786044 ], [ -0.321460505995278, 43.821408115004296 ], [ -0.32376103518396, 43.821599600528366 ], [ -0.325818092682424, 43.821342685881518 ], [ -0.326985199141905, 43.821000488820943 ], [ -0.32849178131022, 43.821058720884828 ], [ -0.329923620877076, 43.821578094826677 ], [ -0.331682037052809, 43.822662798020154 ], [ -0.333072402478276, 43.823607489239187 ], [ -0.334094177955129, 43.824160778607698 ], [ -0.335746151488214, 43.824435222119284 ], [ -0.338068590740727, 43.823935926433776 ], [ -0.339062135705599, 43.82359481774666 ], [ -0.339803791747022, 43.823315584528245 ], [ -0.341127493143044, 43.822779369716763 ], [ -0.342803431597317, 43.822570618135721 ], [ -0.345607827650899, 43.822493755739167 ], [ -0.348023114010195, 43.822955113484454 ], [ -0.349342123555903, 43.823279413467631 ], [ -0.351841204328395, 43.824085552795886 ], [ -0.354772090315691, 43.825152252247655 ], [ -0.356380109759104, 43.826309678195521 ], [ -0.358005475600804, 43.827664826335592 ], [ -0.359118504343585, 43.829044924775381 ], [ -0.359572972506444, 43.829931251543982 ], [ -0.36119139905804, 43.832317730934101 ], [ -0.364684250556193, 43.833854328890915 ], [ -0.366098698268259, 43.834594512088664 ], [ -0.367144752219729, 43.834976098624281 ], [ -0.369047522772382, 43.83659744468217 ], [ -0.370577305871713, 43.837734618579113 ], [ -0.373268464100807, 43.839362176989404 ], [ -0.375168185716134, 43.840902783631343 ], [ -0.376857511314103, 43.842345633221122 ], [ -0.37831644472768, 43.843354098678837 ], [ -0.379718624743639, 43.844166035026831 ], [ -0.381598957190575, 43.845063302800618 ], [ -0.383755194890292, 43.845801730663176 ], [ -0.387112743875008, 43.846580474702087 ], [ -0.389038539690902, 43.846836432876501 ], [ -0.390735408855657, 43.847255827011381 ], [ -0.392087087275013, 43.847736044542742 ], [ -0.393736515246813, 43.848734297133944 ], [ -0.395099425588991, 43.849687301069309 ], [ -0.396163230119214, 43.850667997222672 ], [ -0.397214742607594, 43.851702188212705 ], [ -0.398373343383126, 43.852399890966637 ], [ -0.399977698246134, 43.852850655254656 ], [ -0.401554170486178, 43.853093793877044 ], [ -0.40307043126809, 43.853392942197715 ], [ -0.404695472408191, 43.85364472982873 ], [ -0.408790887459471, 43.853142743021088 ], [ -0.410522863770644, 43.852772787411595 ], [ -0.412768688147472, 43.852541049587046 ], [ -0.414861056506575, 43.852412173544664 ], [ -0.417084594164303, 43.852351724350299 ], [ -0.419134909259435, 43.852841379111581 ], [ -0.421179257042826, 43.853561158089363 ], [ -0.422707584965816, 43.854342047494434 ], [ -0.42414575685367, 43.855526388203337 ], [ -0.425790355723276, 43.858149351958467 ], [ -0.42731885803276, 43.858082935443377 ], [ -0.42873875626241, 43.858065899541501 ], [ -0.429920455767727, 43.858010327586449 ], [ -0.432767508458768, 43.857768474787349 ], [ -0.434818681702765, 43.858031961443075 ], [ -0.43669627336844, 43.858274305844581 ], [ -0.438659292717987, 43.858644749079303 ], [ -0.439848284524966, 43.859319593116616 ], [ -0.441403166224798, 43.859995154309757 ], [ -0.443714078345639, 43.860651954257243 ], [ -0.444908601474464, 43.860550855014601 ], [ -0.446640354423712, 43.860433792897688 ], [ -0.448166945579476, 43.860241444488281 ], [ -0.450076993102297, 43.863473000924685 ], [ -0.451680807112895, 43.865327333702801 ], [ -0.452890317575373, 43.866640194167651 ], [ -0.453783397789891, 43.867625762606259 ], [ -0.456091814787634, 43.86884041597785 ], [ -0.457794516979793, 43.869592845967254 ], [ -0.460237702790425, 43.87037083337831 ], [ -0.461112505588981, 43.870748817175524 ], [ -0.461913718266202, 43.871799618942887 ], [ -0.462599206268721, 43.872480001209901 ], [ -0.463496907814064, 43.873001363776289 ], [ -0.466131038452213, 43.873476763477939 ], [ -0.468564690577336, 43.873511826866171 ], [ -0.471135079693882, 43.873402469361814 ], [ -0.47263511337774, 43.873395608769066 ], [ -0.474214151258753, 43.873363722134727 ], [ -0.475434698207487, 43.873477143445868 ], [ -0.476462452780971, 43.874020835697834 ], [ -0.477439820983907, 43.874850238660642 ], [ -0.478124802636733, 43.875494789787922 ], [ -0.478720276952746, 43.876826952216597 ], [ -0.478968340138805, 43.878184526352712 ], [ -0.479492155649989, 43.879059056751736 ], [ -0.481320390825349, 43.879820425167303 ], [ -0.483349596825441, 43.880517084312665 ], [ -0.485521742413204, 43.880938299534492 ], [ -0.487674120848469, 43.880712124044294 ], [ -0.489401742984991, 43.880495395134481 ], [ -0.491920985742976, 43.880076478478479 ], [ -0.493223696781159, 43.879913143080984 ], [ -0.493917802917068, 43.87989501801993 ], [ -0.495227922956065, 43.880429496250535 ], [ -0.496924876176963, 43.881673137837801 ], [ -0.498237539331766, 43.882801340151616 ], [ -0.499083772531985, 43.883535636965597 ], [ -0.500036823356102, 43.884743839520446 ], [ -0.499960676224846, 43.885921650978545 ], [ -0.499868660362794, 43.887370854651515 ], [ -0.499618437911304, 43.888545068115384 ], [ -0.499687809083697, 43.889768312364566 ], [ -0.500191137363184, 43.890278545825772 ], [ -0.500461751702512, 43.890612265543297 ], [ -0.501109317243014, 43.890893002339737 ], [ -0.502866243225405, 43.891103374687717 ], [ -0.50120809252061, 43.892917626960177 ], [ -0.499101461728783, 43.893389952162373 ], [ -0.497453480122985, 43.893343647746768 ], [ -0.495518449760836, 43.893779724108953 ], [ -0.494462798771251, 43.89412833261261 ], [ -0.49372262332282, 43.894458652997386 ], [ -0.492762925189429, 43.895359179786965 ], [ -0.49180894264157, 43.896699997938832 ], [ -0.490725326963432, 43.897932553722953 ], [ -0.489369463259811, 43.89912881837413 ], [ -0.487987537730921, 43.899853688248285 ], [ -0.485869822951343, 43.900705304783848 ], [ -0.484770126081939, 43.901122680398622 ], [ -0.483223411719401, 43.901441869256566 ], [ -0.481610707197562, 43.901444285061608 ], [ -0.480659136600157, 43.901393893965242 ], [ -0.479774900374564, 43.901381203294591 ], [ -0.47885461898663, 43.901635390679139 ], [ -0.478014056965552, 43.902153803493782 ], [ -0.477161186507541, 43.902725747811211 ], [ -0.47524818548889, 43.904111278581091 ], [ -0.474567448926483, 43.90465523068832 ], [ -0.472870169760166, 43.906010349352378 ], [ -0.471643242551701, 43.906662634889528 ], [ -0.470515282988618, 43.90715332082619 ], [ -0.468241987159623, 43.907779557462675 ], [ -0.467426057356667, 43.907868836812057 ], [ -0.466601821009998, 43.907844947387979 ], [ -0.46546022374313, 43.907786143800593 ], [ -0.464726560969461, 43.907670438459583 ], [ -0.463250117499765, 43.907289031578799 ], [ -0.462383867362487, 43.907015004889907 ], [ -0.461538678924207, 43.906901794972171 ], [ -0.459492432675614, 43.906494488702592 ], [ -0.458069951411898, 43.906511969227623 ], [ -0.455949233540827, 43.906741629699596 ], [ -0.4545175187287, 43.906863615101628 ], [ -0.451710065806203, 43.907285620255315 ], [ -0.448956969887872, 43.908093213279002 ], [ -0.446423899012146, 43.909150305241873 ], [ -0.444473393517671, 43.909883372078646 ], [ -0.442037603264654, 43.910774798685992 ], [ -0.439872030027408, 43.911600411814675 ], [ -0.437598219484099, 43.912225985273537 ], [ -0.434894071362109, 43.912820095322232 ], [ -0.432973723548457, 43.913236183410646 ], [ -0.430849713245196, 43.913722009102344 ], [ -0.425586323596137, 43.916080634679034 ], [ -0.422601778185541, 43.918439107650407 ], [ -0.420855643560496, 43.920043268654553 ], [ -0.418400843005128, 43.921598054090239 ], [ -0.412459753750963, 43.926499656954512 ], [ -0.409563485160414, 43.927229931134086 ], [ -0.407025538282876, 43.9278764037713 ], [ -0.395559463650887, 43.927517130919242 ], [ -0.393367505969969, 43.928324190705951 ], [ -0.392084244538342, 43.929431077726136 ], [ -0.392821890732599, 43.932417073365635 ], [ -0.393610848824386, 43.936477673252632 ], [ -0.393560963943936, 43.938515134685012 ], [ -0.393038696235546, 43.940030719421642 ], [ -0.392378211680443, 43.941767255688546 ], [ -0.391438526763928, 43.94382827454929 ], [ -0.389751777812494, 43.945911446868294 ], [ -0.388959947753281, 43.947535539883766 ], [ -0.386326691918011, 43.949453832616811 ], [ -0.380126870394884, 43.952686470223696 ], [ -0.377083926048015, 43.954528281313848 ], [ -0.373405153746179, 43.956889432527085 ], [ -0.369963741998345, 43.958675883267183 ], [ -0.363559361665869, 43.960679214376249 ], [ -0.360299333944314, 43.961806689968718 ], [ -0.357745795663462, 43.963015568557552 ], [ -0.352865351733582, 43.96532197130233 ], [ -0.351973781091745, 43.965777558621966 ], [ -0.346832782289835, 43.96808859896494 ], [ -0.341554151645893, 43.969627872514124 ], [ -0.339932845103592, 43.969997334721583 ], [ -0.338660410806709, 43.970283550001398 ], [ -0.335541932850851, 43.968744562204037 ], [ -0.331171796935585, 43.96716597258559 ], [ -0.324920124446738, 43.966415093328344 ], [ -0.32404865808079, 43.966297516302582 ], [ -0.32173166758976, 43.966336282635183 ], [ -0.317601519178062, 43.966804143465019 ], [ -0.313466619290575, 43.967970037981686 ], [ -0.310174566942881, 43.968763780065323 ], [ -0.307934373819014, 43.969200571856852 ], [ -0.301924473264942, 43.970544384966665 ], [ -0.298334509600034, 43.971305862265446 ], [ -0.291748191284694, 43.972747245091647 ], [ -0.285822682087262, 43.973357878954388 ], [ -0.281151466896595, 43.97390398175876 ], [ -0.278521086840571, 43.97442853203313 ], [ -0.277184414249048, 43.973603994828281 ], [ -0.27401969501578, 43.972267036251935 ], [ -0.270919108264945, 43.970688917766815 ], [ -0.26928818010132, 43.969985529057134 ], [ -0.265946497605012, 43.968887686273973 ], [ -0.261735128982945, 43.96749989022836 ], [ -0.25893105135536, 43.966642315480925 ], [ -0.256506885065991, 43.966142272406174 ], [ -0.250456857825013, 43.964165008802254 ], [ -0.249540358825415, 43.963774271734806 ], [ -0.246265050816594, 43.962362164747788 ], [ -0.242721214082462, 43.960828155159589 ], [ -0.239982950718953, 43.959698338674698 ], [ -0.236612131236808, 43.958563700992322 ], [ -0.231155405176868, 43.956243875201878 ], [ -0.226619196637668, 43.954882809384657 ], [ -0.226325762289386, 43.954797451514366 ], [ -0.222354742660925, 43.953270310435677 ], [ -0.220946839664208, 43.952838668712836 ], [ -0.21761441041307, 43.95081630407455 ], [ -0.215874708632284, 43.94806124294999 ], [ -0.212048136749162, 43.94654891474368 ], [ -0.206567340785717, 43.943308893252748 ], [ -0.204167548472823, 43.941906676326283 ], [ -0.202041255363629, 43.94028488371508 ], [ -0.199076452495725, 43.937957913513863 ], [ -0.197231713771019, 43.936535247327718 ], [ -0.19705140883153, 43.936396417979608 ], [ -0.196939163807751, 43.935327694362847 ] ] ] ] } },
{ "type": "Feature", "properties": { "fid": 10, "gid": 18, "codenatzon": "43", "id_local": "150", "cdperimetr": "150", "nomperimet": "Douze amont", "nomzone": "La Douze de sa source confluent de l'Estampon (exclus)", "numcircadm": "05", "cddepartem": "40", "sourceperi": "BDCARTHAGE 2012", "niveau": "Niveau_1", "nominterve": "OUGC Adour", "structureo": "Irrig'Adour", "datecreati": "2013-07-29", "cdinterven": "2202", "vpi_aff": 4.1, "mg_mnoe": 0.0, "vp_def": 4.24, "vp_notif": 4.24, "v_aup": 4.24, "v1_5": 3.34, "vmax": 3.58, "vaut": 4.24, "typ_gest": "1", "v_ret_dec": 5.77, "v_rdec_aup": 5.77, "deseq": 0, "ecar_imp": "0", "v_eso_dec": 0.01, "v_edec_aup": 0.01, "vprj_ret": 2.8, "rqs": null }, "geometry": { "type": "MultiPolygon", "coordinates": [ [ [ [ 0.218543166701191, 43.620337044322419 ], [ 0.218526677661725, 43.618995352505038 ], [ 0.21786273778722, 43.61760951720688 ], [ 0.2170635719106, 43.616751392947677 ], [ 0.215047999246675, 43.61450754100175 ], [ 0.211747487762658, 43.613104067561132 ], [ 0.209702391046185, 43.612340572779019 ], [ 0.207443468063353, 43.610859547165525 ], [ 0.206502929406483, 43.609993613621818 ], [ 0.20521450570061, 43.6091411993945 ], [ 0.204568869115432, 43.606436941559359 ], [ 0.2049100621761, 43.604541596983331 ], [ 0.20485727060543, 43.602740314751365 ], [ 0.20389003691926, 43.600954299128162 ], [ 0.202733094255367, 43.599255336520052 ], [ 0.201609525022476, 43.597565394924054 ], [ 0.201305601917895, 43.595900651525668 ], [ 0.201890740919247, 43.594393657811388 ], [ 0.201227230677595, 43.59430913823681 ], [ 0.200151400383114, 43.594178245683615 ], [ 0.19926995457549, 43.594470148620836 ], [ 0.198235535516383, 43.595073745795197 ], [ 0.197730826383826, 43.595795191304127 ], [ 0.197566217483439, 43.596028965298103 ], [ 0.196855524929649, 43.597226246096518 ], [ 0.196162130756141, 43.598644598363457 ], [ 0.195327784789513, 43.600184969784159 ], [ 0.194843062919544, 43.601990779278466 ], [ 0.193748892255667, 43.603007537231242 ], [ 0.192954149053253, 43.603851213940438 ], [ 0.192524044161077, 43.604884122986242 ], [ 0.192063639723606, 43.60604696627535 ], [ 0.190395817009109, 43.607894704779184 ], [ 0.189895710385859, 43.608403771925651 ], [ 0.189858392750525, 43.609366124656759 ], [ 0.190041864378096, 43.610212611285654 ], [ 0.190257584134267, 43.611060953064474 ], [ 0.189953301106297, 43.61210629210904 ], [ 0.189146868209972, 43.613327624870685 ], [ 0.188497243668538, 43.614562195423659 ], [ 0.188598227821262, 43.615226782927706 ], [ 0.189808496752043, 43.616036517696315 ], [ 0.191408657444088, 43.616609082768115 ], [ 0.192097088868563, 43.617567722939789 ], [ 0.192744456080133, 43.6187908956706 ], [ 0.193185302520437, 43.620040391166597 ], [ 0.193057361637532, 43.621361014854386 ], [ 0.192474458102298, 43.622984501615569 ], [ 0.192055060899352, 43.623594773617654 ], [ 0.191177761149328, 43.624251415531546 ], [ 0.189860226277662, 43.624937549211282 ], [ 0.188259097102219, 43.625670469526291 ], [ 0.186734581460797, 43.626360389590872 ], [ 0.184395633964469, 43.627511359905576 ], [ 0.182998951244054, 43.628402736427397 ], [ 0.182110448632202, 43.62936957913896 ], [ 0.181667659204836, 43.630852633889127 ], [ 0.181357252637865, 43.632703821565066 ], [ 0.180647676264272, 43.634234096932389 ], [ 0.179740580177446, 43.634975709929734 ], [ 0.178943153984419, 43.635688479650888 ], [ 0.17753363452632, 43.636777638212038 ], [ 0.174934119552628, 43.637381265204894 ], [ 0.172208662251792, 43.637913103640308 ], [ 0.170525100875436, 43.638508790027814 ], [ 0.169728456856076, 43.639316532339507 ], [ 0.168823676393176, 43.640319643527157 ], [ 0.167713724746736, 43.641289818420006 ], [ 0.167107698932455, 43.642224078421449 ], [ 0.166897250848832, 43.64471737341043 ], [ 0.166220117297923, 43.64640573419446 ], [ 0.1656319202738, 43.647546832337483 ], [ 0.164873898840616, 43.648963405872465 ], [ 0.164256143526114, 43.650217095202116 ], [ 0.163349700869834, 43.651106743881279 ], [ 0.161712454227706, 43.651609537076638 ], [ 0.160440785183234, 43.655325512893228 ], [ 0.157142738350411, 43.657225277632072 ], [ 0.156188794360808, 43.658046208326361 ], [ 0.156684048597893, 43.660004266603153 ], [ 0.155034056508559, 43.660956114848808 ], [ 0.153602013769701, 43.661399815716116 ], [ 0.151034212830254, 43.662129394707847 ], [ 0.150267043708341, 43.662672189807992 ], [ 0.149986402891789, 43.66305200779356 ], [ 0.146915341722008, 43.663966506690706 ], [ 0.145795815069205, 43.664292634915206 ], [ 0.14330821238048, 43.665158997856174 ], [ 0.141599611500314, 43.666488145352943 ], [ 0.139351632976005, 43.669035119228532 ], [ 0.137549564531959, 43.670540523474344 ], [ 0.13542459732019, 43.671295716668006 ], [ 0.133408111803053, 43.671822858287385 ], [ 0.132338749073602, 43.672520010998383 ], [ 0.130313131032489, 43.673677167722524 ], [ 0.129968223045095, 43.673875453124033 ], [ 0.128391784961481, 43.674297648773774 ], [ 0.126965510341266, 43.675569686650952 ], [ 0.125970930428431, 43.677101355430288 ], [ 0.12450294276681, 43.67878193219552 ], [ 0.122213773929997, 43.680554153456974 ], [ 0.12006096621538, 43.681851829718141 ], [ 0.117796842937737, 43.682953437741823 ], [ 0.116618044706123, 43.683719058767103 ], [ 0.116581516750962, 43.684808172803336 ], [ 0.11738223069779, 43.685765196475494 ], [ 0.118295006980564, 43.686874346248906 ], [ 0.120339420264321, 43.689053468255487 ], [ 0.120499768715762, 43.68936421883366 ], [ 0.120886731583518, 43.690040547576963 ], [ 0.120451735611101, 43.691020003179624 ], [ 0.11953259637828, 43.69213480232758 ], [ 0.118454116255883, 43.693505862467532 ], [ 0.117358688195387, 43.694512761849275 ], [ 0.115850181083829, 43.695417781219696 ], [ 0.11508639320609, 43.696604076535756 ], [ 0.114595817967891, 43.698040762317767 ], [ 0.113789330809299, 43.699626394738083 ], [ 0.112423244075756, 43.700635294970077 ], [ 0.111607139393321, 43.701153043766119 ], [ 0.110447304126036, 43.702203141330898 ], [ 0.109537398340631, 43.702876750514875 ], [ 0.107863749181073, 43.703196983470079 ], [ 0.10642695877678, 43.703316123718878 ], [ 0.104271054876771, 43.702700939306261 ], [ 0.102534261912503, 43.702821221453199 ], [ 0.100761891283682, 43.702809768893857 ], [ 0.099619842166101, 43.702392129274124 ], [ 0.098132223293141, 43.702374923394139 ], [ 0.097538863293323, 43.703079364773487 ], [ 0.097371614061035, 43.703656212539492 ], [ 0.097211410661086, 43.705204849026153 ], [ 0.097261330686494, 43.705525950957686 ], [ 0.097575422951758, 43.706830807619731 ], [ 0.096673778604636, 43.708364754714225 ], [ 0.095573948409527, 43.709195635099576 ], [ 0.094535669897251, 43.709783966245951 ], [ 0.091621759512925, 43.710836074422716 ], [ 0.09026700911513, 43.711497628365997 ], [ 0.090116920480793, 43.712344668214051 ], [ 0.090125188419932, 43.713124401342114 ], [ 0.090556294535309, 43.713676395340954 ], [ 0.091645866667031, 43.715046955439249 ], [ 0.092324416115084, 43.71652400885467 ], [ 0.092534139675357, 43.718690421821762 ], [ 0.092666620908026, 43.720963054055382 ], [ 0.09247979929626, 43.722894126471054 ], [ 0.09182254653905, 43.725293806937309 ], [ 0.09049122690374, 43.726735556344686 ], [ 0.08917760212997, 43.728464850067574 ], [ 0.0880435026914, 43.730374648060788 ], [ 0.08713835530692, 43.731687798911047 ], [ 0.085952057107385, 43.733403091699451 ], [ 0.08487305632773, 43.734752446303027 ], [ 0.082532016360286, 43.736395911909497 ], [ 0.077016442360604, 43.740074125476106 ], [ 0.076484606173222, 43.740388825323315 ], [ 0.076230525079255, 43.740562838423777 ], [ 0.075003429205005, 43.74143918148652 ], [ 0.073075457264917, 43.742489745451671 ], [ 0.071711048797354, 43.743155991812166 ], [ 0.07061374719625, 43.744963456582802 ], [ 0.068083466957056, 43.746597473550153 ], [ 0.06547912738096, 43.748106829028885 ], [ 0.061671885679587, 43.750093522612012 ], [ 0.060621325961869, 43.751393347486626 ], [ 0.060260014207778, 43.754612163172752 ], [ 0.060125275944311, 43.755972500087211 ], [ 0.059465522830432, 43.758003181644654 ], [ 0.056184860026076, 43.760341084706084 ], [ 0.051764815099944, 43.762761461715954 ], [ 0.05089217514009, 43.763390713547246 ], [ 0.048448202085792, 43.765210584571342 ], [ 0.043167148133216, 43.767800404033842 ], [ 0.041387250799092, 43.768575561297538 ], [ 0.038898302011232, 43.769728875979887 ], [ 0.037496874925467, 43.770626672152758 ], [ 0.035997720256154, 43.772103123426881 ], [ 0.035138618877079, 43.77548413134803 ], [ 0.035100432108224, 43.775703783667197 ], [ 0.033831367229549, 43.777416371336223 ], [ 0.033064072718357, 43.778588848031937 ], [ 0.032837259278935, 43.778938233058149 ], [ 0.031776348768523, 43.780034248262602 ], [ 0.029804290888431, 43.781457921421996 ], [ 0.028297435641019, 43.782042126580009 ], [ 0.025636991165205, 43.78311385590878 ], [ 0.022708833527486, 43.783610122230137 ], [ 0.020205279468698, 43.784211929311624 ], [ 0.018981010884645, 43.78443081900275 ], [ 0.018431573635491, 43.784825477828022 ], [ 0.017055212982116, 43.785823854919698 ], [ 0.015672530321519, 43.78707745377158 ], [ 0.013191875741572, 43.789044795093602 ], [ 0.012262518468757, 43.789933759511612 ], [ 0.009615661943113, 43.792188684593278 ], [ 0.008493959728579, 43.793112206729305 ], [ 0.006674449551314, 43.794161636049516 ], [ 0.003409506946398, 43.795336810023116 ], [ 0.002209004038754, 43.79735649159894 ], [ 0.001585208013899, 43.802337764672551 ], [ 0.001278130356061, 43.803054764714588 ], [ 0.000765118762502, 43.804201368296745 ], [ 0.00060042595861, 43.80457079147628 ], [ -0.001286558487011, 43.806788157352578 ], [ -0.003538041307872, 43.809333662994582 ], [ -0.005447889272608, 43.812972666743192 ], [ -0.007815929121945, 43.816410975274188 ], [ -0.016209378059945, 43.821280778837661 ], [ -0.018652879450757, 43.822068360094526 ], [ -0.020161622144584, 43.822337195406455 ], [ -0.022323689506458, 43.823191752964206 ], [ -0.024359429002359, 43.824404352768454 ], [ -0.025489636630468, 43.824986070657651 ], [ -0.02766727500058, 43.825997463834774 ], [ -0.029091786048414, 43.826538255383326 ], [ -0.032802739240769, 43.827956523399628 ], [ -0.037233520721972, 43.829211581362962 ], [ -0.037835590777816, 43.829253044107951 ], [ -0.039549878253029, 43.829453553523557 ], [ -0.041853065431101, 43.830163849697932 ], [ -0.04409669698689, 43.83142444106636 ], [ -0.047951578855926, 43.833806871912067 ], [ -0.048731330961679, 43.834293928493345 ], [ -0.049502495145197, 43.8356773488754 ], [ -0.050193128602351, 43.836662461098925 ], [ -0.051024714243688, 43.837642599512506 ], [ -0.053449357076074, 43.83971849124287 ], [ -0.055484538858352, 43.840395126251295 ], [ -0.056828702734217, 43.840609832468758 ], [ -0.055831152616753, 43.844235600500589 ], [ -0.055330412327284, 43.84667235257249 ], [ -0.055159799637322, 43.847230947824407 ], [ -0.056661381903386, 43.852732213390993 ], [ -0.057195330351514, 43.85592781791884 ], [ -0.058009077449353, 43.858466715267809 ], [ -0.059216419081722, 43.860653280493331 ], [ -0.060679275830257, 43.863179064298109 ], [ -0.063001419529471, 43.866081262960307 ], [ -0.065469656935507, 43.869095815048937 ], [ -0.066478363120247, 43.870283454904644 ], [ -0.070165147680868, 43.873098132942218 ], [ -0.073244753606331, 43.874204932254536 ], [ -0.07434952776964, 43.874600931854978 ], [ -0.079042964091358, 43.876449939654123 ], [ -0.083515338788985, 43.878201788328724 ], [ -0.087235069139396, 43.879249245787392 ], [ -0.089191932410763, 43.879828420824332 ], [ -0.091063098200078, 43.879919517376806 ], [ -0.092569966155113, 43.879831843143805 ], [ -0.094315124331781, 43.879814058326261 ], [ -0.095950552189304, 43.880065011215017 ], [ -0.097655138792259, 43.880939376467367 ], [ -0.09851647133451, 43.881451396855894 ], [ -0.103217494173584, 43.883699759168351 ], [ -0.10623268068866, 43.885806888995511 ], [ -0.107435801468797, 43.887196073441046 ], [ -0.109673942417995, 43.888987017977115 ], [ -0.111174173063394, 43.890146983779012 ], [ -0.113308864924272, 43.891203015679366 ], [ -0.115460368041152, 43.892176763834932 ], [ -0.117956396234694, 43.892601107298724 ], [ -0.120131882391984, 43.892899647730935 ], [ -0.121966697230213, 43.894022335178853 ], [ -0.122384022924986, 43.894573448738285 ], [ -0.12436504934754, 43.896015844759958 ], [ -0.12502812960811, 43.897312022240591 ], [ -0.126345990790123, 43.89755836644165 ], [ -0.127178242700069, 43.89784005783509 ], [ -0.128766631738095, 43.898380081955807 ], [ -0.13199543082534, 43.899196947981515 ], [ -0.134824341075792, 43.899678791529382 ], [ -0.140443217109435, 43.901575346682911 ], [ -0.142917278969421, 43.903026758357221 ], [ -0.149439415091813, 43.906373509615136 ], [ -0.152506244831288, 43.908337977882312 ], [ -0.158024912872644, 43.911155272524574 ], [ -0.160416569462309, 43.912378764742606 ], [ -0.162666503329755, 43.913542968481138 ], [ -0.165917607713285, 43.914889630336127 ], [ -0.171905854038191, 43.916873088064563 ], [ -0.175619072354209, 43.918310277231193 ], [ -0.177691787292387, 43.919226938098795 ], [ -0.179200258325202, 43.920115015249607 ], [ -0.185029921053046, 43.92389893401787 ], [ -0.189409359162361, 43.925604444453093 ], [ -0.192064843570222, 43.926692874484061 ], [ -0.194140824293813, 43.927758335592124 ], [ -0.195707589993887, 43.9304093849615 ], [ -0.196018115479825, 43.933049160561424 ], [ -0.196252326336118, 43.935033037902024 ], [ -0.19705140883153, 43.936396417979608 ], [ -0.197231713771019, 43.936535247327718 ], [ -0.199076452495725, 43.937957913513863 ], [ -0.202041255363629, 43.94028488371508 ], [ -0.204167548472823, 43.941906676326283 ], [ -0.206567340785717, 43.943308893252748 ], [ -0.212048136749162, 43.94654891474368 ], [ -0.215874708632284, 43.94806124294999 ], [ -0.21761441041307, 43.95081630407455 ], [ -0.220946839664208, 43.952838668712836 ], [ -0.222354742660925, 43.953270310435677 ], [ -0.226325762289386, 43.954797451514366 ], [ -0.226619196637668, 43.954882809384657 ], [ -0.231155405176868, 43.956243875201878 ], [ -0.236612131236808, 43.958563700992322 ], [ -0.239982950718953, 43.959698338674698 ], [ -0.242721214082462, 43.960828155159589 ], [ -0.246265050816594, 43.962362164747788 ], [ -0.249540358825415, 43.963774271734806 ], [ -0.250456857825013, 43.964165008802254 ], [ -0.256506885065991, 43.966142272406174 ], [ -0.25893105135536, 43.966642315480925 ], [ -0.261735128982945, 43.96749989022836 ], [ -0.265946497605012, 43.968887686273973 ], [ -0.26928818010132, 43.969985529057134 ], [ -0.270919108264945, 43.970688917766815 ], [ -0.27401969501578, 43.972267036251935 ], [ -0.277184414249048, 43.973603994828281 ], [ -0.278521086840571, 43.97442853203313 ], [ -0.280898040901187, 43.975893275735849 ], [ -0.28372438246723, 43.978375674725953 ], [ -0.285854622098657, 43.980293320074445 ], [ -0.286580647849576, 43.980857111761999 ], [ -0.291381422760935, 43.984554400548717 ], [ -0.297353458745811, 43.988886632298843 ], [ -0.304875962120389, 43.994379771686781 ], [ -0.308527337881269, 43.996967479632303 ], [ -0.310928827900753, 43.998848919109214 ], [ -0.314729275827158, 44.003161242727522 ], [ -0.319927956355739, 44.007376849439282 ], [ -0.322531438980196, 44.010279078887486 ], [ -0.323610087712285, 44.012867880166247 ], [ -0.323786874395872, 44.014975098245891 ], [ -0.323166412899056, 44.020263669550978 ], [ -0.322689714071071, 44.022628883111039 ], [ -0.322976803527476, 44.024976011711139 ], [ -0.324238744347006, 44.029049420959552 ], [ -0.324756891774152, 44.030038359060988 ], [ -0.324760008127926, 44.032614893430612 ], [ -0.320041681082702, 44.034131878749527 ], [ -0.309848438581955, 44.035156210904731 ], [ -0.305490968262899, 44.035553695094428 ], [ -0.297128427510214, 44.035977781117197 ], [ -0.290072957910779, 44.035780365371814 ], [ -0.279457157541551, 44.035481812585111 ], [ -0.273382116031048, 44.033803648740275 ], [ -0.269068066397003, 44.032910611283221 ], [ -0.265701427724786, 44.032281444385298 ], [ -0.260204931004425, 44.031985498397468 ], [ -0.254911016309981, 44.032233074490193 ], [ -0.25049276090445, 44.032261242001979 ], [ -0.246363827154909, 44.031947456200292 ], [ -0.243885172578902, 44.031656118916523 ], [ -0.241153511181482, 44.03144888204227 ], [ -0.22931881719913, 44.03091589306726 ], [ -0.221948145873784, 44.030610997423807 ], [ -0.215736122486403, 44.03030220605222 ], [ -0.209381133998126, 44.030069835898665 ], [ -0.198363441123746, 44.028609137281713 ], [ -0.195239610640693, 44.0279441612876 ], [ -0.188021338176233, 44.026528809569065 ], [ -0.180438235804247, 44.025218628073148 ], [ -0.172762402962967, 44.023482411580979 ], [ -0.165316059236332, 44.021203524052083 ], [ -0.164332017591115, 44.02090292290643 ], [ -0.155306059131684, 44.017578635369574 ], [ -0.149521239348248, 44.015791378791533 ], [ -0.141455384627191, 44.013617690101221 ], [ -0.130695903402941, 44.010935990739149 ], [ -0.124858645324973, 44.009946121783571 ], [ -0.114515731841327, 44.008457909154714 ], [ -0.10713483906636, 44.007893243788168 ], [ -0.100372237337716, 44.005860454638338 ], [ -0.094085113201247, 44.004074395553971 ], [ -0.091033473220746, 44.002733074610532 ], [ -0.089233700766274, 44.00160464382558 ], [ -0.087678487456807, 44.000572481598354 ], [ -0.085716934548969, 43.999276890440186 ], [ -0.082694969903561, 43.996591711017167 ], [ -0.080941869652607, 43.994146633151423 ], [ -0.078589463587263, 43.991321904390091 ], [ -0.076751601320564, 43.989423828499433 ], [ -0.074725529499057, 43.987340951841517 ], [ -0.072983164037832, 43.985476955307703 ], [ -0.071506183386068, 43.983991728707345 ], [ -0.069382843506343, 43.982118967603633 ], [ -0.067858490186115, 43.980644238387342 ], [ -0.066150054927966, 43.978692315090314 ], [ -0.064845354203408, 43.977377949595201 ], [ -0.062484006464774, 43.976044149990159 ], [ -0.062069451320421, 43.975808470938581 ], [ -0.059770368815532, 43.974102942128461 ], [ -0.057499487975534, 43.972604026796141 ], [ -0.052964536125367, 43.97070439741205 ], [ -0.048164602345268, 43.968262213763708 ], [ -0.041615415513584, 43.966305905164589 ], [ -0.03894305153697, 43.965488159525727 ], [ -0.036203114123437, 43.963506266525727 ], [ -0.034427580905725, 43.961858254602951 ], [ -0.033939558039066, 43.961434443500316 ], [ -0.031567706532558, 43.959370702928858 ], [ -0.029701214712544, 43.957310273374567 ], [ -0.028207697477212, 43.956090695076426 ], [ -0.026372773561537, 43.954354283486701 ], [ -0.02560444258997, 43.953470195582675 ], [ -0.024111009321344, 43.952142264822797 ], [ -0.022767317385422, 43.951769679751912 ], [ -0.02084112036273, 43.952309356004925 ], [ -0.019596610502907, 43.952794406779972 ], [ -0.019358177997985, 43.952859238316975 ], [ -0.018119268054241, 43.952889391827817 ], [ -0.013439778279689, 43.951383598847372 ], [ -0.006590295371605, 43.949491822154705 ], [ -0.004541710469648, 43.949615627803198 ], [ -0.003540424000697, 43.949724914368602 ], [ -0.000368436468021, 43.950514083058493 ], [ 0.001971100478152, 43.949839509992707 ], [ 0.004135765615776, 43.948588903175448 ], [ 0.007746343404142, 43.947327769888275 ], [ 0.013099284475358, 43.945659478254377 ], [ 0.013041618607792, 43.944924216943008 ], [ 0.01414271268791, 43.943126255024922 ], [ 0.014866263819945, 43.940704862867221 ], [ 0.014478632686299, 43.939275969820656 ], [ 0.013951926398848, 43.938316354938067 ], [ 0.013513555815463, 43.936993360902939 ], [ 0.014067084361589, 43.936035710368991 ], [ 0.015644049426594, 43.933651958014579 ], [ 0.015974904274293, 43.932706604955463 ], [ 0.015997208398074, 43.930847493772731 ], [ 0.015652218661569, 43.928604344598739 ], [ 0.01635222101243, 43.927412595571163 ], [ 0.01744228952769, 43.925492733442702 ], [ 0.01729775415819, 43.923389955909471 ], [ 0.016936450846107, 43.919998866580563 ], [ 0.020024340176615, 43.916471056650828 ], [ 0.021017322374436, 43.914076441218022 ], [ 0.02200416561623, 43.911797127977465 ], [ 0.02239136150253, 43.909957183209215 ], [ 0.023119438865953, 43.908409581632192 ], [ 0.024704300674852, 43.906828099025702 ], [ 0.026605408389419, 43.905847875891403 ], [ 0.028097690508205, 43.904195361898779 ], [ 0.029708316335496, 43.902249753201311 ], [ 0.030597162845225, 43.900702390518298 ], [ 0.030963632548191, 43.900068624839413 ], [ 0.031124634256828, 43.897897593928235 ], [ 0.031399969785419, 43.89605460036983 ], [ 0.031653181931664, 43.893386417242148 ], [ 0.031946997121675, 43.889801751334346 ], [ 0.031939688059377, 43.889779085168676 ], [ 0.031575780230678, 43.888327433470486 ], [ 0.031151860890396, 43.886074072302023 ], [ 0.03150537120846, 43.884736967769314 ], [ 0.031634987444523, 43.88251605218241 ], [ 0.032230450640805, 43.880056445708156 ], [ 0.032652821680907, 43.878045800829803 ], [ 0.033502244737183, 43.876704817949467 ], [ 0.034095123933801, 43.875923945196554 ], [ 0.035039626151389, 43.87566147076636 ], [ 0.035383309488788, 43.875489953944488 ], [ 0.036312895028182, 43.875024751300352 ], [ 0.038234265573688, 43.873874275370923 ], [ 0.039679727969239, 43.872693495662702 ], [ 0.042396587657787, 43.871425581971899 ], [ 0.044996633877027, 43.87036595911156 ], [ 0.047440018021884, 43.869220269662748 ], [ 0.05049626349609, 43.867745748752334 ], [ 0.053068593518215, 43.866477774070901 ], [ 0.054911968459576, 43.865239100326221 ], [ 0.056955499748458, 43.863677809900459 ], [ 0.058627952320679, 43.862327181697026 ], [ 0.0605629906052, 43.860592282905039 ], [ 0.062699459128494, 43.859605593954804 ], [ 0.065318761397216, 43.858977204322478 ], [ 0.06735261214165, 43.858226760462919 ], [ 0.070141774703089, 43.857229890697447 ], [ 0.072255192698854, 43.85646718381706 ], [ 0.075170407469099, 43.85592825299355 ], [ 0.077049363046803, 43.855109119766517 ], [ 0.078051853764813, 43.854447302079336 ], [ 0.079358224183632, 43.852978286146389 ], [ 0.080123522140979, 43.851707274476404 ], [ 0.081047082471919, 43.849908170900555 ], [ 0.081966284019338, 43.848248925749168 ], [ 0.083412126348409, 43.84708501924667 ], [ 0.085832051235342, 43.845560903381802 ], [ 0.087916556216318, 43.844742987703079 ], [ 0.089615582696119, 43.844036338808543 ], [ 0.090710175774482, 43.843444339665865 ], [ 0.091488490723556, 43.842825481424057 ], [ 0.09169360278422, 43.842290463260269 ], [ 0.092577187592435, 43.840184713040337 ], [ 0.093018217093881, 43.837953768148466 ], [ 0.09295346005999, 43.836313173533945 ], [ 0.09295158412557, 43.836294736841445 ], [ 0.091723593900163, 43.83382616940942 ], [ 0.090903640500489, 43.831828267453716 ], [ 0.091178535375697, 43.829921890089764 ], [ 0.092706722093124, 43.82779250929778 ], [ 0.094880483866614, 43.825815161857754 ], [ 0.096410793218524, 43.822694726072214 ], [ 0.096594024228976, 43.820115660743063 ], [ 0.096487904161656, 43.818816283845344 ], [ 0.095846710678365, 43.81627246965612 ], [ 0.095636311543014, 43.814137605728085 ], [ 0.095658265724359, 43.811706508666617 ], [ 0.095991146000019, 43.809986617601631 ], [ 0.096654728236821, 43.807199703531069 ], [ 0.096870897104455, 43.80580469922765 ], [ 0.097317113934602, 43.804546586090041 ], [ 0.097716280671418, 43.803269859915581 ], [ 0.098570042015107, 43.801068340135807 ], [ 0.098583485110294, 43.798358096465378 ], [ 0.099142551643035, 43.796986534325036 ], [ 0.099768668309534, 43.795571781953129 ], [ 0.10118273922834, 43.793136890237328 ], [ 0.101478494331688, 43.792811690499938 ], [ 0.102245306563928, 43.791958528513454 ], [ 0.104087152755241, 43.790207252293627 ], [ 0.105990783841347, 43.788375872466048 ], [ 0.107835172289462, 43.786960750330479 ], [ 0.111271368581311, 43.784657080160891 ], [ 0.113787451866157, 43.782976664350763 ], [ 0.115079746908632, 43.782043348010838 ], [ 0.11770822728999, 43.780338261799649 ], [ 0.119849703003271, 43.779004399416756 ], [ 0.121699713752745, 43.77796825083761 ], [ 0.123781002761063, 43.776397743729213 ], [ 0.124059449360036, 43.776076113955476 ], [ 0.124899771423227, 43.77433793261276 ], [ 0.126929853658758, 43.77190168157027 ], [ 0.128356827333139, 43.77069184554253 ], [ 0.129067805977982, 43.769054452459564 ], [ 0.128847862897499, 43.766751921358725 ], [ 0.128734196532208, 43.764466522803602 ], [ 0.129301589801799, 43.762851916556478 ], [ 0.130854941713404, 43.760352990781897 ], [ 0.131837318879285, 43.758668594654381 ], [ 0.132408300212358, 43.756923293175106 ], [ 0.132290206227134, 43.754808405908982 ], [ 0.132142463585606, 43.752666175218721 ], [ 0.132139238953978, 43.750509373658389 ], [ 0.132745941077322, 43.748611775837936 ], [ 0.134103061196032, 43.746981192458165 ], [ 0.135630453822325, 43.745522606976635 ], [ 0.136303976420574, 43.744032362191632 ], [ 0.137485543614358, 43.742442079034042 ], [ 0.139046807114633, 43.741006826362806 ], [ 0.139789530564039, 43.740440929370692 ], [ 0.140518894291248, 43.74011375958198 ], [ 0.144464620078876, 43.737596807044149 ], [ 0.146166838172081, 43.736380737030416 ], [ 0.147265802482925, 43.735562593325454 ], [ 0.148986533122211, 43.734311225622228 ], [ 0.150734952430053, 43.733690888516861 ], [ 0.152066912917854, 43.732406814318587 ], [ 0.153244413314056, 43.730488315383674 ], [ 0.153882333351276, 43.729360772995662 ], [ 0.154616783759859, 43.727566586343677 ], [ 0.155005053098357, 43.727067940168482 ], [ 0.156213589282076, 43.726703149999835 ], [ 0.157494585995301, 43.726609934211069 ], [ 0.15824557473676, 43.726324063867729 ], [ 0.158763618008258, 43.725707242449872 ], [ 0.15886907067257, 43.725115414052084 ], [ 0.158780815681191, 43.724793323448459 ], [ 0.158771128727491, 43.72476140632476 ], [ 0.157682897246224, 43.723810466000884 ], [ 0.156520952745214, 43.722983246003189 ], [ 0.156347871889032, 43.72286632946728 ], [ 0.15531851239774, 43.722149827669774 ], [ 0.154972406379257, 43.721488975829722 ], [ 0.155124880759006, 43.72074513845326 ], [ 0.155680844780726, 43.72018755407872 ], [ 0.157305963248326, 43.719685502073666 ], [ 0.158784583175516, 43.718729043390354 ], [ 0.159312985508104, 43.717788630785329 ], [ 0.159386852819492, 43.716952830513456 ], [ 0.158518278855967, 43.715949405359204 ], [ 0.157151108048612, 43.715116811727839 ], [ 0.156442550832161, 43.714296329391061 ], [ 0.156280744047231, 43.713130509716684 ], [ 0.157176885779328, 43.710286235671674 ], [ 0.1572520025703, 43.710050153975104 ], [ 0.157535011535581, 43.708378008500326 ], [ 0.157595425711084, 43.706565198525752 ], [ 0.157166052963758, 43.704973520777258 ], [ 0.157343768745475, 43.703861545337951 ], [ 0.158477652410215, 43.702239208286166 ], [ 0.160080708835037, 43.701007109488792 ], [ 0.162182976185606, 43.699616394028276 ], [ 0.164081051851592, 43.698139612273046 ], [ 0.165642809116876, 43.696627453877191 ], [ 0.166778225023124, 43.694937676657474 ], [ 0.167127259710841, 43.693289714962823 ], [ 0.167533010235, 43.691405191154196 ], [ 0.168221130155722, 43.68996018966029 ], [ 0.168365408986876, 43.689661547309463 ], [ 0.170025497515395, 43.688232614804861 ], [ 0.17222599062917, 43.68660624693679 ], [ 0.173508568799938, 43.685320707302346 ], [ 0.174711112696515, 43.68400141295966 ], [ 0.176851102693092, 43.682882146362019 ], [ 0.179504698522256, 43.682365615197604 ], [ 0.181585811772623, 43.681753481210016 ], [ 0.182818846648898, 43.681411528122034 ], [ 0.182846928200522, 43.681384671294161 ], [ 0.183255633356777, 43.680143816492645 ], [ 0.183276766162818, 43.680086137707889 ], [ 0.183825109267823, 43.678295189601023 ], [ 0.184832083635271, 43.676565152029355 ], [ 0.186470156535583, 43.674708413329327 ], [ 0.187717934998798, 43.67317359112895 ], [ 0.188554303930375, 43.671732304452554 ], [ 0.189752702929104, 43.670111383642102 ], [ 0.191067965983668, 43.669091112595375 ], [ 0.192400640277757, 43.668059003226631 ], [ 0.193473887475331, 43.666633010402897 ], [ 0.193787207282956, 43.664718479762541 ], [ 0.193516470691366, 43.663149507407937 ], [ 0.193039174192877, 43.661431168826091 ], [ 0.192812795478957, 43.659732571069178 ], [ 0.19270027847245, 43.658036930921966 ], [ 0.193363080609258, 43.656829191299167 ], [ 0.194631840867659, 43.655601320455489 ], [ 0.196325972245426, 43.654650012777331 ], [ 0.198084138001896, 43.653597165830682 ], [ 0.199446740898868, 43.652633189362142 ], [ 0.200745395946448, 43.651595021402102 ], [ 0.202761438091671, 43.650962475754035 ], [ 0.203485527501772, 43.650827874265126 ], [ 0.205932108363521, 43.650481138327962 ], [ 0.206969213072243, 43.65018803282581 ], [ 0.208896032915514, 43.648842092842344 ], [ 0.210387596374779, 43.647939525489313 ], [ 0.211843776743823, 43.646896079013601 ], [ 0.212888923373482, 43.645856380928073 ], [ 0.213669366373645, 43.643779150442846 ], [ 0.213288807295288, 43.642058293322414 ], [ 0.212369716164745, 43.640594339995715 ], [ 0.211421618320435, 43.639120435112233 ], [ 0.211437620807375, 43.637779554643316 ], [ 0.213506920930256, 43.635459577710662 ], [ 0.215087985340167, 43.634095497497391 ], [ 0.216004674599169, 43.632885980704941 ], [ 0.216216196618508, 43.631860670387823 ], [ 0.217198545706856, 43.630890843307782 ], [ 0.217893030512584, 43.629476435330254 ], [ 0.218058925628553, 43.62886877701672 ], [ 0.217982158558356, 43.627755379699039 ], [ 0.217228261945199, 43.626772751242974 ], [ 0.216356261320288, 43.625065920486612 ], [ 0.217280913838269, 43.623108839001723 ], [ 0.218037864422262, 43.621737905540172 ], [ 0.218543166701191, 43.620337044322419 ] ] ] ] } },
{ "type": "Feature", "properties": { "fid": 11, "gid": 19, "codenatzon": "44", "id_local": "146", "cdperimetr": "146", "nomperimet": "Lées", "nomzone": "Le Lées", "numcircadm": "05", "cddepartem": "40", "sourceperi": "BDCARTHAGE 2012", "niveau": "Niveau_1", "nominterve": "OUGC Adour", "structureo": "Irrig'Adour", "datecreati": "2013-07-29", "cdinterven": "2202", "vpi_aff": 12.5, "mg_mnoe": 0.0, "vp_def": 12.5, "vp_notif": 12.5, "v_aup": 12.5, "v1_5": 3.3, "vmax": 3.82, "vaut": 12.5, "typ_gest": "1", "v_ret_dec": 3.54, "v_rdec_aup": 3.71, "deseq": 0, "ecar_imp": "0", "v_eso_dec": 0.0, "v_edec_aup": 0.0, "vprj_ret": 0.0, "rqs": null }, "geometry": { "type": "MultiPolygon", "coordinates": [ [ [ [ -0.056689710072812, 43.454084399896736 ], [ -0.056700544661225, 43.453602931829934 ], [ -0.057457965472571, 43.452446637720904 ], [ -0.057830273547902, 43.451985624156706 ], [ -0.059069255273639, 43.45023547839731 ], [ -0.059439662821464, 43.449554886772141 ], [ -0.059882226410717, 43.448254222619511 ], [ -0.060776424361007, 43.446667020816477 ], [ -0.062059939733319, 43.444704114933103 ], [ -0.062313750922719, 43.443625351885778 ], [ -0.061882035960835, 43.441652706693546 ], [ -0.062146513372216, 43.440010774648165 ], [ -0.062622194732344, 43.439123903463397 ], [ -0.063629499440273, 43.437637700009716 ], [ -0.064607483149491, 43.436470998483827 ], [ -0.065004403407494, 43.435369800571245 ], [ -0.065447268606912, 43.434263195663867 ], [ -0.066690420145947, 43.432944967977683 ], [ -0.067972448801639, 43.432066903928714 ], [ -0.069075293949049, 43.430879289218446 ], [ -0.070544607824516, 43.429914158726383 ], [ -0.071680196887775, 43.428842050195144 ], [ -0.072261265825972, 43.427308585030033 ], [ -0.072580042599593, 43.426322965959777 ], [ -0.073336532645729, 43.425135913313241 ], [ -0.074435508768532, 43.423591837390468 ], [ -0.075043994335828, 43.421760331189454 ], [ -0.075112390760776, 43.419579470249928 ], [ -0.075020697491262, 43.418650443468586 ], [ -0.072351762436413, 43.415305119681854 ], [ -0.070982636065461, 43.414096685708756 ], [ -0.069649950779837, 43.413176294216022 ], [ -0.069363686294963, 43.412958663457907 ], [ -0.069462007631509, 43.411938426046106 ], [ -0.068858082834096, 43.410047363627243 ], [ -0.069685454284727, 43.40690828712183 ], [ -0.070374861565887, 43.40541263999873 ], [ -0.071205165799868, 43.403696429065086 ], [ -0.071303531247221, 43.402756915051832 ], [ -0.072140497965754, 43.401639121137201 ], [ -0.073234162424193, 43.399609997769033 ], [ -0.074300484884816, 43.398066865920526 ], [ -0.074534194159792, 43.397799742619469 ], [ -0.075018613828258, 43.397479536841502 ], [ -0.075531443637379, 43.397141138228747 ], [ -0.077355578850976, 43.395625455658482 ], [ -0.078766854957134, 43.393961137177236 ], [ -0.078998853683635, 43.393558189757385 ], [ -0.082262924258971, 43.388959396592057 ], [ -0.082333451232868, 43.388340396180553 ], [ -0.083930774627457, 43.383933065648506 ], [ -0.084359018312226, 43.381705206337813 ], [ -0.084678201685634, 43.380657244738821 ], [ -0.085358650307386, 43.380079071154675 ], [ -0.086559095049804, 43.379248066075888 ], [ -0.086961923486686, 43.378376464523498 ], [ -0.088078397361249, 43.376477310786562 ], [ -0.090476502308132, 43.373932713421667 ], [ -0.091301250421707, 43.37268029761745 ], [ -0.093506729556777, 43.369735609594393 ], [ -0.094437516128793, 43.368192063905816 ], [ -0.095313245329151, 43.366614320512426 ], [ -0.096482327343762, 43.364505191293659 ], [ -0.096941781784988, 43.363025169989349 ], [ -0.09707768395155, 43.362116238020313 ], [ -0.097076860031727, 43.360122298809699 ], [ -0.097297661265266, 43.358058691202196 ], [ -0.097864672620803, 43.356264053724445 ], [ -0.098684125277985, 43.354426401056813 ], [ -0.099558798479262, 43.351898682839064 ], [ -0.100357339483331, 43.349544767720424 ], [ -0.100919551835061, 43.347065860855764 ], [ -0.101165337848022, 43.344326330879248 ], [ -0.101108079451915, 43.342846825632932 ], [ -0.100621120679863, 43.340898533751471 ], [ -0.100464046946245, 43.338630245214034 ], [ -0.101196442926086, 43.333647930288429 ], [ -0.101330827101004, 43.33273905294466 ], [ -0.101753923760933, 43.330643113943864 ], [ -0.10235989149691, 43.325525528173827 ], [ -0.102588984430877, 43.322997973465633 ], [ -0.102794967826406, 43.321003251471268 ], [ -0.103064611513312, 43.319203875145497 ], [ -0.103389202438548, 43.316632724344359 ], [ -0.103964318326913, 43.31372649818114 ], [ -0.104901219210662, 43.31109792750155 ], [ -0.105484999332687, 43.309523425509269 ], [ -0.1060798884681, 43.307480795802917 ], [ -0.106284763026558, 43.30559847651633 ], [ -0.10627321499615, 43.303878686321681 ], [ -0.106927948413254, 43.301443117507532 ], [ -0.107417184311085, 43.299596563316889 ], [ -0.107743398929056, 43.297346111910159 ], [ -0.108781045395824, 43.295556318296775 ], [ -0.109278107231646, 43.295127310564837 ], [ -0.111388270133745, 43.292068612240612 ], [ -0.11176550126365, 43.290275327110272 ], [ -0.110921632988883, 43.288319039409473 ], [ -0.109937563356095, 43.286821346180645 ], [ -0.108353335483824, 43.284719866670322 ], [ -0.107039831265451, 43.283177488825444 ], [ -0.106183907852162, 43.281771061543829 ], [ -0.105496851452649, 43.279890958650959 ], [ -0.105274439201593, 43.277656325225244 ], [ -0.105040083757196, 43.275718255705385 ], [ -0.10396183000721, 43.271814704349168 ], [ -0.105831237827038, 43.272368730609649 ], [ -0.107386925663034, 43.272936829298551 ], [ -0.109996612678835, 43.274126240621747 ], [ -0.113320984480691, 43.276200010484231 ], [ -0.117318478515366, 43.278592345457554 ], [ -0.119524245642149, 43.280085326483736 ], [ -0.122613455702448, 43.282166651571039 ], [ -0.124998736203389, 43.284748316492347 ], [ -0.127200616692038, 43.287398588023983 ], [ -0.12957067470303, 43.29012977511605 ], [ -0.131674767989697, 43.292310888295205 ], [ -0.13347816348275, 43.294334217134171 ], [ -0.135228678438106, 43.296128180308571 ], [ -0.135515952118008, 43.296422200987749 ], [ -0.13808237569685, 43.297864570092827 ], [ -0.138226130916139, 43.298013612938533 ], [ -0.140007030103076, 43.299333718493223 ], [ -0.14188497647649, 43.300841958370761 ], [ -0.143747093992086, 43.302084052084531 ], [ -0.145434406266672, 43.303299524639577 ], [ -0.147404358125122, 43.304669182576276 ], [ -0.149455622359862, 43.306117119157626 ], [ -0.151269376989665, 43.307414627458222 ], [ -0.152864532462422, 43.308908487442181 ], [ -0.15381614871681, 43.310041129133495 ], [ -0.154656800651487, 43.311241365478786 ], [ -0.155469085826575, 43.312612986276172 ], [ -0.156348156679049, 43.314590465973829 ], [ -0.156464427009253, 43.31484857030533 ], [ -0.15714479034775, 43.316363997787363 ], [ -0.157665574493788, 43.318464281531028 ], [ -0.158559180318835, 43.320269711675394 ], [ -0.159390042356178, 43.322077977209311 ], [ -0.159947709179954, 43.324771709898798 ], [ -0.160858262149656, 43.32680648208342 ], [ -0.161677044127299, 43.32902882465666 ], [ -0.162224825985927, 43.330723802032352 ], [ -0.162418713486483, 43.333185063788967 ], [ -0.163301135136952, 43.335544478815812 ], [ -0.164307626374664, 43.337766430225642 ], [ -0.164665241922088, 43.339232053164871 ], [ -0.165252236333175, 43.341636858349553 ], [ -0.166228856226966, 43.343948559742408 ], [ -0.16752963354604, 43.345535704731773 ], [ -0.169315960836583, 43.347144348082793 ], [ -0.172206787580444, 43.349387639785668 ], [ -0.174764381549859, 43.350990941140822 ], [ -0.176583120374272, 43.352774241028612 ], [ -0.178892823521201, 43.354827074982616 ], [ -0.180655425465274, 43.357237149482586 ], [ -0.182182468084245, 43.359511115851845 ], [ -0.184205490390066, 43.361130996144333 ], [ -0.184967854562262, 43.362156633819474 ], [ -0.186143019540949, 43.363734024507686 ], [ -0.187683366598781, 43.365583600316008 ], [ -0.189253024960856, 43.367379171471242 ], [ -0.190352400575229, 43.369025160751704 ], [ -0.191123445181916, 43.371289672236323 ], [ -0.191452608744051, 43.37288277263039 ], [ -0.191949687928027, 43.37411950191909 ], [ -0.192838942574767, 43.375079062275326 ], [ -0.194201110835838, 43.376434299277967 ], [ -0.195640312902973, 43.377611537096357 ], [ -0.197689249894895, 43.378469380678261 ], [ -0.20420961355482, 43.38012244477585 ], [ -0.204500773198058, 43.380446844390676 ], [ -0.204678600390476, 43.380748043089532 ], [ -0.205272044733947, 43.38154568616379 ], [ -0.205837045317418, 43.382410546390567 ], [ -0.206647461449708, 43.384160985378891 ], [ -0.20675959164179, 43.385444839354264 ], [ -0.206729409782781, 43.386562321115676 ], [ -0.206366428842614, 43.387513947648088 ], [ -0.205513213805243, 43.388416755408784 ], [ -0.204187916454422, 43.38924362654258 ], [ -0.202904855615959, 43.389722922020283 ], [ -0.20109290183817, 43.390767474240761 ], [ -0.200281499798393, 43.39121438469509 ], [ -0.199847655478488, 43.391650147298549 ], [ -0.199412709442739, 43.393099336253506 ], [ -0.200422784209962, 43.394460865608792 ], [ -0.201704640603219, 43.394939867858312 ], [ -0.203407210765593, 43.395124428596404 ], [ -0.205341157723363, 43.396142893569674 ], [ -0.206004671550164, 43.397491132441871 ], [ -0.205240515452417, 43.397932602383321 ], [ -0.204773463913559, 43.398401054152856 ], [ -0.204341060340326, 43.398837793260569 ], [ -0.204529317001863, 43.399979452900361 ], [ -0.20558026053339, 43.400812590817822 ], [ -0.213409023490053, 43.402462210116745 ], [ -0.216739733824606, 43.403043645739778 ], [ -0.220898091295563, 43.404342034597683 ], [ -0.221630059977668, 43.404978162007794 ], [ -0.224456599211451, 43.407735043461614 ], [ -0.226226105328515, 43.410279224196593 ], [ -0.227156317907397, 43.411498870010881 ], [ -0.229100242182483, 43.413102018207304 ], [ -0.231974775043398, 43.414804038711189 ], [ -0.235707260969353, 43.417055529610465 ], [ -0.238588429209668, 43.420237523586927 ], [ -0.242468930881128, 43.422890959186049 ], [ -0.242581697341095, 43.423026533220231 ], [ -0.244314916944396, 43.424208729338666 ], [ -0.247179808469619, 43.42619367200799 ], [ -0.250829856444673, 43.428078344273004 ], [ -0.252739190570884, 43.429444139104625 ], [ -0.254727538370841, 43.431734143117168 ], [ -0.256771777631927, 43.434710997559286 ], [ -0.258471274868607, 43.436672497078334 ], [ -0.26023649680027, 43.438826111973505 ], [ -0.261006715694962, 43.439725471457599 ], [ -0.262108889406822, 43.440840586471239 ], [ -0.264393499874573, 43.443914341599282 ], [ -0.265823504298106, 43.44586139117898 ], [ -0.267011107730703, 43.448229504387406 ], [ -0.267908916229727, 43.451294958688173 ], [ -0.268248654486867, 43.452856018928323 ], [ -0.268556123703231, 43.454539608384067 ], [ -0.268632108076321, 43.456320100763335 ], [ -0.268739367349677, 43.457096393020969 ], [ -0.268659114125587, 43.458053049509601 ], [ -0.268642475162342, 43.459980381885117 ], [ -0.268823553568718, 43.461537038229302 ], [ -0.26947237816787, 43.463795757639978 ], [ -0.27055977406698, 43.46589719941462 ], [ -0.271995768253305, 43.467960517963355 ], [ -0.273417034544121, 43.469295808159806 ], [ -0.274974091653809, 43.470107986956798 ], [ -0.276164598258912, 43.470567505143507 ], [ -0.278053083062781, 43.471483025316346 ], [ -0.278916836877106, 43.472312039233884 ], [ -0.27910149575558, 43.47399935659967 ], [ -0.278911295310121, 43.475927895940629 ], [ -0.279206073315578, 43.479791145419469 ], [ -0.280319237652826, 43.481422802244282 ], [ -0.281349018186981, 43.482674846758307 ], [ -0.281376886338013, 43.482917166860872 ], [ -0.282333820885858, 43.491244558964688 ], [ -0.283135182038543, 43.497090918572056 ], [ -0.284072500227129, 43.502537805695241 ], [ -0.284407371918564, 43.507732184893086 ], [ -0.284828419566378, 43.510529111841791 ], [ -0.286011974433345, 43.512470245232244 ], [ -0.287907473797178, 43.517748167148696 ], [ -0.287662861549325, 43.521249840351835 ], [ -0.287675029927573, 43.525999412149346 ], [ -0.287669420008771, 43.531591446070003 ], [ -0.2876229468258, 43.534703996149531 ], [ -0.287448425728541, 43.538572427482464 ], [ -0.286799546563972, 43.542423573659612 ], [ -0.287133447439271, 43.546587214515469 ], [ -0.287566329869933, 43.552747426070987 ], [ -0.286182058700645, 43.556246909734227 ], [ -0.284930074179403, 43.560072396699695 ], [ -0.284906040252044, 43.561076465504769 ], [ -0.284694933566547, 43.56219963034097 ], [ -0.284190834621572, 43.564439210157147 ], [ -0.283533943581924, 43.567029801914991 ], [ -0.28262296961309, 43.569552460570996 ], [ -0.281587803591741, 43.572190232651295 ], [ -0.280318564582953, 43.575209044610141 ], [ -0.279034193466044, 43.578310023932147 ], [ -0.277813208778056, 43.581341639740558 ], [ -0.276579660532965, 43.585115431084219 ], [ -0.275612725669522, 43.588440777662584 ], [ -0.273017809664024, 43.595461875506366 ], [ -0.272951289218045, 43.59693214877786 ], [ -0.27298478765724, 43.59941605159576 ], [ -0.272820674207709, 43.60274888353203 ], [ -0.272702187800486, 43.605994522196013 ], [ -0.272610254549644, 43.608523095667337 ], [ -0.272775761174075, 43.611422998418107 ], [ -0.273401606514168, 43.613123767006805 ], [ -0.273524213520236, 43.614704847625902 ], [ -0.273822099922722, 43.616695484685067 ], [ -0.272645571248345, 43.620697457294327 ], [ -0.272575810346363, 43.620929463936292 ], [ -0.271440937347464, 43.622904004729683 ], [ -0.269184316358461, 43.624818278588428 ], [ -0.267749441884859, 43.627134899737982 ], [ -0.265925876722403, 43.629815715342211 ], [ -0.264127617532067, 43.632079857288524 ], [ -0.263194451451926, 43.633800985054116 ], [ -0.262469557021099, 43.636043065248579 ], [ -0.261632980688555, 43.638301797656233 ], [ -0.260781115163652, 43.64036684193848 ], [ -0.260213566838185, 43.642657342967304 ], [ -0.25960646376356, 43.645985128091709 ], [ -0.258399991093846, 43.649240963730243 ], [ -0.25737560589892, 43.65146953296297 ], [ -0.256526226092122, 43.654030042465578 ], [ -0.255265438279062, 43.656633522658517 ], [ -0.254039129306907, 43.65925128122516 ], [ -0.252855199843168, 43.661501970950823 ], [ -0.251610005941659, 43.663741177749074 ], [ -0.250581670186854, 43.66568576116709 ], [ -0.24949123768893, 43.667703710857779 ], [ -0.248336370027821, 43.669678624295798 ], [ -0.247291888722281, 43.671367160186954 ], [ -0.245979595188414, 43.673423392686125 ], [ -0.245187400686025, 43.675194305647054 ], [ -0.244790426110866, 43.677232388236249 ], [ -0.24480334807321, 43.678951698274503 ], [ -0.244924317598169, 43.680614637864487 ], [ -0.244257904813996, 43.684533734473305 ], [ -0.244775797703023, 43.687337434530477 ], [ -0.239609159813276, 43.685663468832651 ], [ -0.236803110366151, 43.68407227332181 ], [ -0.235483290630952, 43.682692280784892 ], [ -0.23363053185788, 43.679527703970699 ], [ -0.22761953154202, 43.677541117079741 ], [ -0.225130914817158, 43.675948429993433 ], [ -0.22119389576179, 43.674957512546179 ], [ -0.210689531865979, 43.67124748967651 ], [ -0.208649404338294, 43.669556409481544 ], [ -0.20757921016118, 43.668669412353943 ], [ -0.206056160119391, 43.667210278118915 ], [ -0.204032955774492, 43.664356846709843 ], [ -0.20384857556101, 43.662695784757972 ], [ -0.20366793013546, 43.66137791574085 ], [ -0.204420117110104, 43.658167843724165 ], [ -0.205748437073243, 43.655975814136099 ], [ -0.207004838637586, 43.652877536557163 ], [ -0.208110098986152, 43.6502240982445 ], [ -0.208605044174293, 43.648583857244333 ], [ -0.208796628574736, 43.646727792992891 ], [ -0.207978443853493, 43.644554148391499 ], [ -0.206751939115562, 43.642599970221809 ], [ -0.206408352316326, 43.64214214866584 ], [ -0.20501653268762, 43.64027455266924 ], [ -0.203757867107872, 43.638194601680489 ], [ -0.202760402517152, 43.634820570190989 ], [ -0.203112490494902, 43.633166190380855 ], [ -0.203311583793334, 43.632273442690199 ], [ -0.202733492428228, 43.630638332960793 ], [ -0.202079190259724, 43.629450935769434 ], [ -0.201234010518482, 43.628170040366612 ], [ -0.199793312796576, 43.626929185539204 ], [ -0.198675704062556, 43.626133452644311 ], [ -0.193631618496424, 43.622545347146662 ], [ -0.190189025540022, 43.619292162564633 ], [ -0.187643228658514, 43.617871082278462 ], [ -0.186673901905576, 43.616877784768057 ], [ -0.183693306163838, 43.614106390518288 ], [ -0.178045980641019, 43.608324338772348 ], [ -0.17646771176925, 43.607779973469945 ], [ -0.174428916259774, 43.607272523536352 ], [ -0.174209228248509, 43.607215605295089 ], [ -0.171667671497048, 43.606642077289578 ], [ -0.169866335536833, 43.605825195380106 ], [ -0.169041351161204, 43.604966520038609 ], [ -0.168765722373836, 43.603718879241626 ], [ -0.168869160350904, 43.602333485390254 ], [ -0.168071199770728, 43.600766984609436 ], [ -0.166914545873036, 43.59960329164619 ], [ -0.16523505781211, 43.598211638609932 ], [ -0.163494508081873, 43.596960726584143 ], [ -0.162305707343982, 43.595568019513721 ], [ -0.160623295442646, 43.593456121177994 ], [ -0.159558281997309, 43.591857509926193 ], [ -0.158052343698491, 43.590419863719369 ], [ -0.156632769214718, 43.589988090104953 ], [ -0.155055991736058, 43.589994073312866 ], [ -0.154077826558779, 43.590022492318262 ], [ -0.153196089087955, 43.589989870252275 ], [ -0.150580927761214, 43.590182264887012 ], [ -0.14726890080602, 43.589612169701113 ], [ -0.144011754967878, 43.588067743418087 ], [ -0.141163364197368, 43.585565337467536 ], [ -0.139295323526222, 43.583868202610297 ], [ -0.138361893500226, 43.583170821207844 ], [ -0.138248699846609, 43.582566198868157 ], [ -0.138279457150798, 43.582178076065411 ], [ -0.138350228560433, 43.581005199007187 ], [ -0.137997203343705, 43.57992117959467 ], [ -0.136874317333688, 43.579021864400019 ], [ -0.135294858317317, 43.57809896084261 ], [ -0.133296900480453, 43.575815991392446 ], [ -0.132880359725228, 43.574441610704525 ], [ -0.132177545184471, 43.572404234260887 ], [ -0.131757197806746, 43.570263706627927 ], [ -0.130963980299447, 43.569040161927603 ], [ -0.129382286026492, 43.567811757975655 ], [ -0.128442658281913, 43.567225860075339 ], [ -0.125984833703704, 43.565852038987671 ], [ -0.124895055794433, 43.565397119717545 ], [ -0.124980110605509, 43.563269624021018 ], [ -0.125021350515509, 43.561962740105159 ], [ -0.125126136943873, 43.560919692769808 ], [ -0.12520249323735, 43.560412793103851 ], [ -0.124467072517044, 43.557381256108719 ], [ -0.123629057932096, 43.555974057333145 ], [ -0.122645749428372, 43.554399383201314 ], [ -0.121536038114073, 43.552721070574322 ], [ -0.120313140522906, 43.55092339834863 ], [ -0.119416760827282, 43.548670907000542 ], [ -0.118340698115676, 43.547220455546537 ], [ -0.116744306699675, 43.54580842967853 ], [ -0.114965565264319, 43.54478781731072 ], [ -0.109990155590036, 43.535727673600441 ], [ -0.106815825263427, 43.534054275403264 ], [ -0.1017386111715, 43.529332558460425 ], [ -0.099640876364256, 43.526835397752002 ], [ -0.097984267181759, 43.525433067524055 ], [ -0.096759913932628, 43.524729396879046 ], [ -0.094206145904346, 43.522177747884221 ], [ -0.092176966168406, 43.521047479829797 ], [ -0.091839936811267, 43.520862984623932 ], [ -0.090406627425648, 43.519873038144503 ], [ -0.088985327756839, 43.518400535394875 ], [ -0.088593000207247, 43.517187810806114 ], [ -0.088333415964431, 43.515362456188811 ], [ -0.088342433329548, 43.513493674561694 ], [ -0.087877399667641, 43.511580184805176 ], [ -0.087146124326755, 43.509805035723602 ], [ -0.086870730882203, 43.509277538971723 ], [ -0.085653711126127, 43.507681723791833 ], [ -0.084786767703239, 43.506514172831203 ], [ -0.083598216976097, 43.504688687946135 ], [ -0.082122376655947, 43.502686445371921 ], [ -0.080018589075441, 43.500670344763115 ], [ -0.077523724680075, 43.49918430614423 ], [ -0.075097701066218, 43.497933239676868 ], [ -0.073161825661249, 43.496844987181831 ], [ -0.071716624532633, 43.495877636707483 ], [ -0.070520823900717, 43.494875637652555 ], [ -0.069132541404915, 43.493474523305167 ], [ -0.068909411448424, 43.491950511093378 ], [ -0.069213122764112, 43.490937709860518 ], [ -0.070314913713347, 43.489551895055179 ], [ -0.071111285752612, 43.488858155041733 ], [ -0.071640211841651, 43.488384474420513 ], [ -0.071786623354225, 43.487317893278231 ], [ -0.071421660280644, 43.484532184326177 ], [ -0.07140153879031, 43.482948292321979 ], [ -0.071309430287819, 43.481776086849962 ], [ -0.070555653277862, 43.480770785530467 ], [ -0.069632311801653, 43.479846864735805 ], [ -0.067800275298213, 43.478377623558963 ], [ -0.066166650386831, 43.477365515320301 ], [ -0.06502031389956, 43.476308941936665 ], [ -0.064477391862368, 43.475544858243339 ], [ -0.063507289416605, 43.47376717723931 ], [ -0.062843340312109, 43.472179038816734 ], [ -0.061927997802278, 43.470795148823541 ], [ -0.06093383560174, 43.469378739006096 ], [ -0.061212019345276, 43.467412556726828 ], [ -0.061667426747681, 43.466008343731268 ], [ -0.061950464904258, 43.464713186094421 ], [ -0.061875050401511, 43.463666170589285 ], [ -0.06132668398336, 43.462533455610256 ], [ -0.060990926613748, 43.462101631965382 ], [ -0.060686209177027, 43.461619895773381 ], [ -0.060123457935993, 43.460717416548405 ], [ -0.059873465866915, 43.459603832213816 ], [ -0.059860900967035, 43.458550966845586 ], [ -0.05931702843201, 43.456499728531043 ], [ -0.058231888488596, 43.455265700146342 ], [ -0.057055585369672, 43.454425475530783 ], [ -0.056689710072812, 43.454084399896736 ] ] ] ] } },
{ "type": "Feature", "properties": { "fid": 12, "gid": 20, "codenatzon": "45", "id_local": "152", "cdperimetr": "152", "nomperimet": "Midour amont", "nomzone": "Le Midour de sa source au confluent du Frêche (exclus)", "numcircadm": "05", "cddepartem": "40", "sourceperi": "BDCARTHAGE 2012", "niveau": "Niveau_1", "nominterve": "OUGC Adour", "structureo": "Irrig'Adour", "datecreati": "2013-07-29", "cdinterven": "2202", "vpi_aff": 3.4, "mg_mnoe": 0.0, "vp_def": 3.28, "vp_notif": 3.4, "v_aup": 3.28, "v1_5": 2.39, "vmax": 2.697, "vaut": 3.28, "typ_gest": "1", "v_ret_dec": 9.98, "v_rdec_aup": 9.98, "deseq": 0, "ecar_imp": "0", "v_eso_dec": 0.0, "v_edec_aup": 0.0, "vprj_ret": 3.5, "rqs": null }, "geometry": { "type": "MultiPolygon", "coordinates": [ [ [ [ 0.209296756359941, 43.574305191595322 ], [ 0.207928824042576, 43.573572330605714 ], [ 0.206883968036113, 43.573216549795475 ], [ 0.205521071391431, 43.57278512466457 ], [ 0.204271429950814, 43.572451606776305 ], [ 0.203107024974154, 43.572560533304305 ], [ 0.202272540759972, 43.572760701774591 ], [ 0.200558222938102, 43.573197631323936 ], [ 0.198638903244142, 43.573746730401538 ], [ 0.197460047351522, 43.574121834703377 ], [ 0.195487074411432, 43.573985080392617 ], [ 0.194127669171529, 43.573684369570898 ], [ 0.192592529762652, 43.573329032234341 ], [ 0.191675340477337, 43.57309384672903 ], [ 0.190539024039787, 43.573086922743208 ], [ 0.18923510015787, 43.57340458017709 ], [ 0.186955439961703, 43.57416477057015 ], [ 0.185163855147585, 43.574798671504745 ], [ 0.184205471178539, 43.575088442262953 ], [ 0.182722571604343, 43.575100013645702 ], [ 0.180603298420963, 43.574594523925057 ], [ 0.178987281903126, 43.573998866680519 ], [ 0.178229455497477, 43.573866811258341 ], [ 0.177250443092199, 43.573917980827019 ], [ 0.176243316608396, 43.574026616247352 ], [ 0.175078617045014, 43.574310956738159 ], [ 0.173961006972301, 43.57463733883985 ], [ 0.172168435564488, 43.575059560764863 ], [ 0.171333534233162, 43.575122588364344 ], [ 0.168446562158367, 43.575142332350758 ], [ 0.16718127406478, 43.574929540610029 ], [ 0.166235158698916, 43.574854783120465 ], [ 0.16484736153813, 43.57481854891509 ], [ 0.162703246121693, 43.574960699014845 ], [ 0.160728008034348, 43.576232970339284 ], [ 0.158431771377166, 43.576807254107067 ], [ 0.157545377812323, 43.576802449361963 ], [ 0.156822026882251, 43.576796791680579 ], [ 0.15538677884913, 43.576781651044115 ], [ 0.15158025176889, 43.577802471701361 ], [ 0.150374861438029, 43.578703503674951 ], [ 0.148160397023283, 43.579635219557588 ], [ 0.147302926630165, 43.580602572182883 ], [ 0.146790573380446, 43.58146763169497 ], [ 0.146435459569376, 43.582137611230365 ], [ 0.145482579963624, 43.58307178872704 ], [ 0.144447236727872, 43.583629914362355 ], [ 0.142716837440011, 43.584119676085834 ], [ 0.14111063245893, 43.584428811203246 ], [ 0.139501007225213, 43.584552930937733 ], [ 0.137535700145432, 43.585045623177756 ], [ 0.136369251396777, 43.585271259492842 ], [ 0.134678219815478, 43.584970254193294 ], [ 0.132732319937202, 43.584455100584648 ], [ 0.131278116205139, 43.584083650337504 ], [ 0.129147699635658, 43.584139726916263 ], [ 0.12814042580178, 43.584329643190031 ], [ 0.12611505011017, 43.585261851026978 ], [ 0.124935748554057, 43.585771041637955 ], [ 0.123675129157491, 43.585799957357303 ], [ 0.122724060304027, 43.585428456513341 ], [ 0.120911761256084, 43.584016658003165 ], [ 0.119753546823617, 43.583125788222659 ], [ 0.119591211872861, 43.58299991258059 ], [ 0.118356864100305, 43.582562621919287 ], [ 0.116860578862386, 43.582751727423499 ], [ 0.116244860870136, 43.582811999305619 ], [ 0.114766359919121, 43.583178268438552 ], [ 0.113651881822389, 43.583850470174283 ], [ 0.112578976933377, 43.585482986935716 ], [ 0.111926755444464, 43.586546452932311 ], [ 0.110977852623941, 43.587835936390761 ], [ 0.11013324783984, 43.588700181984763 ], [ 0.108421671685584, 43.589559717076327 ], [ 0.106989366523706, 43.589841331695695 ], [ 0.105304086737601, 43.590206049630282 ], [ 0.102959406386739, 43.590714579916551 ], [ 0.100398473838574, 43.592024331149958 ], [ 0.098611271860781, 43.593123816766138 ], [ 0.096212922869833, 43.594744266798756 ], [ 0.095767492157552, 43.595546556068015 ], [ 0.095281631383447, 43.596425392863729 ], [ 0.095023146802368, 43.597449239908414 ], [ 0.095003096087114, 43.598677662541405 ], [ 0.093013626733746, 43.60026712568272 ], [ 0.092859271405527, 43.600511238004316 ], [ 0.09176484425194, 43.60174664183387 ], [ 0.090862091128101, 43.603082180667322 ], [ 0.090828288677494, 43.604413430063367 ], [ 0.090082263150684, 43.605595833908964 ], [ 0.089083215257404, 43.606748991105711 ], [ 0.088223670331093, 43.607729161342164 ], [ 0.087125185084209, 43.608402556924972 ], [ 0.085081604188229, 43.609275319903041 ], [ 0.083875034359356, 43.610165442277257 ], [ 0.083158834116209, 43.611199468209698 ], [ 0.082287413600085, 43.612630811123253 ], [ 0.081192526686094, 43.613699602865829 ], [ 0.079311371060356, 43.615022059823161 ], [ 0.077602573318046, 43.616326661580395 ], [ 0.076145557490009, 43.617489857011776 ], [ 0.075157812185004, 43.618412343134352 ], [ 0.073301856391879, 43.61906929665961 ], [ 0.070624163615417, 43.619735750650747 ], [ 0.06995367802185, 43.620005756680982 ], [ 0.068941591362711, 43.620410603050168 ], [ 0.067516095794122, 43.621529606881431 ], [ 0.067128919518696, 43.622473336596315 ], [ 0.066527161505587, 43.624037512980664 ], [ 0.065173381179252, 43.624549550643309 ], [ 0.063112725420437, 43.625408215911627 ], [ 0.061686312321031, 43.626540407877641 ], [ 0.060523758331301, 43.627188338969866 ], [ 0.059786852480756, 43.627708821653499 ], [ 0.058785129645908, 43.628757480770894 ], [ 0.058087797209086, 43.630012551967667 ], [ 0.056328417362497, 43.63129810851747 ], [ 0.053420350259122, 43.632654663375206 ], [ 0.051619903759692, 43.634461084030931 ], [ 0.050436979734301, 43.636320002043071 ], [ 0.048978963840215, 43.637481851186415 ], [ 0.047093328264405, 43.638560535649788 ], [ 0.045145058223857, 43.639187992862269 ], [ 0.043502970850625, 43.63971545319702 ], [ 0.040703965430021, 43.641070561847911 ], [ 0.039420900145781, 43.642543539326155 ], [ 0.037806853500209, 43.644021795796036 ], [ 0.035901720895501, 43.644789210688991 ], [ 0.02760541326405, 43.648100561409201 ], [ 0.025877757470946, 43.649048393737431 ], [ 0.025251266684153, 43.649760697363966 ], [ 0.024367837775429, 43.651844174876302 ], [ 0.02183642235386, 43.653255207364346 ], [ 0.018719116219478, 43.654592920852338 ], [ 0.015460963810725, 43.655984907585776 ], [ 0.012499833315522, 43.657155087803297 ], [ 0.010101063661788, 43.659195794972874 ], [ 0.007638375087738, 43.661460481065085 ], [ 0.005621387370085, 43.664025506711596 ], [ 0.003905407913007, 43.666697896265397 ], [ 0.002359450027447, 43.669184936167476 ], [ 0.001062703891898, 43.668978569558426 ], [ -0.000964618511534, 43.668881761086553 ], [ -0.003534555949101, 43.669094809697604 ], [ -0.009219613073903, 43.670868583249991 ], [ -0.013389468490725, 43.67222124425016 ], [ -0.015304645792164, 43.673842701994296 ], [ -0.017378917531538, 43.674901849868995 ], [ -0.018955516684572, 43.675677478814606 ], [ -0.022892002717126, 43.677878142878789 ], [ -0.025799641163644, 43.679544375088561 ], [ -0.026055078159888, 43.679689492428963 ], [ -0.028379905078517, 43.680580063610563 ], [ -0.028995095142089, 43.680819360395709 ], [ -0.033813321768412, 43.682030634080505 ], [ -0.037478180395484, 43.68283355901297 ], [ -0.039248029510821, 43.683526879396403 ], [ -0.04327663591653, 43.684229528177156 ], [ -0.045281444884755, 43.684335863431379 ], [ -0.048835331713927, 43.684739994157781 ], [ -0.052090376145501, 43.685427239035718 ], [ -0.054460756080535, 43.685891983934091 ], [ -0.058220373902531, 43.686876481966799 ], [ -0.060165070055923, 43.68767286555628 ], [ -0.060734852915761, 43.687980723451723 ], [ -0.064231391935177, 43.689859280624873 ], [ -0.064977133480296, 43.690612715208417 ], [ -0.065029406988497, 43.691826070985968 ], [ -0.063758261384682, 43.693964586619359 ], [ -0.063476526613228, 43.694935999788164 ], [ -0.063622832540483, 43.695670582180263 ], [ -0.065615099257191, 43.696375621487647 ], [ -0.074773929168386, 43.696873206214022 ], [ -0.078615501671735, 43.698156129231791 ], [ -0.081197147262093, 43.699523671625784 ], [ -0.083113219928822, 43.70095089194308 ], [ -0.084223464886013, 43.702058652446979 ], [ -0.090453445065974, 43.704110258827519 ], [ -0.093743550771634, 43.705232622001205 ], [ -0.096666074708231, 43.705545910726265 ], [ -0.099033122767292, 43.705276199090896 ], [ -0.10097588238282, 43.705129894192048 ], [ -0.102665556507072, 43.705330003078757 ], [ -0.104451939298916, 43.705494632049856 ], [ -0.110899952810571, 43.703216873926849 ], [ -0.112560062943389, 43.703728290436359 ], [ -0.11293198835949, 43.705388208664395 ], [ -0.112003423159959, 43.709448640260902 ], [ -0.111048368655606, 43.711339634096895 ], [ -0.11069375542451, 43.71318688241454 ], [ -0.11082604884794, 43.714480740658281 ], [ -0.111842149965862, 43.715680863570277 ], [ -0.113951680119342, 43.717403478583392 ], [ -0.115698086723108, 43.71918141099831 ], [ -0.117662238933823, 43.720480007828101 ], [ -0.11922983046321, 43.721196292293342 ], [ -0.12120456084368, 43.721446211941291 ], [ -0.123372002323402, 43.721793751096023 ], [ -0.124162452543197, 43.722130717249513 ], [ -0.125717255641931, 43.72341028891212 ], [ -0.127007816776069, 43.72570591215144 ], [ -0.128010387783013, 43.726906280958517 ], [ -0.128820610833239, 43.727706553382788 ], [ -0.131195755538901, 43.728831674152211 ], [ -0.132382472964252, 43.729377887938263 ], [ -0.135403974501579, 43.729952988068277 ], [ -0.136003075309193, 43.73047216257865 ], [ -0.136863981232555, 43.73121676921933 ], [ -0.141430865865212, 43.734682736023721 ], [ -0.14605136198838, 43.736062539815229 ], [ -0.151083136226501, 43.737281083963147 ], [ -0.154501716399712, 43.738222248669267 ], [ -0.156904072174946, 43.738418263850775 ], [ -0.161345416223302, 43.738455911705394 ], [ -0.164865607005774, 43.737917306052928 ], [ -0.167321789588206, 43.737404445365662 ], [ -0.168079308317721, 43.740115731299426 ], [ -0.168472733315178, 43.74762782397589 ], [ -0.168426089611995, 43.750781463055752 ], [ -0.169066350563201, 43.753153857495413 ], [ -0.169763832244947, 43.756506554234917 ], [ -0.169961060458419, 43.758742682589173 ], [ -0.16993544007123, 43.760977115593384 ], [ -0.170226954744155, 43.763031670782226 ], [ -0.170945251425866, 43.765306796909449 ], [ -0.171917997353331, 43.767516245978847 ], [ -0.172936142473317, 43.769526150459455 ], [ -0.173967563618387, 43.771469242599707 ], [ -0.174932596292981, 43.772850196833957 ], [ -0.175297664339083, 43.772974437857258 ], [ -0.175850438686955, 43.772949134329771 ], [ -0.177242174511402, 43.772642854075784 ], [ -0.178821922992025, 43.772345398496313 ], [ -0.180959098272051, 43.77230956799982 ], [ -0.183481294473785, 43.772857139612427 ], [ -0.186552013389827, 43.774213240452966 ], [ -0.188921878895605, 43.775313873897694 ], [ -0.19100346298294, 43.776023366882569 ], [ -0.193239350060595, 43.776363520567216 ], [ -0.196839437575528, 43.77835164755173 ], [ -0.199443836866034, 43.777613029057747 ], [ -0.201214715748247, 43.776975493455183 ], [ -0.200945074174856, 43.781883158266282 ], [ -0.197634275022787, 43.784722004784712 ], [ -0.196488086027607, 43.785715163554642 ], [ -0.196209883536054, 43.786263872264634 ], [ -0.195470211777683, 43.788221990136684 ], [ -0.196075499254461, 43.789991437313418 ], [ -0.196594812704762, 43.791332197482937 ], [ -0.196568674984756, 43.791697751538273 ], [ -0.195746022308404, 43.793333354178557 ], [ -0.194052242876661, 43.794855520362781 ], [ -0.193178170194223, 43.796178882795893 ], [ -0.192324090528662, 43.797936980076948 ], [ -0.192161688281091, 43.79833821874756 ], [ -0.190811064886252, 43.80166506549056 ], [ -0.190233004735802, 43.803947460939611 ], [ -0.190237992946389, 43.805932761162047 ], [ -0.190720724947456, 43.808210668526129 ], [ -0.190856242066718, 43.810562071372047 ], [ -0.190632595752379, 43.813279619566075 ], [ -0.190236248584564, 43.815001823510855 ], [ -0.19267605626967, 43.816363025641067 ], [ -0.195756267464882, 43.818523934934646 ], [ -0.200897466035285, 43.823686795857995 ], [ -0.201398147678993, 43.824486533926546 ], [ -0.202451259099389, 43.826554531920401 ], [ -0.202955888131677, 43.828053097784178 ], [ -0.203259993537959, 43.829625022782984 ], [ -0.2031475185509, 43.83094246128595 ], [ -0.203303233860773, 43.832410407584405 ], [ -0.20333773098548, 43.834057682807838 ], [ -0.203988006568369, 43.835533584747139 ], [ -0.204953130618967, 43.836883749987372 ], [ -0.20545690697798, 43.838012421224398 ], [ -0.205771104446552, 43.839309165789011 ], [ -0.206197761693661, 43.840647542770377 ], [ -0.206794348080546, 43.841742832190505 ], [ -0.207613467211704, 43.842551581569481 ], [ -0.208749360985744, 43.8435451613243 ], [ -0.210255110581791, 43.845013233008224 ], [ -0.211679924093378, 43.846322229200737 ], [ -0.213565216904052, 43.847581866638585 ], [ -0.21562365724184, 43.848831240992396 ], [ -0.217158434781946, 43.849957083768686 ], [ -0.217477520032882, 43.850231744681942 ], [ -0.219015762553734, 43.851668119620093 ], [ -0.220345549679637, 43.852987983661869 ], [ -0.222473359224105, 43.854659293464785 ], [ -0.224092742598846, 43.856278172772406 ], [ -0.225295419663605, 43.857543500046027 ], [ -0.226295356377599, 43.859143869205973 ], [ -0.226903854035054, 43.861089976473977 ], [ -0.226810924191609, 43.862569388945097 ], [ -0.226381115870959, 43.864086344276913 ], [ -0.226296356540951, 43.864885960761157 ], [ -0.226446096327077, 43.86561117230687 ], [ -0.227039925802028, 43.866246596351502 ], [ -0.227956363644199, 43.867241405128773 ], [ -0.228286644834783, 43.868511064165595 ], [ -0.228248824944954, 43.869290889627216 ], [ -0.227893029239647, 43.870143487144283 ], [ -0.226995850953863, 43.870764778145528 ], [ -0.226143864242581, 43.871186483041754 ], [ -0.224958896967467, 43.87159043210022 ], [ -0.222632387325771, 43.872042405552904 ], [ -0.219608744303568, 43.872532268018517 ], [ -0.220267787271049, 43.873296622302853 ], [ -0.220927440179595, 43.874222417343915 ], [ -0.221713913865775, 43.875041268914003 ], [ -0.222882692933042, 43.875975515454357 ], [ -0.224415709190928, 43.876929654939616 ], [ -0.225934994754598, 43.878065060420724 ], [ -0.227517251667283, 43.879238439584569 ], [ -0.229088275736071, 43.880636962464841 ], [ -0.230535474118635, 43.881143917978193 ], [ -0.232364066777831, 43.881499553183133 ], [ -0.234164797430897, 43.882085907283916 ], [ -0.236299983837162, 43.882963797830492 ], [ -0.237817288214023, 43.883882461515597 ], [ -0.239702000146927, 43.884975170519297 ], [ -0.241349066446441, 43.886236384997076 ], [ -0.242840264368332, 43.887588022396095 ], [ -0.244324086096894, 43.888386006620159 ], [ -0.24654387579286, 43.889526891990485 ], [ -0.249778317228888, 43.89079081316202 ], [ -0.252166495394471, 43.891634313539988 ], [ -0.253809985197522, 43.892427397759867 ], [ -0.25615389023384, 43.893285419137285 ], [ -0.257445117893065, 43.893872302368997 ], [ -0.25926163050271, 43.894525261323494 ], [ -0.261137887214638, 43.894937258736057 ], [ -0.264288873569372, 43.895694339395881 ], [ -0.265587396192274, 43.896776578988558 ], [ -0.266663358069741, 43.897969693402757 ], [ -0.267582724126192, 43.899068384735124 ], [ -0.267933724489675, 43.900656205492616 ], [ -0.268403536074502, 43.902911911576403 ], [ -0.268476109052645, 43.905067090522309 ], [ -0.268578479098139, 43.906879040586105 ], [ -0.269611652977678, 43.90845564020568 ], [ -0.270472231641185, 43.909930091304972 ], [ -0.270930540323072, 43.911316450846478 ], [ -0.271545012312728, 43.913477890974143 ], [ -0.272101779836662, 43.915051385546782 ], [ -0.271438379554217, 43.915241946490625 ], [ -0.270259681905964, 43.916259360399657 ], [ -0.268615695492916, 43.916879878264403 ], [ -0.265998643894946, 43.918260190283888 ], [ -0.263455685127269, 43.920245255685451 ], [ -0.258087334609364, 43.922721366848918 ], [ -0.25286754783604, 43.924934209726068 ], [ -0.248701259100381, 43.92606285164257 ], [ -0.245970187559637, 43.92637399880828 ], [ -0.241274557850834, 43.926427650342134 ], [ -0.237246909533238, 43.926367269351687 ], [ -0.233271290867799, 43.92555304255913 ], [ -0.229929748079833, 43.924872184151845 ], [ -0.225189393329357, 43.924607627222578 ], [ -0.22345841535146, 43.924851889097347 ], [ -0.220132965289328, 43.9259811495821 ], [ -0.217813947812757, 43.926405153842026 ], [ -0.215435107118832, 43.926295368052671 ], [ -0.213264005928626, 43.926057807262197 ], [ -0.209270401618659, 43.923684781957256 ], [ -0.207386727377046, 43.923276167576091 ], [ -0.20563477287634, 43.924003131674439 ], [ -0.203285787859642, 43.926134327647162 ], [ -0.201103879023259, 43.929053606489198 ], [ -0.199950040816238, 43.930389379009895 ], [ -0.197936575821748, 43.932132519773688 ], [ -0.197194510263083, 43.933626850065615 ], [ -0.196939163807751, 43.935327694362847 ], [ -0.19705140883153, 43.936396417979608 ], [ -0.196252326336118, 43.935033037902024 ], [ -0.196018115479825, 43.933049160561424 ], [ -0.195707589993887, 43.9304093849615 ], [ -0.194140824293813, 43.927758335592124 ], [ -0.192064843570222, 43.926692874484061 ], [ -0.189409359162361, 43.925604444453093 ], [ -0.185029921053046, 43.92389893401787 ], [ -0.179200258325202, 43.920115015249607 ], [ -0.177691787292387, 43.919226938098795 ], [ -0.175619072354209, 43.918310277231193 ], [ -0.171905854038191, 43.916873088064563 ], [ -0.165917607713285, 43.914889630336127 ], [ -0.162666503329755, 43.913542968481138 ], [ -0.160416569462309, 43.912378764742606 ], [ -0.158024912872644, 43.911155272524574 ], [ -0.152506244831288, 43.908337977882312 ], [ -0.149439415091813, 43.906373509615136 ], [ -0.142917278969421, 43.903026758357221 ], [ -0.140443217109435, 43.901575346682911 ], [ -0.134824341075792, 43.899678791529382 ], [ -0.13199543082534, 43.899196947981515 ], [ -0.128766631738095, 43.898380081955807 ], [ -0.127178242700069, 43.89784005783509 ], [ -0.126345990790123, 43.89755836644165 ], [ -0.12502812960811, 43.897312022240591 ], [ -0.12436504934754, 43.896015844759958 ], [ -0.122384022924986, 43.894573448738285 ], [ -0.121966697230213, 43.894022335178853 ], [ -0.120131882391984, 43.892899647730935 ], [ -0.117956396234694, 43.892601107298724 ], [ -0.115460368041152, 43.892176763834932 ], [ -0.113308864924272, 43.891203015679366 ], [ -0.111174173063394, 43.890146983779012 ], [ -0.109673942417995, 43.888987017977115 ], [ -0.107435801468797, 43.887196073441046 ], [ -0.10623268068866, 43.885806888995511 ], [ -0.103217494173584, 43.883699759168351 ], [ -0.09851647133451, 43.881451396855894 ], [ -0.097655138792259, 43.880939376467367 ], [ -0.095950552189304, 43.880065011215017 ], [ -0.094315124331781, 43.879814058326261 ], [ -0.092569966155113, 43.879831843143805 ], [ -0.091063098200078, 43.879919517376806 ], [ -0.089191932410763, 43.879828420824332 ], [ -0.087235069139396, 43.879249245787392 ], [ -0.083515338788985, 43.878201788328724 ], [ -0.079042964091358, 43.876449939654123 ], [ -0.07434952776964, 43.874600931854978 ], [ -0.073244753606331, 43.874204932254536 ], [ -0.070165147680868, 43.873098132942218 ], [ -0.066478363120247, 43.870283454904644 ], [ -0.065469656935507, 43.869095815048937 ], [ -0.063001419529471, 43.866081262960307 ], [ -0.060679275830257, 43.863179064298109 ], [ -0.059216419081722, 43.860653280493331 ], [ -0.058009077449353, 43.858466715267809 ], [ -0.057195330351514, 43.85592781791884 ], [ -0.056661381903386, 43.852732213390993 ], [ -0.055159799637322, 43.847230947824407 ], [ -0.055330412327284, 43.84667235257249 ], [ -0.055831152616753, 43.844235600500589 ], [ -0.056828702734217, 43.840609832468758 ], [ -0.055484538858352, 43.840395126251295 ], [ -0.053449357076074, 43.83971849124287 ], [ -0.051024714243688, 43.837642599512506 ], [ -0.050193128602351, 43.836662461098925 ], [ -0.049502495145197, 43.8356773488754 ], [ -0.048731330961679, 43.834293928493345 ], [ -0.047951578855926, 43.833806871912067 ], [ -0.04409669698689, 43.83142444106636 ], [ -0.041853065431101, 43.830163849697932 ], [ -0.039549878253029, 43.829453553523557 ], [ -0.037835590777816, 43.829253044107951 ], [ -0.037233520721972, 43.829211581362962 ], [ -0.032802739240769, 43.827956523399628 ], [ -0.029091786048414, 43.826538255383326 ], [ -0.02766727500058, 43.825997463834774 ], [ -0.025489636630468, 43.824986070657651 ], [ -0.024359429002359, 43.824404352768454 ], [ -0.022323689506458, 43.823191752964206 ], [ -0.020161622144584, 43.822337195406455 ], [ -0.018652879450757, 43.822068360094526 ], [ -0.016209378059945, 43.821280778837661 ], [ -0.007815929121945, 43.816410975274188 ], [ -0.005447889272608, 43.812972666743192 ], [ -0.003538041307872, 43.809333662994582 ], [ -0.001286558487011, 43.806788157352578 ], [ 0.00060042595861, 43.80457079147628 ], [ 0.000765118762502, 43.804201368296745 ], [ 0.001278130356061, 43.803054764714588 ], [ 0.001585208013899, 43.802337764672551 ], [ 0.002209004038754, 43.79735649159894 ], [ 0.003409506946398, 43.795336810023116 ], [ 0.006674449551314, 43.794161636049516 ], [ 0.008493959728579, 43.793112206729305 ], [ 0.009615661943113, 43.792188684593278 ], [ 0.012262518468757, 43.789933759511612 ], [ 0.013191875741572, 43.789044795093602 ], [ 0.015672530321519, 43.78707745377158 ], [ 0.017055212982116, 43.785823854919698 ], [ 0.018431573635491, 43.784825477828022 ], [ 0.018981010884645, 43.78443081900275 ], [ 0.020205279468698, 43.784211929311624 ], [ 0.022708833527486, 43.783610122230137 ], [ 0.025636991165205, 43.78311385590878 ], [ 0.028297435641019, 43.782042126580009 ], [ 0.029804290888431, 43.781457921421996 ], [ 0.031776348768523, 43.780034248262602 ], [ 0.032837259278935, 43.778938233058149 ], [ 0.033064072718357, 43.778588848031937 ], [ 0.033831367229549, 43.777416371336223 ], [ 0.035100432108224, 43.775703783667197 ], [ 0.035138618877079, 43.77548413134803 ], [ 0.035997720256154, 43.772103123426881 ], [ 0.037496874925467, 43.770626672152758 ], [ 0.038898302011232, 43.769728875979887 ], [ 0.041387250799092, 43.768575561297538 ], [ 0.043167148133216, 43.767800404033842 ], [ 0.048448202085792, 43.765210584571342 ], [ 0.05089217514009, 43.763390713547246 ], [ 0.051764815099944, 43.762761461715954 ], [ 0.056184860026076, 43.760341084706084 ], [ 0.059465522830432, 43.758003181644654 ], [ 0.060125275944311, 43.755972500087211 ], [ 0.060260014207778, 43.754612163172752 ], [ 0.060621325961869, 43.751393347486626 ], [ 0.061671885679587, 43.750093522612012 ], [ 0.06547912738096, 43.748106829028885 ], [ 0.068083466957056, 43.746597473550153 ], [ 0.07061374719625, 43.744963456582802 ], [ 0.071711048797354, 43.743155991812166 ], [ 0.073075457264917, 43.742489745451671 ], [ 0.075003429205005, 43.74143918148652 ], [ 0.076230525079255, 43.740562838423777 ], [ 0.076484606173222, 43.740388825323315 ], [ 0.077016442360604, 43.740074125476106 ], [ 0.082532016360286, 43.736395911909497 ], [ 0.08487305632773, 43.734752446303027 ], [ 0.085952057107385, 43.733403091699451 ], [ 0.08713835530692, 43.731687798911047 ], [ 0.0880435026914, 43.730374648060788 ], [ 0.08917760212997, 43.728464850067574 ], [ 0.09049122690374, 43.726735556344686 ], [ 0.09182254653905, 43.725293806937309 ], [ 0.09247979929626, 43.722894126471054 ], [ 0.092666620908026, 43.720963054055382 ], [ 0.092534139675357, 43.718690421821762 ], [ 0.092324416115084, 43.71652400885467 ], [ 0.091645866667031, 43.715046955439249 ], [ 0.090556294535309, 43.713676395340954 ], [ 0.090125188419932, 43.713124401342114 ], [ 0.090116920480793, 43.712344668214051 ], [ 0.09026700911513, 43.711497628365997 ], [ 0.091621759512925, 43.710836074422716 ], [ 0.094535669897251, 43.709783966245951 ], [ 0.095573948409527, 43.709195635099576 ], [ 0.096673778604636, 43.708364754714225 ], [ 0.097575422951758, 43.706830807619731 ], [ 0.097261330686494, 43.705525950957686 ], [ 0.097211410661086, 43.705204849026153 ], [ 0.097371614061035, 43.703656212539492 ], [ 0.097538863293323, 43.703079364773487 ], [ 0.098132223293141, 43.702374923394139 ], [ 0.099619842166101, 43.702392129274124 ], [ 0.100761891283682, 43.702809768893857 ], [ 0.102534261912503, 43.702821221453199 ], [ 0.104271054876771, 43.702700939306261 ], [ 0.10642695877678, 43.703316123718878 ], [ 0.107863749181073, 43.703196983470079 ], [ 0.109537398340631, 43.702876750514875 ], [ 0.110447304126036, 43.702203141330898 ], [ 0.111607139393321, 43.701153043766119 ], [ 0.112423244075756, 43.700635294970077 ], [ 0.113789330809299, 43.699626394738083 ], [ 0.114595817967891, 43.698040762317767 ], [ 0.11508639320609, 43.696604076535756 ], [ 0.115850181083829, 43.695417781219696 ], [ 0.117358688195387, 43.694512761849275 ], [ 0.118454116255883, 43.693505862467532 ], [ 0.11953259637828, 43.69213480232758 ], [ 0.120451735611101, 43.691020003179624 ], [ 0.120886731583518, 43.690040547576963 ], [ 0.120499768715762, 43.68936421883366 ], [ 0.120339420264321, 43.689053468255487 ], [ 0.118295006980564, 43.686874346248906 ], [ 0.11738223069779, 43.685765196475494 ], [ 0.116581516750962, 43.684808172803336 ], [ 0.116618044706123, 43.683719058767103 ], [ 0.117796842937737, 43.682953437741823 ], [ 0.12006096621538, 43.681851829718141 ], [ 0.122213773929997, 43.680554153456974 ], [ 0.12450294276681, 43.67878193219552 ], [ 0.125970930428431, 43.677101355430288 ], [ 0.126965510341266, 43.675569686650952 ], [ 0.128391784961481, 43.674297648773774 ], [ 0.129968223045095, 43.673875453124033 ], [ 0.130313131032489, 43.673677167722524 ], [ 0.132338749073602, 43.672520010998383 ], [ 0.133408111803053, 43.671822858287385 ], [ 0.13542459732019, 43.671295716668006 ], [ 0.137549564531959, 43.670540523474344 ], [ 0.139351632976005, 43.669035119228532 ], [ 0.141599611500314, 43.666488145352943 ], [ 0.14330821238048, 43.665158997856174 ], [ 0.145795815069205, 43.664292634915206 ], [ 0.146915341722008, 43.663966506690706 ], [ 0.149986402891789, 43.66305200779356 ], [ 0.150267043708341, 43.662672189807992 ], [ 0.151034212830254, 43.662129394707847 ], [ 0.153602013769701, 43.661399815716116 ], [ 0.155034056508559, 43.660956114848808 ], [ 0.156684048597893, 43.660004266603153 ], [ 0.156188794360808, 43.658046208326361 ], [ 0.157142738350411, 43.657225277632072 ], [ 0.160440785183234, 43.655325512893228 ], [ 0.161712454227706, 43.651609537076638 ], [ 0.163349700869834, 43.651106743881279 ], [ 0.164256143526114, 43.650217095202116 ], [ 0.164873898840616, 43.648963405872465 ], [ 0.1656319202738, 43.647546832337483 ], [ 0.166220117297923, 43.64640573419446 ], [ 0.166897250848832, 43.64471737341043 ], [ 0.167107698932455, 43.642224078421449 ], [ 0.167713724746736, 43.641289818420006 ], [ 0.168823676393176, 43.640319643527157 ], [ 0.169728456856076, 43.639316532339507 ], [ 0.170525100875436, 43.638508790027814 ], [ 0.172208662251792, 43.637913103640308 ], [ 0.174934119552628, 43.637381265204894 ], [ 0.17753363452632, 43.636777638212038 ], [ 0.178943153984419, 43.635688479650888 ], [ 0.179740580177446, 43.634975709929734 ], [ 0.180647676264272, 43.634234096932389 ], [ 0.181357252637865, 43.632703821565066 ], [ 0.181667659204836, 43.630852633889127 ], [ 0.182110448632202, 43.62936957913896 ], [ 0.182998951244054, 43.628402736427397 ], [ 0.184395633964469, 43.627511359905576 ], [ 0.186734581460797, 43.626360389590872 ], [ 0.188259097102219, 43.625670469526291 ], [ 0.189860226277662, 43.624937549211282 ], [ 0.191177761149328, 43.624251415531546 ], [ 0.192055060899352, 43.623594773617654 ], [ 0.192474458102298, 43.622984501615569 ], [ 0.193057361637532, 43.621361014854386 ], [ 0.193185302520437, 43.620040391166597 ], [ 0.192744456080133, 43.6187908956706 ], [ 0.192097088868563, 43.617567722939789 ], [ 0.191408657444088, 43.616609082768115 ], [ 0.189808496752043, 43.616036517696315 ], [ 0.188598227821262, 43.615226782927706 ], [ 0.188497243668538, 43.614562195423659 ], [ 0.189146868209972, 43.613327624870685 ], [ 0.189953301106297, 43.61210629210904 ], [ 0.190257584134267, 43.611060953064474 ], [ 0.190041864378096, 43.610212611285654 ], [ 0.189858392750525, 43.609366124656759 ], [ 0.189895710385859, 43.608403771925651 ], [ 0.190395817009109, 43.607894704779184 ], [ 0.192063639723606, 43.60604696627535 ], [ 0.192524044161077, 43.604884122986242 ], [ 0.192954149053253, 43.603851213940438 ], [ 0.193748892255667, 43.603007537231242 ], [ 0.194843062919544, 43.601990779278466 ], [ 0.195327784789513, 43.600184969784159 ], [ 0.196162130756141, 43.598644598363457 ], [ 0.196855524929649, 43.597226246096518 ], [ 0.197566217483439, 43.596028965298103 ], [ 0.197730826383826, 43.595795191304127 ], [ 0.198235535516383, 43.595073745795197 ], [ 0.19926995457549, 43.594470148620836 ], [ 0.200151400383114, 43.594178245683615 ], [ 0.201227230677595, 43.59430913823681 ], [ 0.201890740919247, 43.594393657811388 ], [ 0.201995549031668, 43.594117493208792 ], [ 0.202280772775876, 43.592765203444969 ], [ 0.202066757207153, 43.590698254160742 ], [ 0.202423187196307, 43.588663377613898 ], [ 0.20339610242901, 43.586982521461543 ], [ 0.204325614371631, 43.585268854896022 ], [ 0.20467700092, 43.582960093968666 ], [ 0.204808266244105, 43.580640548614475 ], [ 0.205886032801753, 43.579370982903363 ], [ 0.206161596553582, 43.579050168961643 ], [ 0.207442397040359, 43.577822580489645 ], [ 0.208315467297315, 43.575617123584976 ], [ 0.209296756359941, 43.574305191595322 ] ] ] ] } },
{ "type": "Feature", "properties": { "fid": 13, "gid": 21, "codenatzon": "46", "id_local": "221", "cdperimetr": "221", "nomperimet": "Adour amont", "nomzone": "Adour de sa source au confluent du Lées (exclus), à l'exclusion de l'Esteous, du Louet et de l'Arros", "numcircadm": "05", "cddepartem": "40", "sourceperi": "BDCARTHAGE 2012", "niveau": "Niveau_1", "nominterve": "OUGC Adour", "structureo": "Irrig'Adour", "datecreati": "2013-07-29", "cdinterven": "2202", "vpi_aff": 28.65, "mg_mnoe": 5.5, "vp_def": 42.8, "vp_notif": 49.9, "v_aup": 49.9, "v1_5": 42.4, "vmax": 49.9, "vaut": 49.9, "typ_gest": "3", "v_ret_dec": 1.22, "v_rdec_aup": 4.15, "deseq": 2, "ecar_imp": "1", "v_eso_dec": 0.0, "v_edec_aup": 0.0, "vprj_ret": 7.8, "rqs": null }, "geometry": { "type": "MultiPolygon", "coordinates": [ [ [ [ 0.329239840488383, 42.944928761149939 ], [ 0.328283562094524, 42.942579275502112 ], [ 0.324670799752992, 42.937904318002481 ], [ 0.324046635191381, 42.936193007022823 ], [ 0.323905644914715, 42.934340555272669 ], [ 0.323120699296503, 42.932863110885819 ], [ 0.321344770603042, 42.930943385290455 ], [ 0.319059402040369, 42.928686246144125 ], [ 0.316780563763079, 42.925300081166796 ], [ 0.313622797154957, 42.918791331469457 ], [ 0.311802556903845, 42.914876464067284 ], [ 0.310814666679632, 42.912755777057477 ], [ 0.308729659963977, 42.909077220671819 ], [ 0.305901607367925, 42.905286081599215 ], [ 0.304823616127942, 42.903409119462822 ], [ 0.304511575272045, 42.902862236110586 ], [ 0.304543037229198, 42.9025434842914 ], [ 0.304674803065001, 42.901201228481042 ], [ 0.3080193944795, 42.897475097612869 ], [ 0.3078752394329, 42.895613421437176 ], [ 0.306922890003171, 42.894711552805063 ], [ 0.305979639846639, 42.894093725167906 ], [ 0.304521249944309, 42.893535411759828 ], [ 0.303009646988786, 42.89346580426858 ], [ 0.302956980402143, 42.893433864978647 ], [ 0.3019066616998, 42.89353711139519 ], [ 0.300567899093404, 42.893841388421897 ], [ 0.299062598517965, 42.894024036917671 ], [ 0.297547599694362, 42.893967542713348 ], [ 0.297048155750945, 42.893869215118052 ], [ 0.29625291474809, 42.893355048436888 ], [ 0.295712829984001, 42.89269827185209 ], [ 0.295323997108245, 42.891716569685968 ], [ 0.295615828562419, 42.890787751078108 ], [ 0.295980217274725, 42.890058806956496 ], [ 0.296360482367286, 42.889316992145666 ], [ 0.296358746827196, 42.888817734994994 ], [ 0.295525527822582, 42.888226053079329 ], [ 0.293819084026951, 42.887633802101462 ], [ 0.292302642245806, 42.887433226029536 ], [ 0.290396955781605, 42.886827741381111 ], [ 0.288701661801991, 42.886384720481601 ], [ 0.287644628836795, 42.885980288453403 ], [ 0.285939597114411, 42.885360374182923 ], [ 0.284517501135883, 42.885163103109285 ], [ 0.282943480619423, 42.884889484063059 ], [ 0.281665950664284, 42.885014348197423 ], [ 0.280298889768119, 42.885065465767553 ], [ 0.279643629203877, 42.885183623650896 ], [ 0.277205610246201, 42.885157545294391 ], [ 0.276023160383637, 42.885267408500731 ], [ 0.275333197656408, 42.885326472047815 ], [ 0.269267057813877, 42.883156004379579 ], [ 0.263786020433139, 42.880303823057837 ], [ 0.262806517049446, 42.87970305427077 ], [ 0.261352328940186, 42.879131000732492 ], [ 0.258988197430545, 42.878485677132581 ], [ 0.258013888073479, 42.878217807460501 ], [ 0.255333546279807, 42.877186571938431 ], [ 0.250960262347776, 42.875882209272028 ], [ 0.247054217892534, 42.8739199092524 ], [ 0.243629615915182, 42.872815173632489 ], [ 0.241367172813758, 42.872172065931949 ], [ 0.240402088865363, 42.872093140568161 ], [ 0.238465645899489, 42.871921837378636 ], [ 0.238256100900136, 42.871920520816744 ], [ 0.237520583847898, 42.871830130992358 ], [ 0.236729031149072, 42.871926121737879 ], [ 0.235455943261635, 42.872136314526614 ], [ 0.234710077499388, 42.872350885565226 ], [ 0.23387004119769, 42.872298619056778 ], [ 0.231227438196388, 42.871159523415869 ], [ 0.230345725846199, 42.870759022771971 ], [ 0.229099594078673, 42.870375645707654 ], [ 0.227841981493205, 42.870145115336285 ], [ 0.226090196924703, 42.869654715915694 ], [ 0.221334432701916, 42.869638870643158 ], [ 0.221315208639716, 42.869634296749325 ], [ 0.219798701101127, 42.869275472148693 ], [ 0.218610722661197, 42.869446833295648 ], [ 0.218345696730639, 42.869445059912962 ], [ 0.217449948199049, 42.869021638921055 ], [ 0.216620334955027, 42.868405930661254 ], [ 0.216053852531683, 42.867860349380514 ], [ 0.215454248039552, 42.867426222178224 ], [ 0.214313606742262, 42.866785077628883 ], [ 0.213479981022416, 42.866398975531681 ], [ 0.212705369987498, 42.866113403006068 ], [ 0.212673931083962, 42.866103408364303 ], [ 0.211074569948733, 42.865796396138521 ], [ 0.21059129921649, 42.865860415878373 ], [ 0.209218552547701, 42.865892102956508 ], [ 0.208751693457975, 42.865816652843769 ], [ 0.208118780826094, 42.865557197024948 ], [ 0.207393538467631, 42.865111585985332 ], [ 0.206961802644505, 42.864969681129921 ], [ 0.206091650582937, 42.864767327530124 ], [ 0.205465873954315, 42.864908260693092 ], [ 0.204946054903873, 42.865155057031224 ], [ 0.204486351349938, 42.865507555025388 ], [ 0.204164063170713, 42.866003482960082 ], [ 0.203874212186003, 42.866517645181254 ], [ 0.20363105165199, 42.86718613450185 ], [ 0.203593037935231, 42.867284169102724 ], [ 0.203434872316006, 42.868233604475023 ], [ 0.203199552362955, 42.869834413280245 ], [ 0.202930589419275, 42.870807508750168 ], [ 0.202243246315149, 42.871591011711089 ], [ 0.201451200039731, 42.872213551121362 ], [ 0.200162439305448, 42.873493881767644 ], [ 0.198892185720183, 42.874648084766072 ], [ 0.198468272729701, 42.874803428531592 ], [ 0.197883330986734, 42.875188364609315 ], [ 0.197033863777449, 42.87558987420708 ], [ 0.196990247582474, 42.875602005449494 ], [ 0.196140081244036, 42.875845232612576 ], [ 0.194761359386419, 42.876196156490536 ], [ 0.193309311040774, 42.876283757960394 ], [ 0.191343766357267, 42.876282349930953 ], [ 0.189346060869119, 42.876400556391395 ], [ 0.187165803813719, 42.876991728878934 ], [ 0.185984881320762, 42.877527408126483 ], [ 0.184308099917324, 42.878784099598512 ], [ 0.182050806792024, 42.880901538398071 ], [ 0.181986729142124, 42.880963142378008 ], [ 0.179947409281552, 42.883019893589804 ], [ 0.179201676038042, 42.883652691468384 ], [ 0.178604997239937, 42.88387488119966 ], [ 0.178545136805424, 42.883878431244277 ], [ 0.177543995217314, 42.883910293568462 ], [ 0.176705285072625, 42.883942348615705 ], [ 0.176435391875875, 42.883953621490235 ], [ 0.1763315826226, 42.884003978607424 ], [ 0.175442572776521, 42.884413487397318 ], [ 0.174690529340647, 42.884689752197893 ], [ 0.173666350536541, 42.884937428493252 ], [ 0.172309241008061, 42.885122205195337 ], [ 0.170032012298504, 42.885499165218093 ], [ 0.169015019068226, 42.885656127907538 ], [ 0.16751905025501, 42.885698341618877 ], [ 0.166458733357937, 42.885746912809552 ], [ 0.165154430149875, 42.885788030937121 ], [ 0.16370875533689, 42.885795778601448 ], [ 0.162506178034645, 42.885772167595157 ], [ 0.159913672006095, 42.885780157731503 ], [ 0.158495024804519, 42.887277127796025 ], [ 0.158066753909473, 42.887630283539089 ], [ 0.15696636881307, 42.888694605482158 ], [ 0.156103164235743, 42.889819317149595 ], [ 0.155442032989531, 42.890787018551407 ], [ 0.154588095219705, 42.892118200849147 ], [ 0.15400327870469, 42.893142050704881 ], [ 0.153232903219197, 42.894269208090371 ], [ 0.152477029748516, 42.895382449770203 ], [ 0.151758586579402, 42.896808068550399 ], [ 0.150903643826773, 42.898184143375119 ], [ 0.14996287322225, 42.899949965417434 ], [ 0.149317544703149, 42.901665458467896 ], [ 0.148702511129003, 42.904177075767485 ], [ 0.14738963534291, 42.906558903364584 ], [ 0.145953575760684, 42.908788350532909 ], [ 0.145744204817153, 42.909119720254388 ], [ 0.14537303741332, 42.909690793185163 ], [ 0.144937561281868, 42.910326538283805 ], [ 0.144727225517041, 42.910677280377747 ], [ 0.144836105476908, 42.911484702298615 ], [ 0.144950372470781, 42.911928826993964 ], [ 0.145220633601084, 42.91244956697404 ], [ 0.14553925769015, 42.912889929286806 ], [ 0.145827930212606, 42.913262085701149 ], [ 0.146238977149955, 42.91374472159324 ], [ 0.14696768430206, 42.914659492571744 ], [ 0.14759966686399, 42.915734037988997 ], [ 0.14781905947409, 42.916527063146965 ], [ 0.147430384688741, 42.917142604039256 ], [ 0.146182792833648, 42.917851739775671 ], [ 0.145170595415272, 42.9184905161408 ], [ 0.14388993594875, 42.919221198510648 ], [ 0.143086514907079, 42.91968174145503 ], [ 0.143069892300516, 42.920414390390327 ], [ 0.14263583045979, 42.921752602534724 ], [ 0.14211341525541, 42.922881224717962 ], [ 0.14206013869049, 42.923145260913316 ], [ 0.141892604066004, 42.923725843491184 ], [ 0.141445777307517, 42.924870752394945 ], [ 0.14059605446775, 42.925958987689967 ], [ 0.140365318301917, 42.927285286463125 ], [ 0.140364194442007, 42.92880144828186 ], [ 0.140557615506817, 42.930007316682072 ], [ 0.142162104640776, 42.936754037712468 ], [ 0.14215242139639, 42.93720403413603 ], [ 0.141800243220082, 42.937667412090889 ], [ 0.140610727039672, 42.937779707349719 ], [ 0.13793650667186, 42.937312332361472 ], [ 0.134056817444397, 42.936268542301072 ], [ 0.12982151444173, 42.935084411856742 ], [ 0.126929617665525, 42.934498630291387 ], [ 0.123659031534945, 42.93420893470708 ], [ 0.120240882230316, 42.93412142726271 ], [ 0.118966624350518, 42.933898366573807 ], [ 0.118359465903277, 42.933756496419072 ], [ 0.117652716038173, 42.933354644080126 ], [ 0.116717470170253, 42.932461678290942 ], [ 0.115754770234161, 42.930892027807701 ], [ 0.115206174021521, 42.929518311951739 ], [ 0.114532801477483, 42.928195354368754 ], [ 0.113447287429854, 42.927113504203589 ], [ 0.111925322477393, 42.926064830026618 ], [ 0.109899756417048, 42.925281334712977 ], [ 0.108051030902068, 42.924880326973621 ], [ 0.105875992389564, 42.92442150042617 ], [ 0.101289513046006, 42.924342725345774 ], [ 0.098665742741447, 42.924411774361509 ], [ 0.096929239632422, 42.924630314386782 ], [ 0.094615535044519, 42.924833208293308 ], [ 0.093607751115741, 42.924454716805009 ], [ 0.09286884493524, 42.924034457077589 ], [ 0.091879036472068, 42.9228824840934 ], [ 0.090879970794827, 42.921555651999775 ], [ 0.090332528237766, 42.920892470656646 ], [ 0.089379919767038, 42.920219326567917 ], [ 0.087994671172709, 42.920028620036504 ], [ 0.085386055000167, 42.920214117872305 ], [ 0.08022486312255, 42.920713096716341 ], [ 0.076923416209468, 42.921081715979625 ], [ 0.073964419099257, 42.921739352681819 ], [ 0.07132461941879, 42.922319850831713 ], [ 0.067808243988523, 42.923254127611514 ], [ 0.062313087978769, 42.924741720267164 ], [ 0.057161265593308, 42.926247628780786 ], [ 0.052982706125794, 42.928063871496683 ], [ 0.050852002347584, 42.929196959211993 ], [ 0.050294006576462, 42.92962272736073 ], [ 0.049832833641796, 42.93068524970343 ], [ 0.048994023614756, 42.93187725527995 ], [ 0.047545752297163, 42.933822403700553 ], [ 0.047434876313476, 42.934444255221457 ], [ 0.047402162089074, 42.934623058036152 ], [ 0.047189109162542, 42.936241729794084 ], [ 0.04545057343176, 42.938534195635292 ], [ 0.043131930416947, 42.940099006153929 ], [ 0.042276656170612, 42.941690800174698 ], [ 0.04191393465996, 42.943161369859133 ], [ 0.041058991396423, 42.944663325744528 ], [ 0.039917668635502, 42.945757114698857 ], [ 0.038740112160936, 42.947749466644083 ], [ 0.037961609647064, 42.950418551101876 ], [ 0.036966503667541, 42.951939077390804 ], [ 0.035537616169325, 42.95294320556814 ], [ 0.034932131118927, 42.954208993546004 ], [ 0.034515151876132, 42.955349273060918 ], [ 0.033800788569687, 42.958552116666446 ], [ 0.033732837958838, 42.959445752514995 ], [ 0.033917313286603, 42.9603504119831 ], [ 0.034012819810112, 42.960820726628221 ], [ 0.034308486490366, 42.961563046100842 ], [ 0.034786534347236, 42.962137833930136 ], [ 0.035433524863128, 42.962916410632793 ], [ 0.036416978175143, 42.963640951150943 ], [ 0.03714411715042, 42.964565689309019 ], [ 0.037777397198944, 42.966239372893924 ], [ 0.039603196928985, 42.96901191120331 ], [ 0.041976171691412, 42.973082014504513 ], [ 0.042563314427646, 42.974083537114261 ], [ 0.043543911833873, 42.974978440812677 ], [ 0.044880928711261, 42.975865785625828 ], [ 0.046102044337989, 42.976435431242919 ], [ 0.047784755018516, 42.976625644881643 ], [ 0.04938705833279, 42.976210134474584 ], [ 0.051363864161413, 42.975868192315659 ], [ 0.053771419703492, 42.975750425604772 ], [ 0.056232806730164, 42.976024122334557 ], [ 0.059632462342163, 42.976306078161947 ], [ 0.062000610835379, 42.977239780215669 ], [ 0.064359858754548, 42.97791178078495 ], [ 0.066023498807903, 42.978920109396711 ], [ 0.06729810028674, 42.979921859011995 ], [ 0.068129869854735, 42.981101461718538 ], [ 0.069284739205789, 42.983180241801264 ], [ 0.069695724365061, 42.985778914531032 ], [ 0.06994695980292, 42.98710911634091 ], [ 0.070235076751311, 42.988205451607541 ], [ 0.070146609940612, 42.989404881747227 ], [ 0.069578329763597, 42.990382935717491 ], [ 0.069030948846038, 42.991057254815921 ], [ 0.068301169712306, 42.992202435770139 ], [ 0.068053463132686, 42.99349657536451 ], [ 0.068109864236784, 42.995158428523965 ], [ 0.068879399603365, 42.997847573625002 ], [ 0.069182979050677, 42.998886143566835 ], [ 0.069205953045331, 42.999944642330021 ], [ 0.068899951231527, 43.001015617934321 ], [ 0.067172988542249, 43.002701376678004 ], [ 0.065734913019886, 43.004092719292125 ], [ 0.065011776220735, 43.004910303483456 ], [ 0.064556965479512, 43.005675983236067 ], [ 0.063290383786376, 43.007716333551159 ], [ 0.061494740364912, 43.009651308786438 ], [ 0.059981877094127, 43.010920076840243 ], [ 0.059089472976818, 43.011642128889591 ], [ 0.057927311015392, 43.01252424052921 ], [ 0.056804592572945, 43.013177682539698 ], [ 0.056167154629129, 43.013672853788385 ], [ 0.055639981263368, 43.01421594586494 ], [ 0.054788330300573, 43.015803984643476 ], [ 0.054388406908844, 43.016909123092084 ], [ 0.053947520172648, 43.017697628047834 ], [ 0.053236449687924, 43.018708470003752 ], [ 0.052975495225711, 43.019187394485911 ], [ 0.051866855811963, 43.020052543486315 ], [ 0.048576076459843, 43.022172047587937 ], [ 0.048003093460449, 43.022709792608417 ], [ 0.047771267830765, 43.023598964091761 ], [ 0.047763822451904, 43.024782257762155 ], [ 0.048594830462224, 43.026964792377655 ], [ 0.049275052172036, 43.02874799542635 ], [ 0.049885779224488, 43.030830533533532 ], [ 0.049572316433593, 43.033103173717912 ], [ 0.04836121886672, 43.033595860376138 ], [ 0.047915414931587, 43.033903244378699 ], [ 0.047819498162489, 43.034337667225934 ], [ 0.047846575003593, 43.034652922696495 ], [ 0.048926686995867, 43.036348045993719 ], [ 0.048297655675512, 43.037955461644117 ], [ 0.048127988751784, 43.038607406502251 ], [ 0.048089895675209, 43.039627527939921 ], [ 0.048269400414648, 43.040748568445331 ], [ 0.049165158895051, 43.041965848002121 ], [ 0.050081459636241, 43.042972315154408 ], [ 0.05078039899736, 43.043846175676769 ], [ 0.05164526417256, 43.045070764017247 ], [ 0.051718804255341, 43.045977529609253 ], [ 0.051626328891821, 43.046700022878717 ], [ 0.050746799918731, 43.048358801179909 ], [ 0.050184413534133, 43.049886348155034 ], [ 0.050130106239524, 43.050951984099726 ], [ 0.050060983354158, 43.051215584131732 ], [ 0.049923619237269, 43.051752031793704 ], [ 0.049137236742544, 43.052783294695857 ], [ 0.048591828814589, 43.053430055080128 ], [ 0.047799738423972, 43.053916867980661 ], [ 0.046127405264728, 43.05470731720041 ], [ 0.042958725274838, 43.055975402856021 ], [ 0.037250677004147, 43.058369341159022 ], [ 0.034294453533318, 43.059940188892583 ], [ 0.032207611701389, 43.061012086457197 ], [ 0.030431842969144, 43.061529879475295 ], [ 0.028666583975151, 43.061462787201314 ], [ 0.026456222601152, 43.061059651238111 ], [ 0.023999713092638, 43.060514858936408 ], [ 0.02057852342768, 43.059718662712669 ], [ 0.018647154145858, 43.059417033317608 ], [ 0.01555750325358, 43.059188437937465 ], [ 0.012884284752471, 43.059257252310502 ], [ 0.01077809622493, 43.059806384290063 ], [ 0.008595826680546, 43.060236954770666 ], [ 0.006516212566191, 43.061024673372692 ], [ 0.004577345426798, 43.061083080218609 ], [ 0.002723378293243, 43.060739397685545 ], [ 0.000876226682272, 43.06023759145743 ], [ -0.001980687283784, 43.05938899065363 ], [ -0.003526695960367, 43.058828105442082 ], [ -0.006146132127425, 43.060487968529088 ], [ -0.006633374746601, 43.060725563280222 ], [ -0.007804253294278, 43.061147298947084 ], [ -0.007497279611057, 43.062610073148761 ], [ -0.006584986552915, 43.067648661201467 ], [ -0.006325230000053, 43.073024400880151 ], [ -0.005530528573834, 43.080868081717917 ], [ -0.006444707114357, 43.083768368323774 ], [ -0.008906941927921, 43.085463247541988 ], [ -0.010223808511521, 43.086484426739659 ], [ -0.011246894113462, 43.088097958338366 ], [ -0.010917770778505, 43.095694911559491 ], [ -0.010618076774354, 43.103992672866617 ], [ -0.011437328927257, 43.10802920635988 ], [ -0.012622675745486, 43.10798688618474 ], [ -0.014487533615542, 43.108038868500735 ], [ -0.016590347522039, 43.10845693048995 ], [ -0.018145147170994, 43.109137441308469 ], [ -0.019295803684969, 43.109978373284022 ], [ -0.020277336503908, 43.111130403019693 ], [ -0.02158822991575, 43.112556057728526 ], [ -0.022414752913925, 43.113914633298165 ], [ -0.022835312532368, 43.115666545783213 ], [ -0.023098346712674, 43.117230873978151 ], [ -0.023235406955773, 43.118652718364935 ], [ -0.023378447616639, 43.11877533696925 ], [ -0.023828110558733, 43.120229243820802 ], [ -0.024373470306893, 43.121726423970053 ], [ -0.024677058582527, 43.122546157810831 ], [ -0.025141098885094, 43.123874049307972 ], [ -0.026423639365424, 43.125309670383444 ], [ -0.027085697487836, 43.125971247278486 ], [ -0.028620168327013, 43.127476372046175 ], [ -0.031198488160335, 43.128703950098128 ], [ -0.034114006347471, 43.128649470981323 ], [ -0.035182355653091, 43.128416140884759 ], [ -0.036202955206078, 43.128149424711971 ], [ -0.037651206127729, 43.127185376963162 ], [ -0.038883161402877, 43.125953715698834 ], [ -0.039813895953262, 43.124694786485932 ], [ -0.04071084047999, 43.123643096605562 ], [ -0.041162484952446, 43.122581491768365 ], [ -0.041724806130264, 43.121503507813671 ], [ -0.042541905259517, 43.120472430219884 ], [ -0.043350871452283, 43.119711202575402 ], [ -0.043870254191191, 43.119116453859192 ], [ -0.045362642224229, 43.118309345071403 ], [ -0.046466144824178, 43.117926819530254 ], [ -0.047342640851321, 43.117707991634774 ], [ -0.048667178441608, 43.117260988050482 ], [ -0.049339032927717, 43.117021379427825 ], [ -0.051514032185009, 43.118373256173861 ], [ -0.053386005314196, 43.121192032468464 ], [ -0.055009832056799, 43.123981072601651 ], [ -0.055858692567241, 43.126139471634488 ], [ -0.056184814935053, 43.127692788779669 ], [ -0.055568279183673, 43.130590312166653 ], [ -0.056925444472795, 43.13362996521181 ], [ -0.057637007235613, 43.135297970956955 ], [ -0.058924973611941, 43.138317145371893 ], [ -0.060156915893824, 43.142989316983339 ], [ -0.063727090962231, 43.14969283936928 ], [ -0.066077686233164, 43.15364076959596 ], [ -0.065061788071552, 43.155317029664381 ], [ -0.065270957736575, 43.157629461751213 ], [ -0.066343471201747, 43.160384094605767 ], [ -0.066487033312408, 43.162247995471375 ], [ -0.06668618797072, 43.165316498713452 ], [ -0.066030855230949, 43.169241709534376 ], [ -0.065492842896441, 43.17059390999848 ], [ -0.064467009804788, 43.173377579389204 ], [ -0.062925915908476, 43.176499648347431 ], [ -0.061680235432499, 43.179352857114615 ], [ -0.060950353479578, 43.181907499302383 ], [ -0.059290051435863, 43.185816269952511 ], [ -0.059989682674425, 43.194226557484342 ], [ -0.060157975131244, 43.196269563955916 ], [ -0.060406037525044, 43.199264255590222 ], [ -0.060239045278812, 43.200169829917854 ], [ -0.059898824051741, 43.200836207632008 ], [ -0.059398248472107, 43.202402839272708 ], [ -0.059364490208548, 43.204137038533368 ], [ -0.059297312941757, 43.206083595670819 ], [ -0.059195903426426, 43.20946611286233 ], [ -0.059243781045937, 43.211818979336918 ], [ -0.059457070412164, 43.213419520791597 ], [ -0.059902219755531, 43.216917321661832 ], [ -0.060322642819889, 43.218683572449066 ], [ -0.060695438058448, 43.220630951813796 ], [ -0.06158919522074, 43.222999686105396 ], [ -0.062901756300168, 43.225047049295391 ], [ -0.063489792250693, 43.225705480786473 ], [ -0.06435252599663, 43.22667070623006 ], [ -0.066313188920043, 43.229266494415143 ], [ -0.068031812023314, 43.230932539896827 ], [ -0.070145468854474, 43.233378899811314 ], [ -0.071962876407321, 43.235767267852005 ], [ -0.073195091844118, 43.237185639539362 ], [ -0.074254249732814, 43.238763134258349 ], [ -0.076792795257456, 43.241071666624727 ], [ -0.079062510275337, 43.243077309222691 ], [ -0.081259100837216, 43.245750933289152 ], [ -0.083248292022864, 43.24817409087072 ], [ -0.084616327360495, 43.249666099700413 ], [ -0.083546791838704, 43.250308472682697 ], [ -0.081753064797422, 43.251493440924868 ], [ -0.079143506716176, 43.254385920520065 ], [ -0.077899271580447, 43.255947378753717 ], [ -0.075415417417502, 43.259029221968575 ], [ -0.074204655944471, 43.260540651103831 ], [ -0.072643436415994, 43.263686056631308 ], [ -0.071487058279237, 43.266247954478274 ], [ -0.069551716172645, 43.26969711801393 ], [ -0.06839150478464, 43.274083320076798 ], [ -0.067900111959325, 43.275698848847014 ], [ -0.068069741880228, 43.277468236882079 ], [ -0.069358482049448, 43.280248670390264 ], [ -0.069024455068425, 43.281879163398685 ], [ -0.0682216815444, 43.283634283364371 ], [ -0.067634820147172, 43.284875643090473 ], [ -0.066640792637366, 43.288320507638218 ], [ -0.066748157559785, 43.290522705763031 ], [ -0.066978621549632, 43.292068719831029 ], [ -0.067491221039542, 43.293477021152867 ], [ -0.067658593749105, 43.294966612493084 ], [ -0.067423623728846, 43.2974890658069 ], [ -0.066946419634942, 43.298718097452756 ], [ -0.066532562064749, 43.300165979992663 ], [ -0.065794717000461, 43.302279830582165 ], [ -0.064963791407977, 43.304459634240203 ], [ -0.064190300567907, 43.306115880510525 ], [ -0.063572472831062, 43.307438785600155 ], [ -0.062131220208474, 43.309954569871365 ], [ -0.060654535380584, 43.314097464232326 ], [ -0.060571022898859, 43.315738206271739 ], [ -0.060433786862638, 43.318685885891057 ], [ -0.059497287567529, 43.321652118065487 ], [ -0.059170301548589, 43.324321207207085 ], [ -0.05947330378123, 43.327418863609005 ], [ -0.05967151399617, 43.328885149236847 ], [ -0.059650920105145, 43.33042097322339 ], [ -0.059457040136263, 43.33196067645428 ], [ -0.05907684975632, 43.333839665174388 ], [ -0.058586012687552, 43.335347934676967 ], [ -0.057674090457836, 43.33722870635534 ], [ -0.057451111315677, 43.337562894353056 ], [ -0.058466113353177, 43.338466781469513 ], [ -0.058628452352775, 43.339231341027094 ], [ -0.058666852083573, 43.34048153351285 ], [ -0.058626211556739, 43.341297819818877 ], [ -0.057482038075034, 43.343814357060296 ], [ -0.057131310747338, 43.345327865392093 ], [ -0.056641666323618, 43.34717829521697 ], [ -0.056483049432674, 43.349253282367719 ], [ -0.056243521339469, 43.35104352559361 ], [ -0.055880080695114, 43.352926150459723 ], [ -0.054949708465307, 43.354729770145227 ], [ -0.054242379709, 43.356991876893069 ], [ -0.053524274980443, 43.359870228572738 ], [ -0.052803192609563, 43.36227161330568 ], [ -0.05217080386028, 43.363996350693093 ], [ -0.051493343495152, 43.365901110114166 ], [ -0.050816514040667, 43.37025023253593 ], [ -0.05076440977168, 43.37193610467363 ], [ -0.050899082339545, 43.373367486930825 ], [ -0.050987237987576, 43.374846145903135 ], [ -0.05071905340874, 43.377131628211373 ], [ -0.050793441107241, 43.38004176690238 ], [ -0.047865061437646, 43.383293958362678 ], [ -0.046425708934544, 43.385206876934085 ], [ -0.044889926049285, 43.387257334190799 ], [ -0.044015405832754, 43.389154310873778 ], [ -0.042829412296192, 43.391227581206088 ], [ -0.041498669143496, 43.393213984472396 ], [ -0.040345592385845, 43.394402722204951 ], [ -0.038961321339386, 43.395617320831356 ], [ -0.038938443802997, 43.396351402298947 ], [ -0.03637930835007, 43.399726726441983 ], [ -0.035934228298714, 43.402071277977242 ], [ -0.035052741171917, 43.403500560068878 ], [ -0.033807942722945, 43.404656039458338 ], [ -0.032705923107672, 43.405969904337397 ], [ -0.030743132279711, 43.407807382555688 ], [ -0.029166864318427, 43.409031328408368 ], [ -0.028341018309614, 43.409738838722475 ], [ -0.027620306989562, 43.411406666091764 ], [ -0.027407295172551, 43.413509774685124 ], [ -0.027475525652525, 43.413980813424644 ], [ -0.027903858386781, 43.417060919110355 ], [ -0.027655014457245, 43.417338564631983 ], [ -0.026578592121604, 43.418160322408553 ], [ -0.025300084524232, 43.419191003617627 ], [ -0.023872934234663, 43.419793715863996 ], [ -0.022489773125053, 43.419953898611908 ], [ -0.02065390647873, 43.42043313499844 ], [ -0.01775750777781, 43.421828571040244 ], [ -0.015928491854248, 43.423215659100606 ], [ -0.015378544333403, 43.424541553947776 ], [ -0.015356093136478, 43.425343040678563 ], [ -0.015551879191973, 43.428971076579963 ], [ -0.015916587912884, 43.43052687812289 ], [ -0.016696114641929, 43.431279481513108 ], [ -0.017812299573237, 43.432490518674754 ], [ -0.017931082563607, 43.433338124338782 ], [ -0.017894208927269, 43.434131846530647 ], [ -0.016542366675297, 43.435884618960365 ], [ -0.015815090605441, 43.437012196272136 ], [ -0.015101208069014, 43.437967766894211 ], [ -0.01441983564441, 43.439009274369099 ], [ -0.01441912711079, 43.440359742732326 ], [ -0.014916299460761, 43.441232563327688 ], [ -0.015546811131196, 43.442776904646621 ], [ -0.016207569027932, 43.444068100457436 ], [ -0.016593870922097, 43.444777500878018 ], [ -0.016665236364571, 43.445523270192126 ], [ -0.016157891326295, 43.446676390208836 ], [ -0.014945560444633, 43.448208717177216 ], [ -0.014845695279304, 43.449058320772693 ], [ -0.015065060977874, 43.450434335280335 ], [ -0.015660193255352, 43.451542461401388 ], [ -0.017076404966455, 43.452718647959337 ], [ -0.017424991716677, 43.4530021093139 ], [ -0.017778142246843, 43.453585786473234 ], [ -0.017901569153333, 43.454788770029786 ], [ -0.018727541562181, 43.456873150924658 ], [ -0.018781292405072, 43.461715754154014 ], [ -0.018719074675505, 43.463175202122251 ], [ -0.01906221583244, 43.464341432359333 ], [ -0.019167938454346, 43.466674723926147 ], [ -0.018829870013477, 43.468970339325161 ], [ -0.018346583576931, 43.470798063437257 ], [ -0.017946028383214, 43.471637675617821 ], [ -0.015482749884857, 43.476793506349544 ], [ -0.013900567067836, 43.479123719456197 ], [ -0.012648309401539, 43.481193457639037 ], [ -0.012202342242766, 43.482588002834504 ], [ -0.011900876193813, 43.483528026216035 ], [ -0.011277971551763, 43.485589439256351 ], [ -0.010915585151909, 43.487161451821173 ], [ -0.010800388880027, 43.489515217350181 ], [ -0.010960339595203, 43.491121765123552 ], [ -0.010402361247659, 43.493514395933154 ], [ -0.009644823504203, 43.496223128831048 ], [ -0.009184788360896, 43.497433169167074 ], [ -0.008032260514259, 43.501606521010466 ], [ -0.008246226940592, 43.503923610241202 ], [ -0.007886526759512, 43.509812656003398 ], [ -0.007975434467025, 43.513681901928194 ], [ -0.008047163281252, 43.515908975983514 ], [ -0.008258663599193, 43.517937033399107 ], [ -0.008826278618215, 43.519393380643336 ], [ -0.00929663206657, 43.520627667127549 ], [ -0.009260487654351, 43.521893364671627 ], [ -0.009413070248024, 43.521965756064212 ], [ -0.009776179075947, 43.521902560424181 ], [ -0.011036764406264, 43.521579487819103 ], [ -0.011675344014794, 43.521201127515816 ], [ -0.014140275526571, 43.519484863699297 ], [ -0.015535538038, 43.518626772819708 ], [ -0.017271433835342, 43.518641839104191 ], [ -0.018815941076416, 43.518621342708123 ], [ -0.021835748851897, 43.519293205325667 ], [ -0.024185418993822, 43.519313521012364 ], [ -0.026152076477553, 43.518965473701371 ], [ -0.028209075380545, 43.518174557617982 ], [ -0.030801887553987, 43.5188131531349 ], [ -0.032312875567683, 43.518609503044196 ], [ -0.034910833065425, 43.516767463709328 ], [ -0.037008970580229, 43.515483857305377 ], [ -0.039055639605931, 43.512459845234908 ], [ -0.039787116027811, 43.510287902744871 ], [ -0.04011536831467, 43.508666665691315 ], [ -0.040440344859034, 43.50677171941598 ], [ -0.040893112650184, 43.504957994444752 ], [ -0.041351416503629, 43.503806069894686 ], [ -0.041928681970212, 43.503204528776074 ], [ -0.043344479720848, 43.502934939097251 ], [ -0.044510830351395, 43.502857253603153 ], [ -0.045547289148144, 43.50252678180906 ], [ -0.046731219303813, 43.501246176714389 ], [ -0.048015108077504, 43.49931098049143 ], [ -0.048972015937733, 43.497456485615842 ], [ -0.049680849662197, 43.496031879684779 ], [ -0.050044389354666, 43.494765129704824 ], [ -0.050390070876496, 43.493373215538639 ], [ -0.050509702257564, 43.492798787314712 ], [ -0.050937900572644, 43.491692633888498 ], [ -0.051545385582772, 43.491004365285171 ], [ -0.052410563093139, 43.489620299878567 ], [ -0.05334269054242, 43.488387580649643 ], [ -0.053761048529645, 43.487705647710683 ], [ -0.053972202052127, 43.487006046329739 ], [ -0.054449437453582, 43.486033343003697 ], [ -0.055105279802948, 43.485200684950684 ], [ -0.05570477352125, 43.484548375256203 ], [ -0.056496771583603, 43.483981547292579 ], [ -0.057099628719081, 43.483420048214995 ], [ -0.05746830569357, 43.483229853455242 ], [ -0.057774887293618, 43.483085334399824 ], [ -0.058390932336198, 43.482798254313266 ], [ -0.058880905742016, 43.482514750268855 ], [ -0.059664646795678, 43.481767309328376 ], [ -0.060423360687534, 43.480787664793063 ], [ -0.061321311194623, 43.479393402791978 ], [ -0.062359340132584, 43.477864426600227 ], [ -0.063010406159253, 43.476972587463116 ], [ -0.064477391862368, 43.475544858243339 ], [ -0.06502031389956, 43.476308941936665 ], [ -0.066166650386831, 43.477365515320301 ], [ -0.067800275298213, 43.478377623558963 ], [ -0.069632311801653, 43.479846864735805 ], [ -0.070555653277862, 43.480770785530467 ], [ -0.071309430287819, 43.481776086849962 ], [ -0.07140153879031, 43.482948292321979 ], [ -0.071421660280644, 43.484532184326177 ], [ -0.071786623354225, 43.487317893278231 ], [ -0.071640211841651, 43.488384474420513 ], [ -0.071111285752612, 43.488858155041733 ], [ -0.070314913713347, 43.489551895055179 ], [ -0.069213122764112, 43.490937709860518 ], [ -0.068909411448424, 43.491950511093378 ], [ -0.069132541404915, 43.493474523305167 ], [ -0.070520823900717, 43.494875637652555 ], [ -0.071716624532633, 43.495877636707483 ], [ -0.073161825661249, 43.496844987181831 ], [ -0.075097701066218, 43.497933239676868 ], [ -0.077523724680075, 43.49918430614423 ], [ -0.080018589075441, 43.500670344763115 ], [ -0.082122376655947, 43.502686445371921 ], [ -0.083598216976097, 43.504688687946135 ], [ -0.084786767703239, 43.506514172831203 ], [ -0.085653711126127, 43.507681723791833 ], [ -0.086870730882203, 43.509277538971723 ], [ -0.087146124326755, 43.509805035723602 ], [ -0.087877399667641, 43.511580184805176 ], [ -0.088342433329548, 43.513493674561694 ], [ -0.088333415964431, 43.515362456188811 ], [ -0.088593000207247, 43.517187810806114 ], [ -0.088985327756839, 43.518400535394875 ], [ -0.090406627425648, 43.519873038144503 ], [ -0.091839936811267, 43.520862984623932 ], [ -0.092176966168406, 43.521047479829797 ], [ -0.094206145904346, 43.522177747884221 ], [ -0.096759913932628, 43.524729396879046 ], [ -0.097984267181759, 43.525433067524055 ], [ -0.099640876364256, 43.526835397752002 ], [ -0.1017386111715, 43.529332558460425 ], [ -0.106815825263427, 43.534054275403264 ], [ -0.109990155590036, 43.535727673600441 ], [ -0.114965565264319, 43.54478781731072 ], [ -0.116744306699675, 43.54580842967853 ], [ -0.118340698115676, 43.547220455546537 ], [ -0.119416760827282, 43.548670907000542 ], [ -0.120313140522906, 43.55092339834863 ], [ -0.121536038114073, 43.552721070574322 ], [ -0.122645749428372, 43.554399383201314 ], [ -0.123629057932096, 43.555974057333145 ], [ -0.124467072517044, 43.557381256108719 ], [ -0.12520249323735, 43.560412793103851 ], [ -0.125126136943873, 43.560919692769808 ], [ -0.125021350515509, 43.561962740105159 ], [ -0.124980110605509, 43.563269624021018 ], [ -0.124895055794433, 43.565397119717545 ], [ -0.125984833703704, 43.565852038987671 ], [ -0.128442658281913, 43.567225860075339 ], [ -0.129382286026492, 43.567811757975655 ], [ -0.130963980299447, 43.569040161927603 ], [ -0.131757197806746, 43.570263706627927 ], [ -0.132177545184471, 43.572404234260887 ], [ -0.132880359725228, 43.574441610704525 ], [ -0.133296900480453, 43.575815991392446 ], [ -0.135294858317317, 43.57809896084261 ], [ -0.136874317333688, 43.579021864400019 ], [ -0.137997203343705, 43.57992117959467 ], [ -0.138350228560433, 43.581005199007187 ], [ -0.138279457150798, 43.582178076065411 ], [ -0.138248699846609, 43.582566198868157 ], [ -0.138361893500226, 43.583170821207844 ], [ -0.139295323526222, 43.583868202610297 ], [ -0.141163364197368, 43.585565337467536 ], [ -0.144011754967878, 43.588067743418087 ], [ -0.14726890080602, 43.589612169701113 ], [ -0.150580927761214, 43.590182264887012 ], [ -0.153196089087955, 43.589989870252275 ], [ -0.154077826558779, 43.590022492318262 ], [ -0.155055991736058, 43.589994073312866 ], [ -0.156632769214718, 43.589988090104953 ], [ -0.158052343698491, 43.590419863719369 ], [ -0.159558281997309, 43.591857509926193 ], [ -0.160623295442646, 43.593456121177994 ], [ -0.162305707343982, 43.595568019513721 ], [ -0.163494508081873, 43.596960726584143 ], [ -0.16523505781211, 43.598211638609932 ], [ -0.166914545873036, 43.59960329164619 ], [ -0.168071199770728, 43.600766984609436 ], [ -0.168869160350904, 43.602333485390254 ], [ -0.168765722373836, 43.603718879241626 ], [ -0.169041351161204, 43.604966520038609 ], [ -0.169866335536833, 43.605825195380106 ], [ -0.171667671497048, 43.606642077289578 ], [ -0.174209228248509, 43.607215605295089 ], [ -0.174428916259774, 43.607272523536352 ], [ -0.17646771176925, 43.607779973469945 ], [ -0.178045980641019, 43.608324338772348 ], [ -0.183693306163838, 43.614106390518288 ], [ -0.186673901905576, 43.616877784768057 ], [ -0.187643228658514, 43.617871082278462 ], [ -0.190189025540022, 43.619292162564633 ], [ -0.193631618496424, 43.622545347146662 ], [ -0.198675704062556, 43.626133452644311 ], [ -0.199793312796576, 43.626929185539204 ], [ -0.201234010518482, 43.628170040366612 ], [ -0.202079190259724, 43.629450935769434 ], [ -0.202733492428228, 43.630638332960793 ], [ -0.203311583793334, 43.632273442690199 ], [ -0.203112490494902, 43.633166190380855 ], [ -0.202760402517152, 43.634820570190989 ], [ -0.203757867107872, 43.638194601680489 ], [ -0.20501653268762, 43.64027455266924 ], [ -0.206408352316326, 43.64214214866584 ], [ -0.206751939115562, 43.642599970221809 ], [ -0.207978443853493, 43.644554148391499 ], [ -0.208796628574736, 43.646727792992891 ], [ -0.208605044174293, 43.648583857244333 ], [ -0.208110098986152, 43.6502240982445 ], [ -0.207004838637586, 43.652877536557163 ], [ -0.205748437073243, 43.655975814136099 ], [ -0.204420117110104, 43.658167843724165 ], [ -0.20366793013546, 43.66137791574085 ], [ -0.20384857556101, 43.662695784757972 ], [ -0.204032955774492, 43.664356846709843 ], [ -0.206056160119391, 43.667210278118915 ], [ -0.20757921016118, 43.668669412353943 ], [ -0.208649404338294, 43.669556409481544 ], [ -0.210689531865979, 43.67124748967651 ], [ -0.22119389576179, 43.674957512546179 ], [ -0.225130914817158, 43.675948429993433 ], [ -0.22761953154202, 43.677541117079741 ], [ -0.23363053185788, 43.679527703970699 ], [ -0.235483290630952, 43.682692280784892 ], [ -0.236803110366151, 43.68407227332181 ], [ -0.239609159813276, 43.685663468832651 ], [ -0.244775797703023, 43.687337434530477 ], [ -0.242970883343844, 43.687814303087301 ], [ -0.242193377784574, 43.689526525950512 ], [ -0.240925324628375, 43.697003094211638 ], [ -0.240083967458846, 43.699058499246817 ], [ -0.23939463917767, 43.700092671361752 ], [ -0.238505316592809, 43.701077607556087 ], [ -0.237890734418228, 43.701641558673941 ], [ -0.237413774166971, 43.70207366642876 ], [ -0.234884978215836, 43.703658113801488 ], [ -0.233910057226135, 43.704326760855878 ], [ -0.232352927532776, 43.705286543226741 ], [ -0.229643928674703, 43.706353052039908 ], [ -0.227362468652612, 43.707659189251949 ], [ -0.226308022217968, 43.70796940940351 ], [ -0.223504845451441, 43.709268465794146 ], [ -0.221284574915871, 43.71018947518008 ], [ -0.219221651486788, 43.711129292562788 ], [ -0.215031223784784, 43.712991304882848 ], [ -0.213345552467796, 43.713653170168698 ], [ -0.211500133714846, 43.714005009777097 ], [ -0.209462643435916, 43.714046721400805 ], [ -0.207581876097815, 43.713742519474302 ], [ -0.20571373681665, 43.713135455718323 ], [ -0.204574250238161, 43.712660165298132 ], [ -0.203178801700415, 43.711940005333389 ], [ -0.201723660877659, 43.71153734566937 ], [ -0.200728638324535, 43.711553335742373 ], [ -0.199673448882825, 43.711979812005936 ], [ -0.198477442684413, 43.71278540971386 ], [ -0.197093073119964, 43.713649666116389 ], [ -0.195836151677216, 43.714677737159562 ], [ -0.1944871213574, 43.716126414436495 ], [ -0.192130397217432, 43.718528346448849 ], [ -0.190419779251006, 43.720140846619998 ], [ -0.188909810714943, 43.721360185945898 ], [ -0.186693048761238, 43.722893447727301 ], [ -0.184898734495962, 43.72417111281765 ], [ -0.183450739241045, 43.725014582753126 ], [ -0.181261644685777, 43.726213804097853 ], [ -0.180254442706593, 43.726801146002494 ], [ -0.178585250062702, 43.727723558833837 ], [ -0.17701068149178, 43.728624767943501 ], [ -0.176008091532167, 43.73018571748235 ], [ -0.176257995136539, 43.732352823442724 ], [ -0.175589580595476, 43.73422280965341 ], [ -0.175153866918307, 43.734573722481535 ], [ -0.173999955541915, 43.735314477599879 ], [ -0.170735530839811, 43.736472283752278 ], [ -0.169330725916297, 43.736985279093645 ], [ -0.167321789588206, 43.737404445365662 ], [ -0.164865607005774, 43.737917306052928 ], [ -0.161345416223302, 43.738455911705394 ], [ -0.156904072174946, 43.738418263850775 ], [ -0.154501716399712, 43.738222248669267 ], [ -0.151083136226501, 43.737281083963147 ], [ -0.14605136198838, 43.736062539815229 ], [ -0.141430865865212, 43.734682736023721 ], [ -0.136863981232555, 43.73121676921933 ], [ -0.136003075309193, 43.73047216257865 ], [ -0.135403974501579, 43.729952988068277 ], [ -0.132382472964252, 43.729377887938263 ], [ -0.131195755538901, 43.728831674152211 ], [ -0.128820610833239, 43.727706553382788 ], [ -0.128010387783013, 43.726906280958517 ], [ -0.127007816776069, 43.72570591215144 ], [ -0.125717255641931, 43.72341028891212 ], [ -0.124162452543197, 43.722130717249513 ], [ -0.123372002323402, 43.721793751096023 ], [ -0.12120456084368, 43.721446211941291 ], [ -0.11922983046321, 43.721196292293342 ], [ -0.117662238933823, 43.720480007828101 ], [ -0.115698086723108, 43.71918141099831 ], [ -0.113951680119342, 43.717403478583392 ], [ -0.111842149965862, 43.715680863570277 ], [ -0.11082604884794, 43.714480740658281 ], [ -0.11069375542451, 43.71318688241454 ], [ -0.111048368655606, 43.711339634096895 ], [ -0.112003423159959, 43.709448640260902 ], [ -0.11293198835949, 43.705388208664395 ], [ -0.112560062943389, 43.703728290436359 ], [ -0.110899952810571, 43.703216873926849 ], [ -0.104451939298916, 43.705494632049856 ], [ -0.102665556507072, 43.705330003078757 ], [ -0.10097588238282, 43.705129894192048 ], [ -0.099033122767292, 43.705276199090896 ], [ -0.096666074708231, 43.705545910726265 ], [ -0.093743550771634, 43.705232622001205 ], [ -0.090453445065974, 43.704110258827519 ], [ -0.084223464886013, 43.702058652446979 ], [ -0.083113219928822, 43.70095089194308 ], [ -0.081197147262093, 43.699523671625784 ], [ -0.078615501671735, 43.698156129231791 ], [ -0.074773929168386, 43.696873206214022 ], [ -0.065615099257191, 43.696375621487647 ], [ -0.063622832540483, 43.695670582180263 ], [ -0.063476526613228, 43.694935999788164 ], [ -0.063758261384682, 43.693964586619359 ], [ -0.065029406988497, 43.691826070985968 ], [ -0.064977133480296, 43.690612715208417 ], [ -0.064231391935177, 43.689859280624873 ], [ -0.060734852915761, 43.687980723451723 ], [ -0.060165070055923, 43.68767286555628 ], [ -0.058220373902531, 43.686876481966799 ], [ -0.054460756080535, 43.685891983934091 ], [ -0.052090376145501, 43.685427239035718 ], [ -0.048835331713927, 43.684739994157781 ], [ -0.045281444884755, 43.684335863431379 ], [ -0.04327663591653, 43.684229528177156 ], [ -0.039248029510821, 43.683526879396403 ], [ -0.037478180395484, 43.68283355901297 ], [ -0.033813321768412, 43.682030634080505 ], [ -0.028995095142089, 43.680819360395709 ], [ -0.028379905078517, 43.680580063610563 ], [ -0.026055078159888, 43.679689492428963 ], [ -0.025799641163644, 43.679544375088561 ], [ -0.022892002717126, 43.677878142878789 ], [ -0.018955516684572, 43.675677478814606 ], [ -0.017378917531538, 43.674901849868995 ], [ -0.018396509711114, 43.673616948596198 ], [ -0.018946780991528, 43.672813944049807 ], [ -0.020172643789181, 43.671262704061647 ], [ -0.021195103500971, 43.670046099790113 ], [ -0.022500427468952, 43.668429266533067 ], [ -0.024702705581826, 43.665995683236247 ], [ -0.027721457956975, 43.662584041361228 ], [ -0.028204442108709, 43.661710352553428 ], [ -0.02804817078898, 43.66101689848584 ], [ -0.027093044247478, 43.658441285582136 ], [ -0.024547174094136, 43.656864194053718 ], [ -0.02188877375581, 43.654191864661264 ], [ -0.018801170943538, 43.65068547783676 ], [ -0.014945075761452, 43.648770647284024 ], [ -0.012776541975636, 43.645980340941414 ], [ -0.01166588820226, 43.644228330832178 ], [ -0.01030554271628, 43.643131976608217 ], [ -0.008364968514438, 43.643068208255066 ], [ -0.006885173673039, 43.643554609500633 ], [ -0.003534764884221, 43.645957207872407 ], [ -0.000874117548279, 43.645845791278994 ], [ 0.000878776758752, 43.64372417111381 ], [ 0.002580571767502, 43.64112403014822 ], [ 0.004165037982521, 43.637993477108353 ], [ 0.005221937654206, 43.635938456493612 ], [ 0.005882296942468, 43.633502665276865 ], [ 0.006868211293862, 43.630433218128573 ], [ 0.007341807501019, 43.628501083346656 ], [ 0.007340247335072, 43.626402598065553 ], [ 0.00667215408969, 43.623763678385963 ], [ 0.00563667537469, 43.620728490901854 ], [ 0.003700853114523, 43.617433462750547 ], [ 0.001422205221535, 43.614944218397525 ], [ -0.000260956314306, 43.613493008988748 ], [ -0.000310219958397, 43.607124848000495 ], [ 0.001156644855469, 43.597355738136137 ], [ 0.002164790892243, 43.596947361496895 ], [ 0.004025812695651, 43.59490439800792 ], [ 0.004908774673578, 43.592962139807369 ], [ 0.00638598072157, 43.590270068828971 ], [ 0.007787946021923, 43.587886465611909 ], [ 0.008423151556517, 43.586485986639282 ], [ 0.009645836191678, 43.583521248867278 ], [ 0.010408801649227, 43.58015257041702 ], [ 0.011713077609683, 43.577613037896484 ], [ 0.013100203380447, 43.575746954833107 ], [ 0.013802797722058, 43.574721171664685 ], [ 0.016019425682129, 43.572086151215636 ], [ 0.018942495037903, 43.568614378123939 ], [ 0.020271790304366, 43.565418591420162 ], [ 0.020690066907064, 43.562503219276074 ], [ 0.021856284933448, 43.560522703649646 ], [ 0.021919770815278, 43.557701812972169 ], [ 0.022231556788506, 43.555130886236959 ], [ 0.02263665563435, 43.553224499274826 ], [ 0.023082495028719, 43.551669637206778 ], [ 0.023693351366265, 43.550507501017137 ], [ 0.025989302456114, 43.547968501763421 ], [ 0.028243956521992, 43.546575561513684 ], [ 0.030081319533264, 43.546216213128055 ], [ 0.032100512975782, 43.546766919085343 ], [ 0.033464748775539, 43.547790039921729 ], [ 0.034876204207137, 43.548715346215246 ], [ 0.035490063899822, 43.548822005832413 ], [ 0.037405497452899, 43.549100097932865 ], [ 0.03827162317907, 43.54916358283679 ], [ 0.039431054102083, 43.548768190295704 ], [ 0.04057270745424, 43.547736918099872 ], [ 0.041515080123319, 43.546511185820918 ], [ 0.042972117998507, 43.544889850251757 ], [ 0.044624421248435, 43.54351183157091 ], [ 0.045690560307636, 43.542388549892948 ], [ 0.046678711137579, 43.54190671561134 ], [ 0.047599368014162, 43.541562989541866 ], [ 0.048837862234043, 43.541155378166998 ], [ 0.051301198492579, 43.540276393058477 ], [ 0.053382384895352, 43.539509566603179 ], [ 0.054703870857015, 43.538905952544958 ], [ 0.055528615892844, 43.538541175385198 ], [ 0.056839250923116, 43.537901496759297 ], [ 0.057824675517079, 43.536811665630097 ], [ 0.05852141820795, 43.535957148619168 ], [ 0.059657141095592, 43.533795695364105 ], [ 0.060592551672833, 43.531376477758151 ], [ 0.06115130879567, 43.529676451168122 ], [ 0.061907118673674, 43.527554767971075 ], [ 0.062545446625306, 43.525752685401976 ], [ 0.063363811753662, 43.523668434687998 ], [ 0.064260700812546, 43.521639420591342 ], [ 0.065228087461799, 43.519658298647855 ], [ 0.066737732855388, 43.517200479623902 ], [ 0.068595209845985, 43.515157587546497 ], [ 0.07079877865791, 43.512353789927793 ], [ 0.072641634644322, 43.510233843715014 ], [ 0.074646785131076, 43.508617769066852 ], [ 0.077032339902541, 43.506832129938495 ], [ 0.080137357438257, 43.504611227907752 ], [ 0.082321961423697, 43.502631116591893 ], [ 0.084118663779373, 43.500383082963097 ], [ 0.085830044444892, 43.49843102523635 ], [ 0.087607563050399, 43.49638981508042 ], [ 0.089388714286485, 43.494163779769217 ], [ 0.091068708050593, 43.492214893593626 ], [ 0.092609272599407, 43.489469578634044 ], [ 0.094068923160748, 43.486740464453675 ], [ 0.095214615104209, 43.484002926663408 ], [ 0.096387416749082, 43.481504108478966 ], [ 0.098026404274286, 43.479243534673849 ], [ 0.099856777771589, 43.47685729887629 ], [ 0.101634141911578, 43.474712744391162 ], [ 0.103201104473991, 43.47289963358957 ], [ 0.104994288605665, 43.470742176826931 ], [ 0.106859265131374, 43.46818620726301 ], [ 0.108467591290754, 43.465878709990697 ], [ 0.110174876203073, 43.463273550699014 ], [ 0.111707836977357, 43.460757683433776 ], [ 0.112752276867678, 43.45908785384654 ], [ 0.113672944849556, 43.457172618978078 ], [ 0.115198035942288, 43.45500280007986 ], [ 0.115923341132336, 43.452730961854783 ], [ 0.116894693893585, 43.450024425752446 ], [ 0.118396759662154, 43.448196154395205 ], [ 0.120866385282474, 43.446781734330585 ], [ 0.122586885411322, 43.445710995329904 ], [ 0.125248124014265, 43.444160613977679 ], [ 0.12755943660459, 43.442007425770747 ], [ 0.128905283001938, 43.440040058001287 ], [ 0.129760200411291, 43.437600011385456 ], [ 0.130475008288591, 43.436337061874987 ], [ 0.130593120563211, 43.436132837510975 ], [ 0.132076645541225, 43.434407083163968 ], [ 0.133742416678786, 43.43220096315909 ], [ 0.135511867717349, 43.430330546684409 ], [ 0.13810687959257, 43.428089688322331 ], [ 0.140382199435822, 43.426101835922083 ], [ 0.14110200273494, 43.42481544556567 ], [ 0.141576896231755, 43.423973057455136 ], [ 0.14203661938793, 43.422561318169215 ], [ 0.142614013192925, 43.421544919807779 ], [ 0.143380492002876, 43.420473244443443 ], [ 0.144332913198092, 43.419579087794887 ], [ 0.145479301590795, 43.418503116554568 ], [ 0.147154137083108, 43.417619824696821 ], [ 0.148553371489482, 43.416783362435517 ], [ 0.149873150980116, 43.41531560599487 ], [ 0.151142753272328, 43.413643273504285 ], [ 0.155630232569546, 43.410900269401466 ], [ 0.157848800873739, 43.409610275916897 ], [ 0.159102822123419, 43.408472665194786 ], [ 0.159051150838486, 43.40702193128098 ], [ 0.15851829646015, 43.405556544379465 ], [ 0.157791691576692, 43.404270929251247 ], [ 0.157467754385671, 43.402065393503719 ], [ 0.157618684244657, 43.400342157529145 ], [ 0.158139212572939, 43.399247617183285 ], [ 0.158767763140486, 43.398063975786478 ], [ 0.160274626208841, 43.395998420414919 ], [ 0.161154112003737, 43.394893865601773 ], [ 0.162352340057756, 43.392408569936713 ], [ 0.164043826488627, 43.389574640345636 ], [ 0.154987996130434, 43.38861074709785 ], [ 0.15262476666796, 43.381685881011634 ], [ 0.14882714186949, 43.375208339896474 ], [ 0.14882714186949, 43.375208339896474 ], [ 0.148734936981761, 43.373366409623628 ], [ 0.149458973146598, 43.370365253060591 ], [ 0.149732953931084, 43.368054966855013 ], [ 0.149774687963724, 43.365571058996423 ], [ 0.149578847682869, 43.363220824574285 ], [ 0.149164352778003, 43.360621735579883 ], [ 0.148567526912812, 43.359048406034447 ], [ 0.148180477963728, 43.356801404287118 ], [ 0.148122679395425, 43.354774502879557 ], [ 0.147725921514211, 43.351932800425345 ], [ 0.147454451579689, 43.349275208824494 ], [ 0.147696740474916, 43.347067274456485 ], [ 0.148237571492433, 43.345019414331809 ], [ 0.149044851942496, 43.34290299207445 ], [ 0.148278681132773, 43.339439779464492 ], [ 0.148249380728638, 43.336130847453823 ], [ 0.147536266804241, 43.333492267201279 ], [ 0.146626186643537, 43.330340864837716 ], [ 0.145664191239976, 43.327645676104503 ], [ 0.144090463591068, 43.324593178423683 ], [ 0.143845886661446, 43.323939171366369 ], [ 0.143944075879422, 43.322240204501945 ], [ 0.143259205225577, 43.319971071663481 ], [ 0.14329798215086, 43.317523932075588 ], [ 0.143583731782721, 43.315794197463617 ], [ 0.14383184007858, 43.314626204801172 ], [ 0.144181690463273, 43.314171757356547 ], [ 0.146396069767108, 43.312839190061567 ], [ 0.146744450244228, 43.312498063431136 ], [ 0.147035699129187, 43.311672332558032 ], [ 0.146982897164681, 43.310676172131508 ], [ 0.146688569391502, 43.308823865440679 ], [ 0.147445284515124, 43.30695743223918 ], [ 0.148373703466107, 43.305208910323337 ], [ 0.148394609900817, 43.303174961577461 ], [ 0.148142741275081, 43.300238129039755 ], [ 0.148218940523155, 43.29886748051198 ], [ 0.147880383451542, 43.297994507370284 ], [ 0.148298820943775, 43.295669793707198 ], [ 0.148749922386485, 43.292994601368257 ], [ 0.149391948664785, 43.291575564597814 ], [ 0.149845392205903, 43.290237334129699 ], [ 0.150550636179793, 43.288924145372235 ], [ 0.151318875169438, 43.285995868801486 ], [ 0.152012858001998, 43.284087963228821 ], [ 0.152551005761018, 43.281937989310556 ], [ 0.152755623304382, 43.280313374266996 ], [ 0.153024175692361, 43.278696586894057 ], [ 0.15396954198687, 43.276988327800765 ], [ 0.154416392689387, 43.276175909688369 ], [ 0.154762879106062, 43.274479469301504 ], [ 0.15566267792899, 43.272446248426398 ], [ 0.156201383724411, 43.270251367996892 ], [ 0.156492557084722, 43.268030573793482 ], [ 0.156488576083286, 43.26677936634497 ], [ 0.15630974627471, 43.265672693035945 ], [ 0.15576710556043, 43.263583122291436 ], [ 0.155328531101872, 43.26199163751437 ], [ 0.154713484688101, 43.259077000383627 ], [ 0.154291758846037, 43.257315415211124 ], [ 0.153591788037898, 43.255019478084684 ], [ 0.153171269807359, 43.253149667096999 ], [ 0.152663801874224, 43.252164019161818 ], [ 0.150824451649951, 43.249347818694595 ], [ 0.14886229826006, 43.247747757640376 ], [ 0.148231364746969, 43.246520864151179 ], [ 0.148345149067992, 43.245632290945323 ], [ 0.14843582442443, 43.244927968062306 ], [ 0.149345276443989, 43.243457853389053 ], [ 0.149820663778201, 43.241526907596317 ], [ 0.150028106308811, 43.239646077968771 ], [ 0.149775834072916, 43.23824844636011 ], [ 0.149779394764539, 43.237780784412827 ], [ 0.149504257466546, 43.237044329379088 ], [ 0.149396505362955, 43.236596222252707 ], [ 0.149232893439525, 43.235920920021329 ], [ 0.148792197831066, 43.234465192467759 ], [ 0.148265220271804, 43.232381154156926 ], [ 0.148116193534447, 43.231553053688948 ], [ 0.148075202066166, 43.231026025087978 ], [ 0.147159144229559, 43.228423095980318 ], [ 0.147246871611505, 43.226111235687569 ], [ 0.147927704007038, 43.223892644730725 ], [ 0.149181409481776, 43.222373453527645 ], [ 0.149996502525689, 43.220968281705687 ], [ 0.150792405915488, 43.219923098717395 ], [ 0.152054749176975, 43.219046476013979 ], [ 0.152804393146186, 43.217833599273042 ], [ 0.153270662466546, 43.216703104400516 ], [ 0.153550241891049, 43.215422674829604 ], [ 0.153307851833066, 43.21456149898912 ], [ 0.152499931874917, 43.21381508490817 ], [ 0.151618982225882, 43.212482582237662 ], [ 0.150764353363651, 43.211721652993241 ], [ 0.150444936263691, 43.210781831294014 ], [ 0.150435098713342, 43.210160661451049 ], [ 0.150411609056355, 43.207779499918537 ], [ 0.150824492756491, 43.205778532686111 ], [ 0.15085605170575, 43.20417702992146 ], [ 0.150464805301944, 43.202515353846408 ], [ 0.150363480723505, 43.202220586385565 ], [ 0.149991998350316, 43.201148691012442 ], [ 0.149766403259315, 43.2002328079503 ], [ 0.149613926377999, 43.200125624868349 ], [ 0.147954144554409, 43.199023755794215 ], [ 0.147661353334207, 43.197998860344079 ], [ 0.146375706768349, 43.19641767643828 ], [ 0.144672043164694, 43.194738595954512 ], [ 0.142015322501313, 43.192773842359216 ], [ 0.139034522200673, 43.19070545411418 ], [ 0.136249946659195, 43.188934254091677 ], [ 0.134676782019847, 43.186913305864437 ], [ 0.134012513189832, 43.185702851098355 ], [ 0.133517849448515, 43.184506097256417 ], [ 0.133350448457805, 43.182705288408378 ], [ 0.132665843314123, 43.180837630087872 ], [ 0.133062165782196, 43.178054064149606 ], [ 0.135442073854155, 43.176492515151615 ], [ 0.138231539679507, 43.172772705207976 ], [ 0.139258588697754, 43.171418254215624 ], [ 0.139793730889444, 43.169740271112985 ], [ 0.141174459451333, 43.166424205271362 ], [ 0.141638188279301, 43.161986025207355 ], [ 0.141651716846769, 43.160528097721382 ], [ 0.141469568420629, 43.159416264836828 ], [ 0.14109478306292, 43.15853318566122 ], [ 0.140333606800997, 43.157536721889898 ], [ 0.13945936199698, 43.156599540189234 ], [ 0.137411884562221, 43.154848973852687 ], [ 0.136220234472692, 43.154182117749777 ], [ 0.135013420788246, 43.153484230704251 ], [ 0.134403073038486, 43.152684740415552 ], [ 0.133605279182653, 43.151053074709786 ], [ 0.133173894847117, 43.149992808481429 ], [ 0.132754788883983, 43.148235401914093 ], [ 0.131962737564559, 43.146405775325647 ], [ 0.130582083330902, 43.141741931893179 ], [ 0.130450678000725, 43.141270726050365 ], [ 0.130483009917533, 43.140479128533158 ], [ 0.130954509466518, 43.139605268986507 ], [ 0.131548755849919, 43.138842945220503 ], [ 0.131787269949717, 43.137071375679028 ], [ 0.132120637974147, 43.134483325925942 ], [ 0.132889686554103, 43.130476191115903 ], [ 0.133289665146406, 43.125334926464681 ], [ 0.133276997060496, 43.124353232850076 ], [ 0.133558789923508, 43.123505986737221 ], [ 0.134729574487961, 43.121345660939816 ], [ 0.136810000093801, 43.115986653300119 ], [ 0.140189452231716, 43.109492877287366 ], [ 0.140483069917838, 43.108064922860208 ], [ 0.141461640843826, 43.106849141228793 ], [ 0.144134786854353, 43.104139404344977 ], [ 0.145421599513647, 43.103480133087295 ], [ 0.146885036738442, 43.101471481725021 ], [ 0.147514923343856, 43.098900534480372 ], [ 0.147945289385069, 43.095428760415281 ], [ 0.148590314996485, 43.095063927835056 ], [ 0.149255481669635, 43.094657753051209 ], [ 0.150381667410923, 43.093774639930395 ], [ 0.151546828281049, 43.092608679722211 ], [ 0.15321409312548, 43.090497094578843 ], [ 0.155743325449554, 43.086720330055314 ], [ 0.156344562127331, 43.085571084295992 ], [ 0.157158768683339, 43.084652103282252 ], [ 0.158224518746898, 43.084198255475727 ], [ 0.159712524840494, 43.083571722070857 ], [ 0.162843138453347, 43.082515680629747 ], [ 0.165557869820461, 43.081272967569035 ], [ 0.166652725393524, 43.080392981488785 ], [ 0.167439406820465, 43.079946003381785 ], [ 0.168565450889024, 43.079309832731482 ], [ 0.169633994190428, 43.077457000506627 ], [ 0.170435891924383, 43.075529764499031 ], [ 0.170815165603091, 43.072843949972764 ], [ 0.170910819288366, 43.070402894233929 ], [ 0.171290294103561, 43.068509486535518 ], [ 0.172675217575868, 43.065477396809797 ], [ 0.174531838933385, 43.06239336049866 ], [ 0.174838408215913, 43.061961311316708 ], [ 0.175645114949049, 43.060640731035342 ], [ 0.175774314554181, 43.060447038920685 ], [ 0.176658574223542, 43.059106036313032 ], [ 0.178705979236553, 43.057355413672148 ], [ 0.181442883079749, 43.056140518887105 ], [ 0.184749340925678, 43.055151815130571 ], [ 0.188347385336093, 43.054062414955943 ], [ 0.190786557418425, 43.053122371331135 ], [ 0.191867102329466, 43.052547095485764 ], [ 0.192955416837657, 43.051724910162868 ], [ 0.193512115077231, 43.050925604199669 ], [ 0.193937738310535, 43.049843103575689 ], [ 0.194081217831282, 43.048577632276547 ], [ 0.194172534856762, 43.047383277097225 ], [ 0.194491465003864, 43.046576766742447 ], [ 0.19475222699057, 43.046021963870189 ], [ 0.195055186489764, 43.045602027122726 ], [ 0.195900489224268, 43.044706093638091 ], [ 0.197042826139409, 43.043799500816199 ], [ 0.197509966987095, 43.04300704588757 ], [ 0.197870042856292, 43.042183226853531 ], [ 0.198485611982662, 43.040998450521755 ], [ 0.19914428642668, 43.040101715898089 ], [ 0.200377833476645, 43.039234256815142 ], [ 0.206737587475519, 43.036618107293528 ], [ 0.20713040497571, 43.036439403799292 ], [ 0.207701128171092, 43.035977365272558 ], [ 0.207766190936812, 43.035061103456457 ], [ 0.207573776252253, 43.034461850577479 ], [ 0.206916330345759, 43.033720844324307 ], [ 0.205976181953146, 43.033070501341903 ], [ 0.205457783340899, 43.032333096909753 ], [ 0.205800285231075, 43.031581296640951 ], [ 0.206740990487923, 43.030517251512741 ], [ 0.209366772123113, 43.028826088530479 ], [ 0.214036423762223, 43.025436680355575 ], [ 0.222617920620457, 43.020120327190533 ], [ 0.223950325603092, 43.018741579747875 ], [ 0.225218919004955, 43.017793067188471 ], [ 0.226678083700816, 43.01678718832202 ], [ 0.23032798803145, 43.014865679894044 ], [ 0.230881060027006, 43.014560336577148 ], [ 0.230869548991211, 43.014190414875209 ], [ 0.230088105894113, 43.013567876344091 ], [ 0.228781120381774, 43.012472309919097 ], [ 0.227705383137203, 43.0115756808028 ], [ 0.225721135094246, 43.009284333355623 ], [ 0.223984114403065, 43.006917659534253 ], [ 0.224406924346089, 43.006775400959597 ], [ 0.227163223228636, 43.005694764143414 ], [ 0.231025712426003, 43.0040258375683 ], [ 0.23531498570267, 43.002066548183045 ], [ 0.237570032105212, 43.000198819909151 ], [ 0.239070564358259, 42.998865094864151 ], [ 0.241008001264562, 42.996593005535253 ], [ 0.244933636658284, 42.997318528807526 ], [ 0.245900805961132, 42.997339211639861 ], [ 0.247179038377915, 42.997048267923986 ], [ 0.24821990705983, 42.996454131581096 ], [ 0.249289708925889, 42.995337963266216 ], [ 0.249933908803107, 42.994337505420503 ], [ 0.248751144022143, 42.992121237806735 ], [ 0.248929170810986, 42.99165304546721 ], [ 0.251962136156633, 42.990461488461229 ], [ 0.253189058817536, 42.989782211830331 ], [ 0.253374146877981, 42.989134500869937 ], [ 0.252743613593604, 42.987179492159306 ], [ 0.253430878167054, 42.986382273518849 ], [ 0.254836245625022, 42.985662619777408 ], [ 0.256425286117199, 42.985086489171735 ], [ 0.263835810891614, 42.983124076303739 ], [ 0.267603282878006, 42.982176436856328 ], [ 0.270920910430716, 42.980974243009527 ], [ 0.274450005120867, 42.981067850905028 ], [ 0.278084915296777, 42.98127737257122 ], [ 0.280829019983542, 42.981593893510215 ], [ 0.283615711609161, 42.981209985263341 ], [ 0.284872786024489, 42.980764950921362 ], [ 0.287489643502651, 42.979522091237754 ], [ 0.293419829913578, 42.977299797153258 ], [ 0.296373398175444, 42.97640214339939 ], [ 0.298407315240441, 42.976260314399184 ], [ 0.301043221982153, 42.976448029441372 ], [ 0.302561548251433, 42.977106892298671 ], [ 0.303915922603758, 42.97821187533367 ], [ 0.30475921535172, 42.97822792500039 ], [ 0.305857654028595, 42.977990012173947 ], [ 0.307006537006495, 42.977474606993304 ], [ 0.309369720611937, 42.976350456347042 ], [ 0.311712629011714, 42.97554124570074 ], [ 0.311883615041446, 42.975482211977457 ], [ 0.312651917015978, 42.975015445192362 ], [ 0.312371404397656, 42.974468324113253 ], [ 0.31165764525199, 42.972709715943388 ], [ 0.31161031790999, 42.972591129417246 ], [ 0.309699964338359, 42.969565135839105 ], [ 0.308519191302083, 42.96666970573385 ], [ 0.307951263465141, 42.965278195270841 ], [ 0.307950268679687, 42.962335731120959 ], [ 0.308972534802924, 42.960228528587102 ], [ 0.311367550995803, 42.957382813390275 ], [ 0.311851991099275, 42.957277509690925 ], [ 0.313276421599673, 42.956804697590648 ], [ 0.314400846842887, 42.955815931306688 ], [ 0.315226890715441, 42.955116785034981 ], [ 0.316093819176447, 42.954224696256013 ], [ 0.316842817893101, 42.9532673531169 ], [ 0.319439399408664, 42.951879340658543 ], [ 0.323389878937089, 42.950484166751039 ], [ 0.326846088688174, 42.949525771028597 ], [ 0.327830184719296, 42.948708999331764 ], [ 0.328838531329387, 42.947335357762277 ], [ 0.329239840488383, 42.944928761149939 ] ] ] ] } },
{ "type": "Feature", "properties": { "fid": 14, "gid": 24, "codenatzon": "49", "id_local": "222", "cdperimetr": "222", "nomperimet": "Louet-Arros-Estéous", "nomzone": "L'Arros et le Louet de sa sourceau confluent du Paparen et l'Estéous de sa source au confluent de la Galotte (excluse), à l'exclusion du Bouès", "numcircadm": "05", "cddepartem": "40", "sourceperi": "BDCARTHAGE 2012", "niveau": "Niveau_1", "nominterve": "OUGC Adour", "structureo": "Irrig'Adour", "datecreati": "2013-07-29", "cdinterven": "2202", "vpi_aff": 18.8, "mg_mnoe": 0.0, "vp_def": 18.8, "vp_notif": 18.8, "v_aup": 18.8, "v1_5": 11.3, "vmax": 14.5, "vaut": 18.8, "typ_gest": "1", "v_ret_dec": 6.48, "v_rdec_aup": 6.48, "deseq": 0, "ecar_imp": "0", "v_eso_dec": 0.0, "v_edec_aup": 0.0, "vprj_ret": 0.0, "rqs": null }, "geometry": { "type": "MultiPolygon", "coordinates": [ [ [ [ 0.359870767247549, 43.059408894933306 ], [ 0.358833281308693, 43.055658729945563 ], [ 0.356492892328338, 43.051875545234267 ], [ 0.354766695640384, 43.051139864852701 ], [ 0.353265990046522, 43.050162600898751 ], [ 0.351193192814755, 43.048941517112766 ], [ 0.348987514245096, 43.047249477732109 ], [ 0.346404932373704, 43.045521551200828 ], [ 0.343864002255056, 43.044315327873136 ], [ 0.342263070320885, 43.043376274049344 ], [ 0.340782308007247, 43.04294355044685 ], [ 0.338971850828911, 43.042597574357004 ], [ 0.338626183388076, 43.042607421850612 ], [ 0.336598578327872, 43.04220091845086 ], [ 0.3325465093423, 43.042167943722852 ], [ 0.330918106055138, 43.042222525868759 ], [ 0.3299515997689, 43.041960638022324 ], [ 0.329329352802678, 43.041719558282331 ], [ 0.328055062225739, 43.040887428601117 ], [ 0.327919949440494, 43.040708470584406 ], [ 0.326637060934263, 43.039038871069138 ], [ 0.326817544110489, 43.038385806358626 ], [ 0.327469424132848, 43.037380967218375 ], [ 0.328916845055853, 43.036751211940384 ], [ 0.329309951471729, 43.036527156878748 ], [ 0.32984347992891, 43.036306585155494 ], [ 0.330889483098786, 43.035355399613699 ], [ 0.331796180217577, 43.03398318453408 ], [ 0.332966668715454, 43.032896215545044 ], [ 0.337804144096225, 43.031180229152454 ], [ 0.339121186666847, 43.030898332896804 ], [ 0.340176932537382, 43.030365935988527 ], [ 0.34056306618937, 43.028958323400531 ], [ 0.340640397444205, 43.028092362230737 ], [ 0.340727370940639, 43.027531935825941 ], [ 0.340862544911951, 43.027346405337916 ], [ 0.340705316443168, 43.026406239162277 ], [ 0.340861999608539, 43.025024604313614 ], [ 0.342070265417922, 43.023349370568766 ], [ 0.343272570222193, 43.022105891529186 ], [ 0.344827695063808, 43.020146173477301 ], [ 0.345321780924941, 43.017958096903641 ], [ 0.345064820560503, 43.017128835363216 ], [ 0.344789994514127, 43.017053638682192 ], [ 0.343417611292404, 43.016880902997933 ], [ 0.3421582673051, 43.016580244084658 ], [ 0.342094808379397, 43.016537836492041 ], [ 0.341001348351894, 43.015746079588922 ], [ 0.340057658734194, 43.014268839199197 ], [ 0.339557104491279, 43.012564674946482 ], [ 0.339290218371985, 43.01168103381633 ], [ 0.339458805319264, 43.010191486403556 ], [ 0.339416927720648, 43.008952990548345 ], [ 0.339634631334543, 43.007302313981903 ], [ 0.340055015346047, 43.006448952834617 ], [ 0.34091006562419, 43.005035599138587 ], [ 0.341387847693843, 43.003688476773419 ], [ 0.341339938738174, 43.002791887000029 ], [ 0.340500006980779, 43.001694983325713 ], [ 0.338186941305918, 43.000962890392167 ], [ 0.33376907033542, 43.00075034210257 ], [ 0.328655952916663, 43.000894003579404 ], [ 0.323895338676918, 43.000572476836965 ], [ 0.31635482767481, 43.000866477964017 ], [ 0.314143777444071, 43.000671380034383 ], [ 0.313848771513954, 43.00004325513671 ], [ 0.315749348537009, 42.994209775711532 ], [ 0.316647793702174, 42.99144794159691 ], [ 0.316625251931602, 42.991334050893947 ], [ 0.315480503694678, 42.985362299528518 ], [ 0.315341368387125, 42.984643117620855 ], [ 0.315421246571816, 42.981928283243406 ], [ 0.314716919396013, 42.979422553751292 ], [ 0.313844049108713, 42.97743432615502 ], [ 0.313548475531454, 42.976761275421509 ], [ 0.312651917015978, 42.975015445192362 ], [ 0.311883615041446, 42.975482211977457 ], [ 0.311712629011714, 42.97554124570074 ], [ 0.309369720611937, 42.976350456347042 ], [ 0.307006537006495, 42.977474606993304 ], [ 0.305857654028595, 42.977990012173947 ], [ 0.30475921535172, 42.97822792500039 ], [ 0.303915922603758, 42.97821187533367 ], [ 0.302561548251433, 42.977106892298671 ], [ 0.301043221982153, 42.976448029441372 ], [ 0.298407315240441, 42.976260314399184 ], [ 0.296373398175444, 42.97640214339939 ], [ 0.293419829913578, 42.977299797153258 ], [ 0.287489643502651, 42.979522091237754 ], [ 0.284872786024489, 42.980764950921362 ], [ 0.283615711609161, 42.981209985263341 ], [ 0.280829019983542, 42.981593893510215 ], [ 0.278084915296777, 42.98127737257122 ], [ 0.274450005120867, 42.981067850905028 ], [ 0.270920910430716, 42.980974243009527 ], [ 0.267603282878006, 42.982176436856328 ], [ 0.263835810891614, 42.983124076303739 ], [ 0.256425286117199, 42.985086489171735 ], [ 0.254836245625022, 42.985662619777408 ], [ 0.253430878167054, 42.986382273518849 ], [ 0.252743613593604, 42.987179492159306 ], [ 0.253374146877981, 42.989134500869937 ], [ 0.253189058817536, 42.989782211830331 ], [ 0.251962136156633, 42.990461488461229 ], [ 0.248929170810986, 42.99165304546721 ], [ 0.248751144022143, 42.992121237806735 ], [ 0.249933908803107, 42.994337505420503 ], [ 0.249289708925889, 42.995337963266216 ], [ 0.24821990705983, 42.996454131581096 ], [ 0.247179038377915, 42.997048267923986 ], [ 0.245900805961132, 42.997339211639861 ], [ 0.244933636658284, 42.997318528807526 ], [ 0.241008001264562, 42.996593005535253 ], [ 0.239070564358259, 42.998865094864151 ], [ 0.237570032105212, 43.000198819909151 ], [ 0.23531498570267, 43.002066548183045 ], [ 0.231025712426003, 43.0040258375683 ], [ 0.227163223228636, 43.005694764143414 ], [ 0.224406924346089, 43.006775400959597 ], [ 0.223984114403065, 43.006917659534253 ], [ 0.225721135094246, 43.009284333355623 ], [ 0.227705383137203, 43.0115756808028 ], [ 0.228781120381774, 43.012472309919097 ], [ 0.230088105894113, 43.013567876344091 ], [ 0.230869548991211, 43.014190414875209 ], [ 0.230881060027006, 43.014560336577148 ], [ 0.23032798803145, 43.014865679894044 ], [ 0.226678083700816, 43.01678718832202 ], [ 0.225218919004955, 43.017793067188471 ], [ 0.223950325603092, 43.018741579747875 ], [ 0.222617920620457, 43.020120327190533 ], [ 0.214036423762223, 43.025436680355575 ], [ 0.209366772123113, 43.028826088530479 ], [ 0.206740990487923, 43.030517251512741 ], [ 0.205800285231075, 43.031581296640951 ], [ 0.205457783340899, 43.032333096909753 ], [ 0.205976181953146, 43.033070501341903 ], [ 0.206916330345759, 43.033720844324307 ], [ 0.207573776252253, 43.034461850577479 ], [ 0.207766190936812, 43.035061103456457 ], [ 0.207701128171092, 43.035977365272558 ], [ 0.20713040497571, 43.036439403799292 ], [ 0.206737587475519, 43.036618107293528 ], [ 0.200377833476645, 43.039234256815142 ], [ 0.19914428642668, 43.040101715898089 ], [ 0.198485611982662, 43.040998450521755 ], [ 0.197870042856292, 43.042183226853531 ], [ 0.197509966987095, 43.04300704588757 ], [ 0.197042826139409, 43.043799500816199 ], [ 0.195900489224268, 43.044706093638091 ], [ 0.195055186489764, 43.045602027122726 ], [ 0.19475222699057, 43.046021963870189 ], [ 0.194491465003864, 43.046576766742447 ], [ 0.194172534856762, 43.047383277097225 ], [ 0.194081217831282, 43.048577632276547 ], [ 0.193937738310535, 43.049843103575689 ], [ 0.193512115077231, 43.050925604199669 ], [ 0.192955416837657, 43.051724910162868 ], [ 0.191867102329466, 43.052547095485764 ], [ 0.190786557418425, 43.053122371331135 ], [ 0.188347385336093, 43.054062414955943 ], [ 0.184749340925678, 43.055151815130571 ], [ 0.181442883079749, 43.056140518887105 ], [ 0.178705979236553, 43.057355413672148 ], [ 0.176658574223542, 43.059106036313032 ], [ 0.175774314554181, 43.060447038920685 ], [ 0.175645114949049, 43.060640731035342 ], [ 0.174838408215913, 43.061961311316708 ], [ 0.174531838933385, 43.06239336049866 ], [ 0.172675217575868, 43.065477396809797 ], [ 0.171290294103561, 43.068509486535518 ], [ 0.170910819288366, 43.070402894233929 ], [ 0.170815165603091, 43.072843949972764 ], [ 0.170435891924383, 43.075529764499031 ], [ 0.169633994190428, 43.077457000506627 ], [ 0.168565450889024, 43.079309832731482 ], [ 0.167439406820465, 43.079946003381785 ], [ 0.166652725393524, 43.080392981488785 ], [ 0.165557869820461, 43.081272967569035 ], [ 0.162843138453347, 43.082515680629747 ], [ 0.159712524840494, 43.083571722070857 ], [ 0.158224518746898, 43.084198255475727 ], [ 0.157158768683339, 43.084652103282252 ], [ 0.156344562127331, 43.085571084295992 ], [ 0.155743325449554, 43.086720330055314 ], [ 0.15321409312548, 43.090497094578843 ], [ 0.151546828281049, 43.092608679722211 ], [ 0.150381667410923, 43.093774639930395 ], [ 0.149255481669635, 43.094657753051209 ], [ 0.148590314996485, 43.095063927835056 ], [ 0.147945289385069, 43.095428760415281 ], [ 0.147514923343856, 43.098900534480372 ], [ 0.146885036738442, 43.101471481725021 ], [ 0.145421599513647, 43.103480133087295 ], [ 0.144134786854353, 43.104139404344977 ], [ 0.141461640843826, 43.106849141228793 ], [ 0.140483069917838, 43.108064922860208 ], [ 0.140189452231716, 43.109492877287366 ], [ 0.136810000093801, 43.115986653300119 ], [ 0.134729574487961, 43.121345660939816 ], [ 0.133558789923508, 43.123505986737221 ], [ 0.133276997060496, 43.124353232850076 ], [ 0.133289665146406, 43.125334926464681 ], [ 0.132889686554103, 43.130476191115903 ], [ 0.132120637974147, 43.134483325925942 ], [ 0.131787269949717, 43.137071375679028 ], [ 0.131548755849919, 43.138842945220503 ], [ 0.130954509466518, 43.139605268986507 ], [ 0.130483009917533, 43.140479128533158 ], [ 0.130450678000725, 43.141270726050365 ], [ 0.130582083330902, 43.141741931893179 ], [ 0.131962737564559, 43.146405775325647 ], [ 0.132754788883983, 43.148235401914093 ], [ 0.133173894847117, 43.149992808481429 ], [ 0.133605279182653, 43.151053074709786 ], [ 0.134403073038486, 43.152684740415552 ], [ 0.135013420788246, 43.153484230704251 ], [ 0.136220234472692, 43.154182117749777 ], [ 0.137411884562221, 43.154848973852687 ], [ 0.13945936199698, 43.156599540189234 ], [ 0.140333606800997, 43.157536721889898 ], [ 0.14109478306292, 43.15853318566122 ], [ 0.141469568420629, 43.159416264836828 ], [ 0.141651716846769, 43.160528097721382 ], [ 0.141638188279301, 43.161986025207355 ], [ 0.141174459451333, 43.166424205271362 ], [ 0.139793730889444, 43.169740271112985 ], [ 0.139258588697754, 43.171418254215624 ], [ 0.138231539679507, 43.172772705207976 ], [ 0.135442073854155, 43.176492515151615 ], [ 0.133062165782196, 43.178054064149606 ], [ 0.132665843314123, 43.180837630087872 ], [ 0.133350448457805, 43.182705288408378 ], [ 0.133517849448515, 43.184506097256417 ], [ 0.134012513189832, 43.185702851098355 ], [ 0.134676782019847, 43.186913305864437 ], [ 0.136249946659195, 43.188934254091677 ], [ 0.139034522200673, 43.19070545411418 ], [ 0.142015322501313, 43.192773842359216 ], [ 0.144672043164694, 43.194738595954512 ], [ 0.146375706768349, 43.19641767643828 ], [ 0.147661353334207, 43.197998860344079 ], [ 0.147954144554409, 43.199023755794215 ], [ 0.149613926377999, 43.200125624868349 ], [ 0.149766403259315, 43.2002328079503 ], [ 0.149991998350316, 43.201148691012442 ], [ 0.150363480723505, 43.202220586385565 ], [ 0.150464805301944, 43.202515353846408 ], [ 0.15085605170575, 43.20417702992146 ], [ 0.150824492756491, 43.205778532686111 ], [ 0.150411609056355, 43.207779499918537 ], [ 0.150435098713342, 43.210160661451049 ], [ 0.150444936263691, 43.210781831294014 ], [ 0.150764353363651, 43.211721652993241 ], [ 0.151618982225882, 43.212482582237662 ], [ 0.152499931874917, 43.21381508490817 ], [ 0.153307851833066, 43.21456149898912 ], [ 0.153550241891049, 43.215422674829604 ], [ 0.153270662466546, 43.216703104400516 ], [ 0.152804393146186, 43.217833599273042 ], [ 0.152054749176975, 43.219046476013979 ], [ 0.150792405915488, 43.219923098717395 ], [ 0.149996502525689, 43.220968281705687 ], [ 0.149181409481776, 43.222373453527645 ], [ 0.147927704007038, 43.223892644730725 ], [ 0.147246871611505, 43.226111235687569 ], [ 0.147159144229559, 43.228423095980318 ], [ 0.148075202066166, 43.231026025087978 ], [ 0.148116193534447, 43.231553053688948 ], [ 0.148265220271804, 43.232381154156926 ], [ 0.148792197831066, 43.234465192467759 ], [ 0.149232893439525, 43.235920920021329 ], [ 0.149396505362955, 43.236596222252707 ], [ 0.149504257466546, 43.237044329379088 ], [ 0.149779394764539, 43.237780784412827 ], [ 0.149775834072916, 43.23824844636011 ], [ 0.150028106308811, 43.239646077968771 ], [ 0.149820663778201, 43.241526907596317 ], [ 0.149345276443989, 43.243457853389053 ], [ 0.14843582442443, 43.244927968062306 ], [ 0.148345149067992, 43.245632290945323 ], [ 0.148231364746969, 43.246520864151179 ], [ 0.14886229826006, 43.247747757640376 ], [ 0.150824451649951, 43.249347818694595 ], [ 0.152663801874224, 43.252164019161818 ], [ 0.153171269807359, 43.253149667096999 ], [ 0.153591788037898, 43.255019478084684 ], [ 0.154291758846037, 43.257315415211124 ], [ 0.154713484688101, 43.259077000383627 ], [ 0.155328531101872, 43.26199163751437 ], [ 0.15576710556043, 43.263583122291436 ], [ 0.15630974627471, 43.265672693035945 ], [ 0.156488576083286, 43.26677936634497 ], [ 0.156492557084722, 43.268030573793482 ], [ 0.156201383724411, 43.270251367996892 ], [ 0.15566267792899, 43.272446248426398 ], [ 0.154762879106062, 43.274479469301504 ], [ 0.154416392689387, 43.276175909688369 ], [ 0.15396954198687, 43.276988327800765 ], [ 0.153024175692361, 43.278696586894057 ], [ 0.152755623304382, 43.280313374266996 ], [ 0.152551005761018, 43.281937989310556 ], [ 0.152012858001998, 43.284087963228821 ], [ 0.151318875169438, 43.285995868801486 ], [ 0.150550636179793, 43.288924145372235 ], [ 0.149845392205903, 43.290237334129699 ], [ 0.149391948664785, 43.291575564597814 ], [ 0.148749922386485, 43.292994601368257 ], [ 0.148298820943775, 43.295669793707198 ], [ 0.147880383451542, 43.297994507370284 ], [ 0.148218940523155, 43.29886748051198 ], [ 0.148142741275081, 43.300238129039755 ], [ 0.148394609900817, 43.303174961577461 ], [ 0.148373703466107, 43.305208910323337 ], [ 0.147445284515124, 43.30695743223918 ], [ 0.146688569391502, 43.308823865440679 ], [ 0.146982897164681, 43.310676172131508 ], [ 0.147035699129187, 43.311672332558032 ], [ 0.146744450244228, 43.312498063431136 ], [ 0.146396069767108, 43.312839190061567 ], [ 0.144181690463273, 43.314171757356547 ], [ 0.14383184007858, 43.314626204801172 ], [ 0.143583731782721, 43.315794197463617 ], [ 0.14329798215086, 43.317523932075588 ], [ 0.143259205225577, 43.319971071663481 ], [ 0.143944075879422, 43.322240204501945 ], [ 0.143845886661446, 43.323939171366369 ], [ 0.144090463591068, 43.324593178423683 ], [ 0.145664191239976, 43.327645676104503 ], [ 0.146626186643537, 43.330340864837716 ], [ 0.147536266804241, 43.333492267201279 ], [ 0.148249380728638, 43.336130847453823 ], [ 0.148278681132773, 43.339439779464492 ], [ 0.149044851942496, 43.34290299207445 ], [ 0.148237571492433, 43.345019414331809 ], [ 0.147696740474916, 43.347067274456485 ], [ 0.147454451579689, 43.349275208824494 ], [ 0.147725921514211, 43.351932800425345 ], [ 0.148122679395425, 43.354774502879557 ], [ 0.148180477963728, 43.356801404287118 ], [ 0.148567526912812, 43.359048406034447 ], [ 0.149164352778003, 43.360621735579883 ], [ 0.149578847682869, 43.363220824574285 ], [ 0.149774687963724, 43.365571058996423 ], [ 0.149732953931084, 43.368054966855013 ], [ 0.149458973146598, 43.370365253060591 ], [ 0.148734936981761, 43.373366409623628 ], [ 0.14882714186949, 43.375208339896474 ], [ 0.14882714186949, 43.375208339896474 ], [ 0.15262476666796, 43.381685881011634 ], [ 0.154987996130434, 43.38861074709785 ], [ 0.164043826488627, 43.389574640345636 ], [ 0.16235784621131, 43.392410761377185 ], [ 0.161161605878395, 43.394883842934405 ], [ 0.161154162289565, 43.394892846079159 ], [ 0.161154112003737, 43.394893865601773 ], [ 0.160274626208841, 43.395998420414919 ], [ 0.158767763140486, 43.398063975786478 ], [ 0.158139212572939, 43.399247617183285 ], [ 0.157618684244657, 43.400342157529145 ], [ 0.157467754385671, 43.402065393503719 ], [ 0.157791691576692, 43.404270929251247 ], [ 0.15851829646015, 43.405556544379465 ], [ 0.159051150838486, 43.40702193128098 ], [ 0.159102822123419, 43.408472665194786 ], [ 0.157848800873739, 43.409610275916897 ], [ 0.155630232569546, 43.410900269401466 ], [ 0.151142753272328, 43.413643273504285 ], [ 0.149873150980116, 43.41531560599487 ], [ 0.148553371489482, 43.416783362435517 ], [ 0.147154137083108, 43.417619824696821 ], [ 0.145479301590795, 43.418503116554568 ], [ 0.144332913198092, 43.419579087794887 ], [ 0.143380492002876, 43.420473244443443 ], [ 0.142614013192925, 43.421544919807779 ], [ 0.14203661938793, 43.422561318169215 ], [ 0.141576896231755, 43.423973057455136 ], [ 0.14110200273494, 43.42481544556567 ], [ 0.140382199435822, 43.426101835922083 ], [ 0.13810687959257, 43.428089688322331 ], [ 0.135511867717349, 43.430330546684409 ], [ 0.133742416678786, 43.43220096315909 ], [ 0.132076645541225, 43.434407083163968 ], [ 0.130593120563211, 43.436132837510975 ], [ 0.130475008288591, 43.436337061874987 ], [ 0.129760200411291, 43.437600011385456 ], [ 0.128905283001938, 43.440040058001287 ], [ 0.12755943660459, 43.442007425770747 ], [ 0.125248124014265, 43.444160613977679 ], [ 0.122586885411322, 43.445710995329904 ], [ 0.120866385282474, 43.446781734330585 ], [ 0.118396759662154, 43.448196154395205 ], [ 0.116894693893585, 43.450024425752446 ], [ 0.115923341132336, 43.452730961854783 ], [ 0.115198035942288, 43.45500280007986 ], [ 0.113672944849556, 43.457172618978078 ], [ 0.112752276867678, 43.45908785384654 ], [ 0.111707836977357, 43.460757683433776 ], [ 0.110174876203073, 43.463273550699014 ], [ 0.108467591290754, 43.465878709990697 ], [ 0.106859265131374, 43.46818620726301 ], [ 0.104994288605665, 43.470742176826931 ], [ 0.103201104473991, 43.47289963358957 ], [ 0.101634141911578, 43.474712744391162 ], [ 0.099856777771589, 43.47685729887629 ], [ 0.098026404274286, 43.479243534673849 ], [ 0.096387416749082, 43.481504108478966 ], [ 0.095214615104209, 43.484002926663408 ], [ 0.094068923160748, 43.486740464453675 ], [ 0.092609272599407, 43.489469578634044 ], [ 0.091068708050593, 43.492214893593626 ], [ 0.089388714286485, 43.494163779769217 ], [ 0.087607563050399, 43.49638981508042 ], [ 0.085830044444892, 43.49843102523635 ], [ 0.084118663779373, 43.500383082963097 ], [ 0.082321961423697, 43.502631116591893 ], [ 0.080137357438257, 43.504611227907752 ], [ 0.077032339902541, 43.506832129938495 ], [ 0.074646785131076, 43.508617769066852 ], [ 0.072641634644322, 43.510233843715014 ], [ 0.07079877865791, 43.512353789927793 ], [ 0.068595209845985, 43.515157587546497 ], [ 0.066737732855388, 43.517200479623902 ], [ 0.065228087461799, 43.519658298647855 ], [ 0.064260700812546, 43.521639420591342 ], [ 0.063363811753662, 43.523668434687998 ], [ 0.062545446625306, 43.525752685401976 ], [ 0.061907118673674, 43.527554767971075 ], [ 0.06115130879567, 43.529676451168122 ], [ 0.060592551672833, 43.531376477758151 ], [ 0.059657141095592, 43.533795695364105 ], [ 0.05852141820795, 43.535957148619168 ], [ 0.057824675517079, 43.536811665630097 ], [ 0.056839250923116, 43.537901496759297 ], [ 0.055528615892844, 43.538541175385198 ], [ 0.054703870857015, 43.538905952544958 ], [ 0.053382384895352, 43.539509566603179 ], [ 0.051301198492579, 43.540276393058477 ], [ 0.048837862234043, 43.541155378166998 ], [ 0.047599368014162, 43.541562989541866 ], [ 0.046678711137579, 43.54190671561134 ], [ 0.045690560307636, 43.542388549892948 ], [ 0.044624421248435, 43.54351183157091 ], [ 0.042972117998507, 43.544889850251757 ], [ 0.041515080123319, 43.546511185820918 ], [ 0.04057270745424, 43.547736918099872 ], [ 0.039431054102083, 43.548768190295704 ], [ 0.03827162317907, 43.54916358283679 ], [ 0.037405497452899, 43.549100097932865 ], [ 0.035490063899822, 43.548822005832413 ], [ 0.034876204207137, 43.548715346215246 ], [ 0.033464748775539, 43.547790039921729 ], [ 0.032100512975782, 43.546766919085343 ], [ 0.030081319533264, 43.546216213128055 ], [ 0.028243956521992, 43.546575561513684 ], [ 0.025989302456114, 43.547968501763421 ], [ 0.023693351366265, 43.550507501017137 ], [ 0.023082495028719, 43.551669637206778 ], [ 0.02263665563435, 43.553224499274826 ], [ 0.022231556788506, 43.555130886236959 ], [ 0.021919770815278, 43.557701812972169 ], [ 0.021856284933448, 43.560522703649646 ], [ 0.020690066907064, 43.562503219276074 ], [ 0.020271790304366, 43.565418591420162 ], [ 0.018942495037903, 43.568614378123939 ], [ 0.016019425682129, 43.572086151215636 ], [ 0.013802797722058, 43.574721171664685 ], [ 0.013100203380447, 43.575746954833107 ], [ 0.011713077609683, 43.577613037896484 ], [ 0.010408801649227, 43.58015257041702 ], [ 0.009645836191678, 43.583521248867278 ], [ 0.008423151556517, 43.586485986639282 ], [ 0.007787946021923, 43.587886465611909 ], [ 0.00638598072157, 43.590270068828971 ], [ 0.004908774673578, 43.592962139807369 ], [ 0.004025812695651, 43.59490439800792 ], [ 0.002164790892243, 43.596947361496895 ], [ 0.001156644855469, 43.597355738136137 ], [ -0.000310219958397, 43.607124848000495 ], [ -0.000260956314306, 43.613493008988748 ], [ 0.001422205221535, 43.614944218397525 ], [ 0.003700853114523, 43.617433462750547 ], [ 0.00563667537469, 43.620728490901854 ], [ 0.00667215408969, 43.623763678385963 ], [ 0.007340247335072, 43.626402598065553 ], [ 0.007341807501019, 43.628501083346656 ], [ 0.006868211293862, 43.630433218128573 ], [ 0.005882296942468, 43.633502665276865 ], [ 0.005221937654206, 43.635938456493612 ], [ 0.004165037982521, 43.637993477108353 ], [ 0.002580571767502, 43.64112403014822 ], [ 0.000878776758752, 43.64372417111381 ], [ -0.000874117548279, 43.645845791278994 ], [ -0.003534764884221, 43.645957207872407 ], [ -0.006885173673039, 43.643554609500633 ], [ -0.008364968514438, 43.643068208255066 ], [ -0.01030554271628, 43.643131976608217 ], [ -0.01166588820226, 43.644228330832178 ], [ -0.012776541975636, 43.645980340941414 ], [ -0.014945075761452, 43.648770647284024 ], [ -0.018801170943538, 43.65068547783676 ], [ -0.02188877375581, 43.654191864661264 ], [ -0.024547174094136, 43.656864194053718 ], [ -0.027093044247478, 43.658441285582136 ], [ -0.02804817078898, 43.66101689848584 ], [ -0.028204442108709, 43.661710352553428 ], [ -0.027721457956975, 43.662584041361228 ], [ -0.024702705581826, 43.665995683236247 ], [ -0.022500427468952, 43.668429266533067 ], [ -0.021195103500971, 43.670046099790113 ], [ -0.020172643789181, 43.671262704061647 ], [ -0.018946780991528, 43.672813944049807 ], [ -0.018396509711114, 43.673616948596198 ], [ -0.017378917531538, 43.674901849868995 ], [ -0.015304645792164, 43.673842701994296 ], [ -0.013389468490725, 43.67222124425016 ], [ -0.009219613073903, 43.670868583249991 ], [ -0.003534555949101, 43.669094809697604 ], [ -0.000964618511534, 43.668881761086553 ], [ 0.001062703891898, 43.668978569558426 ], [ 0.002359450027447, 43.669184936167476 ], [ 0.003905407913007, 43.666697896265397 ], [ 0.005621387370085, 43.664025506711596 ], [ 0.007638375087738, 43.661460481065085 ], [ 0.010101063661788, 43.659195794972874 ], [ 0.012499833315522, 43.657155087803297 ], [ 0.015460963810725, 43.655984907585776 ], [ 0.018719116219478, 43.654592920852338 ], [ 0.02183642235386, 43.653255207364346 ], [ 0.024367837775429, 43.651844174876302 ], [ 0.025251266684153, 43.649760697363966 ], [ 0.025877757470946, 43.649048393737431 ], [ 0.02760541326405, 43.648100561409201 ], [ 0.035901720895501, 43.644789210688991 ], [ 0.037806853500209, 43.644021795796036 ], [ 0.039420900145781, 43.642543539326155 ], [ 0.040703965430021, 43.641070561847911 ], [ 0.043502970850625, 43.63971545319702 ], [ 0.045145058223857, 43.639187992862269 ], [ 0.047093328264405, 43.638560535649788 ], [ 0.048978963840215, 43.637481851186415 ], [ 0.050436979734301, 43.636320002043071 ], [ 0.051619903759692, 43.634461084030931 ], [ 0.053420350259122, 43.632654663375206 ], [ 0.056328417362497, 43.63129810851747 ], [ 0.058087797209086, 43.630012551967667 ], [ 0.058785129645908, 43.628757480770894 ], [ 0.059786852480756, 43.627708821653499 ], [ 0.060523758331301, 43.627188338969866 ], [ 0.061686312321031, 43.626540407877641 ], [ 0.063112725420437, 43.625408215911627 ], [ 0.065173381179252, 43.624549550643309 ], [ 0.066527161505587, 43.624037512980664 ], [ 0.067128919518696, 43.622473336596315 ], [ 0.067516095794122, 43.621529606881431 ], [ 0.068941591362711, 43.620410603050168 ], [ 0.06995367802185, 43.620005756680982 ], [ 0.070624163615417, 43.619735750650747 ], [ 0.073301856391879, 43.61906929665961 ], [ 0.075157812185004, 43.618412343134352 ], [ 0.076145557490009, 43.617489857011776 ], [ 0.077602573318046, 43.616326661580395 ], [ 0.079311371060356, 43.615022059823161 ], [ 0.081192526686094, 43.613699602865829 ], [ 0.082287413600085, 43.612630811123253 ], [ 0.083158834116209, 43.611199468209698 ], [ 0.083875034359356, 43.610165442277257 ], [ 0.085081604188229, 43.609275319903041 ], [ 0.087125185084209, 43.608402556924972 ], [ 0.088223670331093, 43.607729161342164 ], [ 0.089083215257404, 43.606748991105711 ], [ 0.090082263150684, 43.605595833908964 ], [ 0.090828288677494, 43.604413430063367 ], [ 0.090862091128101, 43.603082180667322 ], [ 0.09176484425194, 43.60174664183387 ], [ 0.092859271405527, 43.600511238004316 ], [ 0.093013626733746, 43.60026712568272 ], [ 0.095003096087114, 43.598677662541405 ], [ 0.095023146802368, 43.597449239908414 ], [ 0.095281631383447, 43.596425392863729 ], [ 0.095767492157552, 43.595546556068015 ], [ 0.096212922869833, 43.594744266798756 ], [ 0.098611271860781, 43.593123816766138 ], [ 0.100398473838574, 43.592024331149958 ], [ 0.102959406386739, 43.590714579916551 ], [ 0.105304086737601, 43.590206049630282 ], [ 0.106989366523706, 43.589841331695695 ], [ 0.108421671685584, 43.589559717076327 ], [ 0.11013324783984, 43.588700181984763 ], [ 0.110977852623941, 43.587835936390761 ], [ 0.111926755444464, 43.586546452932311 ], [ 0.112578976933377, 43.585482986935716 ], [ 0.113651881822389, 43.583850470174283 ], [ 0.114766359919121, 43.583178268438552 ], [ 0.116244860870136, 43.582811999305619 ], [ 0.116860578862386, 43.582751727423499 ], [ 0.118356864100305, 43.582562621919287 ], [ 0.119591211872861, 43.58299991258059 ], [ 0.119753546823617, 43.583125788222659 ], [ 0.120403907313698, 43.582823298623723 ], [ 0.120654477689393, 43.582114845169677 ], [ 0.120713494755119, 43.581134712682875 ], [ 0.12059910258344, 43.57985780405847 ], [ 0.120137172771786, 43.578702430372857 ], [ 0.119192934449683, 43.577469908309702 ], [ 0.117989485923439, 43.576448093368988 ], [ 0.117165202066119, 43.575990005232242 ], [ 0.115693755655309, 43.575297122118258 ], [ 0.114363818408583, 43.574640684300938 ], [ 0.113386472757906, 43.574070212913682 ], [ 0.112263292976046, 43.572852296270966 ], [ 0.11130697813249, 43.571781790840319 ], [ 0.110807401038329, 43.57090426909479 ], [ 0.110235597209592, 43.5698715922289 ], [ 0.109381282570539, 43.568980541359615 ], [ 0.108000038566528, 43.567952834952656 ], [ 0.1068202642916, 43.567471910024175 ], [ 0.105001416942204, 43.567072014948735 ], [ 0.102985583513163, 43.566734238882276 ], [ 0.100911260802103, 43.56655320897525 ], [ 0.100087376653031, 43.566454577573253 ], [ 0.098800539523855, 43.566231219385223 ], [ 0.097720550325818, 43.565918348277478 ], [ 0.096836117845802, 43.565516716441167 ], [ 0.098112488181258, 43.564196271372182 ], [ 0.100254469054265, 43.56389801649464 ], [ 0.101036692410242, 43.563346862921364 ], [ 0.101215153350533, 43.562289212353029 ], [ 0.101750034457445, 43.560097980202841 ], [ 0.104692222168204, 43.558497104317944 ], [ 0.106414040696304, 43.556831940916432 ], [ 0.10764785883855, 43.554451960477543 ], [ 0.108682826003204, 43.552503893089806 ], [ 0.109534443888196, 43.550235264605284 ], [ 0.110725932521672, 43.548411896772492 ], [ 0.11150897969935, 43.547140514811353 ], [ 0.113475233591118, 43.545099718251485 ], [ 0.114717457215575, 43.543714888816595 ], [ 0.115828951873816, 43.542695327820439 ], [ 0.117074936511481, 43.54179273422438 ], [ 0.118607189152526, 43.540193877554465 ], [ 0.119848375169467, 43.538881499268093 ], [ 0.122029229431457, 43.537057741345194 ], [ 0.124823105827805, 43.535439158281889 ], [ 0.126761769071328, 43.53396028714122 ], [ 0.128910715476129, 43.532148840828548 ], [ 0.130885775668208, 43.530386902120007 ], [ 0.131863846343052, 43.52885087707358 ], [ 0.132282919459263, 43.527627979410937 ], [ 0.13261776036801, 43.525926826515978 ], [ 0.132550957813367, 43.523862630228429 ], [ 0.13282867767625, 43.522686058140273 ], [ 0.133599837626018, 43.52115784405575 ], [ 0.134304011950831, 43.519930225201861 ], [ 0.134993098519292, 43.517850271818965 ], [ 0.13526654895162, 43.515323159919298 ], [ 0.135713590983421, 43.513619881052009 ], [ 0.136745077471719, 43.510919738387351 ], [ 0.137718823986348, 43.508108759163662 ], [ 0.138937888215054, 43.505498337946769 ], [ 0.13987047213722, 43.503848733400751 ], [ 0.140847751587513, 43.502370873925798 ], [ 0.142574361264455, 43.501061900677307 ], [ 0.144815669944234, 43.499333363451832 ], [ 0.14698519562922, 43.498058450817034 ], [ 0.148850671771997, 43.496122792957422 ], [ 0.150477226549452, 43.494418844629386 ], [ 0.151877050868583, 43.4929561123922 ], [ 0.153112594013521, 43.491013023130662 ], [ 0.154097829289879, 43.48916553182805 ], [ 0.154981472076757, 43.487469586863305 ], [ 0.155875528058255, 43.48612940489501 ], [ 0.157070470035134, 43.484661225823565 ], [ 0.158476099843011, 43.482902355962636 ], [ 0.160018835338533, 43.481461671549773 ], [ 0.162557176981515, 43.479714048550768 ], [ 0.164481734919345, 43.478747047611108 ], [ 0.165669960330949, 43.478346041341659 ], [ 0.168555619848014, 43.477314207373269 ], [ 0.173579356900506, 43.473390178830087 ], [ 0.175409226560725, 43.472343913661682 ], [ 0.177100905280063, 43.470425798573856 ], [ 0.17864423096719, 43.468070700645058 ], [ 0.180968371420584, 43.466034174703637 ], [ 0.183350005855736, 43.464222803789156 ], [ 0.186140793343127, 43.462329042094119 ], [ 0.188671342979924, 43.460936127106379 ], [ 0.191383397119989, 43.459039179948874 ], [ 0.193098569412912, 43.455960101941919 ], [ 0.193355806402781, 43.454166001468771 ], [ 0.193828828987151, 43.451684964824096 ], [ 0.194113490145804, 43.449270541002356 ], [ 0.194636257962214, 43.446744839511069 ], [ 0.19586223803678, 43.444458993051519 ], [ 0.197076601305199, 43.442725410504103 ], [ 0.19874976753452, 43.441644125040774 ], [ 0.200125510611045, 43.441315041717999 ], [ 0.203065741941738, 43.440521786489754 ], [ 0.205412539691181, 43.439650835314936 ], [ 0.206785342377889, 43.438543276970456 ], [ 0.208344108354225, 43.436953301828957 ], [ 0.210084800828353, 43.435540620848847 ], [ 0.210866540780941, 43.434218629666269 ], [ 0.211935294627614, 43.43267114653171 ], [ 0.213323661202593, 43.430888784177306 ], [ 0.214821865603064, 43.429036721132192 ], [ 0.2162460973422, 43.42781294005114 ], [ 0.218044677294426, 43.426671272031307 ], [ 0.220001471664646, 43.425560212763905 ], [ 0.222053306188532, 43.424365749427643 ], [ 0.223921232303151, 43.422973501145961 ], [ 0.225751554683015, 43.421777373455399 ], [ 0.22739466312089, 43.420568268608797 ], [ 0.228578384192867, 43.419528147352757 ], [ 0.230640406900183, 43.417793499084098 ], [ 0.232188842389662, 43.416654420204416 ], [ 0.234289566804675, 43.415334350396897 ], [ 0.235345777316275, 43.416009892707592 ], [ 0.236266897644473, 43.416347988897265 ], [ 0.237468825772742, 43.416761680105914 ], [ 0.238837261511682, 43.417589175268965 ], [ 0.239704652142619, 43.418318072664746 ], [ 0.241601178344932, 43.420261066134181 ], [ 0.242196261796091, 43.420708253305833 ], [ 0.243731046566722, 43.419032445221397 ], [ 0.245011261037359, 43.417930271396422 ], [ 0.246101798364304, 43.415960209505954 ], [ 0.247199285630684, 43.413637958180615 ], [ 0.247858160441062, 43.412048100873712 ], [ 0.248479710322635, 43.410799433750242 ], [ 0.249085345280632, 43.40873941981998 ], [ 0.24965316364626, 43.406971569771414 ], [ 0.249883718318071, 43.404785581760287 ], [ 0.250139448729961, 43.402042573999623 ], [ 0.250261264556194, 43.399844639171597 ], [ 0.250544250334246, 43.398172723901013 ], [ 0.251140884680541, 43.396473026425276 ], [ 0.251467645039547, 43.395877706591335 ], [ 0.252738719286684, 43.395217489093284 ], [ 0.253828875500612, 43.394884621863604 ], [ 0.255120226745829, 43.394737624969082 ], [ 0.257817606581233, 43.394153343948553 ], [ 0.259617254853845, 43.392214442487898 ], [ 0.26109726762622, 43.391986363155198 ], [ 0.262745038613554, 43.392117915432394 ], [ 0.26323692850698, 43.391846433394754 ], [ 0.264229116997808, 43.390949228754877 ], [ 0.264914665696617, 43.389548941500763 ], [ 0.264701844353988, 43.387131157275661 ], [ 0.265204080940168, 43.385874313888145 ], [ 0.264629898791414, 43.384666881038875 ], [ 0.263281120548293, 43.382845443874537 ], [ 0.26320795741947, 43.380849935856212 ], [ 0.263530213503002, 43.380403593506699 ], [ 0.264141581352184, 43.380091207546627 ], [ 0.266333513296994, 43.374682468547235 ], [ 0.267631826847396, 43.371605318021778 ], [ 0.267695927181002, 43.369634752222545 ], [ 0.267721378746858, 43.368479264143879 ], [ 0.269858368508425, 43.362677963248856 ], [ 0.270655004834494, 43.36152253601788 ], [ 0.272665526084995, 43.359858455011597 ], [ 0.274015013781112, 43.358317605684988 ], [ 0.274527226445841, 43.357047733941329 ], [ 0.274500001158739, 43.354576501412041 ], [ 0.274213545775369, 43.352881062395824 ], [ 0.27365758854231, 43.351823253216075 ], [ 0.271525280603985, 43.349033397736321 ], [ 0.271489591015105, 43.347600631508804 ], [ 0.271807833696452, 43.347144983222783 ], [ 0.273456640815711, 43.345454441317607 ], [ 0.272811306790587, 43.343448671114132 ], [ 0.27156612040817, 43.341878149650746 ], [ 0.271696338680487, 43.339364958560566 ], [ 0.271715594885926, 43.338987556947167 ], [ 0.273947818015168, 43.336937927584657 ], [ 0.2742356101832, 43.336355893765422 ], [ 0.274541220676479, 43.335485281491508 ], [ 0.27481389465804, 43.332945043897809 ], [ 0.274385260565949, 43.33156570120854 ], [ 0.274545533285115, 43.329153374261651 ], [ 0.274619019038194, 43.327629427943727 ], [ 0.274744181916249, 43.325693144807559 ], [ 0.275008969520141, 43.324205678156545 ], [ 0.274493405626865, 43.321855967661804 ], [ 0.274951998830522, 43.319464454560631 ], [ 0.275572582211795, 43.318468006639797 ], [ 0.275466278678748, 43.317343950534131 ], [ 0.277517664498375, 43.316910538952051 ], [ 0.278900511115775, 43.314965087536329 ], [ 0.280841118284552, 43.313942607902668 ], [ 0.285725477851908, 43.312390473981587 ], [ 0.288933744485407, 43.311886817936838 ], [ 0.290684498995199, 43.308797469738316 ], [ 0.291920287612833, 43.303360570678279 ], [ 0.291636052724761, 43.299469599649989 ], [ 0.291289509756267, 43.297678818407448 ], [ 0.291723086493852, 43.294431874742031 ], [ 0.291294652595013, 43.290784437119513 ], [ 0.290921134090171, 43.288290369476918 ], [ 0.290701361622404, 43.286272991473119 ], [ 0.290806868500023, 43.284741723379554 ], [ 0.290766571511869, 43.283903288224138 ], [ 0.290530138100626, 43.282002953903444 ], [ 0.290372849920322, 43.277853763972203 ], [ 0.290003876690641, 43.274878830697858 ], [ 0.289478150898117, 43.271611956960946 ], [ 0.28916450249351, 43.267580425662779 ], [ 0.288610604486732, 43.264142327061123 ], [ 0.287335446925069, 43.260383825830445 ], [ 0.285552752592144, 43.257467326109619 ], [ 0.284408273695803, 43.255332778214111 ], [ 0.283960243090318, 43.252265998729939 ], [ 0.284176577783311, 43.250727361259813 ], [ 0.28444916373003, 43.248052481278499 ], [ 0.285016837197805, 43.245875212539708 ], [ 0.286345794264568, 43.242182196008066 ], [ 0.287007553958162, 43.239872497340656 ], [ 0.287423190568879, 43.236943880079011 ], [ 0.288300540157301, 43.235156336307298 ], [ 0.288847104743504, 43.233303298533528 ], [ 0.290371237909113, 43.231064279929655 ], [ 0.292551154209339, 43.229192979402107 ], [ 0.293543873890073, 43.226517818136756 ], [ 0.294274989340988, 43.223165171947358 ], [ 0.295098716637806, 43.220098748261741 ], [ 0.295450353955685, 43.217123626240266 ], [ 0.295348516552192, 43.214052401565986 ], [ 0.295022594560025, 43.211443261349181 ], [ 0.294892024178833, 43.209909219203901 ], [ 0.295026830817406, 43.208819931454563 ], [ 0.294853057926837, 43.207194955878428 ], [ 0.296816157259641, 43.200062194415246 ], [ 0.296868018460262, 43.199640728028953 ], [ 0.296687914962398, 43.198299483285268 ], [ 0.296411534235045, 43.196123587185198 ], [ 0.296013035915342, 43.193724065417797 ], [ 0.295617452912629, 43.191292942086172 ], [ 0.295973459315928, 43.18696803490537 ], [ 0.295990992323305, 43.185938101689871 ], [ 0.295794067610742, 43.184569916462713 ], [ 0.295723840233268, 43.183208991183591 ], [ 0.295817048732947, 43.181455930314065 ], [ 0.2958120427325, 43.180758366064232 ], [ 0.296470019466595, 43.179847639673447 ], [ 0.297077146551153, 43.179039808371655 ], [ 0.297816513178842, 43.179013384976002 ], [ 0.298475735701238, 43.17888082556464 ], [ 0.300467127304089, 43.178696844130783 ], [ 0.302149290702811, 43.178411147420981 ], [ 0.303716571466097, 43.178463613163977 ], [ 0.304793368626874, 43.178472129173308 ], [ 0.306834633897506, 43.178145307587307 ], [ 0.310297549204735, 43.178151052194181 ], [ 0.310683460010104, 43.1765452102862 ], [ 0.311499162020734, 43.174607995156386 ], [ 0.312510274691199, 43.173057561713549 ], [ 0.313572761358104, 43.171361360654238 ], [ 0.314873636967351, 43.169367800289884 ], [ 0.316434513791306, 43.166820099618768 ], [ 0.318054537247346, 43.164497494294302 ], [ 0.319025191888439, 43.161857472316747 ], [ 0.319961103882289, 43.159212530586437 ], [ 0.32091814152707, 43.150484214094895 ], [ 0.320830841183793, 43.149027959671102 ], [ 0.3214112863768, 43.147607702568962 ], [ 0.324335828113617, 43.14567689449413 ], [ 0.326238486622608, 43.144158716713058 ], [ 0.327809869367329, 43.142775279373687 ], [ 0.328998364826646, 43.140865633672604 ], [ 0.329376660323949, 43.13786883967591 ], [ 0.330769062493427, 43.134105831529581 ], [ 0.332378081658507, 43.130478873763401 ], [ 0.334554919680882, 43.125537519494266 ], [ 0.334821206066285, 43.124599587180541 ], [ 0.335415324986607, 43.1235656071606 ], [ 0.336503945373624, 43.122084356507528 ], [ 0.337315346226894, 43.120296057578223 ], [ 0.33769622303209, 43.118199969865529 ], [ 0.337486118227187, 43.115800335593377 ], [ 0.337227498163167, 43.113395407869064 ], [ 0.336379133101341, 43.10981595229412 ], [ 0.3356752982888, 43.104160120490086 ], [ 0.335591237117635, 43.103473914874598 ], [ 0.336117143074361, 43.101858300680739 ], [ 0.336373733659916, 43.098858600491646 ], [ 0.336271303324718, 43.098420066334519 ], [ 0.336299669040943, 43.097925549515054 ], [ 0.3371739768459, 43.095580313403538 ], [ 0.337232217556991, 43.092832004373996 ], [ 0.337278131230707, 43.091834533202977 ], [ 0.3373561057756, 43.090140465044094 ], [ 0.337912760175893, 43.087580131943469 ], [ 0.339383766115465, 43.085614163751224 ], [ 0.34198914634031, 43.083999882206967 ], [ 0.344642994042306, 43.082418390460028 ], [ 0.347150627991872, 43.08095472552364 ], [ 0.349546790309221, 43.079762945702065 ], [ 0.351228574380523, 43.078229869000808 ], [ 0.352373113359779, 43.076016803746072 ], [ 0.353365934298546, 43.074287054851574 ], [ 0.353580954065992, 43.073909443775833 ], [ 0.353915536643182, 43.071496780487394 ], [ 0.354245718399981, 43.069453614777281 ], [ 0.355033057592106, 43.068162953785546 ], [ 0.356864428770913, 43.065539955656725 ], [ 0.357022241295973, 43.064981234590306 ], [ 0.357898719071941, 43.064206344194062 ], [ 0.357994607871811, 43.064118857086001 ], [ 0.3590109082322, 43.062812354723611 ], [ 0.359870767247549, 43.059408894933306 ] ] ], [ [ [ -0.008047163281252, 43.515908975983514 ], [ -0.007975434467025, 43.513681901928194 ], [ -0.007886526759512, 43.509812656003398 ], [ -0.008246226940592, 43.503923610241202 ], [ -0.008032260514259, 43.501606521010466 ], [ -0.009184788360896, 43.497433169167074 ], [ -0.009644823504203, 43.496223128831048 ], [ -0.010402361247659, 43.493514395933154 ], [ -0.010960339595203, 43.491121765123552 ], [ -0.010800388880027, 43.489515217350181 ], [ -0.010915585151909, 43.487161451821173 ], [ -0.011277971551763, 43.485589439256351 ], [ -0.011900876193813, 43.483528026216035 ], [ -0.012202342242766, 43.482588002834504 ], [ -0.012648309401539, 43.481193457639037 ], [ -0.013900567067836, 43.479123719456197 ], [ -0.015482749884857, 43.476793506349544 ], [ -0.017946028383214, 43.471637675617821 ], [ -0.018346583576931, 43.470798063437257 ], [ -0.018829870013477, 43.468970339325161 ], [ -0.019167938454346, 43.466674723926147 ], [ -0.01906221583244, 43.464341432359333 ], [ -0.018719074675505, 43.463175202122251 ], [ -0.018781292405072, 43.461715754154014 ], [ -0.018727541562181, 43.456873150924658 ], [ -0.017901569153333, 43.454788770029786 ], [ -0.017778142246843, 43.453585786473234 ], [ -0.017424991716677, 43.4530021093139 ], [ -0.017076404966455, 43.452718647959337 ], [ -0.015660193255352, 43.451542461401388 ], [ -0.015065060977874, 43.450434335280335 ], [ -0.014845695279304, 43.449058320772693 ], [ -0.014945560444633, 43.448208717177216 ], [ -0.016157891326295, 43.446676390208836 ], [ -0.016665236364571, 43.445523270192126 ], [ -0.016593870922097, 43.444777500878018 ], [ -0.016207569027932, 43.444068100457436 ], [ -0.015546811131196, 43.442776904646621 ], [ -0.014916299460761, 43.441232563327688 ], [ -0.01441912711079, 43.440359742732326 ], [ -0.01441983564441, 43.439009274369099 ], [ -0.015101208069014, 43.437967766894211 ], [ -0.015815090605441, 43.437012196272136 ], [ -0.016542366675297, 43.435884618960365 ], [ -0.017894208927269, 43.434131846530647 ], [ -0.017931082563607, 43.433338124338782 ], [ -0.017812299573237, 43.432490518674754 ], [ -0.016696114641929, 43.431279481513108 ], [ -0.015916587912884, 43.43052687812289 ], [ -0.015551879191973, 43.428971076579963 ], [ -0.015356093136478, 43.425343040678563 ], [ -0.015378544333403, 43.424541553947776 ], [ -0.015928491854248, 43.423215659100606 ], [ -0.01775750777781, 43.421828571040244 ], [ -0.02065390647873, 43.42043313499844 ], [ -0.022489773125053, 43.419953898611908 ], [ -0.023872934234663, 43.419793715863996 ], [ -0.025300084524232, 43.419191003617627 ], [ -0.026578592121604, 43.418160322408553 ], [ -0.027655014457245, 43.417338564631983 ], [ -0.027903858386781, 43.417060919110355 ], [ -0.027475525652525, 43.413980813424644 ], [ -0.027407295172551, 43.413509774685124 ], [ -0.027620306989562, 43.411406666091764 ], [ -0.028341018309614, 43.409738838722475 ], [ -0.029166864318427, 43.409031328408368 ], [ -0.030743132279711, 43.407807382555688 ], [ -0.032705923107672, 43.405969904337397 ], [ -0.033807942722945, 43.404656039458338 ], [ -0.035052741171917, 43.403500560068878 ], [ -0.035934228298714, 43.402071277977242 ], [ -0.03637930835007, 43.399726726441983 ], [ -0.038938443802997, 43.396351402298947 ], [ -0.038961321339386, 43.395617320831356 ], [ -0.040345592385845, 43.394402722204951 ], [ -0.041498669143496, 43.393213984472396 ], [ -0.042829412296192, 43.391227581206088 ], [ -0.044015405832754, 43.389154310873778 ], [ -0.044889926049285, 43.387257334190799 ], [ -0.046425708934544, 43.385206876934085 ], [ -0.047865061437646, 43.383293958362678 ], [ -0.050793441107241, 43.38004176690238 ], [ -0.05071905340874, 43.377131628211373 ], [ -0.050987237987576, 43.374846145903135 ], [ -0.050899082339545, 43.373367486930825 ], [ -0.05076440977168, 43.37193610467363 ], [ -0.050816514040667, 43.37025023253593 ], [ -0.051493343495152, 43.365901110114166 ], [ -0.05217080386028, 43.363996350693093 ], [ -0.052803192609563, 43.36227161330568 ], [ -0.053524274980443, 43.359870228572738 ], [ -0.054242379709, 43.356991876893069 ], [ -0.054949708465307, 43.354729770145227 ], [ -0.055880080695114, 43.352926150459723 ], [ -0.056243521339469, 43.35104352559361 ], [ -0.056483049432674, 43.349253282367719 ], [ -0.056641666323618, 43.34717829521697 ], [ -0.057131310747338, 43.345327865392093 ], [ -0.057482038075034, 43.343814357060296 ], [ -0.058626211556739, 43.341297819818877 ], [ -0.058666852083573, 43.34048153351285 ], [ -0.058628452352775, 43.339231341027094 ], [ -0.058466113353177, 43.338466781469513 ], [ -0.057451111315677, 43.337562894353056 ], [ -0.057674090457836, 43.33722870635534 ], [ -0.058586012687552, 43.335347934676967 ], [ -0.05907684975632, 43.333839665174388 ], [ -0.059457040136263, 43.33196067645428 ], [ -0.059650920105145, 43.33042097322339 ], [ -0.05967151399617, 43.328885149236847 ], [ -0.05947330378123, 43.327418863609005 ], [ -0.059170301548589, 43.324321207207085 ], [ -0.059497287567529, 43.321652118065487 ], [ -0.060433786862638, 43.318685885891057 ], [ -0.060571022898859, 43.315738206271739 ], [ -0.060654535380584, 43.314097464232326 ], [ -0.062131220208474, 43.309954569871365 ], [ -0.063572472831062, 43.307438785600155 ], [ -0.064190300567907, 43.306115880510525 ], [ -0.064963791407977, 43.304459634240203 ], [ -0.065794717000461, 43.302279830582165 ], [ -0.066532562064749, 43.300165979992663 ], [ -0.066946419634942, 43.298718097452756 ], [ -0.067423623728846, 43.2974890658069 ], [ -0.067658593749105, 43.294966612493084 ], [ -0.067491221039542, 43.293477021152867 ], [ -0.066978621549632, 43.292068719831029 ], [ -0.066748157559785, 43.290522705763031 ], [ -0.066640792637366, 43.288320507638218 ], [ -0.067634820147172, 43.284875643090473 ], [ -0.0682216815444, 43.283634283364371 ], [ -0.069024455068425, 43.281879163398685 ], [ -0.069358482049448, 43.280248670390264 ], [ -0.068069741880228, 43.277468236882079 ], [ -0.067900111959325, 43.275698848847014 ], [ -0.06839150478464, 43.274083320076798 ], [ -0.069551716172645, 43.26969711801393 ], [ -0.071487058279237, 43.266247954478274 ], [ -0.072643436415994, 43.263686056631308 ], [ -0.074204655944471, 43.260540651103831 ], [ -0.075415417417502, 43.259029221968575 ], [ -0.077899271580447, 43.255947378753717 ], [ -0.079143506716176, 43.254385920520065 ], [ -0.081753064797422, 43.251493440924868 ], [ -0.083546791838704, 43.250308472682697 ], [ -0.084616327360495, 43.249666099700413 ], [ -0.084969502722468, 43.250051287461226 ], [ -0.086437588202654, 43.251531215438476 ], [ -0.088254420998035, 43.253702856189797 ], [ -0.090071976705267, 43.255807055326137 ], [ -0.09323121496903, 43.259474359966099 ], [ -0.093789275608965, 43.260733097279854 ], [ -0.094280806687899, 43.26153306683149 ], [ -0.095828605858328, 43.263316033473735 ], [ -0.097711223609712, 43.26568383172674 ], [ -0.098708985747237, 43.266928920584441 ], [ -0.09979887133253, 43.268378703134488 ], [ -0.102170015770895, 43.271065397786487 ], [ -0.10396183000721, 43.271814704349168 ], [ -0.105040083757196, 43.275718255705385 ], [ -0.105274439201593, 43.277656325225244 ], [ -0.105496851452649, 43.279890958650959 ], [ -0.106183907852162, 43.281771061543829 ], [ -0.107039831265451, 43.283177488825444 ], [ -0.108353335483824, 43.284719866670322 ], [ -0.109937563356095, 43.286821346180645 ], [ -0.110921632988883, 43.288319039409473 ], [ -0.11176550126365, 43.290275327110272 ], [ -0.111388270133745, 43.292068612240612 ], [ -0.109278107231646, 43.295127310564837 ], [ -0.108781045395824, 43.295556318296775 ], [ -0.107743398929056, 43.297346111910159 ], [ -0.107417184311085, 43.299596563316889 ], [ -0.106927948413254, 43.301443117507532 ], [ -0.10627321499615, 43.303878686321681 ], [ -0.106284763026558, 43.30559847651633 ], [ -0.1060798884681, 43.307480795802917 ], [ -0.105484999332687, 43.309523425509269 ], [ -0.104901219210662, 43.31109792750155 ], [ -0.103964318326913, 43.31372649818114 ], [ -0.103389202438548, 43.316632724344359 ], [ -0.103064611513312, 43.319203875145497 ], [ -0.102794967826406, 43.321003251471268 ], [ -0.102588984430877, 43.322997973465633 ], [ -0.10235989149691, 43.325525528173827 ], [ -0.101753923760933, 43.330643113943864 ], [ -0.101330827101004, 43.33273905294466 ], [ -0.101196442926086, 43.333647930288429 ], [ -0.100464046946245, 43.338630245214034 ], [ -0.100621120679863, 43.340898533751471 ], [ -0.101108079451915, 43.342846825632932 ], [ -0.101165337848022, 43.344326330879248 ], [ -0.100919551835061, 43.347065860855764 ], [ -0.100357339483331, 43.349544767720424 ], [ -0.099558798479262, 43.351898682839064 ], [ -0.098684125277985, 43.354426401056813 ], [ -0.097864672620803, 43.356264053724445 ], [ -0.097297661265266, 43.358058691202196 ], [ -0.097076860031727, 43.360122298809699 ], [ -0.09707768395155, 43.362116238020313 ], [ -0.096941781784988, 43.363025169989349 ], [ -0.096482327343762, 43.364505191293659 ], [ -0.095313245329151, 43.366614320512426 ], [ -0.094437516128793, 43.368192063905816 ], [ -0.093506729556777, 43.369735609594393 ], [ -0.091301250421707, 43.37268029761745 ], [ -0.090476502308132, 43.373932713421667 ], [ -0.088078397361249, 43.376477310786562 ], [ -0.086961923486686, 43.378376464523498 ], [ -0.086559095049804, 43.379248066075888 ], [ -0.085358650307386, 43.380079071154675 ], [ -0.084678201685634, 43.380657244738821 ], [ -0.084359018312226, 43.381705206337813 ], [ -0.083930774627457, 43.383933065648506 ], [ -0.082333451232868, 43.388340396180553 ], [ -0.082262924258971, 43.388959396592057 ], [ -0.078998853683635, 43.393558189757385 ], [ -0.078766854957134, 43.393961137177236 ], [ -0.077355578850976, 43.395625455658482 ], [ -0.075531443637379, 43.397141138228747 ], [ -0.075018613828258, 43.397479536841502 ], [ -0.074534194159792, 43.397799742619469 ], [ -0.074300484884816, 43.398066865920526 ], [ -0.073234162424193, 43.399609997769033 ], [ -0.072140497965754, 43.401639121137201 ], [ -0.071303531247221, 43.402756915051832 ], [ -0.071205165799868, 43.403696429065086 ], [ -0.070374861565887, 43.40541263999873 ], [ -0.069685454284727, 43.40690828712183 ], [ -0.068858082834096, 43.410047363627243 ], [ -0.069462007631509, 43.411938426046106 ], [ -0.069363686294963, 43.412958663457907 ], [ -0.069649950779837, 43.413176294216022 ], [ -0.070982636065461, 43.414096685708756 ], [ -0.072351762436413, 43.415305119681854 ], [ -0.075020697491262, 43.418650443468586 ], [ -0.075112390760776, 43.419579470249928 ], [ -0.075043994335828, 43.421760331189454 ], [ -0.074435508768532, 43.423591837390468 ], [ -0.073336532645729, 43.425135913313241 ], [ -0.072580042599593, 43.426322965959777 ], [ -0.072261265825972, 43.427308585030033 ], [ -0.071680196887775, 43.428842050195144 ], [ -0.070544607824516, 43.429914158726383 ], [ -0.069075293949049, 43.430879289218446 ], [ -0.067972448801639, 43.432066903928714 ], [ -0.066690420145947, 43.432944967977683 ], [ -0.065447268606912, 43.434263195663867 ], [ -0.065004403407494, 43.435369800571245 ], [ -0.064607483149491, 43.436470998483827 ], [ -0.063629499440273, 43.437637700009716 ], [ -0.062622194732344, 43.439123903463397 ], [ -0.062146513372216, 43.440010774648165 ], [ -0.061882035960835, 43.441652706693546 ], [ -0.062313750922719, 43.443625351885778 ], [ -0.062059939733319, 43.444704114933103 ], [ -0.060776424361007, 43.446667020816477 ], [ -0.059882226410717, 43.448254222619511 ], [ -0.059439662821464, 43.449554886772141 ], [ -0.059069255273639, 43.45023547839731 ], [ -0.057830273547902, 43.451985624156706 ], [ -0.057457965472571, 43.452446637720904 ], [ -0.056700544661225, 43.453602931829934 ], [ -0.056689710072812, 43.454084399896736 ], [ -0.057055585369672, 43.454425475530783 ], [ -0.058231888488596, 43.455265700146342 ], [ -0.05931702843201, 43.456499728531043 ], [ -0.059860900967035, 43.458550966845586 ], [ -0.059873465866915, 43.459603832213816 ], [ -0.060123457935993, 43.460717416548405 ], [ -0.060686209177027, 43.461619895773381 ], [ -0.060990926613748, 43.462101631965382 ], [ -0.06132668398336, 43.462533455610256 ], [ -0.061875050401511, 43.463666170589285 ], [ -0.061950464904258, 43.464713186094421 ], [ -0.061667426747681, 43.466008343731268 ], [ -0.061212019345276, 43.467412556726828 ], [ -0.06093383560174, 43.469378739006096 ], [ -0.061927997802278, 43.470795148823541 ], [ -0.062843340312109, 43.472179038816734 ], [ -0.063507289416605, 43.47376717723931 ], [ -0.064477391862368, 43.475544858243339 ], [ -0.063010406159253, 43.476972587463116 ], [ -0.062359340132584, 43.477864426600227 ], [ -0.061321311194623, 43.479393402791978 ], [ -0.060423360687534, 43.480787664793063 ], [ -0.059664646795678, 43.481767309328376 ], [ -0.058880905742016, 43.482514750268855 ], [ -0.058390932336198, 43.482798254313266 ], [ -0.057774887293618, 43.483085334399824 ], [ -0.05746830569357, 43.483229853455242 ], [ -0.057099628719081, 43.483420048214995 ], [ -0.056496771583603, 43.483981547292579 ], [ -0.05570477352125, 43.484548375256203 ], [ -0.055105279802948, 43.485200684950684 ], [ -0.054449437453582, 43.486033343003697 ], [ -0.053972202052127, 43.487006046329739 ], [ -0.053761048529645, 43.487705647710683 ], [ -0.05334269054242, 43.488387580649643 ], [ -0.052410563093139, 43.489620299878567 ], [ -0.051545385582772, 43.491004365285171 ], [ -0.050937900572644, 43.491692633888498 ], [ -0.050509702257564, 43.492798787314712 ], [ -0.050390070876496, 43.493373215538639 ], [ -0.050044389354666, 43.494765129704824 ], [ -0.049680849662197, 43.496031879684779 ], [ -0.048972015937733, 43.497456485615842 ], [ -0.048015108077504, 43.49931098049143 ], [ -0.046731219303813, 43.501246176714389 ], [ -0.045547289148144, 43.50252678180906 ], [ -0.044510830351395, 43.502857253603153 ], [ -0.043344479720848, 43.502934939097251 ], [ -0.041928681970212, 43.503204528776074 ], [ -0.041351416503629, 43.503806069894686 ], [ -0.040893112650184, 43.504957994444752 ], [ -0.040440344859034, 43.50677171941598 ], [ -0.04011536831467, 43.508666665691315 ], [ -0.039787116027811, 43.510287902744871 ], [ -0.039055639605931, 43.512459845234908 ], [ -0.037008970580229, 43.515483857305377 ], [ -0.034910833065425, 43.516767463709328 ], [ -0.032312875567683, 43.518609503044196 ], [ -0.030801887553987, 43.5188131531349 ], [ -0.028209075380545, 43.518174557617982 ], [ -0.026152076477553, 43.518965473701371 ], [ -0.024185418993822, 43.519313521012364 ], [ -0.021835748851897, 43.519293205325667 ], [ -0.018815941076416, 43.518621342708123 ], [ -0.017271433835342, 43.518641839104191 ], [ -0.015535538038, 43.518626772819708 ], [ -0.014140275526571, 43.519484863699297 ], [ -0.011675344014794, 43.521201127515816 ], [ -0.011036764406264, 43.521579487819103 ], [ -0.009776179075947, 43.521902560424181 ], [ -0.009413070248024, 43.521965756064212 ], [ -0.009260487654351, 43.521893364671627 ], [ -0.00929663206657, 43.520627667127549 ], [ -0.008826278618215, 43.519393380643336 ], [ -0.008258663599193, 43.517937033399107 ], [ -0.008047163281252, 43.515908975983514 ] ] ] ] } }
]
}
